ik,pop,pool,has_same_formula,chance_rr,kNN_rank,kNN_rr,kNN_rr25,kNN_r@1,kNN_r@10,kNN_iso_err,kNN_iso_err_tieaware,B1_mass_rank,B1_mass_rr,B1_mass_rr25,B1_mass_r@1,B1_mass_r@10,B1_mass_iso_err,B1_mass_iso_err_tieaware,LGB_all_rank,LGB_all_rr,LGB_all_rr25,LGB_all_r@1,LGB_all_r@10,LGB_all_iso_err,LGB_all_iso_err_tieaware,LGB_fragonly_rank,LGB_fragonly_rr,LGB_fragonly_rr25,LGB_fragonly_r@1,LGB_fragonly_r@10,LGB_fragonly_iso_err,LGB_fragonly_iso_err_tieaware,LGB_massonly_rank,LGB_massonly_rr,LGB_massonly_rr25,LGB_massonly_r@1,LGB_massonly_r@10,LGB_massonly_iso_err,LGB_massonly_iso_err_tieaware,LR_all_rank,LR_all_rr,LR_all_rr25,LR_all_r@1,LR_all_r@10,LR_all_iso_err,LR_all_iso_err_tieaware,kNN_top1_category
AALMRSDYFCTHAY,T2_tims,228,True,0.026354178391481787,4.0,0.25,0.25,0.0,1.0,0.015463917525773196,0.015463917525773196,137.0,0.007798769943564763,0.0,0.0,0.0,0.4020618556701031,0.7010309278350515,5.0,0.2,0.2,0.0,1.0,0.020618556701030927,0.020618556701030927,5.0,0.2,0.2,0.0,1.0,0.020618556701030927,0.020618556701030927,104.0,0.01760515934615156,0.007004913732069266,0.0,0.020512820512820513,0.0,0.5,6.0,0.16666666666666666,0.16666666666666666,0.0,1.0,0.02577319587628866,0.02577319587628866,near_isomer
AARWKOGHWSILMA,T2_tims,94,True,0.05453000175637555,1.0,1.0,1.0,1.0,1.0,0.0,0.0,30.5,0.038403368248738946,0.02094949560200426,0.0,0.0,0.16129032258064516,0.4596774193548387,2.0,0.5,0.5,0.0,1.0,0.016129032258064516,0.016129032258064516,2.0,0.5,0.5,0.0,1.0,0.016129032258064516,0.016129032258064516,33.0,0.059426839741361405,0.04469774885323027,0.0,0.14285714285714285,0.0,0.5,2.0,0.5,0.5,0.0,1.0,0.016129032258064516,0.016129032258064516,correct
ABAWQKPDKUSIBA,T2_tims,64,True,0.07412329537040264,1.0,1.0,1.0,1.0,1.0,0.0,0.0,30.5,0.04023440303567681,0.02349976009012507,0.0,0.023809523809523808,0.14285714285714285,0.5612244897959183,2.0,0.5,0.5,0.0,1.0,0.02040816326530612,0.02040816326530612,3.0,0.3333333333333333,0.3333333333333333,0.0,1.0,0.04081632653061224,0.04081632653061224,27.5,0.06076087901394898,0.04631916355507013,0.0,0.16,0.0,0.5,2.0,0.5,0.5,0.0,1.0,0.02040816326530612,0.02040816326530612,correct
ACNHBCIZLNNLRS,T1_np,21,True,0.17358850975060616,12.0,0.08333333333333333,0.08333333333333333,0.0,0.0,0.55,0.55,8.0,0.22121526621526624,0.22121526621526624,0.06666666666666667,0.6666666666666666,0.0,0.35,4.0,0.25,0.25,0.0,1.0,0.15,0.15,2.0,0.5,0.5,0.0,1.0,0.05,0.05,11.0,0.17358850975060616,0.17358850975060616,0.047619047619047616,0.47619047619047616,0.0,0.5,2.0,0.5,0.5,0.0,1.0,0.05,0.05,distant_isomer
ACUJWUBZDPHSJO,T2_tims,152,True,0.0368709345563723,6.0,0.16666666666666666,0.16666666666666666,0.0,1.0,0.03496503496503497,0.03496503496503497,104.0,0.01038246053070463,0.0,0.0,0.0,0.34265734265734266,0.6713286713286714,2.0,0.5,0.5,0.0,1.0,0.006993006993006993,0.006993006993006993,1.0,1.0,1.0,1.0,1.0,0.0,0.0,72.5,0.03854511922182927,0.02649970956773269,0.006944444444444444,0.06944444444444445,0.0,0.5,1.0,1.0,1.0,1.0,1.0,0.0,0.0,distant_isomer
ACWBQPMHZXGDFX,T1_np,31,True,0.12991113533666193,15.0,0.06666666666666667,0.06666666666666667,0.0,0.0,0.6875,0.6875,13.0,0.08202281230356097,0.08202281230356097,0.0,0.2727272727272727,0.375,0.6875,3.0,0.3333333333333333,0.3333333333333333,0.0,1.0,0.0625,0.0625,3.0,0.3333333333333333,0.3333333333333333,0.0,1.0,0.0625,0.0625,9.0,0.20232661897886814,0.20232661897886814,0.058823529411764705,0.5882352941176471,0.0,0.5,2.0,0.5,0.5,0.0,1.0,0.0625,0.0625,distant_isomer
ADEBPBSSDYVVLD,T1_np,20,True,0.1798869828571841,1.0,1.0,1.0,1.0,1.0,0.0,0.0,9.5,0.1941726710109063,0.1941726710109063,0.05555555555555555,0.5555555555555556,0.0,0.4473684210526316,1.0,1.0,1.0,1.0,1.0,0.0,0.0,1.0,1.0,1.0,1.0,1.0,0.0,0.0,10.5,0.1798869828571841,0.1798869828571841,0.05,0.5,0.0,0.5,1.0,1.0,1.0,1.0,1.0,0.0,0.0,correct
ADEWVFWPZXOATM,T2_tims,148,True,0.0376878548147381,2.0,0.5,0.5,0.0,1.0,0.007692307692307693,0.007692307692307693,131.0,0.007649960744354413,0.0,0.0,0.0,0.8461538461538461,0.9230769230769231,2.0,0.5,0.5,0.0,1.0,0.007692307692307693,0.007692307692307693,4.0,0.25,0.25,0.0,1.0,0.023076923076923078,0.023076923076923078,71.0,0.02450541360639835,0.011699426293283768,0.0,0.03816793893129771,0.0,0.5,1.0,1.0,1.0,1.0,1.0,0.0,0.0,near_isomer
AFINTUXGBWXXKP,T2_tims,41,True,0.10494959226436135,7.0,0.14285714285714285,0.14285714285714285,0.0,1.0,0.24,0.24,9.5,0.13433778523064235,0.13433778523064235,0.0,0.5714285714285714,0.08,0.34,4.0,0.25,0.25,0.0,1.0,0.12,0.12,9.0,0.1111111111111111,0.1111111111111111,0.0,1.0,0.2,0.2,20.5,0.057536195495477206,0.04704234749601399,0.0,0.11538461538461539,0.0,0.5,2.0,0.5,0.5,0.0,1.0,0.04,0.04,distant_isomer
AFWBTULSGCKDFR,T2_tims,24,True,0.15733159073972947,1.0,1.0,1.0,1.0,1.0,0.0,0.0,2.0,0.611111111111111,0.611111111111111,0.3333333333333333,1.0,0.0,0.08333333333333333,1.0,1.0,1.0,1.0,1.0,0.0,0.0,1.0,1.0,1.0,1.0,1.0,0.0,0.0,7.0,0.24462567347182732,0.24462567347182732,0.07692307692307693,0.7692307692307693,0.0,0.5,2.0,0.5,0.5,0.0,1.0,0.0,0.0,correct
AGJHZUHVAREFTI,T2_tims,113,True,0.04698249324074055,1.0,1.0,1.0,1.0,1.0,0.0,0.0,12.0,0.1281339642960607,0.1281339642960607,0.0,0.42857142857142855,0.03125,0.34375,3.0,0.3333333333333333,0.3333333333333333,0.0,1.0,0.0625,0.0625,3.0,0.3333333333333333,0.3333333333333333,0.0,1.0,0.0625,0.0625,17.0,0.12390297653756213,0.11563509629556082,0.030303030303030304,0.30303030303030304,0.0,0.5,2.0,0.5,0.5,0.0,1.0,0.03125,0.03125,correct
AGMFIRGRFKQMFF,T2_tims,65,True,0.0732196233706213,6.0,0.16666666666666666,0.16666666666666666,0.0,1.0,0.6,0.6,31.5,0.031786107038123165,0.0,0.0,0.0,0.2,0.5,1.0,1.0,1.0,1.0,1.0,0.0,0.0,1.0,1.0,1.0,1.0,1.0,0.0,0.0,34.5,0.029056838064191005,0.0,0.0,0.0,0.0,0.5,1.0,1.0,1.0,1.0,1.0,0.0,0.0,distant_isomer
AGOYDEPGAOXOCK,T1_np,4,True,0.5208333333333333,1.0,1.0,1.0,1.0,1.0,0.0,0.0,3.5,0.29166666666666663,0.29166666666666663,0.0,1.0,0.0,0.5,3.5,0.29166666666666663,0.29166666666666663,0.0,1.0,0.0,0.5,1.5,0.75,0.75,0.5,1.0,0.0,0.5,3.5,0.29166666666666663,0.29166666666666663,0.0,1.0,0.0,0.5,1.5,0.75,0.75,0.5,1.0,0.0,0.5,correct
AGVKPHYORPFPGO,T2_tims,297,True,0.0211199675443193,74.0,0.013513513513513514,0.0,0.0,0.0,0.2517482517482518,0.2517482517482518,53.5,0.033834578338380016,0.019826248444201736,0.0,0.07,0.01048951048951049,0.18356643356643357,1.0,1.0,1.0,1.0,1.0,0.0,0.0,3.0,0.3333333333333333,0.3333333333333333,0.0,1.0,0.006993006993006993,0.006993006993006993,144.0,0.021736721356214805,0.013296021525273545,0.003484320557491289,0.03484320557491289,0.0,0.5,2.0,0.5,0.5,0.0,1.0,0.0034965034965034965,0.0034965034965034965,distant_isomer
AGYJNXWCQJIVBP,T2_tims,23,True,0.16236050048203654,1.0,1.0,1.0,1.0,1.0,0.0,0.0,11.0,0.09410074052931197,0.09410074052931197,0.0,0.42857142857142855,0.2727272727272727,0.5454545454545454,2.0,0.5,0.5,0.0,1.0,0.09090909090909091,0.09090909090909091,3.0,0.3333333333333333,0.3333333333333333,0.0,1.0,0.18181818181818182,0.18181818181818182,10.5,0.10811630499130498,0.10811630499130498,0.0,0.5,0.0,0.5,3.0,0.3333333333333333,0.3333333333333333,0.0,1.0,0.18181818181818182,0.18181818181818182,correct
AHITVGFDHYNQRO,T2_tims,54,True,0.08473019247674571,1.0,1.0,1.0,1.0,1.0,0.0,0.0,30.0,0.03974966882977361,0.02274333137910905,0.0,0.0,0.0,0.4418604651162791,2.0,0.5,0.5,0.0,1.0,0.023255813953488372,0.023255813953488372,1.0,1.0,1.0,1.0,1.0,0.0,0.0,32.5,0.03741959408581853,0.020158861904210294,0.0,0.0,0.0,0.5,2.0,0.5,0.5,0.0,1.0,0.023255813953488372,0.023255813953488372,correct
AIONOLUJZLIMTK,T1_np,229,True,0.026258163692073892,2.0,0.5,0.5,0.0,1.0,0.004424778761061947,0.004424778761061947,94.5,0.03093784491716731,0.02029764988166759,0.005319148936170213,0.05319148936170213,0.0,0.413716814159292,38.0,0.02631578947368421,0.0,0.0,0.0,0.16371681415929204,0.16371681415929204,28.0,0.03571428571428571,0.0,0.0,0.0,0.11946902654867257,0.11946902654867257,114.0,0.02645095466231527,0.016810388448253336,0.004405286343612335,0.04405286343612335,0.0,0.5,27.0,0.037037037037037035,0.0,0.0,0.0,0.11504424778761062,0.11504424778761062,near_isomer
AJLWSYKIMFRGDE,T2_tims,151,True,0.03707154374304748,7.0,0.14285714285714285,0.14285714285714285,0.0,1.0,0.04,0.04,76.0,0.03707154374304748,0.025271246210288128,0.006622516556291391,0.06622516556291391,0.0,0.5,1.0,1.0,1.0,1.0,1.0,0.0,0.0,4.0,0.25,0.25,0.0,1.0,0.02,0.02,76.0,0.03707154374304748,0.025271246210288128,0.006622516556291391,0.06622516556291391,0.0,0.5,1.0,1.0,1.0,1.0,1.0,0.0,0.0,distant_isomer
AJTNKBQXMZWQQH,T2_tims,47,False,0.0944247625900167,23.0,0.043478260869565216,0.043478260869565216,0.0,0.0,,,46.0,0.021739130434782608,0.0,0.0,0.0,,,5.0,0.2,0.2,0.0,1.0,,,1.0,1.0,1.0,1.0,1.0,,,46.0,0.021739130434782608,0.0,0.0,0.0,,,1.0,1.0,1.0,1.0,1.0,,,unrelated
AKAYPNUDJQTQAD,T2_tims,61,True,0.07698793205860144,1.0,1.0,1.0,1.0,1.0,0.0,0.0,21.0,0.05345769310731593,0.04291260538196751,0.0,0.043478260869565216,0.12962962962962962,0.3333333333333333,1.0,1.0,1.0,1.0,1.0,0.0,0.0,1.0,1.0,1.0,1.0,1.0,0.0,0.0,28.0,0.08352022203501976,0.0693810577773365,0.01818181818181818,0.18181818181818182,0.0,0.5,1.0,1.0,1.0,1.0,1.0,0.0,0.0,correct
AKGVUVNCMAVAPI,T2_tims,15,True,0.22121526621526624,1.0,1.0,1.0,1.0,1.0,0.0,0.0,4.0,0.26111111111111107,0.26111111111111107,0.0,1.0,0.0,0.3333333333333333,1.0,1.0,1.0,1.0,1.0,0.0,0.0,3.0,0.3333333333333333,0.3333333333333333,0.0,1.0,0.0,0.0,2.5,0.5208333333333333,0.5208333333333333,0.25,1.0,0.0,0.5,1.0,1.0,1.0,1.0,1.0,0.0,0.0,correct
ALEXXDVDDISNDU,T1_np,152,True,0.0368709345563723,2.0,0.5,0.5,0.0,1.0,0.007936507936507936,0.007936507936507936,11.5,0.16776423864623977,0.16776423864623977,0.045454545454545456,0.45454545454545453,0.0,0.08333333333333333,24.0,0.041666666666666664,0.041666666666666664,0.0,0.0,0.1746031746031746,0.1746031746031746,21.0,0.047619047619047616,0.047619047619047616,0.0,0.0,0.15079365079365079,0.15079365079365079,64.0,0.04271917002038718,0.030046914785460687,0.007874015748031496,0.07874015748031496,0.0,0.5,6.0,0.16666666666666666,0.16666666666666666,0.0,1.0,0.031746031746031744,0.031746031746031744,near_isomer
ALWORZOEFFWKAC,T2_tims,51,True,0.0886041800287584,23.0,0.043478260869565216,0.043478260869565216,0.0,0.0,0.44,0.44,26.0,0.0886041800287584,0.07482270936771583,0.0196078431372549,0.19607843137254902,0.0,0.5,1.0,1.0,1.0,1.0,1.0,0.0,0.0,1.0,1.0,1.0,1.0,1.0,0.0,0.0,26.0,0.0886041800287584,0.07482270936771583,0.0196078431372549,0.19607843137254902,0.0,0.5,3.0,0.3333333333333333,0.3333333333333333,0.0,1.0,0.04,0.04,distant_isomer
ALZPDIXYCRSHCZ,T2_tims,412,True,0.016018087659099487,25.0,0.04,0.04,0.0,0.0,0.05955334987593052,0.05955334987593052,234.5,0.005465297667417595,0.0,0.0,0.0,0.13895781637717122,0.5669975186104218,1.0,1.0,1.0,1.0,1.0,0.0,0.0,1.0,1.0,1.0,1.0,1.0,0.0,0.0,207.5,0.010665394760730348,0.003793625852525182,0.0,0.012376237623762377,0.0,0.5,2.0,0.5,0.5,0.0,1.0,0.0024813895781637717,0.0024813895781637717,distant_isomer
AMOGMTLMADGEOQ,T1_np,18,True,0.1941726710109063,16.0,0.0625,0.0625,0.0,0.0,1.0,1.0,3.0,0.3611111111111111,0.3611111111111111,0.0,1.0,0.0,0.08333333333333333,5.0,0.2,0.2,0.0,1.0,0.25,0.25,4.0,0.25,0.25,0.0,1.0,0.25,0.25,7.0,0.24462567347182732,0.24462567347182732,0.07692307692307693,0.7692307692307693,0.0,0.5,7.0,0.14285714285714285,0.14285714285714285,0.0,1.0,0.5,0.5,distant_isomer
AMSSDEFTPNZUJZ,T2_tims,375,True,0.01734793181763495,2.0,0.5,0.5,0.0,1.0,0.002680965147453083,0.002680965147453083,50.0,0.05229674260242041,0.038545032098520275,0.010101010101010102,0.10101010101010101,0.0,0.13136729222520108,1.0,1.0,1.0,1.0,1.0,0.0,0.0,1.0,1.0,1.0,1.0,1.0,0.0,0.0,187.5,0.017387186537289944,0.010203096731961249,0.00267379679144385,0.026737967914438502,0.0,0.5,1.0,1.0,1.0,1.0,1.0,0.0,0.0,near_isomer
ANDGDFAUZAUUHH,T2_tims,80,True,0.06206849098681896,4.0,0.25,0.25,0.0,1.0,0.0379746835443038,0.0379746835443038,40.5,0.06206849098681896,0.04769947722191884,0.0125,0.125,0.0,0.5,6.0,0.16666666666666666,0.16666666666666666,0.0,1.0,0.06329113924050633,0.06329113924050633,4.0,0.25,0.25,0.0,1.0,0.0379746835443038,0.0379746835443038,40.5,0.06206849098681896,0.04769947722191884,0.0125,0.125,0.0,0.5,4.0,0.25,0.25,0.0,1.0,0.0379746835443038,0.0379746835443038,distant_isomer
ANGDRPBZVOSNBR,T2_tims,10,True,0.2928968253968254,2.0,0.5,0.5,0.0,1.0,0.2,0.2,4.5,0.2654761904761905,0.2654761904761905,0.0,1.0,0.0,0.5,1.0,1.0,1.0,1.0,1.0,0.0,0.0,1.0,1.0,1.0,1.0,1.0,0.0,0.0,4.5,0.2654761904761905,0.2654761904761905,0.0,1.0,0.0,0.5,1.0,1.0,1.0,1.0,1.0,0.0,0.0,distant_isomer
ANJTVLIZGCUXLD,T1_np,23,True,0.16236050048203654,14.0,0.07142857142857142,0.07142857142857142,0.0,0.0,0.5909090909090909,0.5909090909090909,12.0,0.16236050048203654,0.16236050048203654,0.043478260869565216,0.43478260869565216,0.0,0.5,20.0,0.05,0.05,0.0,0.0,0.8636363636363636,0.8636363636363636,13.0,0.07692307692307693,0.07692307692307693,0.0,0.0,0.5454545454545454,0.5454545454545454,12.0,0.16236050048203654,0.16236050048203654,0.043478260869565216,0.43478260869565216,0.0,0.5,19.0,0.05263157894736842,0.05263157894736842,0.0,0.0,0.8181818181818182,0.8181818181818182,distant_isomer
ANUNFGZVRXZQJB,T2_tims,15,True,0.22121526621526624,1.0,1.0,1.0,1.0,1.0,0.0,0.0,1.5,0.75,0.75,0.5,1.0,0.0,0.5,1.5,0.75,0.75,0.5,1.0,0.0,0.5,1.0,1.0,1.0,1.0,1.0,0.0,0.0,1.5,0.75,0.75,0.5,1.0,0.0,0.5,1.0,1.0,1.0,1.0,1.0,0.0,0.0,correct
AOGPKNXKLXQQBX,T2_tims,50,True,0.08998410676658848,16.0,0.0625,0.0625,0.0,0.0,0.3125,0.3125,34.0,0.03174507290751973,0.010350003211522366,0.0,0.0,0.3541666666666667,0.6666666666666666,2.0,0.5,0.5,0.0,1.0,0.020833333333333332,0.020833333333333332,2.0,0.5,0.5,0.0,1.0,0.020833333333333332,0.020833333333333332,25.0,0.09141235384345764,0.07787669750517362,0.02040816326530612,0.20408163265306123,0.0,0.5,2.0,0.5,0.5,0.0,1.0,0.020833333333333332,0.020833333333333332,distant_isomer
APAJFZPFBHMFQR,T1_np,15,True,0.22121526621526624,5.0,0.2,0.2,0.0,1.0,0.3333333333333333,0.3333333333333333,6.5,0.25860088985088986,0.25860088985088986,0.08333333333333333,0.8333333333333334,0.0,0.4583333333333333,9.0,0.1111111111111111,0.1111111111111111,0.0,1.0,0.5833333333333334,0.5833333333333334,5.0,0.2,0.2,0.0,1.0,0.3333333333333333,0.3333333333333333,8.0,0.17319710204325595,0.17319710204325595,0.0,0.6923076923076923,0.0,0.5,10.0,0.1,0.1,0.0,1.0,0.6666666666666666,0.6666666666666666,distant_isomer
APCJHLULJIYZCW,T2_tims,44,True,0.09938013393929772,3.0,0.3333333333333333,0.3333333333333333,0.0,1.0,0.07407407407407407,0.07407407407407407,13.5,0.07772509353391707,0.07772509353391707,0.0,0.2,0.0,0.16666666666666666,1.0,1.0,1.0,1.0,1.0,0.0,0.0,1.0,1.0,1.0,1.0,1.0,0.0,0.0,22.5,0.052025073354910564,0.03921789410344157,0.0,0.07142857142857142,0.0,0.5,1.0,1.0,1.0,1.0,1.0,0.0,0.0,distant_isomer
APFFAGDRWBUGKX,T2_tims,42,True,0.10301768587257949,1.0,1.0,1.0,1.0,1.0,0.0,0.0,31.5,0.032453220490595985,0.005104166666666667,0.0,0.0,0.10526315789473684,0.5,1.0,1.0,1.0,1.0,1.0,0.0,0.0,1.0,1.0,1.0,1.0,1.0,0.0,0.0,31.5,0.03287872890380427,0.008529973649538867,0.0,0.0,0.0,0.5,1.0,1.0,1.0,1.0,1.0,0.0,0.0,correct
APTWKJWKPHZPKY,T2_tims,188,True,0.03093784491716731,56.0,0.017857142857142856,0.0,0.0,0.0,0.3151515151515151,0.3151515151515151,157.0,0.006435769488060016,0.0,0.0,0.0,0.6484848484848484,0.8121212121212121,1.0,1.0,1.0,1.0,1.0,0.0,0.0,3.0,0.3333333333333333,0.3333333333333333,0.0,1.0,0.012121212121212121,0.012121212121212121,95.5,0.016015631901301168,0.004293659635800173,0.0,0.0,0.0,0.5,1.0,1.0,1.0,1.0,1.0,0.0,0.0,distant_isomer
AQCHWTWZEMGIFD,T1_np,4,True,0.5208333333333333,2.0,0.5,0.5,0.0,1.0,0.5,0.5,1.5,0.75,0.75,0.5,1.0,0.0,0.25,1.0,1.0,1.0,1.0,1.0,0.0,0.0,1.0,1.0,1.0,1.0,1.0,0.0,0.0,2.0,0.611111111111111,0.611111111111111,0.3333333333333333,1.0,0.0,0.5,1.0,1.0,1.0,1.0,1.0,0.0,0.0,distant_isomer
AQTWLQZZFWQEKJ,T2_tims,25,True,0.15263832711014028,1.0,1.0,1.0,1.0,1.0,0.0,0.0,13.5,0.11733159073972944,0.11733159073972944,0.0,0.375,0.0,0.5,1.0,1.0,1.0,1.0,1.0,0.0,0.0,1.0,1.0,1.0,1.0,1.0,0.0,0.0,13.5,0.11733159073972944,0.11733159073972944,0.0,0.375,0.0,0.5,2.0,0.5,0.5,0.0,1.0,0.043478260869565216,0.043478260869565216,correct
ARVRQXOLEJAISN,T2_tims,23,True,0.16236050048203654,3.0,0.3333333333333333,0.3333333333333333,0.0,1.0,0.11764705882352941,0.11764705882352941,19.5,0.051680709498046956,0.051680709498046956,0.0,0.0,0.7058823529411765,0.8529411764705882,2.0,0.5,0.5,0.0,1.0,0.058823529411764705,0.058823529411764705,2.0,0.5,0.5,0.0,1.0,0.058823529411764705,0.058823529411764705,12.5,0.10066807619052202,0.10066807619052202,0.0,0.3888888888888889,0.0,0.5,1.0,1.0,1.0,1.0,1.0,0.0,0.0,distant_isomer
ARYQFVYDKMVGJJ,T2_tims,193,True,0.030271991140886165,3.0,0.3333333333333333,0.3333333333333333,0.0,1.0,0.010752688172043012,0.010752688172043012,59.5,0.018018067590917893,0.0,0.0,0.0,0.14516129032258066,0.28225806451612906,6.0,0.16666666666666666,0.16666666666666666,0.0,1.0,0.026881720430107527,0.026881720430107527,5.0,0.2,0.2,0.0,1.0,0.021505376344086023,0.021505376344086023,100.0,0.018141680696208713,0.00730458918584763,0.0,0.0213903743315508,0.0,0.5,5.0,0.2,0.2,0.0,1.0,0.021505376344086023,0.021505376344086023,near_isomer
ASDTXSKRGFGQFQ,T2_tims,204,True,0.028910709003469395,5.0,0.2,0.2,0.0,1.0,0.019704433497536946,0.019704433497536946,117.5,0.010935617849352677,0.0,0.0,0.0,0.1477832512315271,0.5738916256157636,1.0,1.0,1.0,1.0,1.0,0.0,0.0,1.0,1.0,1.0,1.0,1.0,0.0,0.0,102.5,0.028910709003469395,0.018705677341928958,0.004901960784313725,0.049019607843137254,0.0,0.5,1.0,1.0,1.0,1.0,1.0,0.0,0.0,distant_isomer
ASUPOXHYEDVVNC,T2_tims,174,True,0.03298357341889859,81.0,0.012345679012345678,0.0,0.0,0.0,0.25,0.25,2.5,0.5208333333333333,0.5208333333333333,0.25,1.0,0.0,0.1875,1.0,1.0,1.0,1.0,1.0,0.0,0.0,2.0,0.5,0.5,0.0,1.0,0.0,0.0,5.0,0.31432980599647264,0.31432980599647264,0.1111111111111111,1.0,0.0,0.5,3.0,0.3333333333333333,0.3333333333333333,0.0,1.0,0.0,0.0,unrelated
ASUTZQLVASHGKV,T1_np,72,True,0.06751125213290575,2.0,0.5,0.5,0.0,1.0,0.014084507042253521,0.014084507042253521,36.5,0.06751125213290575,0.05299941913546538,0.013888888888888888,0.1388888888888889,0.0,0.5,14.0,0.07142857142857142,0.07142857142857142,0.0,0.0,0.18309859154929578,0.18309859154929578,23.0,0.043478260869565216,0.043478260869565216,0.0,0.0,0.30985915492957744,0.30985915492957744,36.5,0.06751125213290575,0.05299941913546538,0.013888888888888888,0.1388888888888889,0.0,0.5,22.0,0.045454545454545456,0.045454545454545456,0.0,0.0,0.29577464788732394,0.29577464788732394,distant_isomer
ASVNUBYXADXSDX,T2_tims,74,True,0.06605435536783397,30.0,0.03333333333333333,0.0,0.0,0.0,0.44680851063829785,0.44680851063829785,50.5,0.02153338710426393,0.0,0.0,0.0,0.0,0.5,1.0,1.0,1.0,1.0,1.0,0.0,0.0,1.0,1.0,1.0,1.0,1.0,0.0,0.0,26.5,0.062483444548529686,0.04824912870319806,0.0,0.16666666666666666,0.0,0.5,1.0,1.0,1.0,1.0,1.0,0.0,0.0,unrelated
ATBZZQPALSPNMF,T1_np,70,True,0.06904052510911532,2.0,0.5,0.5,0.0,1.0,0.014925373134328358,0.014925373134328358,3.5,0.40833333333333327,0.40833333333333327,0.16666666666666666,1.0,0.0,0.03731343283582089,16.0,0.06266339869281046,0.06266339869281046,0.0,0.0,0.208955223880597,0.22388059701492538,16.0,0.06266339869281046,0.06266339869281046,0.0,0.0,0.208955223880597,0.22388059701492538,34.5,0.07064791602542897,0.05611703202578687,0.014705882352941176,0.14705882352941177,0.0,0.5,23.0,0.043478260869565216,0.043478260869565216,0.0,0.0,0.3283582089552239,0.3283582089552239,near_isomer
ATCSIIDSDRGLML,T2_tims,76,True,0.06466465164855117,53.0,0.018867924528301886,0.0,0.0,0.0,0.7333333333333333,0.7333333333333333,18.5,0.06707353315781489,0.0589471094007759,0.0,0.19230769230769232,0.16666666666666666,0.5833333333333334,10.0,0.1,0.1,0.0,1.0,0.3,0.3,10.0,0.1,0.1,0.0,1.0,0.3,0.3,16.0,0.12991113533666193,0.12309542508882282,0.03225806451612903,0.3225806451612903,0.0,0.5,5.0,0.2,0.2,0.0,1.0,0.13333333333333333,0.13333333333333333,distant_isomer
ATJCRCFKBSDNMG,T2_tims,97,True,0.05316569511243255,1.0,1.0,1.0,1.0,1.0,0.0,0.0,6.0,0.2745343040797586,0.2745343040797586,0.09090909090909091,0.9090909090909091,0.0,0.5,1.0,1.0,1.0,1.0,1.0,0.0,0.0,1.0,1.0,1.0,1.0,1.0,0.0,0.0,6.0,0.2745343040797586,0.2745343040797586,0.09090909090909091,0.9090909090909091,0.0,0.5,1.0,1.0,1.0,1.0,1.0,0.0,0.0,correct
ATVNHUJOCFGWDL,T2_tims,203,True,0.02902897869913026,2.0,0.5,0.5,0.0,1.0,0.004975124378109453,0.004975124378109453,91.5,0.0147659066441084,0.0018626286153460069,0.0,0.0,0.0945273631840796,0.4502487562189055,1.0,1.0,1.0,1.0,1.0,0.0,0.0,1.0,1.0,1.0,1.0,1.0,0.0,0.0,101.5,0.029148299839351778,0.01889088206808667,0.0049504950495049506,0.04950495049504951,0.0,0.5,1.0,1.0,1.0,1.0,1.0,0.0,0.0,distant_isomer
AUKVIAVDXZELSW,T2_tims,3,False,0.611111111111111,1.0,1.0,1.0,1.0,1.0,,,3.0,0.3333333333333333,0.3333333333333333,0.0,1.0,,,1.0,1.0,1.0,1.0,1.0,,,1.0,1.0,1.0,1.0,1.0,,,1.0,1.0,1.0,1.0,1.0,,,1.0,1.0,1.0,1.0,1.0,,,correct
AUVVAXYIELKVAI,T1_np,12,True,0.25860088985088986,1.0,1.0,1.0,1.0,1.0,0.0,0.0,7.0,0.1912009707464253,0.1912009707464253,0.0,0.8181818181818182,0.09090909090909091,0.5454545454545454,5.5,0.18333333333333335,0.18333333333333335,0.0,1.0,0.36363636363636365,0.4090909090909091,1.5,0.75,0.75,0.5,1.0,0.0,0.045454545454545456,6.5,0.25860088985088986,0.25860088985088986,0.08333333333333333,0.8333333333333334,0.0,0.5,1.5,0.75,0.75,0.5,1.0,0.0,0.045454545454545456,correct
AWLJDSFEOABWFG,T2_tims,39,True,0.10906520612657374,20.0,0.05,0.05,0.0,0.0,0.5172413793103449,0.5172413793103449,27.5,0.03744011011707371,0.01676365753811406,0.0,0.0,0.4482758620689655,0.7068965517241379,1.0,1.0,1.0,1.0,1.0,0.0,0.0,1.0,1.0,1.0,1.0,1.0,0.0,0.0,15.5,0.13316623769734637,0.12719860592511692,0.03333333333333333,0.3333333333333333,0.0,0.5,1.0,1.0,1.0,1.0,1.0,0.0,0.0,distant_isomer
AWRMQPQPCDADFW,T2_tims,14,True,0.23225445189730906,1.0,1.0,1.0,1.0,1.0,0.0,0.0,6.0,0.21432980599647267,0.21432980599647267,0.0,1.0,0.1,0.5,1.0,1.0,1.0,1.0,1.0,0.0,0.0,1.0,1.0,1.0,1.0,1.0,0.0,0.0,6.0,0.2745343040797586,0.2745343040797586,0.09090909090909091,0.9090909090909091,0.0,0.5,1.0,1.0,1.0,1.0,1.0,0.0,0.0,correct
AWXSXBGRGBBVRY,T2_tims,226,True,0.026548501867265283,30.0,0.03333333333333333,0.0,0.0,0.0,0.1288888888888889,0.1288888888888889,183.5,0.005543079052322962,0.0,0.0,0.0,0.6311111111111111,0.8111111111111111,10.0,0.1,0.1,0.0,1.0,0.04,0.04,7.0,0.14285714285714285,0.14285714285714285,0.0,1.0,0.02666666666666667,0.02666666666666667,113.5,0.026548501867265283,0.016884770698024368,0.004424778761061947,0.04424778761061947,0.0,0.5,10.0,0.1,0.1,0.0,1.0,0.04,0.04,distant_isomer
AXPLMQJMDJBSNW,T2_tims,42,True,0.10301768587257949,39.0,0.02564102564102564,0.0,0.0,0.0,0.9714285714285714,0.9714285714285714,22.0,0.054541450135775715,0.04217589775504703,0.0,0.10344827586206896,0.2,0.6,1.0,1.0,1.0,1.0,1.0,0.0,0.0,1.0,1.0,1.0,1.0,1.0,0.0,0.0,18.5,0.11595997768873996,0.10599883827093076,0.027777777777777776,0.2777777777777778,0.0,0.5,1.0,1.0,1.0,1.0,1.0,0.0,0.0,distant_isomer
AYJPFBQJJUOURH,T2_tims,69,True,0.06983407309206316,10.0,0.1,0.1,0.0,1.0,0.13636363636363635,0.13636363636363635,34.0,0.03211069138450506,0.011406231973113605,0.0,0.0,0.18181818181818182,0.5454545454545454,1.0,1.0,1.0,1.0,1.0,0.0,0.0,1.0,1.0,1.0,1.0,1.0,0.0,0.0,23.0,0.09766551367891826,0.0847990706167446,0.022222222222222223,0.2222222222222222,0.0,0.5,1.0,1.0,1.0,1.0,1.0,0.0,0.0,unrelated
AYUUCEPMVCXFST,T2_tims,13,True,0.24462567347182732,1.0,1.0,1.0,1.0,1.0,0.0,0.0,10.5,0.0978794353794354,0.0978794353794354,0.0,0.5,0.5,0.75,1.0,1.0,1.0,1.0,1.0,0.0,0.0,1.0,1.0,1.0,1.0,1.0,0.0,0.0,8.0,0.1527394322848868,0.1527394322848868,0.0,0.7272727272727273,0.0,0.5,1.0,1.0,1.0,1.0,1.0,0.0,0.0,correct
AYZUMQYRPGTCTB,T2_tims,373,True,0.017426632622399452,1.0,1.0,1.0,1.0,1.0,0.0,0.0,13.0,0.15263832711014028,0.15263832711014028,0.04,0.4,0.0,0.03582089552238806,2.0,0.5,0.5,0.0,1.0,0.0029850746268656717,0.0029850746268656717,1.0,1.0,1.0,1.0,1.0,0.0,0.0,185.5,0.008945080241163588,0.0011202549259308003,0.0,0.0,0.0,0.5,2.0,0.5,0.5,0.0,1.0,0.0029850746268656717,0.0029850746268656717,correct
BAAORSQMYURRAT,T2_tims,175,True,0.03282774891772937,30.0,0.03333333333333333,0.0,0.0,0.0,0.16666666666666666,0.16666666666666666,88.0,0.03282774891772937,0.021805475301448614,0.005714285714285714,0.05714285714285714,0.0,0.5,5.0,0.2,0.2,0.0,1.0,0.022988505747126436,0.022988505747126436,5.0,0.2,0.2,0.0,1.0,0.022988505747126436,0.022988505747126436,88.0,0.03282774891772937,0.021805475301448614,0.005714285714285714,0.05714285714285714,0.0,0.5,4.0,0.25,0.25,0.0,1.0,0.017241379310344827,0.017241379310344827,distant_isomer
BATBMTIXIWPZKP,T2_tims,168,True,0.03395329096560432,46.0,0.021739130434782608,0.0,0.0,0.0,0.3358208955223881,0.3358208955223881,95.5,0.012482617557258388,0.0,0.0,0.0,0.014925373134328358,0.47388059701492535,8.0,0.125,0.125,0.0,1.0,0.05223880597014925,0.05223880597014925,7.0,0.14285714285714285,0.14285714285714285,0.0,1.0,0.04477611940298507,0.04477611940298507,99.0,0.012333090976892811,0.0,0.0,0.0,0.0,0.5,8.0,0.125,0.125,0.0,1.0,0.05223880597014925,0.05223880597014925,distant_isomer
BAUVYFZNMUYVFG,T2_tims,16,True,0.2112955620768121,1.0,1.0,1.0,1.0,1.0,0.0,0.0,8.5,0.2112955620768121,0.2112955620768121,0.0625,0.625,0.0,0.5,1.0,1.0,1.0,1.0,1.0,0.0,0.0,2.0,0.5,0.5,0.0,1.0,0.06666666666666667,0.06666666666666667,8.5,0.2112955620768121,0.2112955620768121,0.0625,0.625,0.0,0.5,2.0,0.5,0.5,0.0,1.0,0.06666666666666667,0.06666666666666667,correct
BAVUTQLIAYROQH,T2_tims,353,True,0.018258072191704597,23.0,0.043478260869565216,0.043478260869565216,0.0,0.0,0.06489675516224189,0.06489675516224189,192.0,0.006849119472156268,0.0,0.0,0.0,0.12094395280235988,0.551622418879056,2.0,0.5,0.5,0.0,1.0,0.0029498525073746312,0.0029498525073746312,2.0,0.5,0.5,0.0,1.0,0.0029498525073746312,0.0029498525073746312,170.5,0.018845973970209037,0.011223406405157375,0.0029411764705882353,0.029411764705882353,0.0,0.5,2.0,0.5,0.5,0.0,1.0,0.0029498525073746312,0.0029498525073746312,distant_isomer
BAYOACBFSOWERW,T2_tims,41,True,0.10494959226436135,1.0,1.0,1.0,1.0,1.0,0.0,0.0,27.0,0.037381327246582795,0.013904991948470209,0.0,0.0,0.0,0.4,1.0,1.0,1.0,1.0,1.0,0.0,0.0,1.0,1.0,1.0,1.0,1.0,0.0,0.0,7.0,0.1912009707464253,0.1912009707464253,0.0,0.8181818181818182,0.0,0.5,2.0,0.5,0.5,0.0,1.0,0.1,0.1,correct
BAYUFUBTEMPVDZ,T2_tims,358,True,0.018042303489214654,6.0,0.16666666666666666,0.16666666666666666,0.0,1.0,0.014005602240896359,0.014005602240896359,154.0,0.01192739727125455,0.003415190047699837,0.0,0.0034602076124567475,0.025210084033613446,0.42857142857142855,2.0,0.5,0.5,0.0,1.0,0.0028011204481792717,0.0028011204481792717,1.0,1.0,1.0,1.0,1.0,0.0,0.0,179.5,0.018042303489214654,0.010659101055177395,0.002793296089385475,0.027932960893854747,0.0,0.5,1.0,1.0,1.0,1.0,1.0,0.0,0.0,distant_isomer
BBEMVEIKRJPHHO,T2_tims,81,True,0.061454629110590894,2.0,0.5,0.5,0.0,1.0,0.022727272727272728,0.022727272727272728,42.5,0.023744565665183123,0.0,0.0,0.0,0.0,0.14772727272727273,1.0,1.0,1.0,1.0,1.0,0.0,0.0,1.0,1.0,1.0,1.0,1.0,0.0,0.0,58.0,0.018193285776192336,0.0,0.0,0.0,0.0,0.5,1.0,1.0,1.0,1.0,1.0,0.0,0.0,near_isomer
BBMULGJBVDDDNI,T1_np,39,True,0.10906520612657374,19.0,0.05263157894736842,0.05263157894736842,0.0,0.0,0.5625,0.5625,35.5,0.028287230437481985,0.0,0.0,0.0,0.78125,0.890625,3.5,0.29166666666666663,0.29166666666666663,0.0,1.0,0.03125,0.046875,1.5,0.75,0.75,0.5,1.0,0.0,0.015625,23.0,0.05465281936170836,0.04139267205313657,0.0,0.12121212121212122,0.0,0.5,3.0,0.3333333333333333,0.3333333333333333,0.0,1.0,0.0625,0.0625,distant_isomer
BCISPIPBIYDICS,T2_tims,194,True,0.0301425202544654,3.0,0.3333333333333333,0.3333333333333333,0.0,1.0,0.010638297872340425,0.010638297872340425,51.0,0.05145820304691713,0.03778176413617334,0.009900990099009901,0.09900990099009901,0.0,0.26595744680851063,1.0,1.0,1.0,1.0,1.0,0.0,0.0,1.0,1.0,1.0,1.0,1.0,0.0,0.0,95.0,0.03080214735300772,0.020190254908748716,0.005291005291005291,0.05291005291005291,0.0,0.5,1.0,1.0,1.0,1.0,1.0,0.0,0.0,distant_isomer
BCQQWTPZVVKWPK,T2_tims,10,True,0.2928968253968254,1.0,1.0,1.0,1.0,1.0,0.0,0.0,4.0,0.29,0.29,0.0,1.0,0.0,0.4,1.0,1.0,1.0,1.0,1.0,0.0,0.0,1.0,1.0,1.0,1.0,1.0,0.0,0.0,3.5,0.40833333333333327,0.40833333333333327,0.16666666666666666,1.0,0.0,0.5,1.0,1.0,1.0,1.0,1.0,0.0,0.0,correct
BCXZNFVJNSEFFM,T2_tims,54,True,0.08473019247674571,1.0,1.0,1.0,1.0,1.0,0.0,0.0,20.0,0.06656284147366219,0.055891124013553985,0.0,0.1935483870967742,0.0,0.3191489361702128,1.5,0.75,0.75,0.5,1.0,0.0,0.010638297872340425,1.5,0.75,0.75,0.5,1.0,0.0,0.010638297872340425,28.5,0.051139804528419076,0.03609635092542028,0.0,0.125,0.0,0.5,1.5,0.75,0.75,0.5,1.0,0.0,0.010638297872340425,correct
BDCDNTVZSILEOY,T1_np,35,True,0.11847946911476746,1.0,1.0,1.0,1.0,1.0,0.0,0.0,18.0,0.07672971938286849,0.06836637394552322,0.0,0.2413793103448276,0.0967741935483871,0.5483870967741935,9.0,0.1111111111111111,0.1111111111111111,0.0,1.0,0.25806451612903225,0.25806451612903225,10.0,0.1,0.1,0.0,1.0,0.2903225806451613,0.2903225806451613,18.5,0.08181906220141977,0.07237369305479709,0.0,0.25,0.0,0.5,11.0,0.09090909090909091,0.09090909090909091,0.0,0.0,0.3225806451612903,0.3225806451612903,correct
BDJXICDMQKOSNG,T2_tims,23,True,0.16236050048203654,1.0,1.0,1.0,1.0,1.0,0.0,0.0,2.0,0.611111111111111,0.611111111111111,0.3333333333333333,1.0,0.0,0.3333333333333333,1.0,1.0,1.0,1.0,1.0,0.0,0.0,1.0,1.0,1.0,1.0,1.0,0.0,0.0,2.5,0.5208333333333333,0.5208333333333333,0.25,1.0,0.0,0.5,1.0,1.0,1.0,1.0,1.0,0.0,0.0,correct
BDUJDDQMAKGVSI,T2_tims,54,True,0.08473019247674571,15.0,0.06666666666666667,0.06666666666666667,0.0,0.0,0.2641509433962264,0.2641509433962264,31.5,0.04038202719319841,0.023871761628181828,0.0,0.043478260869565216,0.1509433962264151,0.5754716981132075,1.5,0.75,0.75,0.5,1.0,0.0,0.009433962264150943,1.5,0.75,0.75,0.5,1.0,0.0,0.009433962264150943,31.5,0.04038202719319841,0.023871761628181828,0.0,0.043478260869565216,0.1509433962264151,0.5754716981132075,1.5,0.75,0.75,0.5,1.0,0.0,0.009433962264150943,near_isomer
BDVUSXSVIPQXTH,T2_tims,81,True,0.061454629110590894,1.0,1.0,1.0,1.0,1.0,0.0,0.0,19.5,0.058051363093784024,0.04991368340438018,0.0,0.09090909090909091,0.27586206896551724,0.6379310344827587,1.0,1.0,1.0,1.0,1.0,0.0,0.0,1.0,1.0,1.0,1.0,1.0,0.0,0.0,15.5,0.13316623769734637,0.12719860592511692,0.03333333333333333,0.3333333333333333,0.0,0.5,1.0,1.0,1.0,1.0,1.0,0.0,0.0,correct
BDYAYVLTLRIZAN,T2_tims,105,True,0.049866003441052666,5.0,0.2,0.2,0.0,1.0,0.0392156862745098,0.0392156862745098,23.5,0.0771579117170755,0.06399904949439789,0.0,0.20454545454545456,0.0,0.2107843137254902,9.0,0.1111111111111111,0.1111111111111111,0.0,1.0,0.0784313725490196,0.0784313725490196,8.0,0.125,0.125,0.0,1.0,0.06862745098039216,0.06862745098039216,52.0,0.05064845793370229,0.037048137648092304,0.009708737864077669,0.0970873786407767,0.0,0.5,9.0,0.1111111111111111,0.1111111111111111,0.0,1.0,0.0784313725490196,0.0784313725490196,distant_isomer
BEDACMNTJNMMTE,T2_tims,21,False,0.17358850975060616,9.0,0.1111111111111111,0.1111111111111111,0.0,1.0,,,15.0,0.06666666666666667,0.06666666666666667,0.0,0.0,,,1.0,1.0,1.0,1.0,1.0,,,1.0,1.0,1.0,1.0,1.0,,,4.0,0.25,0.25,0.0,1.0,,,1.0,1.0,1.0,1.0,1.0,,,unrelated
BEZRVUDDNRXYDV,T2_tims,113,True,0.04698249324074055,37.0,0.02702702702702703,0.0,0.0,0.0,0.32432432432432434,0.32432432432432434,56.5,0.047322965881085345,0.034071055158513455,0.008928571428571428,0.08928571428571429,0.0,0.5,4.0,0.25,0.25,0.0,1.0,0.02702702702702703,0.02702702702702703,5.0,0.2,0.2,0.0,1.0,0.036036036036036036,0.036036036036036036,56.5,0.047322965881085345,0.034071055158513455,0.008928571428571428,0.08928571428571429,0.0,0.5,11.0,0.09090909090909091,0.09090909090909091,0.0,0.0,0.09009009009009009,0.09009009009009009,distant_isomer
BFABPZNKUPCKPP,T2_tims,136,True,0.04039369496890821,8.0,0.125,0.125,0.0,1.0,0.06481481481481481,0.06481481481481481,61.5,0.016939929546969185,0.0,0.0,0.0,0.19444444444444445,0.38425925925925924,1.0,1.0,1.0,1.0,1.0,0.0,0.0,4.0,0.25,0.25,0.0,1.0,0.027777777777777776,0.027777777777777776,74.0,0.01729731592151826,0.0024607203725672015,0.0,0.0,0.0,0.5,3.0,0.3333333333333333,0.3333333333333333,0.0,1.0,0.018518518518518517,0.018518518518518517,distant_isomer
BFBQKBANIHEQIT,T2_tims,52,True,0.08727007597495093,3.0,0.3333333333333333,0.3333333333333333,0.0,1.0,0.04,0.04,24.5,0.07473834438545186,0.06121648212507624,0.0,0.1956521739130435,0.0,0.45,6.0,0.16666666666666666,0.16666666666666666,0.0,1.0,0.1,0.1,6.0,0.16666666666666666,0.16666666666666666,0.0,1.0,0.1,0.1,26.0,0.0886041800287584,0.07482270936771583,0.0196078431372549,0.19607843137254902,0.0,0.5,3.0,0.3333333333333333,0.3333333333333333,0.0,1.0,0.04,0.04,near_isomer
BFHUIIQLKWLPLL,T2_tims,6,True,0.40833333333333327,1.0,1.0,1.0,1.0,1.0,0.0,0.0,3.5,0.40833333333333327,0.40833333333333327,0.16666666666666666,1.0,0.0,0.5,1.0,1.0,1.0,1.0,1.0,0.0,0.0,1.0,1.0,1.0,1.0,1.0,0.0,0.0,3.5,0.40833333333333327,0.40833333333333327,0.16666666666666666,1.0,0.0,0.5,1.0,1.0,1.0,1.0,1.0,0.0,0.0,correct
BFONZSXLOIUSBI,T2_tims,11,True,0.2745343040797586,1.0,1.0,1.0,1.0,1.0,0.0,0.0,4.5,0.225,0.225,0.0,1.0,0.0,0.5,3.0,0.3333333333333333,0.3333333333333333,0.0,1.0,0.0,0.0,1.0,1.0,1.0,1.0,1.0,0.0,0.0,4.5,0.225,0.225,0.0,1.0,0.0,0.5,1.0,1.0,1.0,1.0,1.0,0.0,0.0,correct
BGBLITNCPUGYMV,T2_tims,42,True,0.10301768587257949,7.0,0.14285714285714285,0.14285714285714285,0.0,1.0,0.14285714285714285,0.14285714285714285,18.5,0.05425266597867216,0.05425266597867216,0.0,0.0,0.0,0.21428571428571427,1.0,1.0,1.0,1.0,1.0,0.0,0.0,1.0,1.0,1.0,1.0,1.0,0.0,0.0,17.5,0.0581531187036218,0.0581531187036218,0.0,0.0,0.0,0.5,2.0,0.5,0.5,0.0,1.0,0.0,0.0,distant_isomer
BHPFIFJUGKKTKG,T2_tims,15,True,0.22121526621526624,1.0,1.0,1.0,1.0,1.0,0.0,0.0,6.0,0.16984126984126982,0.16984126984126982,0.0,1.0,0.3333333333333333,0.6666666666666666,1.0,1.0,1.0,1.0,1.0,0.0,0.0,1.0,1.0,1.0,1.0,1.0,0.0,0.0,9.5,0.10675505050505052,0.10675505050505052,0.0,0.75,0.0,0.5,1.0,1.0,1.0,1.0,1.0,0.0,0.0,correct
BHQCQFFYRZLCQQ,T1_np,65,True,0.0732196233706213,4.0,0.25,0.25,0.0,1.0,0.05263157894736842,0.05263157894736842,25.5,0.04256051952866296,0.026492684275822992,0.0,0.0,0.10526315789473684,0.30701754385964913,46.0,0.021739130434782608,0.0,0.0,0.0,0.6666666666666666,0.6666666666666666,62.0,0.016129032258064516,0.0,0.0,0.0,0.9473684210526315,0.9473684210526315,36.5,0.03735204096953865,0.021087948877523514,0.0,0.05172413793103448,0.0,0.5,30.0,0.03333333333333333,0.0,0.0,0.0,0.47368421052631576,0.47368421052631576,near_isomer
BHULFNORPAIODV,T2_tims,16,True,0.2112955620768121,1.0,1.0,1.0,1.0,1.0,0.0,0.0,5.0,0.20555555555555557,0.20555555555555557,0.0,1.0,0.6,0.8,2.0,0.5,0.5,0.0,1.0,0.0,0.0,1.0,1.0,1.0,1.0,1.0,0.0,0.0,5.5,0.20297619047619045,0.20297619047619045,0.0,1.0,0.0,0.5,1.0,1.0,1.0,1.0,1.0,0.0,0.0,correct
BHZOVZZWKBFUCZ,T2_tims,61,True,0.07698793205860144,1.0,1.0,1.0,1.0,1.0,0.0,0.0,6.0,0.18985260770975057,0.18985260770975057,0.0,1.0,0.06896551724137931,0.1724137931034483,1.0,1.0,1.0,1.0,1.0,0.0,0.0,1.0,1.0,1.0,1.0,1.0,0.0,0.0,15.5,0.13316623769734637,0.12719860592511692,0.03333333333333333,0.3333333333333333,0.0,0.5,1.0,1.0,1.0,1.0,1.0,0.0,0.0,correct
BISVLYLADSXLDM,T2_tims,6,True,0.40833333333333327,1.0,1.0,1.0,1.0,1.0,0.0,0.0,2.0,0.5,0.5,0.0,1.0,1.0,1.0,1.0,1.0,1.0,1.0,1.0,0.0,0.0,1.0,1.0,1.0,1.0,1.0,0.0,0.0,1.5,0.75,0.75,0.5,1.0,0.0,0.5,1.0,1.0,1.0,1.0,1.0,0.0,0.0,correct
BJACIMADRMIAHF,T2_tims,401,True,0.016390083433323047,18.0,0.05555555555555555,0.05555555555555555,0.0,0.0,0.042606516290726815,0.042606516290726815,173.0,0.006432964774955368,0.0,0.0,0.0,0.20050125313283207,0.42857142857142855,1.0,1.0,1.0,1.0,1.0,0.0,0.0,1.0,1.0,1.0,1.0,1.0,0.0,0.0,200.5,0.016424824227941268,0.009539895444383767,0.0025,0.025,0.0,0.5,1.0,1.0,1.0,1.0,1.0,0.0,0.0,distant_isomer
BJRNKVDFDLYUGJ,T1_np,23,True,0.16236050048203654,22.0,0.045454545454545456,0.045454545454545456,0.0,0.0,1.0,1.0,6.5,0.25860088985088986,0.25860088985088986,0.08333333333333333,0.8333333333333334,0.0,0.5,2.5,0.41666666666666663,0.41666666666666663,0.0,1.0,0.09090909090909091,0.13636363636363635,2.0,0.5,0.5,0.0,1.0,0.09090909090909091,0.09090909090909091,6.5,0.25860088985088986,0.25860088985088986,0.08333333333333333,0.8333333333333334,0.0,0.5,3.0,0.3333333333333333,0.3333333333333333,0.0,1.0,0.18181818181818182,0.18181818181818182,unrelated
BKGDEBKBITUVIC,T2_tims,14,True,0.23225445189730906,1.0,1.0,1.0,1.0,1.0,0.0,0.0,11.5,0.08712121212121213,0.08712121212121213,0.0,0.0,0.9090909090909091,0.9545454545454546,1.0,1.0,1.0,1.0,1.0,0.0,0.0,1.0,1.0,1.0,1.0,1.0,0.0,0.0,6.5,0.25860088985088986,0.25860088985088986,0.08333333333333333,0.8333333333333334,0.0,0.5,1.0,1.0,1.0,1.0,1.0,0.0,0.0,correct
BKIHMGMICYQTHA,T2_tims,88,True,0.057502540189559366,2.0,0.5,0.5,0.0,1.0,0.027777777777777776,0.027777777777777776,22.0,0.058926323635212635,0.046443177103641625,0.0,0.15151515151515152,0.1111111111111111,0.5555555555555556,2.0,0.5,0.5,0.0,1.0,0.0,0.0,2.0,0.5,0.5,0.0,1.0,0.0,0.0,19.0,0.1135563844276126,0.10313400480414885,0.02702702702702703,0.2702702702702703,0.0,0.5,2.0,0.5,0.5,0.0,1.0,0.0,0.0,distant_isomer
BKZTZPFTXAWTEZ,T2_tims,62,True,0.07600633690052827,2.0,0.5,0.5,0.0,1.0,0.023255813953488372,0.023255813953488372,40.0,0.027319592029266388,0.0055953466823032046,0.0,0.0,0.11627906976744186,0.5581395348837209,1.0,1.0,1.0,1.0,1.0,0.0,0.0,1.0,1.0,1.0,1.0,1.0,0.0,0.0,24.5,0.0662883464996842,0.05263541313076152,0.0,0.18181818181818182,0.0,0.5,1.0,1.0,1.0,1.0,1.0,0.0,0.0,near_isomer
BLGXFZZNTVWLAY,T1_np,141,True,0.039216435907693886,2.0,0.5,0.5,0.0,1.0,0.007352941176470588,0.007352941176470588,26.5,0.08727007597495093,0.07338381111064438,0.019230769230769232,0.19230769230769232,0.0,0.1875,5.0,0.2,0.2,0.0,1.0,0.029411764705882353,0.029411764705882353,4.0,0.25,0.25,0.0,1.0,0.022058823529411766,0.022058823529411766,69.0,0.040152129823682554,0.027853709326667937,0.0072992700729927005,0.072992700729927,0.0,0.5,4.0,0.25,0.25,0.0,1.0,0.022058823529411766,0.022058823529411766,distant_isomer
BLMUISAYXKKRGH,T2_tims,360,True,0.017957522061769326,158.0,0.006329113924050633,0.0,0.0,0.0,0.4447592067988669,0.4447592067988669,320.5,0.003134095223786414,0.0,0.0,0.0,0.7932011331444759,0.896600566572238,1.0,1.0,1.0,1.0,1.0,0.0,0.0,1.0,1.0,1.0,1.0,1.0,0.0,0.0,177.5,0.01821447554358414,0.010779542875009908,0.002824858757062147,0.02824858757062147,0.0,0.5,1.0,1.0,1.0,1.0,1.0,0.0,0.0,distant_isomer
BMFNILKXYQZAOX,T2_tims,116,True,0.045992327653942504,2.0,0.5,0.5,0.0,1.0,0.01818181818181818,0.01818181818181818,23.0,0.07843548589137442,0.0654873994826397,0.0,0.20930232558139536,0.0,0.38181818181818183,1.5,0.75,0.75,0.5,1.0,0.0,0.00909090909090909,1.5,0.75,0.75,0.5,1.0,0.0,0.00909090909090909,29.5,0.06480380740057774,0.05028496745988405,0.0,0.16071428571428573,0.0,0.5,1.0,1.0,1.0,1.0,1.0,0.0,0.0,near_isomer
BMLIIPOXVWESJG,T1_np,31,True,0.12991113533666193,7.0,0.14285714285714285,0.14285714285714285,0.0,1.0,0.20689655172413793,0.20689655172413793,13.5,0.11733159073972944,0.11733159073972944,0.0,0.375,0.0,0.39655172413793105,13.0,0.07692307692307693,0.07692307692307693,0.0,0.0,0.41379310344827586,0.41379310344827586,16.0,0.0625,0.0625,0.0,0.0,0.5172413793103449,0.5172413793103449,16.5,0.10090817318121732,0.09386527259178355,0.0,0.3,0.0,0.5,13.0,0.07692307692307693,0.07692307692307693,0.0,0.0,0.41379310344827586,0.41379310344827586,near_isomer
BNCYKKOEVBXYAI,T2_tims,66,True,0.0723398035491197,1.0,1.0,1.0,1.0,1.0,0.0,0.0,20.0,0.07094623828670624,0.06007954074000526,0.0,0.21212121212121213,0.01694915254237288,0.288135593220339,2.0,0.5,0.5,0.0,1.0,0.01694915254237288,0.01694915254237288,3.0,0.3333333333333333,0.3333333333333333,0.0,1.0,0.03389830508474576,0.03389830508474576,32.5,0.05353988146387922,0.038599302962558445,0.0,0.13333333333333333,0.0,0.5,2.0,0.5,0.5,0.0,1.0,0.01694915254237288,0.01694915254237288,correct
BODYBMTYVOCZSP,T2_tims,61,True,0.07698793205860144,38.0,0.02631578947368421,0.0,0.0,0.0,0.6851851851851852,0.6851851851851852,15.5,0.07366434320852816,0.07366434320852816,0.0,0.2222222222222222,0.0,0.1574074074074074,22.0,0.045454545454545456,0.045454545454545456,0.0,0.0,0.3888888888888889,0.3888888888888889,21.0,0.047619047619047616,0.047619047619047616,0.0,0.0,0.37037037037037035,0.37037037037037035,32.0,0.046906734780940686,0.03150226989854861,0.0,0.10909090909090909,0.0,0.5,31.0,0.03225806451612903,0.0,0.0,0.0,0.5555555555555556,0.5555555555555556,distant_isomer
BOKNFGKBEQNJMF,T2_tims,200,True,0.029390154740607223,5.0,0.2,0.2,0.0,1.0,0.02040816326530612,0.02040816326530612,79.5,0.021605356524442405,0.00935587792981854,0.0,0.0273972602739726,0.015306122448979591,0.3852040816326531,2.5,0.41666666666666663,0.41666666666666663,0.0,1.0,0.00510204081632653,0.007653061224489796,2.5,0.41666666666666663,0.41666666666666663,0.0,1.0,0.00510204081632653,0.007653061224489796,100.0,0.02471068945428073,0.014294203947987343,0.0,0.04568527918781726,0.0,0.5,2.5,0.41666666666666663,0.41666666666666663,0.0,1.0,0.00510204081632653,0.007653061224489796,distant_isomer
BOLOFZDLHPXFIP,T2_tims,201,True,0.029268686927858476,1.0,1.0,1.0,1.0,1.0,0.0,0.0,65.5,0.04191224106358443,0.029353524444257748,0.007692307692307693,0.07692307692307693,0.0,0.32575757575757575,4.0,0.25,0.25,0.0,1.0,0.015151515151515152,0.015151515151515152,4.0,0.25,0.25,0.0,1.0,0.015151515151515152,0.015151515151515152,100.0,0.029512718332268564,0.019175669234942246,0.005025125628140704,0.05025125628140704,0.0,0.5,4.0,0.25,0.25,0.0,1.0,0.015151515151515152,0.015151515151515152,correct
BOMBXYSHOFXKKW,T2_tims,6,True,0.40833333333333327,1.0,1.0,1.0,1.0,1.0,0.0,0.0,4.5,0.23749999999999996,0.23749999999999996,0.0,1.0,0.25,0.625,1.0,1.0,1.0,1.0,1.0,0.0,0.0,1.0,1.0,1.0,1.0,1.0,0.0,0.0,4.0,0.29,0.29,0.0,1.0,0.0,0.5,1.0,1.0,1.0,1.0,1.0,0.0,0.0,correct
BOMXHGIGNUKJFS,T2_tims,5,True,0.45666666666666667,1.0,1.0,1.0,1.0,1.0,0.0,0.0,1.5,0.75,0.75,0.5,1.0,0.0,0.25,1.0,1.0,1.0,1.0,1.0,0.0,0.0,1.0,1.0,1.0,1.0,1.0,0.0,0.0,2.0,0.611111111111111,0.611111111111111,0.3333333333333333,1.0,0.0,0.5,1.0,1.0,1.0,1.0,1.0,0.0,0.0,correct
BOPOLDWUMCOMRR,T2_tims,55,True,0.08352022203501976,1.0,1.0,1.0,1.0,1.0,0.0,0.0,38.0,0.026664065642062074,0.0,0.0,0.0,0.14285714285714285,0.39285714285714285,1.0,1.0,1.0,1.0,1.0,0.0,0.0,1.0,1.0,1.0,1.0,1.0,0.0,0.0,17.0,0.08714638604953517,0.07986062681908644,0.0,0.27586206896551724,0.0,0.5,1.0,1.0,1.0,1.0,1.0,0.0,0.0,correct
BOQMBHDQFMOEKP,T2_tims,122,True,0.044142044848154,1.0,1.0,1.0,1.0,1.0,0.0,0.0,93.5,0.010696716762812105,0.0,0.0,0.0,0.125,0.3125,1.0,1.0,1.0,1.0,1.0,0.0,0.0,1.0,1.0,1.0,1.0,1.0,0.0,0.0,5.0,0.31432980599647264,0.31432980599647264,0.1111111111111111,1.0,0.0,0.5,1.0,1.0,1.0,1.0,1.0,0.0,0.0,correct
BPIAGQMFIWHZHO,T2_tims,191,True,0.0305345791084159,2.0,0.5,0.5,0.0,1.0,0.0055248618784530384,0.0055248618784530384,60.5,0.03320803097134072,0.01996515670477161,0.0,0.06896551724137931,0.0055248618784530384,0.32320441988950277,3.0,0.3333333333333333,0.3333333333333333,0.0,1.0,0.011049723756906077,0.011049723756906077,1.0,1.0,1.0,1.0,1.0,0.0,0.0,91.5,0.03178003895018658,0.02096680317446982,0.005494505494505495,0.054945054945054944,0.0,0.5,1.0,1.0,1.0,1.0,1.0,0.0,0.0,near_isomer
BPKXUDFSXSXTSP,T2_tims,16,True,0.2112955620768121,2.0,0.5,0.5,0.0,1.0,0.3333333333333333,0.3333333333333333,2.5,0.5208333333333333,0.5208333333333333,0.25,1.0,0.0,0.5,3.0,0.3333333333333333,0.3333333333333333,0.0,1.0,0.6666666666666666,0.6666666666666666,3.0,0.3333333333333333,0.3333333333333333,0.0,1.0,0.6666666666666666,0.6666666666666666,2.5,0.5208333333333333,0.5208333333333333,0.25,1.0,0.0,0.5,3.0,0.3333333333333333,0.3333333333333333,0.0,1.0,0.6666666666666666,0.6666666666666666,near_isomer
BPPDVNBLZLJNEC,T2_tims,18,True,0.1941726710109063,2.0,0.5,0.5,0.0,1.0,0.125,0.125,9.0,0.12186671353338019,0.12186671353338019,0.0,0.6666666666666666,0.0,0.5,1.0,1.0,1.0,1.0,1.0,0.0,0.0,1.0,1.0,1.0,1.0,1.0,0.0,0.0,9.0,0.12186671353338019,0.12186671353338019,0.0,0.6666666666666666,0.0,0.5,1.0,1.0,1.0,1.0,1.0,0.0,0.0,near_isomer
BQDWSVGJHFUTMI,T2_tims,17,True,0.20232661897886814,5.0,0.2,0.2,0.0,1.0,0.2857142857142857,0.2857142857142857,3.0,0.3333333333333333,0.3333333333333333,0.0,1.0,0.0,0.0,2.0,0.5,0.5,0.0,1.0,0.07142857142857142,0.07142857142857142,2.0,0.5,0.5,0.0,1.0,0.07142857142857142,0.07142857142857142,9.0,0.15871526621526627,0.15871526621526627,0.0,0.6,0.0,0.5,3.0,0.3333333333333333,0.3333333333333333,0.0,1.0,0.14285714285714285,0.14285714285714285,distant_isomer
BSBNYNRJZYKZIW,T2_tims,16,True,0.2112955620768121,1.0,1.0,1.0,1.0,1.0,0.0,0.0,4.5,0.23749999999999996,0.23749999999999996,0.0,1.0,0.0,0.5,1.0,1.0,1.0,1.0,1.0,0.0,0.0,1.0,1.0,1.0,1.0,1.0,0.0,0.0,3.5,0.3208333333333333,0.3208333333333333,0.0,1.0,0.0,0.5,1.0,1.0,1.0,1.0,1.0,0.0,0.0,correct
BSDCPJXTQXTVBI,T2_tims,85,True,0.0591263263584386,22.0,0.045454545454545456,0.045454545454545456,0.0,0.0,0.5172413793103449,0.5172413793103449,41.0,0.024747655464288528,0.0,0.0,0.0,0.4482758620689655,0.7241379310344828,1.0,1.0,1.0,1.0,1.0,0.0,0.0,1.0,1.0,1.0,1.0,1.0,0.0,0.0,15.5,0.13316623769734637,0.12719860592511692,0.03333333333333333,0.3333333333333333,0.0,0.5,1.0,1.0,1.0,1.0,1.0,0.0,0.0,distant_isomer
BSKCXBMEHOLRHU,T2_tims,412,True,0.016018087659099487,57.0,0.017543859649122806,0.0,0.0,0.0,0.13895781637717122,0.13895781637717122,235.5,0.005425765725608615,0.0,0.0,0.0,0.13895781637717122,0.5669975186104218,1.0,1.0,1.0,1.0,1.0,0.0,0.0,2.0,0.5,0.5,0.0,1.0,0.0024813895781637717,0.0024813895781637717,207.5,0.010665394760730348,0.003793625852525182,0.0,0.012376237623762377,0.0,0.5,1.0,1.0,1.0,1.0,1.0,0.0,0.0,distant_isomer
BSRFESQCHACYBD,T2_tims,60,True,0.07799784021586229,1.0,1.0,1.0,1.0,1.0,0.0,0.0,14.0,0.0729406098103577,0.0729406098103577,0.0,0.0,0.0,0.5,1.0,1.0,1.0,1.0,1.0,0.0,0.0,1.0,1.0,1.0,1.0,1.0,0.0,0.0,5.0,0.2454081632653061,0.2454081632653061,0.0,1.0,0.0,0.5,1.0,1.0,1.0,1.0,1.0,0.0,0.0,correct
BTTGEBQMZMFYJO,T2_tims,4,True,0.5208333333333333,1.0,1.0,1.0,1.0,1.0,0.0,0.0,2.0,0.5,0.5,0.0,1.0,0.0,0.0,1.0,1.0,1.0,1.0,1.0,0.0,0.0,1.0,1.0,1.0,1.0,1.0,0.0,0.0,2.5,0.41666666666666663,0.41666666666666663,0.0,1.0,0.0,0.5,1.0,1.0,1.0,1.0,1.0,0.0,0.0,correct
BVHNWPXOEPJWJD,T2_tims,69,True,0.06983407309206316,5.0,0.2,0.2,0.0,1.0,0.0,0.0,12.5,0.08709233984969278,0.08709233984969278,0.0,0.3333333333333333,0.23809523809523808,0.5,1.0,1.0,1.0,1.0,1.0,0.0,0.0,1.0,1.0,1.0,1.0,1.0,0.0,0.0,12.5,0.12428597777667455,0.12428597777667455,0.0,0.4090909090909091,0.0,0.5,1.0,1.0,1.0,1.0,1.0,0.0,0.0,unrelated
BWTATKJJSSBVGM,T2_tims,19,True,0.18672313984966749,4.0,0.25,0.25,0.0,1.0,0.3333333333333333,0.3333333333333333,12.0,0.08372183372183373,0.08372183372183373,0.0,0.0,0.3333333333333333,0.6666666666666666,1.0,1.0,1.0,1.0,1.0,0.0,0.0,1.0,1.0,1.0,1.0,1.0,0.0,0.0,9.5,0.10675505050505052,0.10675505050505052,0.0,0.75,0.0,0.5,1.0,1.0,1.0,1.0,1.0,0.0,0.0,unrelated
BWWIAKBRNTVIHC,T2_tims,7,True,0.37040816326530607,1.0,1.0,1.0,1.0,1.0,0.0,0.0,5.5,0.18333333333333335,0.18333333333333335,0.0,1.0,0.0,0.5,1.0,1.0,1.0,1.0,1.0,0.0,0.0,1.0,1.0,1.0,1.0,1.0,0.0,0.0,5.5,0.18333333333333335,0.18333333333333335,0.0,1.0,0.0,0.5,1.0,1.0,1.0,1.0,1.0,0.0,0.0,correct
BXNJHAXVSOCGBA,T1_np,29,True,0.14025610853451315,9.0,0.1111111111111111,0.1111111111111111,0.0,1.0,0.2962962962962963,0.2962962962962963,14.5,0.14025610853451315,0.13628422063405382,0.03571428571428571,0.35714285714285715,0.0,0.5,10.5,0.09633838383838383,0.09633838383838383,0.0,0.5,0.2962962962962963,0.35185185185185186,14.5,0.06937957875457876,0.06937957875457876,0.0,0.0,0.4444444444444444,0.5,14.5,0.14025610853451315,0.13628422063405382,0.03571428571428571,0.35714285714285715,0.0,0.5,10.5,0.09633838383838383,0.09633838383838383,0.0,0.5,0.2962962962962963,0.35185185185185186,distant_isomer
BYFFZLLJWHGZQQ,T2_tims,46,True,0.09601494013013269,2.0,0.5,0.5,0.0,1.0,0.027777777777777776,0.027777777777777776,28.5,0.041325527556051414,0.0246386089940348,0.0,0.0,0.027777777777777776,0.5138888888888888,4.0,0.25,0.25,0.0,1.0,0.027777777777777776,0.027777777777777776,6.0,0.16666666666666666,0.16666666666666666,0.0,1.0,0.08333333333333333,0.08333333333333333,24.0,0.0552272830625677,0.041422293092437126,0.0,0.13513513513513514,0.0,0.5,6.0,0.16666666666666666,0.16666666666666666,0.0,1.0,0.08333333333333333,0.08333333333333333,distant_isomer
BYGAAZOMQDMXOI,T2_tims,41,True,0.10494959226436135,1.0,1.0,1.0,1.0,1.0,0.0,0.0,20.5,0.05330094384760685,0.04434949618926264,0.0,0.0,0.2564102564102564,0.5,1.0,1.0,1.0,1.0,1.0,0.0,0.0,1.0,1.0,1.0,1.0,1.0,0.0,0.0,20.5,0.1069635759734094,0.09539895444383768,0.025,0.25,0.0,0.5,1.0,1.0,1.0,1.0,1.0,0.0,0.0,correct
BYNGAHASFBGAIG,T2_tims,179,True,0.03222006796651085,2.0,0.5,0.5,0.0,1.0,0.005681818181818182,0.005681818181818182,147.5,0.0068690738984298946,0.0,0.0,0.0,0.6590909090909091,0.8210227272727273,2.0,0.5,0.5,0.0,1.0,0.005681818181818182,0.005681818181818182,1.0,1.0,1.0,1.0,1.0,0.0,0.0,90.0,0.02690285634930323,0.01590936823589552,0.0,0.05084745762711865,0.0,0.5,2.0,0.5,0.5,0.0,1.0,0.005681818181818182,0.005681818181818182,near_isomer
BYSOWMFOHOFPOV,T2_tims,16,True,0.2112955620768121,4.0,0.25,0.25,0.0,1.0,0.0,0.0,13.5,0.07417582417582418,0.07417582417582418,0.0,0.0,0.0,0.5,6.0,0.16666666666666666,0.16666666666666666,0.0,1.0,1.0,1.0,5.0,0.2,0.2,0.0,1.0,1.0,1.0,14.5,0.06904761904761905,0.06904761904761905,0.0,0.0,0.0,0.5,5.0,0.2,0.2,0.0,1.0,1.0,1.0,unrelated
BYXJMBBUFNJFJJ,T2_tims,14,False,0.23225445189730906,2.0,0.5,0.5,0.0,1.0,,,6.0,0.16666666666666666,0.16666666666666666,0.0,1.0,,,1.0,1.0,1.0,1.0,1.0,,,1.0,1.0,1.0,1.0,1.0,,,6.0,0.16666666666666666,0.16666666666666666,0.0,1.0,,,1.0,1.0,1.0,1.0,1.0,,,unrelated
BZPCHXTUHUSYJL,T2_tims,515,True,0.01324728762165662,451.0,0.0022172949002217295,0.0,0.0,0.0,0.8781925343811395,0.8781925343811395,296.5,0.004271484771143863,0.0,0.0,0.0,0.14931237721021612,0.5707269155206287,1.0,1.0,1.0,1.0,1.0,0.0,0.0,8.0,0.125,0.125,0.0,1.0,0.0137524557956778,0.0137524557956778,260.5,0.008900038807489855,0.0030051467537650462,0.0,0.00980392156862745,0.0,0.5,9.0,0.1111111111111111,0.1111111111111111,0.0,1.0,0.015717092337917484,0.015717092337917484,distant_isomer
CAMLEGMPXRPPOR,T2_tims,55,True,0.08352022203501976,3.0,0.3333333333333333,0.3333333333333333,0.0,1.0,0.02040816326530612,0.02040816326530612,30.0,0.038889725140183073,0.021515698185842213,0.0,0.0,0.20408163265306123,0.5714285714285714,1.0,1.0,1.0,1.0,1.0,0.0,0.0,1.0,1.0,1.0,1.0,1.0,0.0,0.0,25.5,0.08998410676658848,0.07631916355507014,0.02,0.2,0.0,0.5,1.0,1.0,1.0,1.0,1.0,0.0,0.0,unrelated
CATMHCGKZXAXLE,T2_tims,116,True,0.045992327653942504,1.0,1.0,1.0,1.0,1.0,0.0,0.0,8.0,0.1337920016491445,0.1337920016491445,0.0,0.8571428571428571,0.0,0.42857142857142855,65.0,0.015384615384615385,0.0,0.0,0.0,0.42857142857142855,0.42857142857142855,99.5,0.010051520458168267,0.0,0.0,0.0,0.8571428571428571,0.8571428571428571,8.5,0.1274846681096681,0.1274846681096681,0.0,0.75,0.0,0.5,66.0,0.015151515151515152,0.0,0.0,0.0,0.2857142857142857,0.2857142857142857,correct
CBBQSGPIDBZWQU,T2_tims,61,True,0.07698793205860144,45.0,0.022222222222222223,0.0,0.0,0.0,0.88,0.88,16.5,0.06348708302075175,0.06348708302075175,0.0,0.0,0.0,0.11,47.0,0.02127659574468085,0.0,0.0,0.0,0.72,0.72,50.0,0.02,0.0,0.0,0.0,0.8,0.8,36.0,0.0346528549334595,0.01739195928990692,0.0,0.0,0.0,0.5,36.0,0.027777777777777776,0.0,0.0,0.0,0.54,0.54,distant_isomer
CBPNZQVSJQDFBE,T1_np,3,False,0.611111111111111,1.0,1.0,1.0,1.0,1.0,,,1.0,1.0,1.0,1.0,1.0,,,1.0,1.0,1.0,1.0,1.0,,,1.0,1.0,1.0,1.0,1.0,,,2.0,0.5,0.5,0.0,1.0,,,1.0,1.0,1.0,1.0,1.0,,,correct
CBSIMSDUVYSNGU,T2_tims,78,True,0.06333744937304378,65.0,0.015384615384615385,0.0,0.0,0.0,0.8311688311688312,0.8311688311688312,39.5,0.06333744937304378,0.04892254074042958,0.01282051282051282,0.1282051282051282,0.0,0.5,11.0,0.09090909090909091,0.09090909090909091,0.0,0.0,0.12987012987012986,0.12987012987012986,11.0,0.09090909090909091,0.09090909090909091,0.0,0.0,0.12987012987012986,0.12987012987012986,39.5,0.06333744937304378,0.04892254074042958,0.01282051282051282,0.1282051282051282,0.0,0.5,14.0,0.07142857142857142,0.07142857142857142,0.0,0.0,0.16883116883116883,0.16883116883116883,distant_isomer
CCEAADPXMQSZBL,T2_tims,145,True,0.03832685323908658,33.0,0.030303030303030304,0.0,0.0,0.0,0.23529411764705882,0.23529411764705882,77.0,0.019658529846095618,0.006669097171317691,0.0,0.0,0.029411764705882353,0.5147058823529411,8.0,0.125,0.125,0.0,1.0,0.04411764705882353,0.04411764705882353,2.0,0.5,0.5,0.0,1.0,0.007352941176470588,0.007352941176470588,69.0,0.040152129823682554,0.027853709326667937,0.0072992700729927005,0.072992700729927,0.0,0.5,2.0,0.5,0.5,0.0,1.0,0.007352941176470588,0.007352941176470588,distant_isomer
CCLLORBWZYQRDO,T2_tims,96,True,0.05361211612036918,2.0,0.5,0.5,0.0,1.0,0.010526315789473684,0.010526315789473684,48.5,0.05361211612036918,0.039749564351599036,0.010416666666666666,0.10416666666666667,0.0,0.5,1.0,1.0,1.0,1.0,1.0,0.0,0.0,1.0,1.0,1.0,1.0,1.0,0.0,0.0,48.5,0.05361211612036918,0.039749564351599036,0.010416666666666666,0.10416666666666667,0.0,0.5,2.0,0.5,0.5,0.0,1.0,0.010526315789473684,0.010526315789473684,distant_isomer
CCMRFIWIIKKSTJ,T2_tims,142,True,0.03898985715849271,2.0,0.5,0.5,0.0,1.0,0.009259259259259259,0.009259259259259259,87.0,0.01196774226144026,0.0,0.0,0.0,0.46296296296296297,0.7314814814814815,2.0,0.5,0.5,0.0,1.0,0.009259259259259259,0.009259259259259259,2.0,0.5,0.5,0.0,1.0,0.009259259259259259,0.009259259259259259,62.0,0.02515828316513932,0.011221110411893246,0.0,0.027522935779816515,0.0,0.5,2.0,0.5,0.5,0.0,1.0,0.009259259259259259,0.009259259259259259,near_isomer
CCNQUNPAKYNVAK,T2_tims,58,True,0.08010783782314995,12.0,0.08333333333333333,0.08333333333333333,0.0,0.0,0.2857142857142857,0.2857142857142857,24.0,0.0471339988834597,0.03285147865871307,0.0,0.0,0.2571428571428571,0.6285714285714286,1.0,1.0,1.0,1.0,1.0,0.0,0.0,1.0,1.0,1.0,1.0,1.0,0.0,0.0,19.5,0.08893295066171295,0.07822106049315297,0.0,0.25,0.0,0.5,1.0,1.0,1.0,1.0,1.0,0.0,0.0,distant_isomer
CCUDDJUMRUVVKD,T2_tims,77,True,0.06399351348411561,4.0,0.25,0.25,0.0,1.0,0.041666666666666664,0.041666666666666664,40.0,0.03969045489041851,0.024403166822819344,0.0,0.08450704225352113,0.0,0.4861111111111111,3.0,0.3333333333333333,0.3333333333333333,0.0,1.0,0.0,0.0,1.0,1.0,1.0,1.0,1.0,0.0,0.0,39.0,0.04659391274730202,0.03172545448977407,0.0,0.1095890410958904,0.0,0.5,1.0,1.0,1.0,1.0,1.0,0.0,0.0,distant_isomer
CDAVJKLKPPCXLM,T2_tims,233,True,0.025881538653313434,2.0,0.5,0.5,0.0,1.0,0.004366812227074236,0.004366812227074236,197.5,0.0051112051015299404,0.0,0.0,0.0,0.7161572052401747,0.8580786026200873,7.0,0.14285714285714285,0.14285714285714285,0.0,1.0,0.026200873362445413,0.026200873362445413,8.0,0.125,0.125,0.0,1.0,0.03056768558951965,0.03056768558951965,115.5,0.026162901354660338,0.01659112251197177,0.004347826086956522,0.043478260869565216,0.0,0.5,9.0,0.1111111111111111,0.1111111111111111,0.0,1.0,0.034934497816593885,0.034934497816593885,distant_isomer
CDXDDEZDDGUXAQ,T2_tims,104,True,0.05025390915179539,1.0,1.0,1.0,1.0,1.0,0.0,0.0,49.0,0.029056819121978536,0.013556802899955112,0.0,0.024691358024691357,0.021739130434782608,0.45652173913043476,1.0,1.0,1.0,1.0,1.0,0.0,0.0,1.0,1.0,1.0,1.0,1.0,0.0,0.0,53.0,0.029326639974619567,0.014687722341435557,0.0,0.043010752688172046,0.0,0.5,1.0,1.0,1.0,1.0,1.0,0.0,0.0,correct
CEPWHAYJIGRYDC,T2_tims,172,True,0.033300083149016065,72.0,0.013888888888888888,0.0,0.0,0.0,0.4176470588235294,0.4176470588235294,154.0,0.006524992622586941,0.0,0.0,0.0,0.788235294117647,0.8941176470588236,156.0,0.00641078329652634,0.0,0.0,0.0,0.8941176470588236,0.9058823529411765,170.0,0.005882760072323479,0.0,0.0,0.0,0.9764705882352941,0.9882352941176471,86.0,0.03346082074937071,0.02231554489914332,0.005847953216374269,0.05847953216374269,0.0,0.5,138.5,0.0072203107079553755,0.0,0.0,0.0,0.8,0.8029411764705883,distant_isomer
CEUORZQYGODEFX,T1_np,16,False,0.2112955620768121,4.0,0.25,0.25,0.0,1.0,,,1.0,1.0,1.0,1.0,1.0,,,2.0,0.5,0.5,0.0,1.0,,,1.0,1.0,1.0,1.0,1.0,,,1.0,1.0,1.0,1.0,1.0,,,1.0,1.0,1.0,1.0,1.0,,,unrelated
CFCGXQDLSPSKPJ,T2_tims,45,True,0.09766551367891826,1.0,1.0,1.0,1.0,1.0,0.0,0.0,23.0,0.09766551367891826,0.0847990706167446,0.022222222222222223,0.2222222222222222,0.0,0.5,4.5,0.225,0.225,0.0,1.0,0.06818181818181818,0.07954545454545454,3.5,0.29166666666666663,0.29166666666666663,0.0,1.0,0.045454545454545456,0.056818181818181816,23.0,0.09766551367891826,0.0847990706167446,0.022222222222222223,0.2222222222222222,0.0,0.5,3.5,0.29166666666666663,0.29166666666666663,0.0,1.0,0.045454545454545456,0.056818181818181816,correct
CFDSLVZRAHNSBH,T2_tims,90,True,0.05647300669831684,1.0,1.0,1.0,1.0,1.0,0.0,0.0,82.5,0.012121657361151925,0.0,0.0,0.0,0.0,0.5,1.0,1.0,1.0,1.0,1.0,0.0,0.0,3.0,0.3333333333333333,0.3333333333333333,0.0,1.0,1.0,1.0,46.5,0.02150786308973173,0.0,0.0,0.0,0.0,0.5,1.0,1.0,1.0,1.0,1.0,0.0,0.0,correct
CGIGDMFJXJATDK,T1_np,19,True,0.18672313984966749,8.0,0.125,0.125,0.0,1.0,0.4375,0.4375,8.5,0.13468004218004218,0.13468004218004218,0.0,0.7,0.1875,0.46875,1.0,1.0,1.0,1.0,1.0,0.0,0.0,3.0,0.3333333333333333,0.3333333333333333,0.0,1.0,0.125,0.125,9.0,0.20232661897886814,0.20232661897886814,0.058823529411764705,0.5882352941176471,0.0,0.5,1.0,1.0,1.0,1.0,1.0,0.0,0.0,distant_isomer
CGIJFORAGKMGKA,T2_tims,110,True,0.048020314529490696,1.0,1.0,1.0,1.0,1.0,0.0,0.0,61.0,0.019306029447043443,0.0016252587991718427,0.0,0.0,0.0,0.4367816091954023,4.0,0.25,0.25,0.0,1.0,0.034482758620689655,0.034482758620689655,8.0,0.125,0.125,0.0,1.0,0.08045977011494253,0.08045977011494253,45.5,0.0462665851333796,0.03199952474719894,0.0,0.10227272727272728,0.0,0.5,6.0,0.16666666666666666,0.16666666666666666,0.0,1.0,0.05747126436781609,0.05747126436781609,correct
CGQZBDYFIDUCSU,T2_tims,23,True,0.16236050048203654,3.0,0.3333333333333333,0.3333333333333333,0.0,1.0,0.18181818181818182,0.18181818181818182,5.5,0.22862103174603174,0.22862103174603174,0.0,1.0,0.09090909090909091,0.4090909090909091,2.0,0.5,0.5,0.0,1.0,0.09090909090909091,0.09090909090909091,2.0,0.5,0.5,0.0,1.0,0.09090909090909091,0.09090909090909091,8.5,0.14596352721352718,0.14596352721352718,0.0,0.6666666666666666,0.0,0.5,1.0,1.0,1.0,1.0,1.0,0.0,0.0,distant_isomer
CGTADGCBEXYWNE,T1_np,3,False,0.611111111111111,1.0,1.0,1.0,1.0,1.0,,,2.0,0.5,0.5,0.0,1.0,,,1.0,1.0,1.0,1.0,1.0,,,1.5,0.75,0.75,0.5,1.0,,,2.0,0.5,0.5,0.0,1.0,,,2.0,0.5,0.5,0.0,1.0,,,correct
CGWHJLAZMREQBD,T2_tims,121,True,0.04443911363771333,67.0,0.014925373134328358,0.0,0.0,0.0,0.6,0.6,12.0,0.16236050048203654,0.16236050048203654,0.043478260869565216,0.43478260869565216,0.0,0.11,1.0,1.0,1.0,1.0,1.0,0.0,0.0,1.0,1.0,1.0,1.0,1.0,0.0,0.0,51.0,0.05145820304691713,0.03778176413617334,0.009900990099009901,0.09900990099009901,0.0,0.5,1.0,1.0,1.0,1.0,1.0,0.0,0.0,distant_isomer
CHHGJWKPWVVTJR,T2_tims,32,True,0.12682797485739125,27.0,0.037037037037037035,0.0,0.0,0.0,0.8387096774193549,0.8387096774193549,16.5,0.12682797485739125,0.1192486930547971,0.03125,0.3125,0.0,0.5,1.0,1.0,1.0,1.0,1.0,0.0,0.0,1.0,1.0,1.0,1.0,1.0,0.0,0.0,16.5,0.12682797485739125,0.1192486930547971,0.03125,0.3125,0.0,0.5,1.0,1.0,1.0,1.0,1.0,0.0,0.0,distant_isomer
CIBOYUMOROJWCF,T2_tims,24,True,0.15733159073972947,1.0,1.0,1.0,1.0,1.0,0.0,0.0,13.5,0.09504790888767535,0.09504790888767535,0.0,0.35,0.13636363636363635,0.5681818181818182,1.0,1.0,1.0,1.0,1.0,0.0,0.0,1.0,1.0,1.0,1.0,1.0,0.0,0.0,12.0,0.16236050048203654,0.16236050048203654,0.043478260869565216,0.43478260869565216,0.0,0.5,1.0,1.0,1.0,1.0,1.0,0.0,0.0,correct
CIGNQXROGJKDRV,T2_tims,81,True,0.061454629110590894,5.0,0.2,0.2,0.0,1.0,0.06557377049180328,0.06557377049180328,42.0,0.02602522397731765,0.004160962755872618,0.0,0.0,0.08196721311475409,0.4098360655737705,1.0,1.0,1.0,1.0,1.0,0.0,0.0,1.0,1.0,1.0,1.0,1.0,0.0,0.0,31.5,0.07600633690052827,0.06154771254441141,0.016129032258064516,0.16129032258064516,0.0,0.5,1.0,1.0,1.0,1.0,1.0,0.0,0.0,distant_isomer
CJDRUOGAGYHKKD,T1_np,65,True,0.0732196233706213,24.0,0.041666666666666664,0.041666666666666664,0.0,0.0,0.36507936507936506,0.36507936507936506,28.0,0.04188513890237337,0.025342569251007224,0.0,0.0,0.15873015873015872,0.42857142857142855,19.0,0.05263157894736842,0.05263157894736842,0.0,0.0,0.2857142857142857,0.2857142857142857,19.0,0.05263157894736842,0.05263157894736842,0.0,0.0,0.2857142857142857,0.2857142857142857,32.5,0.07412329537040264,0.05962434652739855,0.015625,0.15625,0.0,0.5,36.0,0.027777777777777776,0.0,0.0,0.0,0.5555555555555556,0.5555555555555556,distant_isomer
CJHYKSSBQRABTM,T1_np,59,True,0.07903735163195034,1.0,1.0,1.0,1.0,1.0,0.0,0.0,18.0,0.11847946911476746,0.10902737650724306,0.02857142857142857,0.2857142857142857,0.0,0.2982456140350877,32.0,0.031311238571675004,0.0,0.0,0.0,0.49122807017543857,0.5263157894736842,36.5,0.027457468866137594,0.0,0.0,0.0,0.5614035087719298,0.6052631578947368,29.5,0.08010783782314995,0.06579238237506047,0.017241379310344827,0.1724137931034483,0.0,0.5,30.5,0.03279569892473118,0.0,0.0,0.0,0.5087719298245614,0.5175438596491229,correct
CKEXCBVNKRHAMX,T1_np,228,True,0.026354178391481787,3.0,0.3333333333333333,0.3333333333333333,0.0,1.0,0.008968609865470852,0.008968609865470852,132.0,0.009647519452025832,0.0,0.0,0.0,0.13901345291479822,0.5695067264573991,42.5,0.02353266888150609,0.0,0.0,0.0,0.18385650224215247,0.1860986547085202,42.5,0.02353266888150609,0.0,0.0,0.0,0.18385650224215247,0.1860986547085202,112.5,0.02674594731605557,0.017035527579256728,0.004464285714285714,0.044642857142857144,0.0,0.5,41.5,0.024099883855981417,0.0,0.0,0.0,0.17937219730941703,0.18161434977578475,near_isomer
CKJWUVNIBDTIET,T2_tims,5,True,0.45666666666666667,1.0,1.0,1.0,1.0,1.0,0.0,0.0,3.0,0.45666666666666667,0.45666666666666667,0.2,1.0,0.0,0.5,1.0,1.0,1.0,1.0,1.0,0.0,0.0,1.0,1.0,1.0,1.0,1.0,0.0,0.0,3.0,0.45666666666666667,0.45666666666666667,0.2,1.0,0.0,0.5,1.0,1.0,1.0,1.0,1.0,0.0,0.0,correct
CKLJMWTZIZZHCS,T1_np,5,True,0.45666666666666667,1.0,1.0,1.0,1.0,1.0,0.0,0.0,3.0,0.45666666666666667,0.45666666666666667,0.2,1.0,0.0,0.5,1.0,1.0,1.0,1.0,1.0,0.0,0.0,3.0,0.3333333333333333,0.3333333333333333,0.0,1.0,0.5,0.5,3.0,0.45666666666666667,0.45666666666666667,0.2,1.0,0.0,0.5,2.0,0.5,0.5,0.0,1.0,0.25,0.25,correct
CKWNAXJEFHSKOC,T2_tims,218,True,0.027357809872366867,11.0,0.09090909090909091,0.09090909090909091,0.0,0.0,0.04716981132075472,0.04716981132075472,74.5,0.0376878548147381,0.02578350120103721,0.006756756756756757,0.06756756756756757,0.0,0.3466981132075472,1.0,1.0,1.0,1.0,1.0,0.0,0.0,1.0,1.0,1.0,1.0,1.0,0.0,0.0,107.0,0.02789133057119817,0.017915296609171395,0.004694835680751174,0.046948356807511735,0.0,0.5,1.0,1.0,1.0,1.0,1.0,0.0,0.0,distant_isomer
CLEXYFLHGFJONT,T1_np,15,True,0.22121526621526624,1.0,1.0,1.0,1.0,1.0,0.0,0.0,5.5,0.2928968253968254,0.2928968253968254,0.1,1.0,0.0,0.34615384615384615,11.0,0.09090909090909091,0.09090909090909091,0.0,0.0,0.6923076923076923,0.6923076923076923,9.0,0.1111111111111111,0.1111111111111111,0.0,1.0,0.5384615384615384,0.5384615384615384,8.5,0.16558778523064244,0.16558778523064244,0.0,0.6428571428571429,0.0,0.5,11.0,0.09090909090909091,0.09090909090909091,0.0,0.0,0.7692307692307693,0.7692307692307693,correct
CLUQGRDBIJVRBE,T2_tims,5,True,0.45666666666666667,3.0,0.3333333333333333,0.3333333333333333,0.0,1.0,0.5,0.5,2.5,0.5208333333333333,0.5208333333333333,0.25,1.0,0.0,0.375,1.0,1.0,1.0,1.0,1.0,0.0,0.0,1.0,1.0,1.0,1.0,1.0,0.0,0.0,3.0,0.45666666666666667,0.45666666666666667,0.2,1.0,0.0,0.5,1.0,1.0,1.0,1.0,1.0,0.0,0.0,distant_isomer
CMHWCWFZBTYURY,T2_tims,15,True,0.22121526621526624,1.0,1.0,1.0,1.0,1.0,0.0,0.0,6.0,0.18985260770975057,0.18985260770975057,0.0,1.0,0.14285714285714285,0.5714285714285714,1.0,1.0,1.0,1.0,1.0,0.0,0.0,1.0,1.0,1.0,1.0,1.0,0.0,0.0,5.5,0.22862103174603174,0.22862103174603174,0.0,1.0,0.0,0.5,2.0,0.5,0.5,0.0,1.0,0.0,0.0,correct
CMKFQVZJOWHHDV,T1_np,65,True,0.0732196233706213,5.0,0.2,0.2,0.0,1.0,0.06349206349206349,0.06349206349206349,57.5,0.01750438629755996,0.0,0.0,0.0,0.7619047619047619,0.8809523809523809,23.0,0.043478260869565216,0.043478260869565216,0.0,0.0,0.3492063492063492,0.3492063492063492,19.0,0.05263157894736842,0.05263157894736842,0.0,0.0,0.2857142857142857,0.2857142857142857,32.5,0.07412329537040264,0.05962434652739855,0.015625,0.15625,0.0,0.5,20.0,0.05,0.05,0.0,0.0,0.30158730158730157,0.30158730158730157,distant_isomer
CMUMLKZWEPGZEK,T2_tims,17,True,0.20232661897886814,4.0,0.25,0.25,0.0,1.0,0.3333333333333333,0.3333333333333333,8.0,0.14109748276414943,0.14109748276414943,0.0,0.7777777777777778,0.0,0.4444444444444444,1.0,1.0,1.0,1.0,1.0,0.0,0.0,1.0,1.0,1.0,1.0,1.0,0.0,0.0,5.5,0.2928968253968254,0.2928968253968254,0.1,1.0,0.0,0.5,1.0,1.0,1.0,1.0,1.0,0.0,0.0,near_isomer
CNACASQFNXHJQX,T2_tims,435,True,0.01529588662272408,8.0,0.125,0.125,0.0,1.0,0.016317016317016316,0.016317016317016316,238.0,0.0059757723854235315,0.0,0.0,0.0,0.08391608391608392,0.5407925407925408,1.0,1.0,1.0,1.0,1.0,0.0,0.0,1.0,1.0,1.0,1.0,1.0,0.0,0.0,219.5,0.010623438365062627,0.004029360103302729,0.0,0.013953488372093023,0.0,0.5,1.0,1.0,1.0,1.0,1.0,0.0,0.0,distant_isomer
COAAUCFNODYPJZ,T2_tims,42,True,0.10301768587257949,7.0,0.14285714285714285,0.14285714285714285,0.0,1.0,0.5,0.5,16.0,0.06266339869281046,0.06266339869281046,0.0,0.0,0.0,0.5,1.0,1.0,1.0,1.0,1.0,0.0,0.0,1.0,1.0,1.0,1.0,1.0,0.0,0.0,2.0,0.611111111111111,0.611111111111111,0.3333333333333333,1.0,0.0,0.5,1.0,1.0,1.0,1.0,1.0,0.0,0.0,unrelated
COCAYVIDUQZIKW,T2_tims,5,True,0.45666666666666667,3.0,0.3333333333333333,0.3333333333333333,0.0,1.0,0.5,0.5,3.0,0.45666666666666667,0.45666666666666667,0.2,1.0,0.0,0.5,1.0,1.0,1.0,1.0,1.0,0.0,0.0,1.0,1.0,1.0,1.0,1.0,0.0,0.0,3.0,0.45666666666666667,0.45666666666666667,0.2,1.0,0.0,0.5,2.0,0.5,0.5,0.0,1.0,0.25,0.25,distant_isomer
COZQEDGSSSZQHO,T2_tims,17,True,0.20232661897886814,3.0,0.3333333333333333,0.3333333333333333,0.0,1.0,0.0,0.0,15.5,0.06458333333333333,0.06458333333333333,0.0,0.0,0.0,0.5,2.0,0.5,0.5,0.0,1.0,0.0,0.0,2.0,0.5,0.5,0.0,1.0,0.0,0.0,7.5,0.13392857142857142,0.13392857142857142,0.0,1.0,0.0,0.5,2.0,0.5,0.5,0.0,1.0,0.0,0.0,unrelated
CQKJEZMFDSERDS,T2_tims,30,True,0.13316623769734637,1.0,1.0,1.0,1.0,1.0,0.0,0.0,24.5,0.04083333333333333,0.04083333333333333,0.0,0.0,0.0,0.5,1.0,1.0,1.0,1.0,1.0,0.0,0.0,1.0,1.0,1.0,1.0,1.0,0.0,0.0,24.5,0.04083333333333333,0.04083333333333333,0.0,0.0,0.0,0.5,1.0,1.0,1.0,1.0,1.0,0.0,0.0,correct
CQRJBHQNNNMTAZ,T2_tims,48,False,0.0928916078138358,3.0,0.3333333333333333,0.3333333333333333,0.0,1.0,,,1.0,1.0,1.0,1.0,1.0,,,1.0,1.0,1.0,1.0,1.0,,,1.0,1.0,1.0,1.0,1.0,,,1.0,1.0,1.0,1.0,1.0,,,1.0,1.0,1.0,1.0,1.0,,,unrelated
CRSFLLTWRCYNNX,T1_np,22,True,0.16776423864623977,2.0,0.5,0.5,0.0,1.0,0.0625,0.0625,12.0,0.0899593202400689,0.0899593202400689,0.0,0.36363636363636365,0.375,0.6875,5.0,0.2,0.2,0.0,1.0,0.25,0.25,6.0,0.16666666666666666,0.16666666666666666,0.0,1.0,0.3125,0.3125,10.0,0.14677106342331256,0.14677106342331256,0.0,0.5294117647058824,0.0,0.5,7.0,0.14285714285714285,0.14285714285714285,0.0,1.0,0.375,0.375,near_isomer
CSNLBEBTDFBRHJ,T2_tims,94,True,0.05453000175637555,16.0,0.0625,0.0625,0.0,0.0,0.2459016393442623,0.2459016393442623,61.0,0.017771303443875165,0.0,0.0,0.0,0.0,0.45901639344262296,1.0,1.0,1.0,1.0,1.0,0.0,0.0,1.0,1.0,1.0,1.0,1.0,0.0,0.0,31.5,0.07600633690052827,0.06154771254441141,0.016129032258064516,0.16129032258064516,0.0,0.5,1.0,1.0,1.0,1.0,1.0,0.0,0.0,distant_isomer
CSOCYHNFTYENBR,T2_tims,78,True,0.06333744937304378,4.0,0.25,0.25,0.0,1.0,0.039473684210526314,0.039473684210526314,72.5,0.013814813090067452,0.0,0.0,0.0,0.881578947368421,0.9407894736842105,4.0,0.25,0.25,0.0,1.0,0.039473684210526314,0.039473684210526314,4.0,0.25,0.25,0.0,1.0,0.039473684210526314,0.039473684210526314,39.0,0.06399351348411561,0.049557898412383214,0.012987012987012988,0.12987012987012986,0.0,0.5,2.0,0.5,0.5,0.0,1.0,0.013157894736842105,0.013157894736842105,distant_isomer
CTBOFNRGHHJYDX,T2_tims,115,True,0.046317298419149194,2.0,0.5,0.5,0.0,1.0,0.043478260869565216,0.043478260869565216,14.0,0.09250594497238922,0.09250594497238922,0.0,0.3333333333333333,0.13043478260869565,0.5652173913043478,2.0,0.5,0.5,0.0,1.0,0.043478260869565216,0.043478260869565216,3.0,0.3333333333333333,0.3333333333333333,0.0,1.0,0.043478260869565216,0.043478260869565216,12.5,0.15733159073972947,0.15733159073972947,0.041666666666666664,0.4166666666666667,0.0,0.5,2.0,0.5,0.5,0.0,1.0,0.043478260869565216,0.043478260869565216,near_isomer
CTDCUPJZLFBKIT,T2_tims,148,True,0.0376878548147381,4.0,0.25,0.25,0.0,1.0,0.6,0.6,3.5,0.40833333333333327,0.40833333333333327,0.16666666666666666,1.0,0.0,0.5,1.0,1.0,1.0,1.0,1.0,0.0,0.0,1.0,1.0,1.0,1.0,1.0,0.0,0.0,3.5,0.40833333333333327,0.40833333333333327,0.16666666666666666,1.0,0.0,0.5,1.0,1.0,1.0,1.0,1.0,0.0,0.0,distant_isomer
CTRLABGOLIVAIY,T1_np,32,True,0.12682797485739125,2.0,0.5,0.5,0.0,1.0,0.03571428571428571,0.03571428571428571,16.0,0.10327541830759968,0.09710200612943126,0.0,0.3103448275862069,0.0,0.5,2.0,0.5,0.5,0.0,1.0,0.03571428571428571,0.03571428571428571,1.0,1.0,1.0,1.0,1.0,0.0,0.0,15.0,0.13660875164093303,0.13158476475012093,0.034482758620689655,0.3448275862068966,0.0,0.5,2.0,0.5,0.5,0.0,1.0,0.03571428571428571,0.03571428571428571,distant_isomer
CTULIQYSVMRMHW,T2_tims,171,True,0.03346082074937071,6.0,0.16666666666666666,0.16666666666666666,0.0,1.0,0.03333333333333333,0.03333333333333333,6.0,0.2745343040797586,0.2745343040797586,0.09090909090909091,0.9090909090909091,0.0,0.03333333333333333,1.0,1.0,1.0,1.0,1.0,0.0,0.0,1.0,1.0,1.0,1.0,1.0,0.0,0.0,125.0,0.008123143352104904,0.0,0.0,0.0,0.6533333333333333,0.8266666666666667,1.0,1.0,1.0,1.0,1.0,0.0,0.0,distant_isomer
CUGNAQYKVNGWGZ,T2_tims,91,True,0.05597318256964315,3.0,0.3333333333333333,0.3333333333333333,0.0,1.0,0.028985507246376812,0.028985507246376812,42.5,0.02991341030369122,0.012840013433486484,0.0,0.0,0.11594202898550725,0.5579710144927537,1.0,1.0,1.0,1.0,1.0,0.0,0.0,1.0,1.0,1.0,1.0,1.0,0.0,0.0,37.5,0.04801157362241734,0.033085116825050095,0.0,0.11428571428571428,0.0,0.5,4.0,0.25,0.25,0.0,1.0,0.043478260869565216,0.043478260869565216,near_isomer
CUKDOKFZSMVOGB,T2_tims,19,True,0.18672313984966749,5.0,0.2,0.2,0.0,1.0,0.2222222222222222,0.2222222222222222,10.0,0.18672313984966749,0.18672313984966749,0.05263157894736842,0.5263157894736842,0.0,0.5,5.0,0.2,0.2,0.0,1.0,0.2222222222222222,0.2222222222222222,5.0,0.2,0.2,0.0,1.0,0.2222222222222222,0.2222222222222222,10.0,0.18672313984966749,0.18672313984966749,0.05263157894736842,0.5263157894736842,0.0,0.5,2.0,0.5,0.5,0.0,1.0,0.05555555555555555,0.05555555555555555,distant_isomer
CWPLTUAWDKCGAJ,T2_tims,259,True,0.02369101539094282,189.0,0.005291005291005291,0.0,0.0,0.0,0.7391304347826086,0.7391304347826086,142.5,0.008813179568015883,0.0,0.0,0.0,0.15810276679841898,0.5592885375494071,10.0,0.1,0.1,0.0,1.0,0.03557312252964427,0.03557312252964427,9.0,0.1111111111111111,0.1111111111111111,0.0,1.0,0.03162055335968379,0.03162055335968379,127.5,0.024080776158227676,0.015023457392730344,0.003937007874015748,0.03937007874015748,0.0,0.5,8.0,0.125,0.125,0.0,1.0,0.02766798418972332,0.02766798418972332,distant_isomer
CWVRJTMFETXNAD,T1_np,36,True,0.11595997768873996,4.0,0.25,0.25,0.0,1.0,0.08823529411764706,0.08823529411764706,18.0,0.11847946911476746,0.10902737650724306,0.02857142857142857,0.2857142857142857,0.0,0.5,9.0,0.1111111111111111,0.1111111111111111,0.0,1.0,0.23529411764705882,0.23529411764705882,7.0,0.14285714285714285,0.14285714285714285,0.0,1.0,0.17647058823529413,0.17647058823529413,18.0,0.11847946911476746,0.10902737650724306,0.02857142857142857,0.2857142857142857,0.0,0.5,5.0,0.2,0.2,0.0,1.0,0.11764705882352941,0.11764705882352941,near_isomer
CXDGZCUGKUWYDS,T2_tims,24,True,0.15733159073972947,2.0,0.5,0.5,0.0,1.0,0.0,0.0,5.0,0.21857142857142856,0.21857142857142856,0.0,1.0,0.3333333333333333,0.6666666666666666,1.0,1.0,1.0,1.0,1.0,0.0,0.0,1.0,1.0,1.0,1.0,1.0,0.0,0.0,4.0,0.37040816326530607,0.37040816326530607,0.14285714285714285,1.0,0.0,0.5,1.0,1.0,1.0,1.0,1.0,0.0,0.0,unrelated
CXNXPSXIXGNQHV,T2_tims,40,True,0.1069635759734094,29.0,0.034482758620689655,0.0,0.0,0.0,0.7368421052631579,0.7368421052631579,20.0,0.10906520612657374,0.09784508148085916,0.02564102564102564,0.2564102564102564,0.0,0.5,1.0,1.0,1.0,1.0,1.0,0.0,0.0,1.0,1.0,1.0,1.0,1.0,0.0,0.0,20.0,0.10906520612657374,0.09784508148085916,0.02564102564102564,0.2564102564102564,0.0,0.5,1.0,1.0,1.0,1.0,1.0,0.0,0.0,distant_isomer
CXPFFWCKUPPARU,T2_tims,51,True,0.0886041800287584,12.0,0.08333333333333333,0.08333333333333333,0.0,0.0,0.39285714285714285,0.39285714285714285,10.0,0.11903043537658921,0.11903043537658921,0.0,0.5384615384615384,0.07142857142857142,0.2857142857142857,3.0,0.3611111111111111,0.3611111111111111,0.0,1.0,0.03571428571428571,0.07142857142857142,3.0,0.3611111111111111,0.3611111111111111,0.0,1.0,0.03571428571428571,0.07142857142857142,17.0,0.08714638604953517,0.07986062681908644,0.0,0.27586206896551724,0.0,0.5,4.0,0.25,0.25,0.0,1.0,0.10714285714285714,0.10714285714285714,distant_isomer
CXPPYBZPSANVNV,T2_tims,26,True,0.14824691216211713,4.0,0.25,0.25,0.0,1.0,0.12,0.12,13.5,0.14824691216211713,0.14676762222128875,0.038461538461538464,0.38461538461538464,0.0,0.5,3.0,0.3333333333333333,0.3333333333333333,0.0,1.0,0.08,0.08,2.0,0.5,0.5,0.0,1.0,0.04,0.04,13.5,0.14824691216211713,0.14676762222128875,0.038461538461538464,0.38461538461538464,0.0,0.5,3.0,0.3333333333333333,0.3333333333333333,0.0,1.0,0.08,0.08,distant_isomer
CXTKSKZCWXKKAF,T2_tims,156,True,0.03609149600056409,10.0,0.1,0.1,0.0,1.0,0.058823529411764705,0.058823529411764705,69.5,0.018630579110793792,0.0036192851453148937,0.0,0.0,0.10457516339869281,0.4411764705882353,2.0,0.5,0.5,0.0,1.0,0.006535947712418301,0.006535947712418301,2.0,0.5,0.5,0.0,1.0,0.006535947712418301,0.006535947712418301,78.5,0.030025085192712606,0.018285442712685108,0.0,0.05844155844155844,0.0,0.5,2.0,0.5,0.5,0.0,1.0,0.006535947712418301,0.006535947712418301,distant_isomer
CZLOVQQGXBQOJE,T2_tims,79,True,0.06269594023981666,31.0,0.03225806451612903,0.0,0.0,0.0,0.43636363636363634,0.43636363636363634,26.5,0.08727007597495093,0.07338381111064438,0.019230769230769232,0.19230769230769232,0.0,0.4636363636363636,1.0,1.0,1.0,1.0,1.0,0.0,0.0,1.0,1.0,1.0,1.0,1.0,0.0,0.0,28.5,0.08234766704970053,0.06814211031702691,0.017857142857142856,0.17857142857142858,0.0,0.5,1.0,1.0,1.0,1.0,1.0,0.0,0.0,distant_isomer
CZMRCDWAGMRECN,T1_np,56,True,0.08234766704970053,15.0,0.06666666666666667,0.06666666666666667,0.0,0.0,0.32558139534883723,0.32558139534883723,22.5,0.09938013393929772,0.08672632222167062,0.022727272727272728,0.22727272727272727,0.0,0.5,22.5,0.044466403162055336,0.044466403162055336,0.0,0.0,0.4883720930232558,0.5,44.5,0.022474747474747474,0.0,0.0,0.0,0.9534883720930233,0.9651162790697675,22.5,0.09938013393929772,0.08672632222167062,0.022727272727272728,0.22727272727272727,0.0,0.5,34.5,0.028991596638655463,0.0,0.0,0.0,0.7441860465116279,0.7558139534883721,near_isomer
CZVOKNXTTKDUAV,T2_tims,117,True,0.045672282191490075,51.0,0.0196078431372549,0.0,0.0,0.0,0.4351851851851852,0.4351851851851852,84.0,0.012359531863086472,0.0,0.0,0.0,0.49074074074074076,0.7407407407407407,1.0,1.0,1.0,1.0,1.0,0.0,0.0,1.0,1.0,1.0,1.0,1.0,0.0,0.0,58.0,0.03180586096649748,0.01818921875614838,0.0,0.06422018348623854,0.0,0.5,1.0,1.0,1.0,1.0,1.0,0.0,0.0,distant_isomer
DARJXFXGZLLQKI,T2_tims,33,True,0.12390297653756213,3.0,0.3333333333333333,0.3333333333333333,0.0,1.0,0.4,0.4,5.0,0.21857142857142856,0.21857142857142856,0.0,1.0,0.0,0.4,1.0,1.0,1.0,1.0,1.0,0.0,0.0,1.0,1.0,1.0,1.0,1.0,0.0,0.0,3.5,0.40833333333333327,0.40833333333333327,0.16666666666666666,1.0,0.0,0.5,1.0,1.0,1.0,1.0,1.0,0.0,0.0,distant_isomer
DATAGRPVKZEWHA,T1_np,16,True,0.2112955620768121,4.0,0.25,0.25,0.0,1.0,0.2,0.2,8.5,0.2112955620768121,0.2112955620768121,0.0625,0.625,0.0,0.5,2.0,0.5,0.5,0.0,1.0,0.06666666666666667,0.06666666666666667,3.0,0.3333333333333333,0.3333333333333333,0.0,1.0,0.13333333333333333,0.13333333333333333,8.5,0.2112955620768121,0.2112955620768121,0.0625,0.625,0.0,0.5,2.0,0.5,0.5,0.0,1.0,0.06666666666666667,0.06666666666666667,distant_isomer
DBEPLOCGEIEOCV,T1_np,7,True,0.37040816326530607,5.0,0.2,0.2,0.0,1.0,0.6666666666666666,0.6666666666666666,3.5,0.3208333333333333,0.3208333333333333,0.0,1.0,0.16666666666666666,0.4166666666666667,6.0,0.16666666666666666,0.16666666666666666,0.0,1.0,0.8333333333333334,0.8333333333333334,3.0,0.3333333333333333,0.3333333333333333,0.0,1.0,0.3333333333333333,0.3333333333333333,4.0,0.37040816326530607,0.37040816326530607,0.14285714285714285,1.0,0.0,0.5,4.0,0.25,0.25,0.0,1.0,0.5,0.5,distant_isomer
DBFVKQIEXMRYMO,T2_tims,45,True,0.09766551367891826,7.0,0.14285714285714285,0.14285714285714285,0.0,1.0,0.15151515151515152,0.15151515151515152,26.5,0.04368045477125265,0.027718435118289152,0.0,0.0,0.06060606060606061,0.5303030303030303,1.0,1.0,1.0,1.0,1.0,0.0,0.0,2.0,0.5,0.5,0.0,1.0,0.0,0.0,22.5,0.05794734428244243,0.04507720130647569,0.0,0.14705882352941177,0.0,0.5,1.0,1.0,1.0,1.0,1.0,0.0,0.0,distant_isomer
DBNYUTNMNPTGBK,T2_tims,358,True,0.018042303489214654,16.0,0.0625,0.0625,0.0,0.0,0.04201680672268908,0.04201680672268908,154.0,0.01192739727125455,0.003415190047699837,0.0,0.0034602076124567475,0.025210084033613446,0.42857142857142855,1.0,1.0,1.0,1.0,1.0,0.0,0.0,1.0,1.0,1.0,1.0,1.0,0.0,0.0,179.5,0.018042303489214654,0.010659101055177395,0.002793296089385475,0.027932960893854747,0.0,0.5,1.0,1.0,1.0,1.0,1.0,0.0,0.0,distant_isomer
DBUAOIQOBQSSOG,T2_tims,90,True,0.05647300669831684,74.0,0.013513513513513514,0.0,0.0,0.0,0.8588235294117647,0.8588235294117647,80.0,0.012527451056755741,0.0,0.0,0.0,0.8588235294117647,0.9294117647058824,2.0,0.5,0.5,0.0,1.0,0.011764705882352941,0.011764705882352941,2.0,0.5,0.5,0.0,1.0,0.011764705882352941,0.011764705882352941,43.5,0.058574019156325874,0.04437160671806404,0.011627906976744186,0.11627906976744186,0.0,0.5,2.0,0.5,0.5,0.0,1.0,0.011764705882352941,0.011764705882352941,distant_isomer
DCBMIFSRQISGNS,T2_tims,79,True,0.06269594023981666,6.0,0.16666666666666666,0.16666666666666666,0.0,1.0,0.0641025641025641,0.0641025641025641,40.0,0.06269594023981666,0.048303268072829204,0.012658227848101266,0.12658227848101267,0.0,0.5,1.0,1.0,1.0,1.0,1.0,0.0,0.0,1.0,1.0,1.0,1.0,1.0,0.0,0.0,40.0,0.06269594023981666,0.048303268072829204,0.012658227848101266,0.12658227848101267,0.0,0.5,1.0,1.0,1.0,1.0,1.0,0.0,0.0,distant_isomer
DDIRVSQPECSCHM,T2_tims,53,True,0.08597946934388208,33.0,0.030303030303030304,0.0,0.0,0.0,0.75,0.75,18.5,0.06221802976045068,0.055595501586198366,0.0,0.13636363636363635,0.125,0.5625,2.0,0.5,0.5,0.0,1.0,0.041666666666666664,0.041666666666666664,1.0,1.0,1.0,1.0,1.0,0.0,0.0,13.0,0.15263832711014028,0.15263832711014028,0.04,0.4,0.0,0.5,1.0,1.0,1.0,1.0,1.0,0.0,0.0,unrelated
DEKMJYFXEKZCGB,T2_tims,85,True,0.0591263263584386,1.0,1.0,1.0,1.0,1.0,0.0,0.0,26.0,0.05834364092735081,0.04405832987600385,0.0,0.15555555555555556,0.057692307692307696,0.4807692307692308,1.0,1.0,1.0,1.0,1.0,0.0,0.0,1.0,1.0,1.0,1.0,1.0,0.0,0.0,27.0,0.08597946934388208,0.07199921090100957,0.018867924528301886,0.18867924528301888,0.0,0.5,1.0,1.0,1.0,1.0,1.0,0.0,0.0,correct
DFMAXQKDIGCMTL,T1_np,44,True,0.09938013393929772,10.0,0.1,0.1,0.0,1.0,0.21428571428571427,0.21428571428571427,23.0,0.07843548589137442,0.0654873994826397,0.0,0.20930232558139536,0.0,0.5,34.0,0.029411764705882353,0.0,0.0,0.0,0.7619047619047619,0.7619047619047619,38.0,0.02631578947368421,0.0,0.0,0.0,0.8571428571428571,0.8571428571428571,23.0,0.07843548589137442,0.0654873994826397,0.0,0.20930232558139536,0.0,0.5,18.0,0.05555555555555555,0.05555555555555555,0.0,0.0,0.40476190476190477,0.40476190476190477,distant_isomer
DGFJAEVGTVHOPE,T2_tims,6,False,0.40833333333333327,1.0,1.0,1.0,1.0,1.0,,,4.0,0.25,0.25,0.0,1.0,,,1.0,1.0,1.0,1.0,1.0,,,1.0,1.0,1.0,1.0,1.0,,,4.0,0.25,0.25,0.0,1.0,,,1.0,1.0,1.0,1.0,1.0,,,correct
DGOSJINGVLWTQA,T2_tims,153,True,0.03667266666850333,1.0,1.0,1.0,1.0,1.0,0.0,0.0,76.0,0.03707154374304748,0.025271246210288128,0.006622516556291391,0.06622516556291391,0.0,0.5,1.0,1.0,1.0,1.0,1.0,0.0,0.0,1.0,1.0,1.0,1.0,1.0,0.0,0.0,76.0,0.03707154374304748,0.025271246210288128,0.006622516556291391,0.06622516556291391,0.0,0.5,1.0,1.0,1.0,1.0,1.0,0.0,0.0,correct
DGTFWJLQWRMZRL,T2_tims,98,True,0.05272731130141439,1.0,1.0,1.0,1.0,1.0,0.0,0.0,10.0,0.10430482216196503,0.10430482216196503,0.0,0.5714285714285714,0.3333333333333333,0.5,5.0,0.2,0.2,0.0,1.0,0.0,0.0,2.0,0.5,0.5,0.0,1.0,0.0,0.0,10.0,0.18672313984966749,0.18672313984966749,0.05263157894736842,0.5263157894736842,0.0,0.5,2.0,0.5,0.5,0.0,1.0,0.0,0.0,correct
DHMXUNXRNRUVJT,T2_tims,20,True,0.1798869828571841,4.0,0.25,0.25,0.0,1.0,0.2727272727272727,0.2727272727272727,13.5,0.07957354285721159,0.07957354285721159,0.0,0.25,0.0,0.5,1.0,1.0,1.0,1.0,1.0,0.0,0.0,1.0,1.0,1.0,1.0,1.0,0.0,0.0,11.5,0.09635159910895207,0.09635159910895207,0.0,0.4166666666666667,0.0,0.5,1.0,1.0,1.0,1.0,1.0,0.0,0.0,distant_isomer
DJLCPYFBEAEKSU,T2_tims,28,True,0.14025610853451315,1.0,1.0,1.0,1.0,1.0,0.0,0.0,20.0,0.050252145515303416,0.050252145515303416,0.0,0.0,0.14285714285714285,0.42857142857142855,1.0,1.0,1.0,1.0,1.0,0.0,0.0,1.0,1.0,1.0,1.0,1.0,0.0,0.0,4.5,0.3397321428571428,0.3397321428571428,0.125,1.0,0.0,0.5,1.0,1.0,1.0,1.0,1.0,0.0,0.0,correct
DJUQXVSFMMAOSS,T2_tims,41,True,0.10494959226436135,2.0,0.5,0.5,0.0,1.0,0.025,0.025,29.5,0.035290169089634706,0.013410926030491249,0.0,0.0,0.475,0.7125,3.0,0.3333333333333333,0.3333333333333333,0.0,1.0,0.05,0.05,4.0,0.25,0.25,0.0,1.0,0.075,0.075,21.0,0.10494959226436135,0.09307215067691481,0.024390243902439025,0.24390243902439024,0.0,0.5,2.0,0.5,0.5,0.0,1.0,0.025,0.025,near_isomer
DKGBKTXBGPDGSC,T2_tims,134,True,0.04088643408348984,1.0,1.0,1.0,1.0,1.0,0.0,0.0,125.5,0.007972305091258129,0.0,0.0,0.0,0.928,0.964,1.0,1.0,1.0,1.0,1.0,0.0,0.0,1.0,1.0,1.0,1.0,1.0,0.0,0.0,67.5,0.026708396864544785,0.013750990828731536,0.0,0.047619047619047616,0.0,0.5,1.0,1.0,1.0,1.0,1.0,0.0,0.0,correct
DKINTCVDKVVLAX,T2_tims,159,True,0.03552994481094177,31.0,0.03225806451612903,0.0,0.0,0.0,0.189873417721519,0.189873417721519,137.0,0.007365945753588857,0.0,0.0,0.0,0.7215189873417721,0.8607594936708861,1.0,1.0,1.0,1.0,1.0,0.0,0.0,1.0,1.0,1.0,1.0,1.0,0.0,0.0,80.0,0.03552994481094177,0.02399973696700319,0.006289308176100629,0.06289308176100629,0.0,0.5,1.0,1.0,1.0,1.0,1.0,0.0,0.0,distant_isomer
DKYSBJHWTWOHFT,T2_tims,4,True,0.5208333333333333,1.0,1.0,1.0,1.0,1.0,0.0,0.0,2.0,0.5,0.5,0.0,1.0,0.0,0.0,1.0,1.0,1.0,1.0,1.0,0.0,0.0,1.0,1.0,1.0,1.0,1.0,0.0,0.0,2.5,0.41666666666666663,0.41666666666666663,0.0,1.0,0.0,0.5,1.0,1.0,1.0,1.0,1.0,0.0,0.0,correct
DMDTXMGMYGHUBQ,T2_tims,53,True,0.08597946934388208,1.0,1.0,1.0,1.0,1.0,0.0,0.0,41.5,0.0241138954163628,0.0,0.0,0.0,0.9285714285714286,0.9642857142857143,1.0,1.0,1.0,1.0,1.0,0.0,0.0,1.0,1.0,1.0,1.0,1.0,0.0,0.0,22.0,0.10116275861864714,0.08874321343612808,0.023255813953488372,0.23255813953488372,0.0,0.5,1.0,1.0,1.0,1.0,1.0,0.0,0.0,correct
DMNRHUMECSECJG,T2_tims,98,True,0.05272731130141439,1.0,1.0,1.0,1.0,1.0,0.0,0.0,91.0,0.01098901098901099,0.0,0.0,0.0,0.0,0.0,1.0,1.0,1.0,1.0,1.0,0.0,0.0,1.0,1.0,1.0,1.0,1.0,0.0,0.0,59.5,0.016820588841587086,0.0,0.0,0.0,0.0,0.5,1.0,1.0,1.0,1.0,1.0,0.0,0.0,correct
DMPAUKQYJMHXGY,T2_tims,65,True,0.0732196233706213,1.0,1.0,1.0,1.0,1.0,0.0,0.0,26.5,0.08727007597495093,0.07338381111064438,0.019230769230769232,0.19230769230769232,0.0,0.3984375,1.0,1.0,1.0,1.0,1.0,0.0,0.0,1.0,1.0,1.0,1.0,1.0,0.0,0.0,33.0,0.0732196233706213,0.058707048888515495,0.015384615384615385,0.15384615384615385,0.0,0.5,1.0,1.0,1.0,1.0,1.0,0.0,0.0,correct
DMQCMRDMEVNVPT,T2_tims,61,True,0.07698793205860144,4.0,0.25,0.25,0.0,1.0,0.09090909090909091,0.09090909090909091,8.5,0.12275733525733527,0.12275733525733527,0.0,0.8333333333333334,0.45454545454545453,0.6818181818181818,1.0,1.0,1.0,1.0,1.0,0.0,0.0,1.0,1.0,1.0,1.0,1.0,0.0,0.0,6.5,0.25860088985088986,0.25860088985088986,0.08333333333333333,0.8333333333333334,0.0,0.5,1.0,1.0,1.0,1.0,1.0,0.0,0.0,unrelated
DMVNGYFPUXQFAR,T2_tims,7,False,0.37040816326530607,1.0,1.0,1.0,1.0,1.0,,,1.0,1.0,1.0,1.0,1.0,,,1.0,1.0,1.0,1.0,1.0,,,1.0,1.0,1.0,1.0,1.0,,,1.0,1.0,1.0,1.0,1.0,,,1.0,1.0,1.0,1.0,1.0,,,correct
DNINQCNFRRXCBB,T2_tims,134,True,0.04088643408348984,2.0,0.5,0.5,0.0,1.0,0.008,0.008,74.0,0.0158861455279711,0.0,0.0,0.0,0.184,0.552,1.0,1.0,1.0,1.0,1.0,0.0,0.0,1.0,1.0,1.0,1.0,1.0,0.0,0.0,63.5,0.042995718863818574,0.030285382363123073,0.007936507936507936,0.07936507936507936,0.0,0.5,1.0,1.0,1.0,1.0,1.0,0.0,0.0,near_isomer
DNQSKCBQKWFORY,T2_tims,49,True,0.09141235384345764,1.0,1.0,1.0,1.0,1.0,0.0,0.0,18.5,0.07518216308020721,0.06608749481400579,0.0,0.23333333333333334,0.06818181818181818,0.3977272727272727,1.0,1.0,1.0,1.0,1.0,0.0,0.0,1.0,1.0,1.0,1.0,1.0,0.0,0.0,23.0,0.09766551367891826,0.0847990706167446,0.022222222222222223,0.2222222222222222,0.0,0.5,1.0,1.0,1.0,1.0,1.0,0.0,0.0,correct
DNWKJQVZYBNQEC,T2_tims,46,True,0.09601494013013269,3.0,0.3333333333333333,0.3333333333333333,0.0,1.0,0.125,0.125,4.5,0.3397321428571428,0.3397321428571428,0.125,1.0,0.0,0.4375,8.5,0.11805555555555555,0.11805555555555555,0.0,1.0,0.75,0.8125,14.0,0.07142857142857142,0.07142857142857142,0.0,0.0,0.0,0.0,5.0,0.31432980599647264,0.31432980599647264,0.1111111111111111,1.0,0.0,0.5,19.0,0.05263157894736842,0.05263157894736842,0.0,0.0,1.0,1.0,distant_isomer
DOFJNFPSMUCECH,T1_np,118,True,0.0453570473955553,7.0,0.14285714285714285,0.14285714285714285,0.0,1.0,0.05357142857142857,0.05357142857142857,64.5,0.019994199848464216,0.0045336373387970174,0.0,0.0,0.14285714285714285,0.5669642857142857,43.0,0.023255813953488372,0.0,0.0,0.0,0.375,0.375,31.0,0.03225806451612903,0.0,0.0,0.0,0.26785714285714285,0.26785714285714285,57.0,0.04698249324074055,0.033769541396048736,0.008849557522123894,0.08849557522123894,0.0,0.5,29.0,0.034482758620689655,0.0,0.0,0.0,0.25,0.25,near_isomer
DOGAEBBTDHTDLN,T2_tims,137,True,0.040152129823682554,3.0,0.3333333333333333,0.3333333333333333,0.0,1.0,0.014705882352941176,0.014705882352941176,69.0,0.040152129823682554,0.027853709326667937,0.0072992700729927005,0.072992700729927,0.0,0.5,1.0,1.0,1.0,1.0,1.0,0.0,0.0,2.0,0.5,0.5,0.0,1.0,0.007352941176470588,0.007352941176470588,69.0,0.040152129823682554,0.027853709326667937,0.0072992700729927005,0.072992700729927,0.0,0.5,2.0,0.5,0.5,0.0,1.0,0.007352941176470588,0.007352941176470588,distant_isomer
DORNZTFBGKSLFM,T2_tims,152,True,0.0368709345563723,12.0,0.08333333333333333,0.08333333333333333,0.0,0.0,0.5238095238095238,0.5238095238095238,131.0,0.007638040624262158,0.0,0.0,0.0,0.14285714285714285,0.38095238095238093,1.0,1.0,1.0,1.0,1.0,0.0,0.0,1.0,1.0,1.0,1.0,1.0,0.0,0.0,133.5,0.007507622566755823,0.0,0.0,0.0,0.0,0.5,1.0,1.0,1.0,1.0,1.0,0.0,0.0,distant_isomer
DOUMFZQKYFQNTF,T1_np,119,True,0.04504651221865599,1.0,1.0,1.0,1.0,1.0,0.0,0.0,116.0,0.008621971294368369,0.0,0.0,0.0,0.9658119658119658,0.9829059829059829,3.0,0.3333333333333333,0.3333333333333333,0.0,1.0,0.017094017094017096,0.017094017094017096,2.0,0.5,0.5,0.0,1.0,0.008547008547008548,0.008547008547008548,59.5,0.0453570473955553,0.032338628625029724,0.00847457627118644,0.0847457627118644,0.0,0.5,2.0,0.5,0.5,0.0,1.0,0.008547008547008548,0.008547008547008548,correct
DQVNREUNYBEKJO,T2_tims,186,True,0.031213161838217183,34.0,0.029411764705882353,0.0,0.0,0.0,0.2909090909090909,0.2909090909090909,73.0,0.014300248349173029,0.0,0.0,0.0,0.38181818181818183,0.6090909090909091,10.0,0.1,0.1,0.0,1.0,0.08181818181818182,0.08181818181818182,9.0,0.1111111111111111,0.1111111111111111,0.0,1.0,0.06363636363636363,0.06363636363636363,56.0,0.04766886132660348,0.03437800160138295,0.009009009009009009,0.09009009009009009,0.0,0.5,1.0,1.0,1.0,1.0,1.0,0.0,0.0,distant_isomer
DROPBAOOFJYOKJ,T2_tims,88,True,0.057502540189559366,33.0,0.030303030303030304,0.0,0.0,0.0,0.4696969696969697,0.4696969696969697,31.0,0.07698793205860144,0.06255669143858208,0.01639344262295082,0.16393442622950818,0.0,0.45454545454545453,2.0,0.5,0.5,0.0,1.0,0.015151515151515152,0.015151515151515152,1.0,1.0,1.0,1.0,1.0,0.0,0.0,34.0,0.07148287175188402,0.05695459966796279,0.014925373134328358,0.14925373134328357,0.0,0.5,1.0,1.0,1.0,1.0,1.0,0.0,0.0,distant_isomer
DRQRRCFHZZOGSR,T2_tims,62,True,0.07600633690052827,1.0,1.0,1.0,1.0,1.0,0.0,0.0,28.0,0.04188513890237337,0.025342569251007224,0.0,0.0,0.17647058823529413,0.5098039215686274,1.0,1.0,1.0,1.0,1.0,0.0,0.0,1.0,1.0,1.0,1.0,1.0,0.0,0.0,27.5,0.06840215144664906,0.05415304187987513,0.0,0.17307692307692307,0.0,0.5,1.0,1.0,1.0,1.0,1.0,0.0,0.0,correct
DRWHJIZRESUTTJ,T2_tims,66,True,0.0723398035491197,2.0,0.5,0.5,0.0,1.0,0.015625,0.015625,32.5,0.04223566526428266,0.026268426495259747,0.0,0.07692307692307693,0.09375,0.4921875,2.0,0.5,0.5,0.0,1.0,0.015625,0.015625,2.0,0.5,0.5,0.0,1.0,0.015625,0.015625,33.0,0.0732196233706213,0.058707048888515495,0.015384615384615385,0.15384615384615385,0.0,0.5,2.0,0.5,0.5,0.0,1.0,0.015625,0.015625,near_isomer
DSABDVYDKWGOFV,T2_tims,43,True,0.10116275861864714,31.0,0.03225806451612903,0.0,0.0,0.0,0.8275862068965517,0.8275862068965517,14.5,0.11120987512508008,0.10830608375975026,0.0,0.34615384615384615,0.034482758620689655,0.46551724137931033,15.0,0.06666666666666667,0.06666666666666667,0.0,0.0,0.4482758620689655,0.4482758620689655,43.0,0.023255813953488372,0.0,0.0,0.0,1.0,1.0,15.5,0.13316623769734637,0.12719860592511692,0.03333333333333333,0.3333333333333333,0.0,0.5,12.0,0.08333333333333333,0.08333333333333333,0.0,0.0,0.3103448275862069,0.3103448275862069,distant_isomer
DSSPUZHIMXLUFR,T2_tims,11,True,0.2745343040797586,3.0,0.3333333333333333,0.3333333333333333,0.0,1.0,0.6666666666666666,0.6666666666666666,4.0,0.26111111111111107,0.26111111111111107,0.0,1.0,0.0,0.3333333333333333,2.0,0.5,0.5,0.0,1.0,0.3333333333333333,0.3333333333333333,1.0,1.0,1.0,1.0,1.0,0.0,0.0,2.5,0.5208333333333333,0.5208333333333333,0.25,1.0,0.0,0.5,1.0,1.0,1.0,1.0,1.0,0.0,0.0,near_isomer
DURNZZZGKLYKPU,T2_tims,18,True,0.1941726710109063,1.0,1.0,1.0,1.0,1.0,0.0,0.0,3.5,0.3208333333333333,0.3208333333333333,0.0,1.0,0.0,0.25,1.0,1.0,1.0,1.0,1.0,0.0,0.0,1.0,1.0,1.0,1.0,1.0,0.0,0.0,4.0,0.37040816326530607,0.37040816326530607,0.14285714285714285,1.0,0.0,0.5,1.0,1.0,1.0,1.0,1.0,0.0,0.0,correct
DUXQKCCELUKXOE,T1_np,36,True,0.11595997768873996,4.0,0.25,0.25,0.0,1.0,0.08571428571428572,0.08571428571428572,17.5,0.06492998051974698,0.0611550517448182,0.0,0.15,0.2,0.4714285714285714,7.5,0.13392857142857142,0.13392857142857142,0.0,1.0,0.17142857142857143,0.18571428571428572,7.5,0.13392857142857142,0.13392857142857142,0.0,1.0,0.17142857142857143,0.18571428571428572,18.5,0.11595997768873996,0.10599883827093076,0.027777777777777776,0.2777777777777778,0.0,0.5,3.5,0.29166666666666663,0.29166666666666663,0.0,1.0,0.05714285714285714,0.07142857142857142,near_isomer
DUZUJSKJRRBVAV,T2_tims,24,True,0.15733159073972947,2.0,0.5,0.5,0.0,1.0,0.0,0.0,8.5,0.11805555555555555,0.11805555555555555,0.0,1.0,0.5,0.75,1.0,1.0,1.0,1.0,1.0,0.0,0.0,1.0,1.0,1.0,1.0,1.0,0.0,0.0,2.0,0.611111111111111,0.611111111111111,0.3333333333333333,1.0,0.0,0.5,1.0,1.0,1.0,1.0,1.0,0.0,0.0,unrelated
DVGGLGXQSFURLP,T1_np,46,True,0.09601494013013269,5.0,0.2,0.2,0.0,1.0,0.09090909090909091,0.09090909090909091,21.5,0.10301768587257949,0.09085614708936922,0.023809523809523808,0.23809523809523808,0.0,0.4659090909090909,3.0,0.3333333333333333,0.3333333333333333,0.0,1.0,0.045454545454545456,0.045454545454545456,3.0,0.3333333333333333,0.3333333333333333,0.0,1.0,0.045454545454545456,0.045454545454545456,24.0,0.07592638324413567,0.06257684839452238,0.0,0.2,0.0,0.5,3.0,0.3333333333333333,0.3333333333333333,0.0,1.0,0.045454545454545456,0.045454545454545456,near_isomer
DVTAHMHJQBTCJM,T2_tims,25,True,0.15263832711014028,1.0,1.0,1.0,1.0,1.0,0.0,0.0,13.0,0.09776210088862851,0.09776210088862851,0.0,0.3684210526315789,0.0,0.42857142857142855,1.0,1.0,1.0,1.0,1.0,0.0,0.0,1.0,1.0,1.0,1.0,1.0,0.0,0.0,12.5,0.12428597777667455,0.12428597777667455,0.0,0.4090909090909091,0.0,0.5,1.0,1.0,1.0,1.0,1.0,0.0,0.0,correct
DWGHPHDHCYCWFD,T2_tims,459,True,0.01461297342927733,4.0,0.25,0.25,0.0,1.0,0.006593406593406593,0.006593406593406593,259.5,0.005088707894093173,0.0,0.0,0.0,0.12527472527472527,0.5615384615384615,7.0,0.14285714285714285,0.14285714285714285,0.0,1.0,0.013186813186813187,0.013186813186813187,5.0,0.2,0.2,0.0,1.0,0.008791208791208791,0.008791208791208791,232.0,0.010162684550999912,0.0038079666910333485,0.0,0.013186813186813187,0.002197802197802198,0.5010989010989011,1.0,1.0,1.0,1.0,1.0,0.0,0.0,near_isomer
DWTTZBARDOXEAM,T1_np,70,True,0.06904052510911532,2.0,0.5,0.5,0.0,1.0,0.017543859649122806,0.017543859649122806,54.0,0.01856102837925258,0.0,0.0,0.0,0.8596491228070176,0.9298245614035088,17.0,0.058823529411764705,0.058823529411764705,0.0,0.0,0.2807017543859649,0.2807017543859649,22.0,0.045454545454545456,0.045454545454545456,0.0,0.0,0.3684210526315789,0.3684210526315789,29.5,0.08010783782314995,0.06579238237506047,0.017241379310344827,0.1724137931034483,0.0,0.5,18.0,0.05555555555555555,0.05555555555555555,0.0,0.0,0.2982456140350877,0.2982456140350877,near_isomer
DXBNDGRPIHNTBD,T2_tims,280,True,0.022192106855116724,28.0,0.03571428571428571,0.0,0.0,0.0,0.0967741935483871,0.0967741935483871,175.5,0.006575967437117193,0.0,0.0,0.0,0.25089605734767023,0.6254480286738351,1.0,1.0,1.0,1.0,1.0,0.0,0.0,1.0,1.0,1.0,1.0,1.0,0.0,0.0,175.5,0.006575967437117193,0.0,0.0,0.0,0.25089605734767023,0.6254480286738351,1.0,1.0,1.0,1.0,1.0,0.0,0.0,distant_isomer
DXDRHHKMWQZJHT,T1_np,140,True,0.039445894745737696,17.0,0.058823529411764705,0.058823529411764705,0.0,0.0,0.11851851851851852,0.11851851851851852,68.5,0.04039369496890821,0.028058516012893435,0.007352941176470588,0.07352941176470588,0.0,0.5,10.0,0.1,0.1,0.0,1.0,0.06666666666666667,0.06666666666666667,12.0,0.08333333333333333,0.08333333333333333,0.0,0.0,0.08148148148148149,0.08148148148148149,70.5,0.02947123649011841,0.01702910424818755,0.0,0.058823529411764705,0.0,0.5,4.0,0.25,0.25,0.0,1.0,0.022222222222222223,0.022222222222222223,distant_isomer
DXKLODDQWXWDIJ,T2_tims,26,False,0.14824691216211713,1.0,1.0,1.0,1.0,1.0,,,25.0,0.04,0.04,0.0,0.0,,,14.0,0.07142857142857142,0.07142857142857142,0.0,0.0,,,13.0,0.07692307692307693,0.07692307692307693,0.0,0.0,,,21.0,0.047619047619047616,0.047619047619047616,0.0,0.0,,,7.0,0.14285714285714285,0.14285714285714285,0.0,1.0,,,correct
DYQJXDRCRMWMKS,T2_tims,89,False,0.056982690918397805,13.0,0.07692307692307693,0.07692307692307693,0.0,0.0,,,1.0,1.0,1.0,1.0,1.0,,,1.0,1.0,1.0,1.0,1.0,,,1.0,1.0,1.0,1.0,1.0,,,1.0,1.0,1.0,1.0,1.0,,,1.0,1.0,1.0,1.0,1.0,,,unrelated
DYYLPVOUWNBVHI,T2_tims,17,True,0.20232661897886814,7.0,0.14285714285714285,0.14285714285714285,0.0,1.0,0.4,0.4,2.0,0.611111111111111,0.611111111111111,0.3333333333333333,1.0,0.0,0.06666666666666667,1.0,1.0,1.0,1.0,1.0,0.0,0.0,1.0,1.0,1.0,1.0,1.0,0.0,0.0,9.5,0.15247203266504739,0.15247203266504739,0.0,0.5625,0.0,0.5,1.0,1.0,1.0,1.0,1.0,0.0,0.0,distant_isomer
DZHIUODBXFOXTN,T2_tims,38,True,0.11126057929724605,2.0,0.5,0.5,0.0,1.0,0.03571428571428571,0.03571428571428571,24.0,0.04823909514921021,0.03403413530293976,0.0,0.034482758620689655,0.0,0.5,1.0,1.0,1.0,1.0,1.0,0.0,0.0,1.0,1.0,1.0,1.0,1.0,0.0,0.0,15.0,0.13660875164093303,0.13158476475012093,0.034482758620689655,0.3448275862068966,0.0,0.5,1.0,1.0,1.0,1.0,1.0,0.0,0.0,distant_isomer
FAFKYOBCXPUPMY,T2_tims,31,True,0.12991113533666193,4.0,0.25,0.25,0.0,1.0,0.1111111111111111,0.1111111111111111,19.0,0.05922841212999595,0.05229052547125543,0.0,0.09523809523809523,0.25925925925925924,0.6296296296296297,1.0,1.0,1.0,1.0,1.0,0.0,0.0,2.0,0.5,0.5,0.0,1.0,0.037037037037037035,0.037037037037037035,15.5,0.10577334991382348,0.1005699349197681,0.0,0.32142857142857145,0.0,0.5,1.0,1.0,1.0,1.0,1.0,0.0,0.0,near_isomer
FBCZBIWWCYWZGP,T2_tims,152,True,0.0368709345563723,20.0,0.05,0.05,0.0,0.0,0.13286713286713286,0.13286713286713286,105.0,0.010267040401434084,0.0,0.0,0.0,0.34265734265734266,0.6713286713286714,3.0,0.3333333333333333,0.3333333333333333,0.0,1.0,0.013986013986013986,0.013986013986013986,2.0,0.5,0.5,0.0,1.0,0.006993006993006993,0.006993006993006993,79.5,0.020867680294048802,0.008493757186780304,0.0,0.020833333333333332,0.0,0.5,2.0,0.5,0.5,0.0,1.0,0.006993006993006993,0.006993006993006993,distant_isomer
FBMHFBOHPUVABQ,T2_tims,62,True,0.07600633690052827,3.0,0.3333333333333333,0.3333333333333333,0.0,1.0,0.06666666666666667,0.06666666666666667,47.0,0.02210153846439462,0.0,0.0,0.0,0.0,0.5,8.0,0.125,0.125,0.0,1.0,0.13333333333333333,0.13333333333333333,3.0,0.3333333333333333,0.3333333333333333,0.0,1.0,0.03333333333333333,0.03333333333333333,16.0,0.12991113533666193,0.12309542508882282,0.03225806451612903,0.3225806451612903,0.0,0.5,5.0,0.2,0.2,0.0,1.0,0.1,0.1,near_isomer
FBPFZTCFMRRESA,T1_np,2,True,0.75,1.0,1.0,1.0,1.0,1.0,0.0,0.0,1.5,0.75,0.75,0.5,1.0,0.0,0.5,1.0,1.0,1.0,1.0,1.0,0.0,0.0,1.0,1.0,1.0,1.0,1.0,0.0,0.0,1.5,0.75,0.75,0.5,1.0,0.0,0.5,1.0,1.0,1.0,1.0,1.0,0.0,0.0,correct
FBPQNXVNDMESCF,T2_tims,43,True,0.10116275861864714,5.0,0.2,0.2,0.0,1.0,0.11428571428571428,0.11428571428571428,37.5,0.026690404979878665,0.0,0.0,0.0,0.9142857142857143,0.9571428571428572,1.0,1.0,1.0,1.0,1.0,0.0,0.0,1.0,1.0,1.0,1.0,1.0,0.0,0.0,18.5,0.11595997768873996,0.10599883827093076,0.027777777777777776,0.2777777777777778,0.0,0.5,1.0,1.0,1.0,1.0,1.0,0.0,0.0,distant_isomer
FBRCKBRGALYVKI,T2_tims,183,True,0.03163623808638401,3.0,0.3333333333333333,0.3333333333333333,0.0,1.0,0.014814814814814815,0.014814814814814815,11.5,0.09635159910895207,0.09635159910895207,0.0,0.4166666666666667,0.0,0.040740740740740744,6.0,0.16666666666666666,0.16666666666666666,0.0,1.0,0.037037037037037035,0.037037037037037035,5.0,0.2,0.2,0.0,1.0,0.02962962962962963,0.02962962962962963,73.5,0.023869000953319883,0.011269300326618922,0.0,0.03676470588235294,0.0,0.5,5.0,0.2,0.2,0.0,1.0,0.02962962962962963,0.02962962962962963,near_isomer
FBRXTDRODTUKNO,T2_tims,8,True,0.3397321428571428,1.0,1.0,1.0,1.0,1.0,0.0,0.0,5.5,0.20297619047619045,0.20297619047619045,0.0,1.0,0.2857142857142857,0.6428571428571429,1.0,1.0,1.0,1.0,1.0,0.0,0.0,1.0,1.0,1.0,1.0,1.0,0.0,0.0,4.5,0.3397321428571428,0.3397321428571428,0.125,1.0,0.0,0.5,1.0,1.0,1.0,1.0,1.0,0.0,0.0,correct
FBUDAMXJONHJHE,T2_tims,4,True,0.5208333333333333,1.0,1.0,1.0,1.0,1.0,0.0,0.0,2.5,0.5208333333333333,0.5208333333333333,0.25,1.0,0.0,0.5,1.0,1.0,1.0,1.0,1.0,0.0,0.0,1.0,1.0,1.0,1.0,1.0,0.0,0.0,2.5,0.5208333333333333,0.5208333333333333,0.25,1.0,0.0,0.5,1.0,1.0,1.0,1.0,1.0,0.0,0.0,correct
FBWWXAGANVJTLU,T1_np,223,True,0.026845865081085926,54.0,0.018518518518518517,0.0,0.0,0.0,0.25118483412322273,0.25118483412322273,201.5,0.004967707653239184,0.0,0.0,0.0,0.9004739336492891,0.9502369668246445,29.5,0.0339080459770115,0.0,0.0,0.0,0.13270142180094788,0.13507109004739337,34.5,0.028991596638655463,0.0,0.0,0.0,0.15639810426540285,0.15876777251184834,106.5,0.028000747999926693,0.01799980272525239,0.0047169811320754715,0.04716981132075472,0.0,0.5,27.5,0.036375661375661374,0.0,0.0,0.0,0.12322274881516587,0.12559241706161137,distant_isomer
FDDVOPGFJJRLAH,T2_tims,50,True,0.08998410676658848,2.0,0.5,0.5,0.0,1.0,0.022222222222222223,0.022222222222222223,23.5,0.09601494013013269,0.08295561255985885,0.021739130434782608,0.21739130434782608,0.0,0.5,13.0,0.07692307692307693,0.07692307692307693,0.0,0.0,0.26666666666666666,0.26666666666666666,19.0,0.05263157894736842,0.05263157894736842,0.0,0.0,0.4,0.4,23.5,0.09601494013013269,0.08295561255985885,0.021739130434782608,0.21739130434782608,0.0,0.5,18.0,0.05555555555555555,0.05555555555555555,0.0,0.0,0.35555555555555557,0.35555555555555557,distant_isomer
FDEJQIKTSFGOIO,T2_tims,20,True,0.1798869828571841,3.0,0.3333333333333333,0.3333333333333333,0.0,1.0,0.0,0.0,5.5,0.20297619047619045,0.20297619047619045,0.0,1.0,0.16666666666666666,0.5833333333333334,1.0,1.0,1.0,1.0,1.0,0.0,0.0,1.0,1.0,1.0,1.0,1.0,0.0,0.0,5.0,0.2454081632653061,0.2454081632653061,0.0,1.0,0.0,0.5,1.0,1.0,1.0,1.0,1.0,0.0,0.0,unrelated
FDIGWLSVQMPWSY,T2_tims,94,True,0.05453000175637555,6.0,0.16666666666666666,0.16666666666666666,0.0,1.0,0.12195121951219512,0.12195121951219512,74.5,0.01358404013319596,0.0,0.0,0.0,0.34146341463414637,0.6707317073170732,1.0,1.0,1.0,1.0,1.0,0.0,0.0,1.0,1.0,1.0,1.0,1.0,0.0,0.0,74.5,0.01358404013319596,0.0,0.0,0.0,0.34146341463414637,0.6707317073170732,1.0,1.0,1.0,1.0,1.0,0.0,0.0,distant_isomer
FDWRXBHOSQKLLA,T2_tims,41,True,0.10494959226436135,2.0,0.5,0.5,0.0,1.0,0.038461538461538464,0.038461538461538464,27.5,0.03695329341473507,0.014216622749231444,0.0,0.0,0.5769230769230769,0.7884615384615384,2.5,0.41666666666666663,0.41666666666666663,0.0,1.0,0.038461538461538464,0.057692307692307696,2.5,0.41666666666666663,0.41666666666666663,0.0,1.0,0.038461538461538464,0.057692307692307696,14.0,0.1441280278982253,0.141331784361241,0.037037037037037035,0.37037037037037035,0.0,0.5,2.5,0.41666666666666663,0.41666666666666663,0.0,1.0,0.038461538461538464,0.057692307692307696,near_isomer
FELGMEQIXOGIFQ,T1_np,25,True,0.15263832711014028,9.0,0.1111111111111111,0.1111111111111111,0.0,1.0,0.3333333333333333,0.3333333333333333,13.0,0.15263832711014028,0.15263832711014028,0.04,0.4,0.0,0.5,1.0,1.0,1.0,1.0,1.0,0.0,0.0,1.0,1.0,1.0,1.0,1.0,0.0,0.0,13.0,0.15263832711014028,0.15263832711014028,0.04,0.4,0.0,0.5,1.0,1.0,1.0,1.0,1.0,0.0,0.0,distant_isomer
FEUUBZVKWAFNGK,T2_tims,38,True,0.11126057929724605,1.0,1.0,1.0,1.0,1.0,0.0,0.0,5.5,0.22862103174603174,0.22862103174603174,0.0,1.0,0.0,0.5,1.0,1.0,1.0,1.0,1.0,0.0,0.0,1.0,1.0,1.0,1.0,1.0,0.0,0.0,4.5,0.3397321428571428,0.3397321428571428,0.125,1.0,0.0,0.5,1.0,1.0,1.0,1.0,1.0,0.0,0.0,correct
FEZGMOSJWHMOIV,T2_tims,89,True,0.056982690918397805,1.0,1.0,1.0,1.0,1.0,0.0,0.0,74.0,0.013523397234118665,0.0,0.0,0.0,0.07142857142857142,0.2857142857142857,2.0,0.5,0.5,0.0,1.0,0.07142857142857142,0.07142857142857142,1.0,1.0,1.0,1.0,1.0,0.0,0.0,75.0,0.01337784483552359,0.0,0.0,0.0,0.0,0.5,3.0,0.3333333333333333,0.3333333333333333,0.0,1.0,0.14285714285714285,0.14285714285714285,correct
FFGPTBGBLSHEPO,T1_np,15,True,0.22121526621526624,1.0,1.0,1.0,1.0,1.0,0.0,0.0,7.5,0.23225445189730906,0.23225445189730906,0.07142857142857142,0.7142857142857143,0.0,0.5,3.0,0.3333333333333333,0.3333333333333333,0.0,1.0,0.15384615384615385,0.15384615384615385,2.0,0.5,0.5,0.0,1.0,0.07692307692307693,0.07692307692307693,7.5,0.23225445189730906,0.23225445189730906,0.07142857142857142,0.7142857142857143,0.0,0.5,1.0,1.0,1.0,1.0,1.0,0.0,0.0,correct
FFILROAUJHJWAQ,T2_tims,368,True,0.01762678446568424,101.0,0.009900990099009901,0.0,0.0,0.0,0.28328611898017,0.28328611898017,323.5,0.0031047734264973074,0.0,0.0,0.0,0.7932011331444759,0.896600566572238,20.0,0.05,0.05,0.0,0.0,0.025495750708215296,0.025495750708215296,86.0,0.011627906976744186,0.0,0.0,0.0,0.23512747875354106,0.23512747875354106,180.5,0.013059372937051207,0.005600635153729304,0.0,0.01977401129943503,0.0,0.5,9.0,0.1111111111111111,0.1111111111111111,0.0,1.0,0.0226628895184136,0.0226628895184136,distant_isomer
FGHTZZIDOCWHHB,T2_tims,157,True,0.03590218345757701,3.0,0.3333333333333333,0.3333333333333333,0.0,1.0,0.013245033112582781,0.013245033112582781,141.5,0.007084123737805877,0.0,0.0,0.0,0.847682119205298,0.9238410596026491,1.0,1.0,1.0,1.0,1.0,0.0,0.0,1.0,1.0,1.0,1.0,1.0,0.0,0.0,76.5,0.0368709345563723,0.025104988011536232,0.006578947368421052,0.06578947368421052,0.0,0.5,1.0,1.0,1.0,1.0,1.0,0.0,0.0,distant_isomer
FGYPYNPGHGDSAK,T2_tims,11,True,0.2745343040797586,1.0,1.0,1.0,1.0,1.0,0.0,0.0,6.5,0.15476190476190477,0.15476190476190477,0.0,1.0,0.8333333333333334,0.9166666666666666,2.0,0.5,0.5,0.0,1.0,0.16666666666666666,0.16666666666666666,1.0,1.0,1.0,1.0,1.0,0.0,0.0,5.0,0.2454081632653061,0.2454081632653061,0.0,1.0,0.0,0.5,1.0,1.0,1.0,1.0,1.0,0.0,0.0,correct
FHKGCZSXPDULLP,T2_tims,27,True,0.1441280278982253,16.0,0.0625,0.0625,0.0,0.0,1.0,1.0,2.5,0.5208333333333333,0.5208333333333333,0.25,1.0,0.0,0.5,1.0,1.0,1.0,1.0,1.0,0.0,0.0,1.0,1.0,1.0,1.0,1.0,0.0,0.0,2.5,0.5208333333333333,0.5208333333333333,0.25,1.0,0.0,0.5,1.0,1.0,1.0,1.0,1.0,0.0,0.0,unrelated
FHVUKSNITNZJFV,T2_tims,8,True,0.3397321428571428,3.0,0.3333333333333333,0.3333333333333333,0.0,1.0,0.5,0.5,3.0,0.45666666666666667,0.45666666666666667,0.2,1.0,0.0,0.5,1.0,1.0,1.0,1.0,1.0,0.0,0.0,1.0,1.0,1.0,1.0,1.0,0.0,0.0,3.0,0.45666666666666667,0.45666666666666667,0.2,1.0,0.0,0.5,1.0,1.0,1.0,1.0,1.0,0.0,0.0,distant_isomer
FISGQAGMFPRDRT,T2_tims,53,True,0.08597946934388208,44.0,0.022727272727272728,0.0,0.0,0.0,0.8775510204081632,0.8775510204081632,30.0,0.038889725140183073,0.021515698185842213,0.0,0.0,0.22448979591836735,0.5918367346938775,3.0,0.3333333333333333,0.3333333333333333,0.0,1.0,0.04081632653061224,0.04081632653061224,1.0,1.0,1.0,1.0,1.0,0.0,0.0,25.5,0.08998410676658848,0.07631916355507014,0.02,0.2,0.0,0.5,2.0,0.5,0.5,0.0,1.0,0.02040816326530612,0.02040816326530612,distant_isomer
FJBBMXUKYRDFPU,T2_tims,191,True,0.0305345791084159,34.0,0.029411764705882353,0.0,0.0,0.0,0.1736842105263158,0.1736842105263158,81.0,0.02322424489873371,0.011324345388367147,0.0,0.0392156862745098,0.021052631578947368,0.42105263157894735,3.0,0.3333333333333333,0.3333333333333333,0.0,1.0,0.010526315789473684,0.010526315789473684,3.0,0.3333333333333333,0.3333333333333333,0.0,1.0,0.010526315789473684,0.010526315789473684,113.0,0.010916526237337609,0.0,0.0,0.0,0.17894736842105263,0.5894736842105263,2.0,0.5,0.5,0.0,1.0,0.005263157894736842,0.005263157894736842,distant_isomer
FJKROLUGYXJWQN,T1_np,22,True,0.16776423864623977,2.0,0.5,0.5,0.0,1.0,0.047619047619047616,0.047619047619047616,11.5,0.16776423864623977,0.16776423864623977,0.045454545454545456,0.45454545454545453,0.0,0.5,3.0,0.3333333333333333,0.3333333333333333,0.0,1.0,0.09523809523809523,0.09523809523809523,3.0,0.3333333333333333,0.3333333333333333,0.0,1.0,0.09523809523809523,0.09523809523809523,11.5,0.16776423864623977,0.16776423864623977,0.045454545454545456,0.45454545454545453,0.0,0.5,3.0,0.3333333333333333,0.3333333333333333,0.0,1.0,0.09523809523809523,0.09523809523809523,near_isomer
FMBCICJIZAYXLH,T2_tims,205,True,0.0287934765145768,55.0,0.01818181818181818,0.0,0.0,0.0,0.27,0.27,101.0,0.029268686927858476,0.0189848665559876,0.004975124378109453,0.04975124378109453,0.0,0.5,1.0,1.0,1.0,1.0,1.0,0.0,0.0,1.0,1.0,1.0,1.0,1.0,0.0,0.0,101.0,0.029268686927858476,0.0189848665559876,0.004975124378109453,0.04975124378109453,0.0,0.5,1.0,1.0,1.0,1.0,1.0,0.0,0.0,distant_isomer
FMVUEHJXPMWYKB,T2_tims,55,True,0.08352022203501976,5.0,0.2,0.2,0.0,1.0,0.10810810810810811,0.10810810810810811,19.5,0.07229525267761025,0.06195702638813042,0.0,0.21875,0.08108108108108109,0.5,17.0,0.058823529411764705,0.058823529411764705,0.0,0.0,0.43243243243243246,0.43243243243243246,13.0,0.07692307692307693,0.07692307692307693,0.0,0.0,0.1891891891891892,0.1891891891891892,19.5,0.11126057929724605,0.10041995204614493,0.02631578947368421,0.2631578947368421,0.0,0.5,11.0,0.09090909090909091,0.09090909090909091,0.0,0.0,0.1891891891891892,0.1891891891891892,distant_isomer
FOGCAZKQECNPMB,T2_tims,2,False,0.75,1.0,1.0,1.0,1.0,1.0,,,1.0,1.0,1.0,1.0,1.0,,,1.0,1.0,1.0,1.0,1.0,,,1.0,1.0,1.0,1.0,1.0,,,1.0,1.0,1.0,1.0,1.0,,,1.0,1.0,1.0,1.0,1.0,,,correct
FOJPFHAYXQBIES,T2_tims,405,True,0.016252683436683905,3.0,0.3333333333333333,0.3333333333333333,0.0,1.0,0.0049504950495049506,0.0049504950495049506,172.0,0.006635016160633445,0.0,0.0,0.0,0.1782178217821782,0.42326732673267325,1.0,1.0,1.0,1.0,1.0,0.0,0.0,1.0,1.0,1.0,1.0,1.0,0.0,0.0,203.0,0.016252683436683905,0.009422118957416067,0.0024691358024691358,0.024691358024691357,0.0,0.5,1.0,1.0,1.0,1.0,1.0,0.0,0.0,distant_isomer
FOKNMGQYLYIIPA,T2_tims,39,True,0.10906520612657374,2.0,0.5,0.5,0.0,1.0,0.1,0.1,7.0,0.16887526054192717,0.16887526054192717,0.0,0.8888888888888888,0.1,0.5,1.0,1.0,1.0,1.0,1.0,0.0,0.0,1.0,1.0,1.0,1.0,1.0,0.0,0.0,7.0,0.1912009707464253,0.1912009707464253,0.0,0.8181818181818182,0.0,0.5,1.0,1.0,1.0,1.0,1.0,0.0,0.0,near_isomer
FPKIWLZDTRDHJP,T2_tims,176,True,0.03267351067491169,1.0,1.0,1.0,1.0,1.0,0.0,0.0,63.0,0.021027642068975876,0.005818513929805982,0.0,0.0,0.12727272727272726,0.5636363636363636,1.0,1.0,1.0,1.0,1.0,0.0,0.0,1.0,1.0,1.0,1.0,1.0,0.0,0.0,57.0,0.03874028989803205,0.025368992592373935,0.0,0.08108108108108109,0.0,0.5,1.0,1.0,1.0,1.0,1.0,0.0,0.0,correct
FPMBXEVSNZADPY,T2_tims,85,True,0.0591263263584386,58.0,0.017241379310344827,0.0,0.0,0.0,0.8269230769230769,0.8269230769230769,26.0,0.05834364092735081,0.04405832987600385,0.0,0.15555555555555556,0.057692307692307696,0.4807692307692308,1.0,1.0,1.0,1.0,1.0,0.0,0.0,4.0,0.25,0.25,0.0,1.0,0.057692307692307696,0.057692307692307696,27.0,0.08597946934388208,0.07199921090100957,0.018867924528301886,0.18867924528301888,0.0,0.5,1.0,1.0,1.0,1.0,1.0,0.0,0.0,unrelated
FPSVATQPOUOGOE,T2_tims,30,True,0.13316623769734637,1.0,1.0,1.0,1.0,1.0,0.0,0.0,18.0,0.05590213278293773,0.05590213278293773,0.0,0.0,0.16666666666666666,0.5,2.0,0.5,0.5,0.0,1.0,0.16666666666666666,0.16666666666666666,2.0,0.5,0.5,0.0,1.0,0.16666666666666666,0.16666666666666666,18.0,0.056256625457200414,0.056256625457200414,0.0,0.0,0.0,0.5,2.0,0.5,0.5,0.0,1.0,0.16666666666666666,0.16666666666666666,correct
FRQPSKCXABOZDM,T2_tims,23,True,0.16236050048203654,2.0,0.5,0.5,0.0,1.0,0.16666666666666666,0.16666666666666666,14.0,0.07142857142857142,0.07142857142857142,0.0,0.0,0.0,0.0,2.0,0.5,0.5,0.0,1.0,0.16666666666666666,0.16666666666666666,2.0,0.5,0.5,0.0,1.0,0.16666666666666666,0.16666666666666666,17.0,0.059657986001418105,0.059657986001418105,0.0,0.0,0.0,0.5,1.0,1.0,1.0,1.0,1.0,0.0,0.0,distant_isomer
FRVHXALEKMEEKZ,T2_tims,52,True,0.08727007597495093,1.0,1.0,1.0,1.0,1.0,0.0,0.0,21.5,0.10301768587257949,0.09085614708936922,0.023809523809523808,0.23809523809523808,0.0,0.41,2.0,0.5,0.5,0.0,1.0,0.02,0.02,7.0,0.14285714285714285,0.14285714285714285,0.0,1.0,0.12,0.12,26.0,0.0886041800287584,0.07482270936771583,0.0196078431372549,0.19607843137254902,0.0,0.5,1.0,1.0,1.0,1.0,1.0,0.0,0.0,correct
FSDQBIQXNAHHGE,T2_tims,12,True,0.25860088985088986,5.0,0.2,0.2,0.0,1.0,0.4,0.4,4.0,0.37040816326530607,0.37040816326530607,0.14285714285714285,1.0,0.0,0.3,1.0,1.0,1.0,1.0,1.0,0.0,0.0,1.0,1.0,1.0,1.0,1.0,0.0,0.0,7.0,0.1912009707464253,0.1912009707464253,0.0,0.8181818181818182,0.0,0.5,1.0,1.0,1.0,1.0,1.0,0.0,0.0,distant_isomer
FSEFBLGHDBJHMX,T2_tims,13,True,0.24462567347182732,2.0,0.5,0.5,0.0,1.0,0.08333333333333333,0.08333333333333333,7.0,0.24462567347182732,0.24462567347182732,0.07692307692307693,0.7692307692307693,0.0,0.5,2.0,0.5,0.5,0.0,1.0,0.08333333333333333,0.08333333333333333,3.0,0.3333333333333333,0.3333333333333333,0.0,1.0,0.16666666666666666,0.16666666666666666,7.0,0.24462567347182732,0.24462567347182732,0.07692307692307693,0.7692307692307693,0.0,0.5,3.0,0.3333333333333333,0.3333333333333333,0.0,1.0,0.16666666666666666,0.16666666666666666,near_isomer
FSLVJYPHFKVZGF,T2_tims,134,True,0.04088643408348984,1.0,1.0,1.0,1.0,1.0,0.0,0.0,31.0,0.05114402291653391,0.03604772444400316,0.0,0.12727272727272726,0.0078125,0.21875,1.0,1.0,1.0,1.0,1.0,0.0,0.0,1.0,1.0,1.0,1.0,1.0,0.0,0.0,67.0,0.030668410279474697,0.017953164168631835,0.0,0.06201550387596899,0.0,0.5,1.0,1.0,1.0,1.0,1.0,0.0,0.0,correct
FSLYCGJWVDOSRM,T2_tims,26,True,0.14824691216211713,9.0,0.1111111111111111,0.1111111111111111,0.0,1.0,0.3333333333333333,0.3333333333333333,21.0,0.047691197691197694,0.047691197691197694,0.0,0.0,0.6666666666666666,0.8333333333333334,1.0,1.0,1.0,1.0,1.0,0.0,0.0,1.0,1.0,1.0,1.0,1.0,0.0,0.0,19.0,0.05322632242689739,0.05322632242689739,0.0,0.0,0.0,0.5,1.0,1.0,1.0,1.0,1.0,0.0,0.0,unrelated
FSNCEEGOMTYXKY,T1_np,43,True,0.10116275861864714,3.0,0.3333333333333333,0.3333333333333333,0.0,1.0,0.047619047619047616,0.047619047619047616,22.0,0.10116275861864714,0.08874321343612808,0.023255813953488372,0.23255813953488372,0.0,0.5,3.0,0.3333333333333333,0.3333333333333333,0.0,1.0,0.047619047619047616,0.047619047619047616,18.0,0.05555555555555555,0.05555555555555555,0.0,0.0,0.40476190476190477,0.40476190476190477,22.0,0.10116275861864714,0.08874321343612808,0.023255813953488372,0.23255813953488372,0.0,0.5,1.0,1.0,1.0,1.0,1.0,0.0,0.0,distant_isomer
FTOHYWLSGRDEBV,T2_tims,31,True,0.12991113533666193,1.0,1.0,1.0,1.0,1.0,0.0,0.0,20.0,0.05,0.05,0.0,0.0,1.0,1.0,1.0,1.0,1.0,1.0,1.0,0.0,0.0,1.0,1.0,1.0,1.0,1.0,0.0,0.0,13.5,0.08512658571433726,0.08512658571433726,0.0,0.3125,0.0,0.5,1.0,1.0,1.0,1.0,1.0,0.0,0.0,correct
FTVWIRXFELQLPI,T1_np,166,True,0.03429043661034367,1.0,1.0,1.0,1.0,1.0,0.0,0.0,46.0,0.05597318256964315,0.04193360634893964,0.01098901098901099,0.10989010989010989,0.0,0.27439024390243905,37.0,0.02702702702702703,0.0,0.0,0.0,0.21341463414634146,0.21341463414634146,26.0,0.038461538461538464,0.0,0.0,0.0,0.1524390243902439,0.1524390243902439,84.0,0.028437651377679087,0.017066413198506103,0.0,0.05454545454545454,0.0,0.5,17.0,0.058823529411764705,0.058823529411764705,0.0,0.0,0.0975609756097561,0.0975609756097561,correct
FUOQRPKVOMLPDY,T2_tims,129,True,0.042177511864912164,1.0,1.0,1.0,1.0,1.0,0.0,0.0,65.0,0.042177511864912164,0.029581071145376024,0.007751937984496124,0.07751937984496124,0.0,0.5,2.0,0.5,0.5,0.0,1.0,0.0078125,0.0078125,2.0,0.5,0.5,0.0,1.0,0.0078125,0.0078125,65.0,0.042177511864912164,0.029581071145376024,0.007751937984496124,0.07751937984496124,0.0,0.5,2.0,0.5,0.5,0.0,1.0,0.0078125,0.0078125,correct
FUTIJCXHMHKUDD,T2_tims,62,True,0.07600633690052827,3.0,0.3333333333333333,0.3333333333333333,0.0,1.0,0.06451612903225806,0.06451612903225806,26.5,0.038943869515569954,0.020053131222324584,0.0,0.0,0.4838709677419355,0.7258064516129032,1.0,1.0,1.0,1.0,1.0,0.0,0.0,1.0,1.0,1.0,1.0,1.0,0.0,0.0,17.5,0.09652494455436095,0.08799869305479709,0.0,0.28125,0.0,0.5,1.0,1.0,1.0,1.0,1.0,0.0,0.0,distant_isomer
FVDUFVOLBMVLOR,T2_tims,567,True,0.012201863392652567,3.0,0.3333333333333333,0.3333333333333333,0.0,1.0,0.025974025974025976,0.025974025974025976,68.0,0.014824182698336276,0.0,0.0,0.0,0.7402597402597403,0.8701298701298701,6.0,0.16666666666666666,0.16666666666666666,0.0,1.0,0.06493506493506493,0.06493506493506493,5.0,0.2,0.2,0.0,1.0,0.05194805194805195,0.05194805194805195,39.5,0.06333744937304378,0.04892254074042958,0.01282051282051282,0.1282051282051282,0.0,0.5,3.0,0.3333333333333333,0.3333333333333333,0.0,1.0,0.025974025974025976,0.025974025974025976,near_isomer
FVNIXVDNMYMEQS,T2_tims,53,True,0.08597946934388208,1.0,1.0,1.0,1.0,1.0,0.0,0.0,27.5,0.06840215144664906,0.05415304187987513,0.0,0.17307692307692307,0.019230769230769232,0.5096153846153846,1.0,1.0,1.0,1.0,1.0,0.0,0.0,1.0,1.0,1.0,1.0,1.0,0.0,0.0,27.0,0.08597946934388208,0.07199921090100957,0.018867924528301886,0.18867924528301888,0.0,0.5,1.0,1.0,1.0,1.0,1.0,0.0,0.0,correct
FVYXIJYOAGAUQK,T1_np,41,True,0.10494959226436135,27.0,0.037037037037037035,0.0,0.0,0.0,0.6666666666666666,0.6666666666666666,20.5,0.1069635759734094,0.09539895444383768,0.025,0.25,0.0,0.5,8.0,0.125,0.125,0.0,1.0,0.1794871794871795,0.1794871794871795,17.0,0.058823529411764705,0.058823529411764705,0.0,0.0,0.41025641025641024,0.41025641025641024,20.5,0.1069635759734094,0.09539895444383768,0.025,0.25,0.0,0.5,11.0,0.09090909090909091,0.09090909090909091,0.0,0.0,0.2564102564102564,0.2564102564102564,distant_isomer
FWKMISLIAZVGBR,T2_tims,22,True,0.16776423864623977,1.0,1.0,1.0,1.0,1.0,0.0,0.0,9.5,0.1941726710109063,0.1941726710109063,0.05555555555555555,0.5555555555555556,0.0,0.40476190476190477,1.0,1.0,1.0,1.0,1.0,0.0,0.0,1.0,1.0,1.0,1.0,1.0,0.0,0.0,11.5,0.16776423864623977,0.16776423864623977,0.045454545454545456,0.45454545454545453,0.0,0.5,1.0,1.0,1.0,1.0,1.0,0.0,0.0,correct
FXNFHKRTJBSTCS,T1_np,132,True,0.04139242942142419,2.0,0.5,0.5,0.0,1.0,0.007633587786259542,0.007633587786259542,43.5,0.058574019156325874,0.04437160671806404,0.011627906976744186,0.11627906976744186,0.0,0.3244274809160305,5.0,0.2,0.2,0.0,1.0,0.030534351145038167,0.030534351145038167,5.0,0.2,0.2,0.0,1.0,0.030534351145038167,0.030534351145038167,66.5,0.04139242942142419,0.028908774073890205,0.007575757575757576,0.07575757575757576,0.0,0.5,3.0,0.3333333333333333,0.3333333333333333,0.0,1.0,0.015267175572519083,0.015267175572519083,near_isomer
GAHCQOOQPIPQBC,T2_tims,183,True,0.03163623808638401,2.0,0.5,0.5,0.0,1.0,0.005494505494505495,0.005494505494505495,104.0,0.012663354667011111,0.00025157232704402514,0.0,0.0,0.13186813186813187,0.5659340659340659,3.0,0.3333333333333333,0.3333333333333333,0.0,1.0,0.01098901098901099,0.01098901098901099,3.0,0.3333333333333333,0.3333333333333333,0.0,1.0,0.01098901098901099,0.01098901098901099,92.0,0.03163623808638401,0.02085223047952736,0.00546448087431694,0.0546448087431694,0.0,0.5,2.0,0.5,0.5,0.0,1.0,0.005494505494505495,0.005494505494505495,near_isomer
GAIMRUOGFKAKMI,T2_tims,355,True,0.018171102095316156,13.0,0.07692307692307693,0.07692307692307693,0.0,0.0,0.03582089552238806,0.03582089552238806,250.0,0.004260912070627905,0.0,0.0,0.0,0.37910447761194027,0.6895522388059702,1.0,1.0,1.0,1.0,1.0,0.0,0.0,1.0,1.0,1.0,1.0,1.0,0.0,0.0,185.5,0.008945080241163588,0.0011202549259308003,0.0,0.0,0.0,0.5,1.0,1.0,1.0,1.0,1.0,0.0,0.0,distant_isomer
GAKXAPLDPHJJNB,T2_tims,185,True,0.031352820312553376,10.0,0.1,0.1,0.0,1.0,0.06976744186046512,0.06976744186046512,30.5,0.07799784021586229,0.06359930296255846,0.016666666666666666,0.16666666666666666,0.0,0.22868217054263565,1.0,1.0,1.0,1.0,1.0,0.0,0.0,7.0,0.14285714285714285,0.14285714285714285,0.0,1.0,0.03875968992248062,0.03875968992248062,65.5,0.04191224106358443,0.029353524444257748,0.007692307692307693,0.07692307692307693,0.0,0.5,1.0,1.0,1.0,1.0,1.0,0.0,0.0,distant_isomer
GAROVNPAPQVXEN,T2_tims,32,True,0.12682797485739125,29.0,0.034482758620689655,0.0,0.0,0.0,0.9,0.9,14.0,0.09250594497238922,0.09250594497238922,0.0,0.3333333333333333,0.0,0.5,1.0,1.0,1.0,1.0,1.0,0.0,0.0,1.0,1.0,1.0,1.0,1.0,0.0,0.0,14.0,0.09250594497238922,0.09250594497238922,0.0,0.3333333333333333,0.0,0.5,1.0,1.0,1.0,1.0,1.0,0.0,0.0,unrelated
GBMYBZLPSJSDTM,T2_tims,232,True,0.02597459767555374,91.0,0.01098901098901099,0.0,0.0,0.0,0.5421686746987951,0.5421686746987951,141.5,0.007869200446932659,0.0,0.0,0.0,0.006024096385542169,0.45481927710843373,80.0,0.0125,0.0,0.0,0.0,0.463855421686747,0.463855421686747,14.0,0.07142857142857142,0.07142857142857142,0.0,0.0,0.05421686746987952,0.05421686746987952,149.0,0.007585815219389723,0.0,0.0,0.0,0.0,0.5,4.0,0.25,0.25,0.0,1.0,0.018072289156626505,0.018072289156626505,distant_isomer
GBOGMAARMMDZGR,T1_np,25,True,0.15263832711014028,5.0,0.2,0.2,0.0,1.0,0.18181818181818182,0.18181818181818182,10.5,0.1246942548872696,0.1246942548872696,0.0,0.5,0.09090909090909091,0.4318181818181818,4.5,0.23749999999999996,0.23749999999999996,0.0,1.0,0.09090909090909091,0.1590909090909091,5.5,0.18333333333333335,0.18333333333333335,0.0,1.0,0.18181818181818182,0.20454545454545456,12.0,0.16236050048203654,0.16236050048203654,0.043478260869565216,0.43478260869565216,0.0,0.5,6.0,0.16666666666666666,0.16666666666666666,0.0,1.0,0.22727272727272727,0.22727272727272727,near_isomer
GBXSMTUPTTWBMN,T1_np,24,True,0.15733159073972947,1.0,1.0,1.0,1.0,1.0,0.0,0.0,11.0,0.13672313984966747,0.13672313984966747,0.0,0.47368421052631576,0.05263157894736842,0.5263157894736842,1.0,1.0,1.0,1.0,1.0,0.0,0.0,1.0,1.0,1.0,1.0,1.0,0.0,0.0,10.5,0.1798869828571841,0.1798869828571841,0.05,0.5,0.0,0.5,1.0,1.0,1.0,1.0,1.0,0.0,0.0,correct
GCIIAJGGWHGRGZ,T2_tims,9,True,0.31432980599647264,1.0,1.0,1.0,1.0,1.0,0.0,0.0,5.5,0.20297619047619045,0.20297619047619045,0.0,1.0,0.0,0.5,1.5,0.75,0.75,0.5,1.0,0.0,0.1,1.5,0.75,0.75,0.5,1.0,0.0,0.1,5.5,0.20297619047619045,0.20297619047619045,0.0,1.0,0.0,0.5,1.5,0.75,0.75,0.5,1.0,0.0,0.1,correct
GCMCDYYHWXAOFI,T2_tims,20,True,0.1798869828571841,1.0,1.0,1.0,1.0,1.0,0.0,0.0,10.5,0.11472994209338747,0.11472994209338747,0.0,0.5,0.1875,0.59375,1.0,1.0,1.0,1.0,1.0,0.0,0.0,1.0,1.0,1.0,1.0,1.0,0.0,0.0,9.0,0.20232661897886814,0.20232661897886814,0.058823529411764705,0.5882352941176471,0.0,0.5,1.0,1.0,1.0,1.0,1.0,0.0,0.0,correct
GCUYWYMMRXLOFA,T2_tims,81,True,0.061454629110590894,4.0,0.25,0.25,0.0,1.0,0.045454545454545456,0.045454545454545456,47.0,0.02664694811659345,0.009489916755518683,0.0,0.0,0.0,0.5,1.0,1.0,1.0,1.0,1.0,0.0,0.0,1.0,1.0,1.0,1.0,1.0,0.0,0.0,34.0,0.07148287175188402,0.05695459966796279,0.014925373134328358,0.14925373134328357,0.0,0.5,1.0,1.0,1.0,1.0,1.0,0.0,0.0,distant_isomer
GDDZAECNYABAPR,T2_tims,64,True,0.07412329537040264,11.0,0.09090909090909091,0.09090909090909091,0.0,0.0,0.0,0.0,57.5,0.01740666986791137,0.0,0.0,0.0,0.3333333333333333,0.6111111111111112,1.0,1.0,1.0,1.0,1.0,0.0,0.0,1.0,1.0,1.0,1.0,1.0,0.0,0.0,5.5,0.2928968253968254,0.2928968253968254,0.1,1.0,0.0,0.5,1.0,1.0,1.0,1.0,1.0,0.0,0.0,unrelated
GDGHGYXHPXUULN,T2_tims,231,True,0.02606838231991724,8.0,0.125,0.125,0.0,1.0,0.043478260869565216,0.043478260869565216,23.0,0.04353315766359245,0.04353315766359245,0.0,0.0,0.9130434782608695,0.9565217391304348,1.0,1.0,1.0,1.0,1.0,0.0,0.0,1.0,1.0,1.0,1.0,1.0,0.0,0.0,14.5,0.09810082150896023,0.09649825740639612,0.0,0.3333333333333333,0.0,0.5,1.0,1.0,1.0,1.0,1.0,0.0,0.0,unrelated
GDJBPJWZNRYXTN,T2_tims,338,True,0.018940059529269554,4.0,0.25,0.25,0.0,1.0,0.009230769230769232,0.009230769230769232,225.5,0.004855948269967404,0.0,0.0,0.0,0.32,0.66,1.0,1.0,1.0,1.0,1.0,0.0,0.0,1.0,1.0,1.0,1.0,1.0,0.0,0.0,163.5,0.019526521486130127,0.011705393183292967,0.003067484662576687,0.03067484662576687,0.0,0.5,1.0,1.0,1.0,1.0,1.0,0.0,0.0,distant_isomer
GDNRYVQWHOPMAJ,T2_tims,8,True,0.3397321428571428,2.0,0.5,0.5,0.0,1.0,0.5,0.5,2.5,0.41666666666666663,0.41666666666666663,0.0,1.0,0.5,0.75,1.0,1.0,1.0,1.0,1.0,0.0,0.0,1.0,1.0,1.0,1.0,1.0,0.0,0.0,2.0,0.611111111111111,0.611111111111111,0.3333333333333333,1.0,0.0,0.5,1.0,1.0,1.0,1.0,1.0,0.0,0.0,distant_isomer
GFHPHHAIQSRWID,T2_tims,76,True,0.06466465164855117,22.0,0.045454545454545456,0.045454545454545456,0.0,0.0,0.0,0.0,5.0,0.2454081632653061,0.2454081632653061,0.0,1.0,0.14285714285714285,0.5714285714285714,1.0,1.0,1.0,1.0,1.0,0.0,0.0,1.0,1.0,1.0,1.0,1.0,0.0,0.0,4.5,0.3397321428571428,0.3397321428571428,0.125,1.0,0.0,0.5,1.0,1.0,1.0,1.0,1.0,0.0,0.0,unrelated
GFMMASGVMVDYAE,T2_tims,126,True,0.042995718863818574,1.0,1.0,1.0,1.0,1.0,0.0,0.0,35.0,0.03996957725799595,0.023964178557079066,0.0,0.07017543859649122,0.04032258064516129,0.2661290322580645,5.0,0.2,0.2,0.0,1.0,0.03225806451612903,0.03225806451612903,9.0,0.1111111111111111,0.1111111111111111,0.0,1.0,0.06451612903225806,0.06451612903225806,64.0,0.035339684614729125,0.022527665422028054,0.0,0.072,0.0,0.5,7.0,0.14285714285714285,0.14285714285714285,0.0,1.0,0.04838709677419355,0.04838709677419355,correct
GGBJQNLPFHDSMP,T2_tims,8,True,0.3397321428571428,1.0,1.0,1.0,1.0,1.0,0.0,0.0,6.5,0.15476190476190477,0.15476190476190477,0.0,1.0,0.5,0.75,1.0,1.0,1.0,1.0,1.0,0.0,0.0,1.0,1.0,1.0,1.0,1.0,0.0,0.0,2.0,0.611111111111111,0.611111111111111,0.3333333333333333,1.0,0.0,0.5,1.0,1.0,1.0,1.0,1.0,0.0,0.0,correct
GGGHMTGGWJRLLG,T2_tims,95,True,0.0540668050619871,2.0,0.5,0.5,0.0,1.0,0.010869565217391304,0.010869565217391304,87.5,0.01144640910575822,0.0,0.0,0.0,0.8804347826086957,0.9402173913043478,1.0,1.0,1.0,1.0,1.0,0.0,0.0,2.0,0.5,0.5,0.0,1.0,0.010869565217391304,0.010869565217391304,47.0,0.055001955561580225,0.04103180836294094,0.010752688172043012,0.10752688172043011,0.0,0.5,1.0,1.0,1.0,1.0,1.0,0.0,0.0,distant_isomer
GGJRAQULURVTAJ,T1_np,64,True,0.07412329537040264,1.0,1.0,1.0,1.0,1.0,0.0,0.0,35.5,0.0342359666959943,0.016585017351586708,0.0,0.0,0.18333333333333332,0.575,3.0,0.3333333333333333,0.3333333333333333,0.0,1.0,0.03333333333333333,0.03333333333333333,2.0,0.5,0.5,0.0,1.0,0.016666666666666666,0.016666666666666666,31.0,0.07698793205860144,0.06255669143858208,0.01639344262295082,0.16393442622950818,0.0,0.5,2.0,0.5,0.5,0.0,1.0,0.016666666666666666,0.016666666666666666,correct
GGPNZJYRFMWTED,T2_tims,70,True,0.06904052510911532,13.0,0.07692307692307693,0.07692307692307693,0.0,0.0,0.3,0.3,22.0,0.054541450135775715,0.04217589775504703,0.0,0.10344827586206896,0.0,0.35,2.0,0.5,0.5,0.0,1.0,0.025,0.025,2.0,0.5,0.5,0.0,1.0,0.025,0.025,28.0,0.045510732492853076,0.0298317325584479,0.0,0.07317073170731707,0.0,0.5,2.0,0.5,0.5,0.0,1.0,0.025,0.025,distant_isomer
GGXICVAJURFBLW,T1_np,49,True,0.09141235384345764,1.0,1.0,1.0,1.0,1.0,0.0,0.0,31.0,0.034561976692160816,0.01394095018936107,0.0,0.0,0.3953488372093023,0.6976744186046512,1.0,1.0,1.0,1.0,1.0,0.0,0.0,3.0,0.3333333333333333,0.3333333333333333,0.0,1.0,0.046511627906976744,0.046511627906976744,22.5,0.09938013393929772,0.08672632222167062,0.022727272727272728,0.22727272727272727,0.0,0.5,1.0,1.0,1.0,1.0,1.0,0.0,0.0,correct
GHHCQQWGNYQWEW,T2_tims,91,True,0.05597318256964315,1.0,1.0,1.0,1.0,1.0,0.0,0.0,55.5,0.020345281769201907,0.0006451612903225806,0.0,0.0,0.11594202898550725,0.5579710144927537,1.0,1.0,1.0,1.0,1.0,0.0,0.0,1.0,1.0,1.0,1.0,1.0,0.0,0.0,37.5,0.04801157362241734,0.033085116825050095,0.0,0.11428571428571428,0.0,0.5,1.0,1.0,1.0,1.0,1.0,0.0,0.0,correct
GJLYEAJLPVFSAP,T2_tims,128,True,0.04244646166085291,18.0,0.05555555555555555,0.05555555555555555,0.0,0.0,0.0,0.0,5.5,0.18988095238095237,0.18988095238095237,0.0,1.0,0.0,0.25,1.0,1.0,1.0,1.0,1.0,0.0,0.0,1.0,1.0,1.0,1.0,1.0,0.0,0.0,4.0,0.37040816326530607,0.37040816326530607,0.14285714285714285,1.0,0.0,0.5,1.0,1.0,1.0,1.0,1.0,0.0,0.0,unrelated
GKACGDYLDIPUBV,T2_tims,68,True,0.07064791602542897,1.0,1.0,1.0,1.0,1.0,0.0,0.0,35.0,0.05677698939894282,0.04202922653363443,0.0,0.13432835820895522,0.0,0.5,3.0,0.3333333333333333,0.3333333333333333,0.0,1.0,0.030303030303030304,0.030303030303030304,4.0,0.25,0.25,0.0,1.0,0.045454545454545456,0.045454545454545456,35.0,0.05677698939894282,0.04202922653363443,0.0,0.13432835820895522,0.0,0.5,5.0,0.2,0.2,0.0,1.0,0.06060606060606061,0.06060606060606061,correct
GKPABIWGJMCXQX,T2_tims,35,True,0.11847946911476746,1.0,1.0,1.0,1.0,1.0,0.0,0.0,24.0,0.043101080147168444,0.029015278968300907,0.0,0.0,0.5,0.75,1.0,1.0,1.0,1.0,1.0,0.0,0.0,1.0,1.0,1.0,1.0,1.0,0.0,0.0,15.0,0.13660875164093303,0.13158476475012093,0.034482758620689655,0.3448275862068966,0.0,0.5,1.0,1.0,1.0,1.0,1.0,0.0,0.0,correct
GKQHQGZOOIWWDJ,T2_tims,405,True,0.016252683436683905,4.0,0.25,0.25,0.0,1.0,0.007425742574257425,0.007425742574257425,172.0,0.006635016160633445,0.0,0.0,0.0,0.1782178217821782,0.42326732673267325,1.0,1.0,1.0,1.0,1.0,0.0,0.0,1.0,1.0,1.0,1.0,1.0,0.0,0.0,203.0,0.016252683436683905,0.009422118957416067,0.0024691358024691358,0.024691358024691357,0.0,0.5,1.0,1.0,1.0,1.0,1.0,0.0,0.0,distant_isomer
GKRRLACOLPHWEV,T2_tims,13,True,0.24462567347182732,1.0,1.0,1.0,1.0,1.0,0.0,0.0,5.5,0.18333333333333335,0.18333333333333335,0.0,1.0,0.0,0.125,2.0,0.5,0.5,0.0,1.0,0.25,0.25,2.0,0.5,0.5,0.0,1.0,0.25,0.25,7.0,0.14912698412698414,0.14912698412698414,0.0,1.0,0.0,0.5,2.0,0.5,0.5,0.0,1.0,0.25,0.25,correct
GLAIXTLNPCHOHT,T2_tims,86,True,0.058574019156325874,43.0,0.023255813953488372,0.0,0.0,0.0,0.6,0.6,34.5,0.07064791602542897,0.05611703202578687,0.014705882352941176,0.14705882352941177,0.0,0.4785714285714286,2.0,0.5,0.5,0.0,1.0,0.014285714285714285,0.014285714285714285,2.0,0.5,0.5,0.0,1.0,0.014285714285714285,0.014285714285714285,36.0,0.0682664966856384,0.05374588982751419,0.014084507042253521,0.14084507042253522,0.0,0.5,2.0,0.5,0.5,0.0,1.0,0.014285714285714285,0.014285714285714285,distant_isomer
GMBQZIIUCVWOCD,T1_np,96,True,0.05361211612036918,47.0,0.02127659574468085,0.0,0.0,0.0,0.4842105263157895,0.4842105263157895,45.0,0.056982690918397805,0.04287593458150008,0.011235955056179775,0.11235955056179775,0.0,0.4631578947368421,47.5,0.02105496453900709,0.0,0.0,0.0,0.4842105263157895,0.48947368421052634,54.5,0.01835016835016835,0.0,0.0,0.0,0.5578947368421052,0.5631578947368421,48.5,0.05361211612036918,0.039749564351599036,0.010416666666666666,0.10416666666666667,0.0,0.5,27.5,0.036375661375661374,0.0,0.0,0.0,0.2736842105263158,0.2789473684210526,distant_isomer
GMCSQQHGSDFIJF,T2_tims,77,True,0.06399351348411561,4.0,0.25,0.25,0.0,1.0,0.0,0.0,3.0,0.45666666666666667,0.45666666666666667,0.2,1.0,0.0,0.2,1.0,1.0,1.0,1.0,1.0,0.0,0.0,1.0,1.0,1.0,1.0,1.0,0.0,0.0,6.0,0.2745343040797586,0.2745343040797586,0.09090909090909091,0.9090909090909091,0.0,0.5,1.0,1.0,1.0,1.0,1.0,0.0,0.0,unrelated
GNCCUDODHZNESB,T2_tims,52,True,0.08727007597495093,14.0,0.07142857142857142,0.07142857142857142,0.0,0.0,0.2549019607843137,0.2549019607843137,21.5,0.10301768587257949,0.09085614708936922,0.023809523809523808,0.23809523809523808,0.0,0.4019607843137255,1.0,1.0,1.0,1.0,1.0,0.0,0.0,2.0,0.5,0.5,0.0,1.0,0.0196078431372549,0.0196078431372549,26.5,0.08727007597495093,0.07338381111064438,0.019230769230769232,0.19230769230769232,0.0,0.5,1.0,1.0,1.0,1.0,1.0,0.0,0.0,distant_isomer
GNKSMHHFUNGQRT,T2_tims,18,True,0.1941726710109063,2.0,0.5,0.5,0.0,1.0,0.058823529411764705,0.058823529411764705,11.5,0.10084105320449857,0.10084105320449857,0.0,0.42857142857142855,0.23529411764705882,0.6176470588235294,2.0,0.5,0.5,0.0,1.0,0.058823529411764705,0.058823529411764705,2.0,0.5,0.5,0.0,1.0,0.058823529411764705,0.058823529411764705,9.5,0.1941726710109063,0.1941726710109063,0.05555555555555555,0.5555555555555556,0.0,0.5,1.0,1.0,1.0,1.0,1.0,0.0,0.0,near_isomer
GNZLRDUHPVTEQQ,T2_tims,43,True,0.10116275861864714,2.0,0.5,0.5,0.0,1.0,0.058823529411764705,0.058823529411764705,17.5,0.05953451385079128,0.05953451385079128,0.0,0.0,0.11764705882352941,0.4411764705882353,13.0,0.07692307692307693,0.07692307692307693,0.0,0.0,0.058823529411764705,0.058823529411764705,6.0,0.16666666666666666,0.16666666666666666,0.0,1.0,0.17647058823529413,0.17647058823529413,18.5,0.059027138849101574,0.05483277354362516,0.0,0.05555555555555555,0.0,0.5,3.0,0.3333333333333333,0.3333333333333333,0.0,1.0,0.058823529411764705,0.058823529411764705,near_isomer
GPOXZBUOUHOBCF,T2_tims,61,True,0.07698793205860144,45.0,0.022222222222222223,0.0,0.0,0.0,0.5,0.5,54.0,0.018608197786227094,0.0,0.0,0.0,0.07142857142857142,0.5,1.0,1.0,1.0,1.0,1.0,0.0,0.0,1.0,1.0,1.0,1.0,1.0,0.0,0.0,54.0,0.01863844063923893,0.0,0.0,0.0,0.0,0.5,1.0,1.0,1.0,1.0,1.0,0.0,0.0,unrelated
GPPXODPCJHRTLI,T2_tims,124,True,0.043560677975037355,2.0,0.5,0.5,0.0,1.0,1.0,1.0,123.5,0.008097298714922634,0.0,0.0,0.0,0.0,0.5,1.5,0.75,0.75,0.5,1.0,0.0,0.5,1.0,1.0,1.0,1.0,1.0,0.0,0.0,1.5,0.75,0.75,0.5,1.0,0.0,0.5,1.0,1.0,1.0,1.0,1.0,0.0,0.0,near_isomer
GQJTYKAWUHSPER,T2_tims,53,True,0.08597946934388208,1.0,1.0,1.0,1.0,1.0,0.0,0.0,11.5,0.10084105320449857,0.10084105320449857,0.0,0.42857142857142855,0.047619047619047616,0.35714285714285715,1.0,1.0,1.0,1.0,1.0,0.0,0.0,1.0,1.0,1.0,1.0,1.0,0.0,0.0,11.5,0.16776423864623977,0.16776423864623977,0.045454545454545456,0.45454545454545453,0.0,0.5,1.0,1.0,1.0,1.0,1.0,0.0,0.0,correct
GQPMRRAJVKSDLM,T2_tims,28,True,0.14025610853451315,9.0,0.1111111111111111,0.1111111111111111,0.0,1.0,0.35714285714285715,0.35714285714285715,8.5,0.11805555555555555,0.11805555555555555,0.0,1.0,0.35714285714285715,0.39285714285714285,1.0,1.0,1.0,1.0,1.0,0.0,0.0,1.0,1.0,1.0,1.0,1.0,0.0,0.0,9.0,0.15871526621526627,0.15871526621526627,0.0,0.6,0.0,0.5,1.0,1.0,1.0,1.0,1.0,0.0,0.0,distant_isomer
GRBXNADBNJGZRK,T1_np,146,True,0.03811125366257566,4.0,0.25,0.25,0.0,1.0,0.02654867256637168,0.02654867256637168,61.0,0.018139291769331118,0.0,0.0,0.0,0.25663716814159293,0.5309734513274337,4.0,0.25,0.25,0.0,1.0,0.02654867256637168,0.02654867256637168,2.0,0.5,0.5,0.0,1.0,0.008849557522123894,0.008849557522123894,57.5,0.04664731285989688,0.033473317348714976,0.008771929824561403,0.08771929824561403,0.0,0.5,2.0,0.5,0.5,0.0,1.0,0.008849557522123894,0.008849557522123894,near_isomer
GTNKDSOYYGQEJF,T2_tims,69,True,0.06983407309206316,2.0,0.5,0.5,0.0,1.0,0.02127659574468085,0.02127659574468085,24.0,0.0673243747802633,0.05385949250589551,0.0,0.18604651162790697,0.0425531914893617,0.48936170212765956,1.5,0.75,0.75,0.5,1.0,0.0,0.010638297872340425,2.0,0.5,0.5,0.0,1.0,0.02127659574468085,0.02127659574468085,24.5,0.0928916078138358,0.07949912870319807,0.020833333333333332,0.20833333333333334,0.0,0.5,2.0,0.5,0.5,0.0,1.0,0.02127659574468085,0.02127659574468085,near_isomer
GUUSKAZWEDQDES,T2_tims,96,True,0.05361211612036918,1.0,1.0,1.0,1.0,1.0,0.0,0.0,73.5,0.013618686865568119,0.0,0.0,0.0,0.9041095890410958,0.952054794520548,1.0,1.0,1.0,1.0,1.0,0.0,0.0,1.0,1.0,1.0,1.0,1.0,0.0,0.0,40.5,0.04181307033707526,0.02679222762729964,0.0,0.0945945945945946,0.0,0.5,1.0,1.0,1.0,1.0,1.0,0.0,0.0,correct
GXJAWIABOYNKGL,T2_tims,183,True,0.03163623808638401,1.0,1.0,1.0,1.0,1.0,0.0,0.0,37.0,0.0667740929274822,0.05227339969525353,0.0136986301369863,0.136986301369863,0.0,0.21176470588235294,1.0,1.0,1.0,1.0,1.0,0.0,0.0,1.0,1.0,1.0,1.0,1.0,0.0,0.0,86.0,0.03346082074937071,0.02231554489914332,0.005847953216374269,0.05847953216374269,0.0,0.5,2.0,0.5,0.5,0.0,1.0,0.0058823529411764705,0.0058823529411764705,correct
GYSCAQFHASJXRS,T1_np,4,False,0.5208333333333333,1.0,1.0,1.0,1.0,1.0,,,1.0,1.0,1.0,1.0,1.0,,,4.0,0.25,0.25,0.0,1.0,,,4.0,0.25,0.25,0.0,1.0,,,1.0,1.0,1.0,1.0,1.0,,,1.0,1.0,1.0,1.0,1.0,,,correct
GYWLNGOMRARMKI,T2_tims,44,False,0.09938013393929772,2.0,0.5,0.5,0.0,1.0,,,37.0,0.02702702702702703,0.0,0.0,0.0,,,1.0,1.0,1.0,1.0,1.0,,,1.0,1.0,1.0,1.0,1.0,,,1.0,1.0,1.0,1.0,1.0,,,1.0,1.0,1.0,1.0,1.0,,,unrelated
GZOLCXRSBZOECQ,T2_tims,198,True,0.029636393042895472,38.0,0.02631578947368421,0.0,0.0,0.0,0.18781725888324874,0.18781725888324874,99.5,0.029636393042895472,0.019272516049260138,0.005050505050505051,0.050505050505050504,0.0,0.5,11.0,0.09090909090909091,0.09090909090909091,0.0,0.0,0.050761421319796954,0.050761421319796954,18.0,0.05555555555555555,0.05555555555555555,0.0,0.0,0.08629441624365482,0.08629441624365482,99.5,0.029636393042895472,0.019272516049260138,0.005050505050505051,0.050505050505050504,0.0,0.5,17.0,0.058823529411764705,0.058823529411764705,0.0,0.0,0.08121827411167512,0.08121827411167512,distant_isomer
GZSOSUNBTXMUFQ,T1_np,103,True,0.05064845793370229,3.0,0.3333333333333333,0.3333333333333333,0.0,1.0,0.02040816326530612,0.02040816326530612,39.5,0.04261142079471825,0.02753645617250241,0.0,0.09722222222222222,0.02040816326530612,0.3826530612244898,22.0,0.045454545454545456,0.045454545454545456,0.0,0.0,0.21428571428571427,0.21428571428571427,26.0,0.038461538461538464,0.0,0.0,0.0,0.25510204081632654,0.25510204081632654,52.0,0.03734624755291545,0.02339351694700512,0.0,0.08080808080808081,0.0,0.5,12.0,0.08333333333333333,0.08333333333333333,0.0,0.0,0.11224489795918367,0.11224489795918367,near_isomer
GZYPWOGIYAIIPV,T1_np,20,True,0.1798869828571841,1.0,1.0,1.0,1.0,1.0,0.0,0.0,10.0,0.18672313984966749,0.18672313984966749,0.05263157894736842,0.5263157894736842,0.0,0.5,8.5,0.1274846681096681,0.1274846681096681,0.0,0.75,0.2222222222222222,0.4166666666666667,17.0,0.05895969498910675,0.05895969498910675,0.0,0.0,0.7777777777777778,0.8333333333333334,10.0,0.18672313984966749,0.18672313984966749,0.05263157894736842,0.5263157894736842,0.0,0.5,10.0,0.10067340067340068,0.10067340067340068,0.0,0.6666666666666666,0.4444444444444444,0.5,correct
HAFSKNSGXZAGGT,T2_tims,14,True,0.23225445189730906,2.0,0.5,0.5,0.0,1.0,0.0,0.0,5.5,0.18333333333333335,0.18333333333333335,0.0,1.0,0.75,0.875,1.0,1.0,1.0,1.0,1.0,0.0,0.0,1.0,1.0,1.0,1.0,1.0,0.0,0.0,3.0,0.45666666666666667,0.45666666666666667,0.2,1.0,0.0,0.5,1.0,1.0,1.0,1.0,1.0,0.0,0.0,unrelated
HAFVZYJZUFMQIL,T2_tims,226,True,0.026548501867265283,42.0,0.023809523809523808,0.0,0.0,0.0,0.18222222222222223,0.18222222222222223,71.5,0.03898985715849271,0.026872944913757094,0.007042253521126761,0.07042253521126761,0.0,0.31333333333333335,4.0,0.25,0.25,0.0,1.0,0.013333333333333334,0.013333333333333334,5.0,0.2,0.2,0.0,1.0,0.017777777777777778,0.017777777777777778,113.5,0.026548501867265283,0.016884770698024368,0.004424778761061947,0.04424778761061947,0.0,0.5,2.0,0.5,0.5,0.0,1.0,0.0044444444444444444,0.0044444444444444444,distant_isomer
HANJYIDQEVYQQC,T2_tims,162,True,0.03498700768253172,51.0,0.0196078431372549,0.0,0.0,0.0,0.8260869565217391,0.8260869565217391,27.0,0.03908843955203204,0.020725199263072078,0.0,0.0,0.15217391304347827,0.3695652173913043,2.0,0.5,0.5,0.0,1.0,0.021739130434782608,0.021739130434782608,11.0,0.09090909090909091,0.09090909090909091,0.0,0.0,0.043478260869565216,0.043478260869565216,24.0,0.0944247625900167,0.08119059952667036,0.02127659574468085,0.2127659574468085,0.0,0.5,28.0,0.03571428571428571,0.0,0.0,0.0,0.1956521739130435,0.1956521739130435,distant_isomer
HCBJSZJCAPPTIN,T2_tims,149,True,0.03747995920790075,6.0,0.16666666666666666,0.16666666666666666,0.0,1.0,0.035211267605633804,0.035211267605633804,92.5,0.012449632109116511,0.0,0.0,0.0,0.21830985915492956,0.602112676056338,6.0,0.16666666666666666,0.16666666666666666,0.0,1.0,0.035211267605633804,0.035211267605633804,5.0,0.2,0.2,0.0,1.0,0.028169014084507043,0.028169014084507043,72.0,0.038766102961531275,0.026685022222052497,0.006993006993006993,0.06993006993006994,0.0,0.5,4.0,0.25,0.25,0.0,1.0,0.02112676056338028,0.02112676056338028,distant_isomer
HCFHAVLGZNIIEK,T2_tims,128,True,0.04244646166085291,1.0,1.0,1.0,1.0,1.0,0.0,0.0,103.0,0.00988258080628988,0.0,0.0,0.0,0.632,0.816,1.0,1.0,1.0,1.0,1.0,0.0,0.0,1.0,1.0,1.0,1.0,1.0,0.0,0.0,63.5,0.042995718863818574,0.030285382363123073,0.007936507936507936,0.07936507936507936,0.0,0.5,1.0,1.0,1.0,1.0,1.0,0.0,0.0,correct
HCIJJGFLZMUHOR,T2_tims,12,True,0.25860088985088986,2.0,0.5,0.5,0.0,1.0,0.14285714285714285,0.14285714285714285,5.0,0.2454081632653061,0.2454081632653061,0.0,1.0,0.14285714285714285,0.5714285714285714,2.5,0.41666666666666663,0.41666666666666663,0.0,1.0,0.14285714285714285,0.21428571428571427,3.0,0.3333333333333333,0.3333333333333333,0.0,1.0,0.2857142857142857,0.2857142857142857,4.5,0.3397321428571428,0.3397321428571428,0.125,1.0,0.0,0.5,2.0,0.5,0.5,0.0,1.0,0.14285714285714285,0.14285714285714285,near_isomer
HDACQVRGBOVJII,T1_np,21,True,0.17358850975060616,1.0,1.0,1.0,1.0,1.0,0.0,0.0,9.0,0.1398637687099225,0.1398637687099225,0.0,0.6153846153846154,0.14285714285714285,0.5714285714285714,1.0,1.0,1.0,1.0,1.0,0.0,0.0,1.0,1.0,1.0,1.0,1.0,0.0,0.0,8.0,0.22121526621526624,0.22121526621526624,0.06666666666666667,0.6666666666666666,0.0,0.5,1.0,1.0,1.0,1.0,1.0,0.0,0.0,correct
HDOVUKNUBWVHOX,T1_np,1,False,1.0,1.0,1.0,1.0,1.0,1.0,,,1.0,1.0,1.0,1.0,1.0,,,1.0,1.0,1.0,1.0,1.0,,,1.0,1.0,1.0,1.0,1.0,,,1.0,1.0,1.0,1.0,1.0,,,1.0,1.0,1.0,1.0,1.0,,,no_competitor
HELXLJCILKEWJH,T1_np,8,True,0.3397321428571428,2.0,0.5,0.5,0.0,1.0,0.3333333333333333,0.3333333333333333,2.5,0.5208333333333333,0.5208333333333333,0.25,1.0,0.0,0.5,4.5,0.225,0.225,0.0,1.0,0.6666666666666666,0.8333333333333334,4.5,0.225,0.225,0.0,1.0,0.6666666666666666,0.8333333333333334,3.5,0.3208333333333333,0.3208333333333333,0.0,1.0,0.0,0.5,3.5,0.29166666666666663,0.29166666666666663,0.0,1.0,0.6666666666666666,0.8333333333333334,near_isomer
HEPUDYGJJAHGTM,T2_tims,4,True,0.5208333333333333,1.0,1.0,1.0,1.0,1.0,0.0,0.0,3.0,0.3333333333333333,0.3333333333333333,0.0,1.0,1.0,1.0,1.0,1.0,1.0,1.0,1.0,0.0,0.0,1.0,1.0,1.0,1.0,1.0,0.0,0.0,1.5,0.75,0.75,0.5,1.0,0.0,0.5,1.0,1.0,1.0,1.0,1.0,0.0,0.0,correct
HESQBLOHEVPKGY,T2_tims,33,True,0.12390297653756213,1.0,1.0,1.0,1.0,1.0,0.0,0.0,10.5,0.10811630499130498,0.10811630499130498,0.0,0.5,0.15384615384615385,0.5769230769230769,1.0,1.0,1.0,1.0,1.0,0.0,0.0,1.0,1.0,1.0,1.0,1.0,0.0,0.0,8.5,0.16558778523064244,0.16558778523064244,0.0,0.6428571428571429,0.0,0.5,1.0,1.0,1.0,1.0,1.0,0.0,0.0,correct
HEYZWPRKKUGDCR,T1_np,32,True,0.12682797485739125,18.0,0.05555555555555555,0.05555555555555555,0.0,0.0,0.7727272727272727,0.7727272727272727,7.0,0.24462567347182732,0.24462567347182732,0.07692307692307693,0.7692307692307693,0.0,0.2727272727272727,15.0,0.06666666666666667,0.06666666666666667,0.0,0.0,0.6363636363636364,0.6363636363636364,5.0,0.2,0.2,0.0,1.0,0.18181818181818182,0.18181818181818182,12.0,0.16236050048203654,0.16236050048203654,0.043478260869565216,0.43478260869565216,0.0,0.5,4.0,0.25,0.25,0.0,1.0,0.13636363636363635,0.13636363636363635,distant_isomer
HFWIXAPIUDVHTK,T2_tims,56,True,0.08234766704970053,1.0,1.0,1.0,1.0,1.0,0.0,0.0,35.5,0.028287230437481985,0.0,0.0,0.0,0.7586206896551724,0.8793103448275862,1.0,1.0,1.0,1.0,1.0,0.0,0.0,2.0,0.5,0.5,0.0,1.0,0.034482758620689655,0.034482758620689655,22.5,0.053624302698817426,0.04077003449654546,0.0,0.1,0.0,0.5,1.0,1.0,1.0,1.0,1.0,0.0,0.0,correct
HGDUZKLFLYTPNE,T2_tims,26,True,0.14824691216211713,1.0,1.0,1.0,1.0,1.0,0.0,0.0,23.5,0.04278000984522723,0.03636975343497082,0.0,0.0,0.7916666666666666,0.8958333333333334,1.0,1.0,1.0,1.0,1.0,0.0,0.0,1.0,1.0,1.0,1.0,1.0,0.0,0.0,14.0,0.1141767886486018,0.11263832711014027,0.0,0.36,0.0,0.5,1.0,1.0,1.0,1.0,1.0,0.0,0.0,correct
HGJXAVROWQLCTP,T1_np,24,True,0.15733159073972947,15.0,0.06666666666666667,0.06666666666666667,0.0,0.0,0.6086956521739131,0.6086956521739131,8.5,0.2112955620768121,0.2112955620768121,0.0625,0.625,0.0,0.32608695652173914,18.0,0.05816006406739708,0.05816006406739708,0.0,0.0,0.4782608695652174,0.7391304347826086,16.0,0.0662957689422324,0.0662957689422324,0.0,0.07692307692307693,0.391304347826087,0.6521739130434783,12.5,0.15733159073972947,0.15733159073972947,0.041666666666666664,0.4166666666666667,0.0,0.5,22.0,0.045517284647719425,0.045517284647719425,0.0,0.0,0.8695652173913043,0.9130434782608695,near_isomer
HGOSAQONOYFCBL,T2_tims,46,True,0.09601494013013269,2.0,0.5,0.5,0.0,1.0,0.0,0.0,22.5,0.044466403162055336,0.044466403162055336,0.0,0.0,0.8333333333333334,0.9166666666666666,1.0,1.0,1.0,1.0,1.0,0.0,0.0,1.0,1.0,1.0,1.0,1.0,0.0,0.0,4.0,0.37040816326530607,0.37040816326530607,0.14285714285714285,1.0,0.0,0.5,1.0,1.0,1.0,1.0,1.0,0.0,0.0,unrelated
HGZOLOJVGFUORK,T2_tims,43,True,0.10116275861864714,17.0,0.058823529411764705,0.058823529411764705,0.0,0.0,0.38095238095238093,0.38095238095238093,22.0,0.10116275861864714,0.08874321343612808,0.023255813953488372,0.23255813953488372,0.0,0.5,1.0,1.0,1.0,1.0,1.0,0.0,0.0,1.0,1.0,1.0,1.0,1.0,0.0,0.0,22.0,0.10116275861864714,0.08874321343612808,0.023255813953488372,0.23255813953488372,0.0,0.5,3.0,0.3333333333333333,0.3333333333333333,0.0,1.0,0.047619047619047616,0.047619047619047616,distant_isomer
HHJUWIANJFBDHT,T1_np,3,False,0.611111111111111,1.0,1.0,1.0,1.0,1.0,,,1.0,1.0,1.0,1.0,1.0,,,1.0,1.0,1.0,1.0,1.0,,,1.0,1.0,1.0,1.0,1.0,,,1.0,1.0,1.0,1.0,1.0,,,1.0,1.0,1.0,1.0,1.0,,,correct
HHYAANJHKPKQMF,T2_tims,16,True,0.2112955620768121,6.0,0.16666666666666666,0.16666666666666666,0.0,1.0,0.3333333333333333,0.3333333333333333,8.5,0.2112955620768121,0.2112955620768121,0.0625,0.625,0.0,0.5,1.0,1.0,1.0,1.0,1.0,0.0,0.0,1.0,1.0,1.0,1.0,1.0,0.0,0.0,8.5,0.2112955620768121,0.2112955620768121,0.0625,0.625,0.0,0.5,1.0,1.0,1.0,1.0,1.0,0.0,0.0,distant_isomer
HIWLKARHKLCRQS,T2_tims,6,False,0.40833333333333327,1.0,1.0,1.0,1.0,1.0,,,1.0,1.0,1.0,1.0,1.0,,,1.0,1.0,1.0,1.0,1.0,,,1.0,1.0,1.0,1.0,1.0,,,1.0,1.0,1.0,1.0,1.0,,,1.0,1.0,1.0,1.0,1.0,,,correct
HJNPHUHQMSYYOW,T2_tims,379,True,0.017192798287725682,2.0,0.5,0.5,0.0,1.0,0.003115264797507788,0.003115264797507788,15.5,0.13316623769734637,0.12719860592511692,0.03333333333333333,0.3333333333333333,0.0,0.045171339563862926,17.0,0.058823529411764705,0.058823529411764705,0.0,0.0,0.04984423676012461,0.04984423676012461,2.0,0.5,0.5,0.0,1.0,0.003115264797507788,0.003115264797507788,161.5,0.019730804974390174,0.01185080179426555,0.003105590062111801,0.031055900621118012,0.0,0.5,19.0,0.05263157894736842,0.05263157894736842,0.0,0.0,0.056074766355140186,0.056074766355140186,distant_isomer
HKKWAKNLWOXRIF,T2_tims,19,True,0.18672313984966749,3.0,0.3333333333333333,0.3333333333333333,0.0,1.0,0.16666666666666666,0.16666666666666666,6.0,0.1769047619047619,0.1769047619047619,0.0,1.0,0.0,0.16666666666666666,2.0,0.5,0.5,0.0,1.0,0.08333333333333333,0.08333333333333333,2.0,0.5,0.5,0.0,1.0,0.08333333333333333,0.08333333333333333,10.0,0.11903043537658921,0.11903043537658921,0.0,0.5384615384615384,0.0,0.5,2.0,0.5,0.5,0.0,1.0,0.08333333333333333,0.08333333333333333,near_isomer
HLDSLOSSRJDIEP,T2_tims,2,True,0.75,1.0,1.0,1.0,1.0,1.0,0.0,0.0,2.0,0.5,0.5,0.0,1.0,1.0,1.0,1.0,1.0,1.0,1.0,1.0,0.0,0.0,1.0,1.0,1.0,1.0,1.0,0.0,0.0,1.5,0.75,0.75,0.5,1.0,0.0,0.5,1.0,1.0,1.0,1.0,1.0,0.0,0.0,correct
HMEAQTWVIQVZKH,T2_tims,135,True,0.04063844129329664,1.0,1.0,1.0,1.0,1.0,0.0,0.0,1.0,1.0,1.0,1.0,1.0,0.0,0.0,1.0,1.0,1.0,1.0,1.0,0.0,0.0,1.0,1.0,1.0,1.0,1.0,0.0,0.0,3.5,0.40833333333333327,0.40833333333333327,0.16666666666666666,1.0,0.0,0.5,1.0,1.0,1.0,1.0,1.0,0.0,0.0,correct
HMJSKZQILZRJLR,T2_tims,36,True,0.11595997768873996,3.0,0.3333333333333333,0.3333333333333333,0.0,1.0,0.06451612903225806,0.06451612903225806,25.0,0.04210426301139155,0.026196272869711244,0.0,0.0,0.41935483870967744,0.7096774193548387,1.0,1.0,1.0,1.0,1.0,0.0,0.0,1.0,1.0,1.0,1.0,1.0,0.0,0.0,16.5,0.12682797485739125,0.1192486930547971,0.03125,0.3125,0.0,0.5,1.0,1.0,1.0,1.0,1.0,0.0,0.0,distant_isomer
HNFYSKZSFJLPHO,T2_tims,360,True,0.017957522061769326,88.0,0.011363636363636364,0.0,0.0,0.0,0.24645892351274787,0.24645892351274787,320.5,0.003134095223786414,0.0,0.0,0.0,0.7932011331444759,0.896600566572238,1.0,1.0,1.0,1.0,1.0,0.0,0.0,4.0,0.25,0.25,0.0,1.0,0.0084985835694051,0.0084985835694051,180.5,0.013059372937051207,0.005600635153729304,0.0,0.01977401129943503,0.0,0.5,1.0,1.0,1.0,1.0,1.0,0.0,0.0,distant_isomer
HNJHBLSQQURBJP,T2_tims,41,True,0.10494959226436135,2.0,0.5,0.5,0.0,1.0,0.02631578947368421,0.02631578947368421,15.0,0.10841374218393955,0.10429474732420395,0.0,0.3333333333333333,0.0,0.34210526315789475,1.0,1.0,1.0,1.0,1.0,0.0,0.0,1.0,1.0,1.0,1.0,1.0,0.0,0.0,21.0,0.08406520612657373,0.07220405583983351,0.0,0.23076923076923078,0.0,0.5,1.0,1.0,1.0,1.0,1.0,0.0,0.0,distant_isomer
HNXXTSZVWCBRIH,T2_tims,297,True,0.0211199675443193,39.0,0.02564102564102564,0.0,0.0,0.0,0.12937062937062938,0.12937062937062938,205.5,0.005237003393799731,0.0,0.0,0.0,0.36013986013986016,0.6800699300699301,29.0,0.034482758620689655,0.0,0.0,0.0,0.0979020979020979,0.0979020979020979,31.0,0.03225806451612903,0.0,0.0,0.0,0.1048951048951049,0.1048951048951049,151.0,0.012786195141295587,0.004261676079778271,0.0,0.010452961672473868,0.0,0.5,29.0,0.034482758620689655,0.0,0.0,0.0,0.0979020979020979,0.0979020979020979,distant_isomer
HOLSZJOBZPCCJG,T2_tims,12,True,0.25860088985088986,1.0,1.0,1.0,1.0,1.0,0.0,0.0,7.5,0.16032106782106778,0.16032106782106778,0.0,0.8,0.0,0.5,1.0,1.0,1.0,1.0,1.0,0.0,0.0,2.0,0.5,0.5,0.0,1.0,0.1111111111111111,0.1111111111111111,7.5,0.16032106782106778,0.16032106782106778,0.0,0.8,0.0,0.5,1.0,1.0,1.0,1.0,1.0,0.0,0.0,correct
HOQHCCTZTFMXIY,T2_tims,83,True,0.06026588280337549,1.0,1.0,1.0,1.0,1.0,0.0,0.0,51.5,0.020746704229980515,0.0,0.0,0.0,0.21052631578947367,0.5877192982456141,1.0,1.0,1.0,1.0,1.0,0.0,0.0,1.0,1.0,1.0,1.0,1.0,0.0,0.0,29.5,0.08010783782314995,0.06579238237506047,0.017241379310344827,0.1724137931034483,0.0,0.5,1.0,1.0,1.0,1.0,1.0,0.0,0.0,correct
HOSADUVULRWIBB,T2_tims,57,True,0.081210758147936,7.0,0.14285714285714285,0.14285714285714285,0.0,1.0,0.10909090909090909,0.10909090909090909,34.5,0.034278606285739824,0.016198806807791562,0.0,0.0,0.21818181818181817,0.6090909090909091,1.0,1.0,1.0,1.0,1.0,0.0,0.0,1.0,1.0,1.0,1.0,1.0,0.0,0.0,28.5,0.08234766704970053,0.06814211031702691,0.017857142857142856,0.17857142857142858,0.0,0.5,1.0,1.0,1.0,1.0,1.0,0.0,0.0,distant_isomer
HOWRRLLMNSDNDN,T2_tims,156,True,0.03609149600056409,29.0,0.034482758620689655,0.0,0.0,0.0,0.18791946308724833,0.18791946308724833,145.0,0.0069110389333705965,0.0,0.0,0.0,0.8523489932885906,0.9261744966442953,12.0,0.08333333333333333,0.08333333333333333,0.0,0.0,0.0738255033557047,0.0738255033557047,10.0,0.1,0.1,0.0,1.0,0.06040268456375839,0.06040268456375839,81.5,0.02120182250725332,0.009106387851690045,0.0,0.02666666666666667,0.0,0.5,7.0,0.14285714285714285,0.14285714285714285,0.0,1.0,0.040268456375838924,0.040268456375838924,distant_isomer
HPNSFSBZBAHARI,T1_np,129,True,0.042177511864912164,1.0,1.0,1.0,1.0,1.0,0.0,0.0,107.0,0.009487244355305346,0.0,0.0,0.0,0.6206896551724138,0.8103448275862069,1.0,1.0,1.0,1.0,1.0,0.0,0.0,1.0,1.0,1.0,1.0,1.0,0.0,0.0,71.0,0.01998024232788881,0.006091858970451527,0.0,0.0,0.0,0.5,2.0,0.5,0.5,0.0,1.0,0.008620689655172414,0.008620689655172414,correct
HPTTWLATEMMSGN,T2_tims,18,True,0.1941726710109063,2.0,0.5,0.5,0.0,1.0,0.5,0.5,9.0,0.11203703703703705,0.11203703703703705,0.0,1.0,0.0,0.5,2.0,0.5,0.5,0.0,1.0,0.5,0.5,1.0,1.0,1.0,1.0,1.0,0.0,0.0,2.0,0.611111111111111,0.611111111111111,0.3333333333333333,1.0,0.0,0.5,2.0,0.5,0.5,0.0,1.0,0.5,0.5,distant_isomer
HQPLLZPWCPFAPM,T2_tims,8,True,0.3397321428571428,1.0,1.0,1.0,1.0,1.0,0.0,0.0,2.5,0.41666666666666663,0.41666666666666663,0.0,1.0,0.0,0.16666666666666666,1.0,1.0,1.0,1.0,1.0,0.0,0.0,1.0,1.0,1.0,1.0,1.0,0.0,0.0,2.5,0.5208333333333333,0.5208333333333333,0.25,1.0,0.0,0.5,1.0,1.0,1.0,1.0,1.0,0.0,0.0,correct
HROSLSBBLPMBIU,T2_tims,62,True,0.07600633690052827,10.0,0.1,0.1,0.0,1.0,0.15254237288135594,0.15254237288135594,34.0,0.03937760886970934,0.023077378016912526,0.0,0.05660377358490566,0.1016949152542373,0.5423728813559322,5.0,0.2,0.2,0.0,1.0,0.06779661016949153,0.06779661016949153,6.0,0.16666666666666666,0.16666666666666666,0.0,1.0,0.0847457627118644,0.0847457627118644,30.5,0.07799784021586229,0.06359930296255846,0.016666666666666666,0.16666666666666666,0.0,0.5,5.0,0.2,0.2,0.0,1.0,0.06779661016949153,0.06779661016949153,distant_isomer
HRTZNCQXUIFYNC,T2_tims,500,True,0.01358564685998105,2.0,0.5,0.5,0.0,1.0,0.002028397565922921,0.002028397565922921,280.5,0.004762446179224173,0.0,0.0,0.0,0.11359026369168357,0.5547667342799188,11.0,0.09090909090909091,0.09090909090909091,0.0,0.0,0.02028397565922921,0.02028397565922921,13.0,0.07692307692307693,0.07692307692307693,0.0,0.0,0.02434077079107505,0.02434077079107505,254.5,0.008282451803116632,0.0022319126725535853,0.0,0.0040650406504065045,0.004056795131845842,0.5020283975659229,6.0,0.16666666666666666,0.16666666666666666,0.0,1.0,0.010141987829614604,0.010141987829614604,distant_isomer
HSHNITRMYYLLCV,T1_np,56,True,0.08234766704970053,2.0,0.5,0.5,0.0,1.0,0.01818181818181818,0.01818181818181818,28.5,0.08234766704970053,0.06814211031702691,0.017857142857142856,0.17857142857142858,0.0,0.5,51.5,0.019419306184012067,0.0,0.0,0.0,0.9090909090909091,0.9181818181818182,49.5,0.02020408163265306,0.0,0.0,0.0,0.8727272727272727,0.8818181818181818,28.5,0.08234766704970053,0.06814211031702691,0.017857142857142856,0.17857142857142858,0.0,0.5,34.5,0.028991596638655463,0.0,0.0,0.0,0.6,0.6090909090909091,near_isomer
HSJDMXQBYDTITQ,T2_tims,22,True,0.16776423864623977,1.0,1.0,1.0,1.0,1.0,0.0,0.0,11.0,0.12045527394962836,0.12045527394962836,0.0,0.47058823529411764,0.1,0.5,1.0,1.0,1.0,1.0,1.0,0.0,0.0,1.0,1.0,1.0,1.0,1.0,0.0,0.0,11.0,0.17358850975060616,0.17358850975060616,0.047619047619047616,0.47619047619047616,0.0,0.5,1.0,1.0,1.0,1.0,1.0,0.0,0.0,correct
HSMPDPBYAYSOBC,T1_np,56,True,0.08234766704970053,2.0,0.5,0.5,0.0,1.0,0.018518518518518517,0.018518518518518517,28.0,0.08352022203501976,0.0693810577773365,0.01818181818181818,0.18181818181818182,0.0,0.5,19.0,0.05263157894736842,0.05263157894736842,0.0,0.0,0.3333333333333333,0.3333333333333333,23.0,0.043478260869565216,0.043478260869565216,0.0,0.0,0.3888888888888889,0.3888888888888889,28.0,0.08352022203501976,0.0693810577773365,0.01818181818181818,0.18181818181818182,0.0,0.5,12.0,0.08333333333333333,0.08333333333333333,0.0,0.0,0.2037037037037037,0.2037037037037037,distant_isomer
HSWDFPMPOXTDSZ,T2_tims,63,True,0.0750518397413614,14.0,0.07142857142857142,0.07142857142857142,0.0,0.0,0.24528301886792453,0.24528301886792453,53.0,0.018894859493400796,0.0,0.0,0.0,0.8867924528301887,0.9433962264150944,1.0,1.0,1.0,1.0,1.0,0.0,0.0,1.0,1.0,1.0,1.0,1.0,0.0,0.0,29.5,0.05761980286635612,0.042888114402842716,0.0,0.14814814814814814,0.0,0.5,1.0,1.0,1.0,1.0,1.0,0.0,0.0,distant_isomer
HTSAVEYBVAKATN,T2_tims,21,True,0.17358850975060616,2.0,0.5,0.5,0.0,1.0,0.05555555555555555,0.05555555555555555,12.5,0.09031473741502491,0.09031473741502491,0.0,0.35714285714285715,0.2777777777777778,0.6388888888888888,1.0,1.0,1.0,1.0,1.0,0.0,0.0,1.0,1.0,1.0,1.0,1.0,0.0,0.0,10.0,0.18672313984966749,0.18672313984966749,0.05263157894736842,0.5263157894736842,0.0,0.5,2.0,0.5,0.5,0.0,1.0,0.05555555555555555,0.05555555555555555,distant_isomer
HTSGQZLAOIGWEN,T2_tims,333,True,0.019179756471116825,199.0,0.005025125628140704,0.0,0.0,0.0,0.5963855421686747,0.5963855421686747,221.5,0.004971942927360868,0.0,0.0,0.0,0.32831325301204817,0.6641566265060241,4.0,0.25,0.25,0.0,1.0,0.009036144578313253,0.009036144578313253,2.0,0.5,0.5,0.0,1.0,0.0030120481927710845,0.0030120481927710845,167.0,0.019179756471116825,0.01145933386712765,0.003003003003003003,0.03003003003003003,0.0,0.5,2.0,0.5,0.5,0.0,1.0,0.0030120481927710845,0.0030120481927710845,distant_isomer
HUIXMRUTYSOZGK,T2_tims,35,True,0.11847946911476746,2.0,0.5,0.5,0.0,1.0,0.1,0.1,6.0,0.2745343040797586,0.2745343040797586,0.09090909090909091,0.9090909090909091,0.0,0.5,1.5,0.75,0.75,0.5,1.0,0.0,0.05,2.0,0.5,0.5,0.0,1.0,0.1,0.1,6.0,0.2745343040797586,0.2745343040797586,0.09090909090909091,0.9090909090909091,0.0,0.5,1.0,1.0,1.0,1.0,1.0,0.0,0.0,near_isomer
HUNFHPPQNJZQAC,T2_tims,159,True,0.03552994481094177,7.0,0.14285714285714285,0.14285714285714285,0.0,1.0,0.038461538461538464,0.038461538461538464,86.0,0.017320071746456216,0.004848622445869583,0.0,0.0,0.0641025641025641,0.532051282051282,2.0,0.5,0.5,0.0,1.0,0.00641025641025641,0.00641025641025641,2.0,0.5,0.5,0.0,1.0,0.00641025641025641,0.00641025641025641,81.0,0.026428415445476063,0.014751325972952272,0.0,0.050955414012738856,0.0,0.5,2.0,0.5,0.5,0.0,1.0,0.00641025641025641,0.00641025641025641,distant_isomer
HUSISCNTLUEZCN,T1_np,12,True,0.25860088985088986,2.0,0.5,0.5,0.0,1.0,0.2,0.2,3.0,0.45666666666666667,0.45666666666666667,0.2,1.0,0.0,0.4,1.0,1.0,1.0,1.0,1.0,0.0,0.0,1.0,1.0,1.0,1.0,1.0,0.0,0.0,3.5,0.40833333333333327,0.40833333333333327,0.16666666666666666,1.0,0.0,0.5,1.0,1.0,1.0,1.0,1.0,0.0,0.0,distant_isomer
HUWQNBTVLYSMRL,T2_tims,85,True,0.0591263263584386,2.0,0.5,0.5,0.0,1.0,0.021739130434782608,0.021739130434782608,25.0,0.05357416820501965,0.039298072933850604,0.0,0.1282051282051282,0.021739130434782608,0.43478260869565216,1.0,1.0,1.0,1.0,1.0,0.0,0.0,1.0,1.0,1.0,1.0,1.0,0.0,0.0,38.0,0.03073833040451834,0.012008422365769794,0.0,0.0,0.0,0.5,1.0,1.0,1.0,1.0,1.0,0.0,0.0,distant_isomer
HUYOWCZSBSDDCH,T2_tims,6,True,0.40833333333333327,1.0,1.0,1.0,1.0,1.0,0.0,0.0,4.0,0.26111111111111107,0.26111111111111107,0.0,1.0,0.0,0.5,1.0,1.0,1.0,1.0,1.0,0.0,0.0,1.0,1.0,1.0,1.0,1.0,0.0,0.0,4.0,0.26111111111111107,0.26111111111111107,0.0,1.0,0.0,0.5,1.0,1.0,1.0,1.0,1.0,0.0,0.0,correct
HWLPWSOKMYOQGJ,T2_tims,107,True,0.049109440354833674,1.0,1.0,1.0,1.0,1.0,0.0,0.0,60.5,0.02206996130673882,0.006764089602337786,0.0,0.0,0.03125,0.515625,2.0,0.5,0.5,0.0,1.0,0.010416666666666666,0.010416666666666666,2.0,0.5,0.5,0.0,1.0,0.010416666666666666,0.010416666666666666,49.0,0.05316569511243255,0.039339775028386675,0.010309278350515464,0.10309278350515463,0.0,0.5,2.0,0.5,0.5,0.0,1.0,0.010416666666666666,0.010416666666666666,correct
HXLRQOOILRHHFD,T2_tims,54,True,0.08473019247674571,1.0,1.0,1.0,1.0,1.0,0.0,0.0,30.0,0.03688341254803211,0.018206317780360654,0.0,0.0,0.20408163265306123,0.5102040816326531,1.0,1.0,1.0,1.0,1.0,0.0,0.0,1.0,1.0,1.0,1.0,1.0,0.0,0.0,29.5,0.04984194120821873,0.03465249688840347,0.0,0.12,0.0,0.5,1.0,1.0,1.0,1.0,1.0,0.0,0.0,correct
HXYNSGQKHRWMKL,T2_tims,7,True,0.37040816326530607,2.0,0.5,0.5,0.0,1.0,0.2,0.2,4.5,0.23749999999999996,0.23749999999999996,0.0,1.0,0.4,0.7,3.0,0.3333333333333333,0.3333333333333333,0.0,1.0,0.4,0.4,3.0,0.3333333333333333,0.3333333333333333,0.0,1.0,0.4,0.4,3.5,0.40833333333333327,0.40833333333333327,0.16666666666666666,1.0,0.0,0.5,2.0,0.5,0.5,0.0,1.0,0.2,0.2,near_isomer
HYBRYAPKQCZIAE,T1_np,104,True,0.05025390915179539,2.0,0.5,0.5,0.0,1.0,0.00980392156862745,0.00980392156862745,67.0,0.016863370055995492,0.0,0.0,0.0,0.27450980392156865,0.6372549019607843,55.5,0.01801948051948052,0.0,0.0,0.0,0.5196078431372549,0.5245098039215687,57.5,0.017392619479733817,0.0,0.0,0.0,0.5490196078431373,0.553921568627451,53.0,0.04103307331831768,0.027339399784014628,0.0,0.08737864077669903,0.0,0.5,50.5,0.019803921568627453,0.0,0.0,0.0,0.4803921568627451,0.4852941176470588,near_isomer
HYFHYPWGAURHIV,T1_np,15,True,0.22121526621526624,1.0,1.0,1.0,1.0,1.0,0.0,0.0,6.5,0.16593915343915344,0.16593915343915344,0.0,1.0,0.0,0.2777777777777778,3.5,0.29166666666666663,0.29166666666666663,0.0,1.0,0.0,0.05555555555555555,3.5,0.29166666666666663,0.29166666666666663,0.0,1.0,0.1111111111111111,0.16666666666666666,8.5,0.13468004218004218,0.13468004218004218,0.0,0.7,0.0,0.5,1.5,0.75,0.75,0.5,1.0,0.0,0.05555555555555555,correct
HYGWEFKGRDHHGE,T2_tims,401,True,0.016390083433323047,234.0,0.004273504273504274,0.0,0.0,0.0,0.5839598997493735,0.5839598997493735,172.0,0.006479728710608193,0.0,0.0,0.0,0.20050125313283207,0.42857142857142855,4.0,0.25,0.25,0.0,1.0,0.007518796992481203,0.007518796992481203,4.0,0.25,0.25,0.0,1.0,0.007518796992481203,0.007518796992481203,200.5,0.016424824227941268,0.009539895444383767,0.0025,0.025,0.0,0.5,2.0,0.5,0.5,0.0,1.0,0.002506265664160401,0.002506265664160401,distant_isomer
IAOWACHQMUYHIX,T2_tims,34,True,0.12112382324839507,3.0,0.3333333333333333,0.3333333333333333,0.0,1.0,0.07692307692307693,0.07692307692307693,22.0,0.04642979636573537,0.039566289502228506,0.0,0.0,0.6153846153846154,0.8076923076923077,3.0,0.3333333333333333,0.3333333333333333,0.0,1.0,0.07692307692307693,0.07692307692307693,6.0,0.16666666666666666,0.16666666666666666,0.0,1.0,0.11538461538461539,0.11538461538461539,14.0,0.1441280278982253,0.141331784361241,0.037037037037037035,0.37037037037037035,0.0,0.5,2.0,0.5,0.5,0.0,1.0,0.038461538461538464,0.038461538461538464,distant_isomer
IBLWQDLRXJJQAY,T2_tims,85,True,0.0591263263584386,6.0,0.16666666666666666,0.16666666666666666,0.0,1.0,0.060240963855421686,0.060240963855421686,19.0,0.09070169133698967,0.08045594793581448,0.0,0.2571428571428571,0.0,0.20481927710843373,1.0,1.0,1.0,1.0,1.0,0.0,0.0,1.0,1.0,1.0,1.0,1.0,0.0,0.0,42.5,0.05969015517363009,0.04542807354468461,0.011904761904761904,0.11904761904761904,0.0,0.5,1.0,1.0,1.0,1.0,1.0,0.0,0.0,distant_isomer
IBUIFUDIHNASAT,T2_tims,31,True,0.12991113533666193,1.0,1.0,1.0,1.0,1.0,0.0,0.0,13.0,0.08202281230356097,0.08202281230356097,0.0,0.2727272727272727,0.2857142857142857,0.6428571428571429,1.0,1.0,1.0,1.0,1.0,0.0,0.0,1.0,1.0,1.0,1.0,1.0,0.0,0.0,11.0,0.11078498299086534,0.11078498299086534,0.0,0.4666666666666667,0.0,0.5,1.0,1.0,1.0,1.0,1.0,0.0,0.0,correct
ICPAEHUCOZEJFN,T2_tims,233,True,0.025881538653313434,4.0,0.25,0.25,0.0,1.0,0.013100436681222707,0.013100436681222707,82.5,0.03463492545652989,0.023268037669228702,0.006097560975609756,0.06097560975609756,0.0,0.3558951965065502,1.0,1.0,1.0,1.0,1.0,0.0,0.0,1.0,1.0,1.0,1.0,1.0,0.0,0.0,115.5,0.026162901354660338,0.01659112251197177,0.004347826086956522,0.043478260869565216,0.0,0.5,1.0,1.0,1.0,1.0,1.0,0.0,0.0,distant_isomer
ICQIFASWGGFKKE,T2_tims,76,True,0.06466465164855117,9.0,0.1111111111111111,0.1111111111111111,0.0,1.0,0.1111111111111111,0.1111111111111111,71.0,0.014090098795406281,0.0,0.0,0.0,0.9444444444444444,0.9722222222222222,1.0,1.0,1.0,1.0,1.0,0.0,0.0,1.0,1.0,1.0,1.0,1.0,0.0,0.0,37.0,0.0667740929274822,0.05227339969525353,0.0136986301369863,0.136986301369863,0.0,0.5,1.0,1.0,1.0,1.0,1.0,0.0,0.0,distant_isomer
ICRBXZRQJNKGOS,T2_tims,78,True,0.06333744937304378,9.0,0.1111111111111111,0.1111111111111111,0.0,1.0,0.1038961038961039,0.1038961038961039,32.0,0.042725749302595165,0.02678349368144131,0.0,0.0784313725490196,0.07792207792207792,0.4025974025974026,1.0,1.0,1.0,1.0,1.0,0.0,0.0,1.0,1.0,1.0,1.0,1.0,0.0,0.0,39.5,0.06333744937304378,0.04892254074042958,0.01282051282051282,0.1282051282051282,0.0,0.5,1.0,1.0,1.0,1.0,1.0,0.0,0.0,distant_isomer
IDIZRHYXTQETKW,T2_tims,209,True,0.028334642840179846,22.0,0.045454545454545456,0.045454545454545456,0.0,0.0,0.10606060606060606,0.10606060606060606,61.5,0.02324709730111083,0.00869597964495346,0.0,0.0,0.0,0.255050505050505,1.0,1.0,1.0,1.0,1.0,0.0,0.0,1.0,1.0,1.0,1.0,1.0,0.0,0.0,61.5,0.02324709730111083,0.00869597964495346,0.0,0.0,0.0,0.255050505050505,1.0,1.0,1.0,1.0,1.0,0.0,0.0,distant_isomer
IDTNAQBXDYFDLC,T2_tims,184,True,0.03149383887183135,2.0,0.5,0.5,0.0,1.0,0.005681818181818182,0.005681818181818182,106.0,0.011454388852119924,0.0,0.0,0.0,0.19318181818181818,0.5965909090909091,10.5,0.09545454545454546,0.09545454545454546,0.0,0.5,0.05113636363636364,0.05397727272727273,9.5,0.10555555555555556,0.10555555555555556,0.0,1.0,0.045454545454545456,0.048295454545454544,89.0,0.032520833877393115,0.021559085750019816,0.005649717514124294,0.05649717514124294,0.0,0.5,6.5,0.15476190476190477,0.15476190476190477,0.0,1.0,0.028409090909090908,0.03125,near_isomer
IDZAYHAGIXIGEP,T2_tims,45,False,0.09766551367891826,1.0,1.0,1.0,1.0,1.0,,,2.0,0.5,0.5,0.0,1.0,,,1.0,1.0,1.0,1.0,1.0,,,1.0,1.0,1.0,1.0,1.0,,,37.0,0.02702702702702703,0.0,0.0,0.0,,,1.0,1.0,1.0,1.0,1.0,,,correct
IECPWNUMDGFDKC,T1_np,70,True,0.06904052510911532,14.0,0.07142857142857142,0.07142857142857142,0.0,0.0,0.19117647058823528,0.19117647058823528,37.0,0.04001150724437834,0.024327378482859898,0.0,0.07936507936507936,0.07352941176470588,0.5294117647058824,16.0,0.0625,0.0625,0.0,0.0,0.22058823529411764,0.22058823529411764,5.0,0.2,0.2,0.0,1.0,0.058823529411764705,0.058823529411764705,35.0,0.06983407309206316,0.05530374170657257,0.014492753623188406,0.14492753623188406,0.0,0.5,2.0,0.5,0.5,0.0,1.0,0.014705882352941176,0.014705882352941176,distant_isomer
IEDVJHCEMCRBQM,T1_np,20,True,0.1798869828571841,19.0,0.05263157894736842,0.05263157894736842,0.0,0.0,0.9333333333333333,0.9333333333333333,14.5,0.0733235428572116,0.0733235428572116,0.0,0.16666666666666666,0.26666666666666666,0.6333333333333333,2.0,0.5,0.5,0.0,1.0,0.06666666666666667,0.06666666666666667,1.0,1.0,1.0,1.0,1.0,0.0,0.0,12.5,0.09465039523814678,0.09465039523814678,0.0,0.375,0.0,0.5,2.0,0.5,0.5,0.0,1.0,0.06666666666666667,0.06666666666666667,distant_isomer
IFIQVSCCFRXSJV,T1_np,109,True,0.048377465038101544,2.0,0.5,0.5,0.0,1.0,0.009345794392523364,0.009345794392523364,39.5,0.06333744937304378,0.04892254074042958,0.01282051282051282,0.1282051282051282,0.0,0.3598130841121495,70.0,0.014287658317052072,0.0,0.0,0.0,0.6355140186915887,0.6448598130841121,71.0,0.014086370072285566,0.0,0.0,0.0,0.6355140186915887,0.6448598130841121,54.5,0.048740457196541326,0.03533294609031025,0.009259259259259259,0.09259259259259259,0.0,0.5,44.5,0.022474747474747474,0.0,0.0,0.0,0.40186915887850466,0.40654205607476634,near_isomer
IGCLNBILBDOLDU,T2_tims,122,True,0.044142044848154,22.0,0.045454545454545456,0.045454545454545456,0.0,0.0,0.28378378378378377,0.28378378378378377,56.0,0.01840203377675267,0.0,0.0,0.0,0.527027027027027,0.7432432432432432,1.0,1.0,1.0,1.0,1.0,0.0,0.0,1.0,1.0,1.0,1.0,1.0,0.0,0.0,39.0,0.05219351367053185,0.037546109036713425,0.0,0.12,0.0,0.5,1.0,1.0,1.0,1.0,1.0,0.0,0.0,distant_isomer
IGSYCAYYPJGXGX,T2_tims,41,True,0.10494959226436135,1.0,1.0,1.0,1.0,1.0,0.0,0.0,15.5,0.0648546918767507,0.0648546918767507,0.0,0.0,0.0,0.3,1.0,1.0,1.0,1.0,1.0,0.0,0.0,1.0,1.0,1.0,1.0,1.0,0.0,0.0,22.5,0.04470308676830415,0.04470308676830415,0.0,0.0,0.0,0.5,1.0,1.0,1.0,1.0,1.0,0.0,0.0,correct
IJMHZORSEYYUDS,T2_tims,30,True,0.13316623769734637,2.0,0.5,0.5,0.0,1.0,0.25,0.25,21.5,0.04663796348578957,0.04663796348578957,0.0,0.0,0.25,0.625,1.0,1.0,1.0,1.0,1.0,0.0,0.0,2.0,0.5,0.5,0.0,1.0,0.25,0.25,4.0,0.29,0.29,0.0,1.0,0.0,0.5,1.0,1.0,1.0,1.0,1.0,0.0,0.0,near_isomer
IJUYUIBQBVOHJI,T2_tims,94,True,0.05453000175637555,1.0,1.0,1.0,1.0,1.0,0.0,0.0,75.5,0.01339984414866842,0.0,0.0,0.0,0.34146341463414637,0.6707317073170732,1.0,1.0,1.0,1.0,1.0,0.0,0.0,1.0,1.0,1.0,1.0,1.0,0.0,0.0,67.5,0.015322292635598093,0.0,0.0,0.0,0.0,0.5,1.0,1.0,1.0,1.0,1.0,0.0,0.0,correct
IKGXIBQEEMLURG,T1_np,156,True,0.03609149600056409,15.0,0.06666666666666667,0.06666666666666667,0.0,0.0,0.09032258064516129,0.09032258064516129,39.0,0.06399351348411561,0.049557898412383214,0.012987012987012988,0.12987012987012986,0.0,0.24516129032258063,24.0,0.04181220229046316,0.03411989459815547,0.0,0.0,0.13548387096774195,0.14838709677419354,14.0,0.07217032967032967,0.07217032967032967,0.0,0.0,0.07096774193548387,0.08387096774193549,78.5,0.03609149600056409,0.02446127037021479,0.00641025641025641,0.0641025641025641,0.0,0.5,6.0,0.1769047619047619,0.1769047619047619,0.0,1.0,0.01935483870967742,0.03225806451612903,near_isomer
IKIIZLYTISPENI,T1_np,26,True,0.14824691216211713,8.0,0.125,0.125,0.0,1.0,0.3181818181818182,0.3181818181818182,12.5,0.09465039523814678,0.09465039523814678,0.0,0.375,0.18181818181818182,0.5227272727272727,6.0,0.16984126984126982,0.16984126984126982,0.0,1.0,0.18181818181818182,0.22727272727272727,8.0,0.1263227513227513,0.1263227513227513,0.0,1.0,0.2727272727272727,0.3181818181818182,12.0,0.16236050048203654,0.16236050048203654,0.043478260869565216,0.43478260869565216,0.0,0.5,5.5,0.18333333333333335,0.18333333333333335,0.0,1.0,0.18181818181818182,0.20454545454545456,near_isomer
IKMDFBPHZNJCSN,T1_np,37,True,0.1135563844276126,1.0,1.0,1.0,1.0,1.0,0.0,0.0,15.5,0.13316623769734637,0.12719860592511692,0.03333333333333333,0.3333333333333333,0.0,0.5,23.5,0.04257246376811594,0.04257246376811594,0.0,0.0,0.7586206896551724,0.7758620689655172,28.0,0.03571428571428571,0.0,0.0,0.0,0.7931034482758621,0.7931034482758621,15.5,0.13316623769734637,0.12719860592511692,0.03333333333333333,0.3333333333333333,0.0,0.5,18.0,0.05555555555555555,0.05555555555555555,0.0,0.0,0.5862068965517241,0.5862068965517241,correct
IKSFLYPSGBXJDD,T2_tims,50,True,0.08998410676658848,1.0,1.0,1.0,1.0,1.0,0.0,0.0,21.5,0.0731195536562204,0.0609462678356186,0.0,0.21052631578947367,0.0,0.39361702127659576,1.0,1.0,1.0,1.0,1.0,0.0,0.0,1.0,1.0,1.0,1.0,1.0,0.0,0.0,25.5,0.07248344454852969,0.05866579536986472,0.0,0.1875,0.0,0.5,1.0,1.0,1.0,1.0,1.0,0.0,0.0,correct
ILEDWLMCKZNDJK,T1_np,18,True,0.20232661897886814,6.0,0.16666666666666666,0.16666666666666666,0.0,1.0,0.3125,0.3125,9.0,0.20232661897886814,0.20232661897886814,0.058823529411764705,0.5882352941176471,0.0,0.5,13.0,0.07722832722832722,0.07722832722832722,0.0,0.0,0.6875,0.75,9.0,0.11203703703703705,0.11203703703703705,0.0,1.0,0.4375,0.5,9.0,0.20232661897886814,0.20232661897886814,0.058823529411764705,0.5882352941176471,0.0,0.5,8.0,0.1263227513227513,0.1263227513227513,0.0,1.0,0.375,0.4375,distant_isomer
ILEPRSLEDGBBJT,T2_tims,175,True,0.03282774891772937,60.0,0.016666666666666666,0.0,0.0,0.0,0.3390804597701149,0.3390804597701149,88.0,0.03282774891772937,0.021805475301448614,0.005714285714285714,0.05714285714285714,0.0,0.5,1.0,1.0,1.0,1.0,1.0,0.0,0.0,1.0,1.0,1.0,1.0,1.0,0.0,0.0,88.0,0.03282774891772937,0.021805475301448614,0.005714285714285714,0.05714285714285714,0.0,0.5,1.0,1.0,1.0,1.0,1.0,0.0,0.0,distant_isomer
ILKRGPXSQMZKIN,T2_tims,80,True,0.06206849098681896,11.0,0.09090909090909091,0.09090909090909091,0.0,0.0,0.14705882352941177,0.14705882352941177,23.0,0.09766551367891826,0.0847990706167446,0.022222222222222223,0.2222222222222222,0.0,0.3235294117647059,3.0,0.3333333333333333,0.3333333333333333,0.0,1.0,0.029411764705882353,0.029411764705882353,2.0,0.5,0.5,0.0,1.0,0.014705882352941176,0.014705882352941176,39.0,0.040451818121345906,0.025110504991596717,0.0,0.08695652173913043,0.0,0.5,1.0,1.0,1.0,1.0,1.0,0.0,0.0,distant_isomer
ILNQHRBTBWBIHI,T2_tims,120,True,0.044740569061278296,5.0,0.2,0.2,0.0,1.0,0.03361344537815126,0.03361344537815126,70.5,0.017711286302097128,0.0021821852060982497,0.0,0.0,0.16806722689075632,0.5840336134453782,1.0,1.0,1.0,1.0,1.0,0.0,0.0,1.0,1.0,1.0,1.0,1.0,0.0,0.0,60.5,0.044740569061278296,0.03179965148127923,0.008333333333333333,0.08333333333333333,0.0,0.5,1.0,1.0,1.0,1.0,1.0,0.0,0.0,distant_isomer
IMMRUZRHDKNDOV,T2_tims,71,True,0.0682664966856384,10.0,0.1,0.1,0.0,1.0,0.42857142857142855,0.42857142857142855,10.5,0.09633838383838383,0.09633838383838383,0.0,0.5,0.0,0.21428571428571427,1.0,1.0,1.0,1.0,1.0,0.0,0.0,1.0,1.0,1.0,1.0,1.0,0.0,0.0,4.5,0.3397321428571428,0.3397321428571428,0.125,1.0,0.0,0.5,6.0,0.16666666666666666,0.16666666666666666,0.0,1.0,0.0,0.0,unrelated
IMZDVXRPWHOBJR,T2_tims,39,True,0.10906520612657374,1.0,1.0,1.0,1.0,1.0,0.0,0.0,26.0,0.04191073032646381,0.025432976904790072,0.0,0.0,0.34210526315789475,0.6578947368421053,1.0,1.0,1.0,1.0,1.0,0.0,0.0,1.0,1.0,1.0,1.0,1.0,0.0,0.0,20.0,0.10906520612657374,0.09784508148085916,0.02564102564102564,0.2564102564102564,0.0,0.5,1.0,1.0,1.0,1.0,1.0,0.0,0.0,correct
INKAFNRQVLDNKX,T2_tims,126,True,0.042995718863818574,2.0,0.5,0.5,0.0,1.0,0.008064516129032258,0.008064516129032258,35.0,0.03996957725799595,0.023964178557079066,0.0,0.07017543859649122,0.04032258064516129,0.2661290322580645,4.0,0.25,0.25,0.0,1.0,0.024193548387096774,0.024193548387096774,4.0,0.25,0.25,0.0,1.0,0.024193548387096774,0.024193548387096774,64.0,0.035339684614729125,0.022527665422028054,0.0,0.072,0.0,0.5,4.0,0.25,0.25,0.0,1.0,0.024193548387096774,0.024193548387096774,near_isomer
IOCSHKUMPJRNEW,T2_tims,27,True,0.1441280278982253,1.0,1.0,1.0,1.0,1.0,0.0,0.0,10.5,0.11472994209338747,0.11472994209338747,0.0,0.5,0.0,0.34210526315789475,1.0,1.0,1.0,1.0,1.0,0.0,0.0,2.0,0.5,0.5,0.0,1.0,0.05263157894736842,0.05263157894736842,12.5,0.10954066251086374,0.10954066251086374,0.0,0.4,0.0,0.5,1.0,1.0,1.0,1.0,1.0,0.0,0.0,correct
IOUCRLKCFUHEBA,T2_tims,10,True,0.2928968253968254,3.0,0.3333333333333333,0.3333333333333333,0.0,1.0,0.0,0.0,2.5,0.41666666666666663,0.41666666666666663,0.0,1.0,0.0,0.125,1.0,1.0,1.0,1.0,1.0,0.0,0.0,1.0,1.0,1.0,1.0,1.0,0.0,0.0,3.0,0.45666666666666667,0.45666666666666667,0.2,1.0,0.0,0.5,1.0,1.0,1.0,1.0,1.0,0.0,0.0,unrelated
IOUVKUPGCMBWBT,T1_np,54,True,0.08473019247674571,2.0,0.5,0.5,0.0,1.0,0.02127659574468085,0.02127659574468085,7.5,0.23225445189730906,0.23225445189730906,0.07142857142857142,0.7142857142857143,0.0,0.13829787234042554,2.0,0.5,0.5,0.0,1.0,0.02127659574468085,0.02127659574468085,1.0,1.0,1.0,1.0,1.0,0.0,0.0,24.5,0.0928916078138358,0.07949912870319807,0.020833333333333332,0.20833333333333334,0.0,0.5,2.0,0.5,0.5,0.0,1.0,0.02127659574468085,0.02127659574468085,near_isomer
IPJPUYDZGIBJRZ,T2_tims,26,True,0.14824691216211713,1.0,1.0,1.0,1.0,1.0,0.0,0.0,10.5,0.09545454545454546,0.09545454545454546,0.0,0.5,0.0,0.16666666666666666,1.0,1.0,1.0,1.0,1.0,0.0,0.0,1.0,1.0,1.0,1.0,1.0,0.0,0.0,12.5,0.08064851814851814,0.08064851814851814,0.0,0.0,0.0,0.5,1.0,1.0,1.0,1.0,1.0,0.0,0.0,correct
IPVQLZZIHOAWMC,T1_np,18,True,0.1941726710109063,1.0,1.0,1.0,1.0,1.0,0.0,0.0,5.5,0.20297619047619045,0.20297619047619045,0.0,1.0,0.2857142857142857,0.6428571428571429,1.0,1.0,1.0,1.0,1.0,0.0,0.0,1.0,1.0,1.0,1.0,1.0,0.0,0.0,4.5,0.3397321428571428,0.3397321428571428,0.125,1.0,0.0,0.5,1.0,1.0,1.0,1.0,1.0,0.0,0.0,correct
IQHUITKNHOKGFC,T1_np,38,True,0.11126057929724605,2.0,0.5,0.5,0.0,1.0,0.027777777777777776,0.027777777777777776,19.0,0.1135563844276126,0.10313400480414885,0.02702702702702703,0.2702702702702703,0.0,0.5,1.0,1.0,1.0,1.0,1.0,0.0,0.0,1.0,1.0,1.0,1.0,1.0,0.0,0.0,19.0,0.1135563844276126,0.10313400480414885,0.02702702702702703,0.2702702702702703,0.0,0.5,1.0,1.0,1.0,1.0,1.0,0.0,0.0,near_isomer
IQSVIFFCMDFAFZ,T2_tims,13,True,0.24462567347182732,5.0,0.2,0.2,0.0,1.0,0.3333333333333333,0.3333333333333333,7.0,0.24462567347182732,0.24462567347182732,0.07692307692307693,0.7692307692307693,0.0,0.5,1.0,1.0,1.0,1.0,1.0,0.0,0.0,1.0,1.0,1.0,1.0,1.0,0.0,0.0,7.0,0.24462567347182732,0.24462567347182732,0.07692307692307693,0.7692307692307693,0.0,0.5,1.0,1.0,1.0,1.0,1.0,0.0,0.0,distant_isomer
IQTMDOBWDYTGPM,T2_tims,203,True,0.02902897869913026,2.0,0.5,0.5,0.0,1.0,0.004975124378109453,0.004975124378109453,91.5,0.0147659066441084,0.0018626286153460069,0.0,0.0,0.0945273631840796,0.4502487562189055,2.0,0.5,0.5,0.0,1.0,0.004975124378109453,0.004975124378109453,2.0,0.5,0.5,0.0,1.0,0.004975124378109453,0.004975124378109453,101.5,0.029148299839351778,0.01889088206808667,0.0049504950495049506,0.04950495049504951,0.0,0.5,3.0,0.3333333333333333,0.3333333333333333,0.0,1.0,0.009950248756218905,0.009950248756218905,near_isomer
IQZLSLOAXSPDLN,T2_tims,28,True,0.14025610853451315,1.0,1.0,1.0,1.0,1.0,0.0,0.0,20.5,0.04892629300524037,0.04892629300524037,0.0,0.0,0.7333333333333333,0.8333333333333334,5.0,0.2,0.2,0.0,1.0,0.2,0.2,2.0,0.5,0.5,0.0,1.0,0.06666666666666667,0.06666666666666667,15.5,0.07133964801435608,0.07133964801435608,0.0,0.1875,0.0,0.5,1.0,1.0,1.0,1.0,1.0,0.0,0.0,correct
IRCMUALLADSVFU,T2_tims,7,False,0.37040816326530607,2.0,0.5,0.5,0.0,1.0,,,1.0,1.0,1.0,1.0,1.0,,,1.0,1.0,1.0,1.0,1.0,,,1.0,1.0,1.0,1.0,1.0,,,1.0,1.0,1.0,1.0,1.0,,,1.0,1.0,1.0,1.0,1.0,,,unrelated
IRXJNYVCAAVPIQ,T2_tims,9,True,0.31432980599647264,3.0,0.3333333333333333,0.3333333333333333,0.0,1.0,0.25,0.25,5.0,0.31432980599647264,0.31432980599647264,0.1111111111111111,1.0,0.0,0.5,2.0,0.5,0.5,0.0,1.0,0.125,0.125,5.0,0.2,0.2,0.0,1.0,0.5,0.5,5.0,0.31432980599647264,0.31432980599647264,0.1111111111111111,1.0,0.0,0.5,3.0,0.3333333333333333,0.3333333333333333,0.0,1.0,0.25,0.25,distant_isomer
ISJFYPYIRYECBB,T2_tims,82,True,0.06085390341352538,7.0,0.14285714285714285,0.14285714285714285,0.0,1.0,0.075,0.075,42.0,0.04925950715937138,0.03476491577473465,0.0,0.1111111111111111,0.0,0.5,1.0,1.0,1.0,1.0,1.0,0.0,0.0,1.0,1.0,1.0,1.0,1.0,0.0,0.0,41.0,0.061454629110590894,0.04711059478708034,0.012345679012345678,0.12345679012345678,0.0,0.5,1.0,1.0,1.0,1.0,1.0,0.0,0.0,distant_isomer
ISOFIMKVDGTXBQ,T2_tims,11,True,0.2745343040797586,1.0,1.0,1.0,1.0,1.0,0.0,0.0,6.0,0.2745343040797586,0.2745343040797586,0.09090909090909091,0.9090909090909091,0.0,0.5,1.0,1.0,1.0,1.0,1.0,0.0,0.0,1.0,1.0,1.0,1.0,1.0,0.0,0.0,6.0,0.2745343040797586,0.2745343040797586,0.09090909090909091,0.9090909090909091,0.0,0.5,1.0,1.0,1.0,1.0,1.0,0.0,0.0,correct
ISQSNWAAYWYKAY,T2_tims,28,True,0.14025610853451315,1.0,1.0,1.0,1.0,1.0,0.0,0.0,11.5,0.16776423864623977,0.16776423864623977,0.045454545454545456,0.45454545454545453,0.0,0.42,2.0,0.5,0.5,0.0,1.0,0.04,0.04,1.0,1.0,1.0,1.0,1.0,0.0,0.0,13.5,0.14824691216211713,0.14676762222128875,0.038461538461538464,0.38461538461538464,0.0,0.5,2.0,0.5,0.5,0.0,1.0,0.04,0.04,correct
ISSRJBNQYMGDFR,T2_tims,165,True,0.03446174776322126,6.0,0.16666666666666666,0.16666666666666666,0.0,1.0,0.027972027972027972,0.027972027972027972,22.5,0.044466403162055336,0.044466403162055336,0.0,0.0,0.0,0.0034965034965034965,1.0,1.0,1.0,1.0,1.0,0.0,0.0,1.0,1.0,1.0,1.0,1.0,0.0,0.0,72.5,0.03854511922182927,0.02649970956773269,0.006944444444444444,0.06944444444444445,0.0,0.5,1.0,1.0,1.0,1.0,1.0,0.0,0.0,distant_isomer
ITMBZOHDIDYRHG,T2_tims,106,True,0.049484569090327175,2.0,0.5,0.5,0.0,1.0,1.0,1.0,19.5,0.05131578947368421,0.05131578947368421,0.0,0.0,0.0,0.5,1.0,1.0,1.0,1.0,1.0,0.0,0.0,2.0,0.5,0.5,0.0,1.0,1.0,1.0,2.5,0.41666666666666663,0.41666666666666663,0.0,1.0,0.0,0.5,2.0,0.5,0.5,0.0,1.0,1.0,1.0,near_isomer
IUAVRCNAZYCBFH,T2_tims,21,True,0.17358850975060616,1.0,1.0,1.0,1.0,1.0,0.0,0.0,4.0,0.37040816326530607,0.37040816326530607,0.14285714285714285,1.0,0.0,0.5,1.0,1.0,1.0,1.0,1.0,0.0,0.0,1.0,1.0,1.0,1.0,1.0,0.0,0.0,17.0,0.059657986001418105,0.059657986001418105,0.0,0.0,0.0,0.5,1.0,1.0,1.0,1.0,1.0,0.0,0.0,correct
IUMBOMHEKFNVJQ,T2_tims,139,True,0.03967829069971525,32.0,0.03125,0.0,0.0,0.0,0.19444444444444445,0.19444444444444445,42.5,0.025783504736739033,0.004061892214066127,0.0,0.0,0.19444444444444445,0.38425925925925924,1.0,1.0,1.0,1.0,1.0,0.0,0.0,1.0,1.0,1.0,1.0,1.0,0.0,0.0,57.0,0.03478205144268795,0.02124732273168355,0.0,0.07339449541284404,0.0,0.5,1.0,1.0,1.0,1.0,1.0,0.0,0.0,unrelated
IVEZRVVIYSNKKE,T2_tims,335,True,0.019083098482044227,2.0,0.5,0.5,0.0,1.0,0.0036496350364963502,0.0036496350364963502,179.5,0.006442211872932054,0.0,0.0,0.0,0.20802919708029197,0.6003649635036497,4.0,0.25,0.25,0.0,1.0,0.010948905109489052,0.010948905109489052,3.0,0.3333333333333333,0.3333333333333333,0.0,1.0,0.0072992700729927005,0.0072992700729927005,138.0,0.02253019579076134,0.013876211555467298,0.0036363636363636364,0.03636363636363636,0.0,0.5,10.0,0.1,0.1,0.0,1.0,0.032846715328467155,0.032846715328467155,near_isomer
IVOMOUWHDPKRLL,T1_np,6,True,0.40833333333333327,2.0,0.5,0.5,0.0,1.0,0.3333333333333333,0.3333333333333333,3.5,0.29166666666666663,0.29166666666666663,0.0,1.0,0.6666666666666666,0.8333333333333334,1.0,1.0,1.0,1.0,1.0,0.0,0.0,2.0,0.5,0.5,0.0,1.0,0.3333333333333333,0.3333333333333333,2.5,0.5208333333333333,0.5208333333333333,0.25,1.0,0.0,0.5,1.0,1.0,1.0,1.0,1.0,0.0,0.0,near_isomer
IVZQHBANYCXORW,T2_tims,70,True,0.06904052510911532,13.0,0.07692307692307693,0.07692307692307693,0.0,0.0,0.17647058823529413,0.17647058823529413,35.5,0.056155162402240555,0.04141114967284569,0.0,0.1323529411764706,0.0,0.49264705882352944,1.0,1.0,1.0,1.0,1.0,0.0,0.0,1.0,1.0,1.0,1.0,1.0,0.0,0.0,36.0,0.05554835880634887,0.04081098808338415,0.0,0.13043478260869565,0.0,0.5,1.0,1.0,1.0,1.0,1.0,0.0,0.0,distant_isomer
IWSMQTTVBATWGT,T2_tims,7,False,0.37040816326530607,1.0,1.0,1.0,1.0,1.0,,,4.0,0.25,0.25,0.0,1.0,,,1.0,1.0,1.0,1.0,1.0,,,1.0,1.0,1.0,1.0,1.0,,,1.0,1.0,1.0,1.0,1.0,,,1.0,1.0,1.0,1.0,1.0,,,correct
IWVZTMGTSVOVKB,T2_tims,52,True,0.08727007597495093,2.0,0.5,0.5,0.0,1.0,0.0196078431372549,0.0196078431372549,28.5,0.051139804528419076,0.03609635092542028,0.0,0.125,0.0784313725490196,0.5392156862745098,2.0,0.5,0.5,0.0,1.0,0.0196078431372549,0.0196078431372549,2.0,0.5,0.5,0.0,1.0,0.0196078431372549,0.0196078431372549,26.5,0.08727007597495093,0.07338381111064438,0.019230769230769232,0.19230769230769232,0.0,0.5,1.0,1.0,1.0,1.0,1.0,0.0,0.0,distant_isomer
IWWPWUVDUQNCNR,T2_tims,160,True,0.03534694515587339,115.0,0.008695652173913044,0.0,0.0,0.0,0.7215189873417721,0.7215189873417721,81.0,0.029279944810941767,0.01771042879090256,0.0,0.05660377358490566,0.0,0.5,2.0,0.5,0.5,0.0,1.0,0.006329113924050633,0.006329113924050633,1.0,1.0,1.0,1.0,1.0,0.0,0.0,80.0,0.03552994481094177,0.02399973696700319,0.006289308176100629,0.06289308176100629,0.0,0.5,2.0,0.5,0.5,0.0,1.0,0.006329113924050633,0.006329113924050633,distant_isomer
IXTZPKTUKNAMQB,T2_tims,248,True,0.024567174133772386,126.0,0.007936507936507936,0.0,0.0,0.0,0.5186721991701245,0.5186721991701245,122.0,0.016172756971681117,0.006577789031846238,0.0,0.02145922746781116,0.0,0.48132780082987553,1.0,1.0,1.0,1.0,1.0,0.0,0.0,1.0,1.0,1.0,1.0,1.0,0.0,0.0,124.5,0.017550330455088196,0.008192664646364353,0.0,0.028925619834710745,0.0,0.5,1.0,1.0,1.0,1.0,1.0,0.0,0.0,distant_isomer
IXZOQLLYSKOHGV,T2_tims,33,False,0.12390297653756213,1.0,1.0,1.0,1.0,1.0,,,12.0,0.08333333333333333,0.08333333333333333,0.0,0.0,,,1.0,1.0,1.0,1.0,1.0,,,1.0,1.0,1.0,1.0,1.0,,,7.0,0.14285714285714285,0.14285714285714285,0.0,1.0,,,1.0,1.0,1.0,1.0,1.0,,,correct
IYGYMKDQCDOMRE,T1_np,64,True,0.07412329537040264,1.0,1.0,1.0,1.0,1.0,0.0,0.0,45.0,0.023617464526776318,0.0,0.0,0.0,0.4098360655737705,0.7049180327868853,2.0,0.5,0.5,0.0,1.0,0.01639344262295082,0.01639344262295082,5.0,0.2,0.2,0.0,1.0,0.06557377049180328,0.06557377049180328,31.5,0.07600633690052827,0.06154771254441141,0.016129032258064516,0.16129032258064516,0.0,0.5,7.0,0.14285714285714285,0.14285714285714285,0.0,1.0,0.09836065573770492,0.09836065573770492,correct
JBDYCVKLHTZFAF,T2_tims,78,True,0.06333744937304378,1.0,1.0,1.0,1.0,1.0,0.0,0.0,32.0,0.042725749302595165,0.02678349368144131,0.0,0.0784313725490196,0.07792207792207792,0.4025974025974026,1.0,1.0,1.0,1.0,1.0,0.0,0.0,1.0,1.0,1.0,1.0,1.0,0.0,0.0,39.5,0.06333744937304378,0.04892254074042958,0.01282051282051282,0.1282051282051282,0.0,0.5,1.0,1.0,1.0,1.0,1.0,0.0,0.0,correct
JCEBWPXXOUCUCY,T2_tims,16,True,0.2112955620768121,2.0,0.5,0.5,0.0,1.0,0.14285714285714285,0.14285714285714285,9.0,0.11397546897546898,0.11397546897546898,0.0,0.8,0.0,0.2857142857142857,2.0,0.5,0.5,0.0,1.0,0.14285714285714285,0.14285714285714285,2.0,0.5,0.5,0.0,1.0,0.14285714285714285,0.14285714285714285,9.5,0.11210005272505273,0.11210005272505273,0.0,0.625,0.0,0.5,2.0,0.5,0.5,0.0,1.0,0.14285714285714285,0.14285714285714285,near_isomer
JCJLOFRYGSSWNT,T2_tims,70,True,0.06904052510911532,1.0,1.0,1.0,1.0,1.0,0.0,0.0,8.5,0.11805555555555555,0.11805555555555555,0.0,1.0,0.875,0.9375,1.5,0.75,0.75,0.5,1.0,0.0,0.0625,1.5,0.75,0.75,0.5,1.0,0.0,0.0625,5.0,0.31432980599647264,0.31432980599647264,0.1111111111111111,1.0,0.0,0.5,2.0,0.5,0.5,0.0,1.0,0.125,0.125,correct
JCOHUNVCMKYKSG,T2_tims,15,True,0.22121526621526624,2.0,0.5,0.5,0.0,1.0,0.07692307692307693,0.07692307692307693,3.5,0.3208333333333333,0.3208333333333333,0.0,1.0,0.0,0.11538461538461539,2.0,0.5,0.5,0.0,1.0,0.07692307692307693,0.07692307692307693,1.0,1.0,1.0,1.0,1.0,0.0,0.0,7.5,0.23225445189730906,0.23225445189730906,0.07142857142857142,0.7142857142857143,0.0,0.5,1.0,1.0,1.0,1.0,1.0,0.0,0.0,distant_isomer
JCRJNAFIELAJKM,T2_tims,21,True,0.17358850975060616,7.0,0.14285714285714285,0.14285714285714285,0.0,1.0,0.3,0.3,7.0,0.24462567347182732,0.24462567347182732,0.07692307692307693,0.7692307692307693,0.0,0.3,1.0,1.0,1.0,1.0,1.0,0.0,0.0,1.0,1.0,1.0,1.0,1.0,0.0,0.0,11.0,0.17358850975060616,0.17358850975060616,0.047619047619047616,0.47619047619047616,0.0,0.5,1.0,1.0,1.0,1.0,1.0,0.0,0.0,distant_isomer
JDBGEPMGISQLHY,T2_tims,219,True,0.027253738640281456,33.0,0.030303030303030304,0.0,0.0,0.0,0.3684210526315789,0.3684210526315789,40.5,0.027665563855373623,0.00729204771720894,0.0,0.0,0.23684210526315788,0.5197368421052632,1.0,1.0,1.0,1.0,1.0,0.0,0.0,1.0,1.0,1.0,1.0,1.0,0.0,0.0,39.0,0.06399351348411561,0.049557898412383214,0.012987012987012988,0.12987012987012986,0.0,0.5,4.0,0.25,0.25,0.0,1.0,0.039473684210526314,0.039473684210526314,distant_isomer
JDIVQBZATSTPRV,T2_tims,137,True,0.040152129823682554,1.0,1.0,1.0,1.0,1.0,0.0,0.0,34.0,0.07148287175188402,0.05695459966796279,0.014925373134328358,0.14925373134328357,0.0,0.32673267326732675,4.0,0.25,0.25,0.0,1.0,0.0297029702970297,0.0297029702970297,1.0,1.0,1.0,1.0,1.0,0.0,0.0,86.5,0.013275101635565178,0.0,0.0,0.0,0.0,0.5,3.0,0.3333333333333333,0.3333333333333333,0.0,1.0,0.019801980198019802,0.019801980198019802,correct
JDRFWFMSZYWXLG,T2_tims,265,True,0.02324087206294474,6.0,0.16666666666666666,0.16666666666666666,0.0,1.0,0.020080321285140562,0.020080321285140562,61.0,0.04443911363771333,0.03153684444424386,0.008264462809917356,0.08264462809917356,0.0,0.24096385542168675,4.0,0.25,0.25,0.0,1.0,0.012048192771084338,0.012048192771084338,1.0,1.0,1.0,1.0,1.0,0.0,0.0,125.5,0.024402700997730318,0.015263832711014029,0.004,0.04,0.0,0.5,4.0,0.25,0.25,0.0,1.0,0.012048192771084338,0.012048192771084338,distant_isomer
JDUWHZOLEDOQSR,T1_np,5,True,0.45666666666666667,4.0,0.25,0.25,0.0,1.0,0.5,0.5,1.5,0.75,0.75,0.5,1.0,0.0,0.25,3.0,0.3333333333333333,0.3333333333333333,0.0,1.0,0.5,0.5,2.0,0.5,0.5,0.0,1.0,0.0,0.0,2.0,0.611111111111111,0.611111111111111,0.3333333333333333,1.0,0.0,0.5,3.0,0.3333333333333333,0.3333333333333333,0.0,1.0,1.0,1.0,unrelated
JFFUWROQEQCKJS,T2_tims,179,True,0.03222006796651085,5.0,0.2,0.2,0.0,1.0,0.022727272727272728,0.022727272727272728,59.5,0.037445319106933946,0.024275501532357815,0.0,0.07758620689655173,0.0,0.32670454545454547,1.0,1.0,1.0,1.0,1.0,0.0,0.0,1.0,1.0,1.0,1.0,1.0,0.0,0.0,59.5,0.037445319106933946,0.024275501532357815,0.0,0.07758620689655173,0.0,0.32670454545454547,1.0,1.0,1.0,1.0,1.0,0.0,0.0,distant_isomer
JFNYWMLWQSBGQC,T2_tims,515,True,0.01324728762165662,61.0,0.01639344262295082,0.0,0.0,0.0,0.20704845814977973,0.20704845814977973,135.5,0.008940854553147548,0.0,0.0,0.0,0.19383259911894274,0.5925110132158591,1.0,1.0,1.0,1.0,1.0,0.0,0.0,1.0,1.0,1.0,1.0,1.0,0.0,0.0,114.5,0.026354178391481787,0.016736658674357488,0.0043859649122807015,0.043859649122807015,0.0,0.5,1.0,1.0,1.0,1.0,1.0,0.0,0.0,distant_isomer
JFPYVSGALWQPHI,T2_tims,215,True,0.027675244054196135,27.0,0.037037037037037035,0.0,0.0,0.0,0.12264150943396226,0.12264150943396226,74.5,0.0376878548147381,0.02578350120103721,0.006756756756756757,0.06756756756756757,0.0,0.3466981132075472,1.0,1.0,1.0,1.0,1.0,0.0,0.0,1.0,1.0,1.0,1.0,1.0,0.0,0.0,107.0,0.02789133057119817,0.017915296609171395,0.004694835680751174,0.046948356807511735,0.0,0.5,1.0,1.0,1.0,1.0,1.0,0.0,0.0,distant_isomer
JHLZAPLHISKXEC,T2_tims,148,True,0.0376878548147381,1.0,1.0,1.0,1.0,1.0,0.0,0.0,113.0,0.008948543940623334,0.0,0.0,0.0,0.30303030303030304,0.6060606060606061,2.0,0.5,0.5,0.0,1.0,0.0,0.0,1.0,1.0,1.0,1.0,1.0,0.0,0.0,104.0,0.009970224301588618,0.0,0.0,0.0,0.0,0.5,1.0,1.0,1.0,1.0,1.0,0.0,0.0,correct
JHPCVZFMKPWJQJ,T2_tims,6,True,0.40833333333333327,3.0,0.3333333333333333,0.3333333333333333,0.0,1.0,0.4,0.4,3.0,0.45666666666666667,0.45666666666666667,0.2,1.0,0.0,0.4,4.0,0.26111111111111107,0.26111111111111107,0.0,1.0,0.4,0.6,4.0,0.26111111111111107,0.26111111111111107,0.0,1.0,0.4,0.6,3.5,0.40833333333333327,0.40833333333333327,0.16666666666666666,1.0,0.0,0.5,3.5,0.29166666666666663,0.29166666666666663,0.0,1.0,0.4,0.5,distant_isomer
JHUQHUZBWYMNES,T2_tims,85,True,0.0591263263584386,2.0,0.5,0.5,0.0,1.0,0.011904761904761904,0.011904761904761904,47.5,0.028904861664460883,0.012986709523490169,0.0,0.013157894736842105,0.10714285714285714,0.5535714285714286,2.0,0.5,0.5,0.0,1.0,0.011904761904761904,0.011904761904761904,6.0,0.16666666666666666,0.16666666666666666,0.0,1.0,0.05952380952380952,0.05952380952380952,43.0,0.0591263263584386,0.0448936256206295,0.011764705882352941,0.11764705882352941,0.0,0.5,3.0,0.3333333333333333,0.3333333333333333,0.0,1.0,0.023809523809523808,0.023809523809523808,distant_isomer
JJFRFQFOUGXCGP,T2_tims,142,True,0.03898985715849271,8.0,0.125,0.125,0.0,1.0,0.051470588235294115,0.051470588235294115,69.0,0.040152129823682554,0.027853709326667937,0.0072992700729927005,0.072992700729927,0.0,0.5,1.0,1.0,1.0,1.0,1.0,0.0,0.0,1.0,1.0,1.0,1.0,1.0,0.0,0.0,69.0,0.040152129823682554,0.027853709326667937,0.0072992700729927005,0.072992700729927,0.0,0.5,1.0,1.0,1.0,1.0,1.0,0.0,0.0,distant_isomer
JJGZJIYABRFPKP,T2_tims,4,True,0.5208333333333333,2.0,0.5,0.5,0.0,1.0,0.5,0.5,2.5,0.41666666666666663,0.41666666666666663,0.0,1.0,0.5,0.75,1.0,1.0,1.0,1.0,1.0,0.0,0.0,1.0,1.0,1.0,1.0,1.0,0.0,0.0,2.0,0.611111111111111,0.611111111111111,0.3333333333333333,1.0,0.0,0.5,1.0,1.0,1.0,1.0,1.0,0.0,0.0,distant_isomer
JJSAPXJZAOBVGA,T2_tims,39,True,0.10906520612657374,1.0,1.0,1.0,1.0,1.0,0.0,0.0,1.5,0.75,0.75,0.5,1.0,0.0,0.5,1.5,0.75,0.75,0.5,1.0,0.0,0.5,1.5,0.75,0.75,0.5,1.0,0.0,0.5,1.5,0.75,0.75,0.5,1.0,0.0,0.5,1.5,0.75,0.75,0.5,1.0,0.0,0.5,correct
JMHZCXGIJDYGHH,T2_tims,395,True,0.016600928401228777,24.0,0.041666666666666664,0.041666666666666664,0.0,0.0,0.08394160583941605,0.08394160583941605,165.5,0.007219928839602569,0.0,0.0,0.0,0.20802919708029197,0.6003649635036497,2.0,0.5,0.5,0.0,1.0,0.0036496350364963502,0.0036496350364963502,5.0,0.2,0.2,0.0,1.0,0.014598540145985401,0.014598540145985401,138.0,0.02253019579076134,0.013876211555467298,0.0036363636363636364,0.03636363636363636,0.0,0.5,1.0,1.0,1.0,1.0,1.0,0.0,0.0,distant_isomer
JMTSWYGKMMTQOI,T2_tims,17,True,0.20232661897886814,4.0,0.25,0.25,0.0,1.0,0.1875,0.1875,6.5,0.25860088985088986,0.25860088985088986,0.08333333333333333,0.8333333333333334,0.0,0.34375,1.0,1.0,1.0,1.0,1.0,0.0,0.0,1.0,1.0,1.0,1.0,1.0,0.0,0.0,9.0,0.20232661897886814,0.20232661897886814,0.058823529411764705,0.5882352941176471,0.0,0.5,1.0,1.0,1.0,1.0,1.0,0.0,0.0,distant_isomer
JMXKLPZBNSVUCF,T2_tims,42,True,0.10301768587257949,5.0,0.2,0.2,0.0,1.0,0.09523809523809523,0.09523809523809523,19.5,0.051680709498046956,0.051680709498046956,0.0,0.0,0.7619047619047619,0.8809523809523809,1.0,1.0,1.0,1.0,1.0,0.0,0.0,2.0,0.5,0.5,0.0,1.0,0.047619047619047616,0.047619047619047616,11.5,0.16776423864623977,0.16776423864623977,0.045454545454545456,0.45454545454545453,0.0,0.5,1.0,1.0,1.0,1.0,1.0,0.0,0.0,unrelated
JNCYQEIQNSZTKA,T2_tims,219,True,0.027253738640281456,122.0,0.00819672131147541,0.0,0.0,0.0,0.5576036866359447,0.5576036866359447,22.5,0.07976187191909112,0.0670466232798454,0.0,0.21428571428571427,0.0,0.0944700460829493,1.0,1.0,1.0,1.0,1.0,0.0,0.0,1.0,1.0,1.0,1.0,1.0,0.0,0.0,109.5,0.027357809872366867,0.017504395310795905,0.0045871559633027525,0.045871559633027525,0.0,0.5,1.0,1.0,1.0,1.0,1.0,0.0,0.0,distant_isomer
JNWQLNZVLQDSSC,T2_tims,186,True,0.031213161838217183,2.0,0.5,0.5,0.0,1.0,0.0056179775280898875,0.0056179775280898875,91.0,0.012016880096729679,0.0,0.0,0.0,0.2247191011235955,0.47191011235955055,1.0,1.0,1.0,1.0,1.0,0.0,0.0,1.0,1.0,1.0,1.0,1.0,0.0,0.0,96.0,0.01871660199900768,0.0076310512723659595,0.0,0.0223463687150838,0.0,0.5,1.0,1.0,1.0,1.0,1.0,0.0,0.0,distant_isomer
JOGBZSMTKHODLL,T2_tims,40,True,0.1069635759734094,4.0,0.25,0.25,0.0,1.0,0.08108108108108109,0.08108108108108109,12.0,0.16236050048203654,0.16236050048203654,0.043478260869565216,0.43478260869565216,0.0,0.2972972972972973,7.0,0.14285714285714285,0.14285714285714285,0.0,1.0,0.16216216216216217,0.16216216216216217,8.0,0.125,0.125,0.0,1.0,0.1891891891891892,0.1891891891891892,19.5,0.11126057929724605,0.10041995204614493,0.02631578947368421,0.2631578947368421,0.0,0.5,6.0,0.16666666666666666,0.16666666666666666,0.0,1.0,0.13513513513513514,0.13513513513513514,distant_isomer
JOKVZIVCFLFDGU,T2_tims,22,True,0.16776423864623977,1.0,1.0,1.0,1.0,1.0,0.0,0.0,18.0,0.05567022130489622,0.05567022130489622,0.0,0.0,0.0,0.5,2.0,0.5,0.5,0.0,1.0,0.5,0.5,1.0,1.0,1.0,1.0,1.0,0.0,0.0,18.0,0.05567022130489622,0.05567022130489622,0.0,0.0,0.0,0.5,2.0,0.5,0.5,0.0,1.0,0.5,0.5,correct
JPDTYDPXYQZPDR,T2_tims,13,True,0.24462567347182732,7.0,0.14285714285714285,0.14285714285714285,0.0,1.0,0.75,0.75,3.0,0.45666666666666667,0.45666666666666667,0.2,1.0,0.0,0.25,1.0,1.0,1.0,1.0,1.0,0.0,0.0,1.0,1.0,1.0,1.0,1.0,0.0,0.0,5.0,0.31432980599647264,0.31432980599647264,0.1111111111111111,1.0,0.0,0.5,1.0,1.0,1.0,1.0,1.0,0.0,0.0,distant_isomer
JPJHHRJYHBRUSD,T2_tims,49,True,0.09141235384345764,1.0,1.0,1.0,1.0,1.0,0.0,0.0,34.0,0.031415776480015076,0.009248914503787068,0.0,0.0,0.034482758620689655,0.5172413793103449,1.0,1.0,1.0,1.0,1.0,0.0,0.0,2.0,0.5,0.5,0.0,1.0,0.034482758620689655,0.034482758620689655,30.5,0.035890637410744296,0.016590972817483788,0.0,0.0,0.0,0.5,1.0,1.0,1.0,1.0,1.0,0.0,0.0,correct
JPJUCNSFNZNJFY,T2_tims,251,True,0.02432135184532908,3.0,0.3333333333333333,0.3333333333333333,0.0,1.0,0.008,0.008,157.5,0.007321241539743777,0.0,0.0,0.0,0.252,0.626,9.0,0.1111111111111111,0.1111111111111111,0.0,1.0,0.032,0.032,7.0,0.14285714285714285,0.14285714285714285,0.0,1.0,0.024,0.024,126.0,0.02432135184532908,0.01520302062850003,0.00398406374501992,0.0398406374501992,0.0,0.5,9.0,0.1111111111111111,0.1111111111111111,0.0,1.0,0.032,0.032,distant_isomer
JQYAWQSVQLQYCJ,T2_tims,8,True,0.3397321428571428,2.0,0.5,0.5,0.0,1.0,0.3333333333333333,0.3333333333333333,6.0,0.16984126984126982,0.16984126984126982,0.0,1.0,0.3333333333333333,0.6666666666666666,2.0,0.5,0.5,0.0,1.0,0.3333333333333333,0.3333333333333333,2.0,0.5,0.5,0.0,1.0,0.3333333333333333,0.3333333333333333,5.5,0.18988095238095237,0.18988095238095237,0.0,1.0,0.0,0.5,2.0,0.5,0.5,0.0,1.0,0.3333333333333333,0.3333333333333333,distant_isomer
JRFXSGWCDJOATR,T2_tims,50,True,0.08998410676658848,1.0,1.0,1.0,1.0,1.0,0.0,0.0,42.0,0.024001212003635197,0.0,0.0,0.0,0.29411764705882354,0.6470588235294118,3.0,0.3333333333333333,0.3333333333333333,0.0,1.0,0.11764705882352941,0.11764705882352941,4.0,0.25,0.25,0.0,1.0,0.17647058823529413,0.17647058823529413,39.5,0.025767224674651545,0.0,0.0,0.0,0.0,0.5,4.0,0.25,0.25,0.0,1.0,0.17647058823529413,0.17647058823529413,correct
JRIONJLRRRFQHS,T2_tims,128,True,0.04244646166085291,6.0,0.16666666666666666,0.16666666666666666,0.0,1.0,0.041666666666666664,0.041666666666666664,53.5,0.049484569090327175,0.03599960545050478,0.009433962264150943,0.09433962264150944,0.0,0.4375,5.0,0.2,0.2,0.0,1.0,0.03333333333333333,0.03333333333333333,5.0,0.2,0.2,0.0,1.0,0.03333333333333333,0.03333333333333333,61.0,0.04443911363771333,0.03153684444424386,0.008264462809917356,0.08264462809917356,0.0,0.5,3.0,0.3333333333333333,0.3333333333333333,0.0,1.0,0.016666666666666666,0.016666666666666666,distant_isomer
JRLKPGRYPCZYNG,T2_tims,62,True,0.07600633690052827,2.0,0.5,0.5,0.0,1.0,0.023255813953488372,0.023255813953488372,34.5,0.034278606285739824,0.016198806807791562,0.0,0.0,0.0,0.5,3.0,0.3333333333333333,0.3333333333333333,0.0,1.0,0.046511627906976744,0.046511627906976744,2.0,0.5,0.5,0.0,1.0,0.023255813953488372,0.023255813953488372,34.5,0.034278606285739824,0.016198806807791562,0.0,0.0,0.0,0.5,2.0,0.5,0.5,0.0,1.0,0.023255813953488372,0.023255813953488372,near_isomer
JSKCKUOEMHYUMU,T2_tims,157,True,0.03590218345757701,24.0,0.041666666666666664,0.041666666666666664,0.0,0.0,0.152317880794702,0.152317880794702,27.0,0.08597946934388208,0.07199921090100957,0.018867924528301886,0.18867924528301888,0.0,0.17218543046357615,1.0,1.0,1.0,1.0,1.0,0.0,0.0,2.0,0.5,0.5,0.0,1.0,0.006622516556291391,0.006622516556291391,80.5,0.023335131860228057,0.011398847660659036,0.0,0.039473684210526314,0.0,0.5,1.0,1.0,1.0,1.0,1.0,0.0,0.0,distant_isomer
JSLHDUFJTMHYIL,T2_tims,60,True,0.07799784021586229,1.0,1.0,1.0,1.0,1.0,0.0,0.0,44.5,0.023521855437042802,0.0,0.0,0.0,0.43636363636363634,0.7181818181818181,1.0,1.0,1.0,1.0,1.0,0.0,0.0,1.0,1.0,1.0,1.0,1.0,0.0,0.0,29.5,0.06480380740057774,0.05028496745988405,0.0,0.16071428571428573,0.0,0.5,1.0,1.0,1.0,1.0,1.0,0.0,0.0,correct
JSNOSSCAQRNJKJ,T2_tims,107,True,0.049109440354833674,14.0,0.07142857142857142,0.07142857142857142,0.0,0.0,0.12380952380952381,0.12380952380952381,33.0,0.037925555336488864,0.02099978561245219,0.0,0.02127659574468085,0.08571428571428572,0.3047619047619048,6.0,0.16666666666666666,0.16666666666666666,0.0,1.0,0.047619047619047616,0.047619047619047616,12.0,0.08333333333333333,0.08333333333333333,0.0,0.0,0.10476190476190476,0.10476190476190476,53.5,0.049484569090327175,0.03599960545050478,0.009433962264150943,0.09433962264150944,0.0,0.5,9.0,0.1111111111111111,0.1111111111111111,0.0,1.0,0.0761904761904762,0.0761904761904762,distant_isomer
JSPUKMIOVRVNQN,T2_tims,3,False,0.611111111111111,1.0,1.0,1.0,1.0,1.0,,,3.0,0.3333333333333333,0.3333333333333333,0.0,1.0,,,1.0,1.0,1.0,1.0,1.0,,,1.0,1.0,1.0,1.0,1.0,,,3.0,0.3333333333333333,0.3333333333333333,0.0,1.0,,,1.0,1.0,1.0,1.0,1.0,,,correct
JSYIECYFZLADIE,T2_tims,13,False,0.24462567347182732,1.0,1.0,1.0,1.0,1.0,,,1.0,1.0,1.0,1.0,1.0,,,1.0,1.0,1.0,1.0,1.0,,,1.0,1.0,1.0,1.0,1.0,,,2.0,0.5,0.5,0.0,1.0,,,1.0,1.0,1.0,1.0,1.0,,,correct
JTHCJSAANGILSP,T2_tims,18,True,0.1941726710109063,3.0,0.3333333333333333,0.3333333333333333,0.0,1.0,0.0,0.0,4.5,0.3397321428571428,0.3397321428571428,0.125,1.0,0.0,0.5,1.0,1.0,1.0,1.0,1.0,0.0,0.0,1.0,1.0,1.0,1.0,1.0,0.0,0.0,4.5,0.3397321428571428,0.3397321428571428,0.125,1.0,0.0,0.5,1.0,1.0,1.0,1.0,1.0,0.0,0.0,unrelated
JTHLQONBOAMQJT,T2_tims,69,True,0.06983407309206316,2.0,0.5,0.5,0.0,1.0,0.02,0.02,26.5,0.07037626362933361,0.056319163555070134,0.0,0.18,0.02,0.51,11.0,0.09090909090909091,0.09090909090909091,0.0,0.0,0.2,0.2,6.0,0.16666666666666666,0.16666666666666666,0.0,1.0,0.1,0.1,26.0,0.0886041800287584,0.07482270936771583,0.0196078431372549,0.19607843137254902,0.0,0.5,6.0,0.16666666666666666,0.16666666666666666,0.0,1.0,0.1,0.1,distant_isomer
JURNAHYOFWRLTI,T2_tims,174,True,0.03298357341889859,2.0,0.5,0.5,0.0,1.0,0.011764705882352941,0.011764705882352941,103.0,0.009815127448064441,0.0,0.0,0.0,0.011764705882352941,0.2235294117647059,22.0,0.045454545454545456,0.045454545454545456,0.0,0.0,0.11764705882352941,0.11764705882352941,10.0,0.1,0.1,0.0,1.0,0.10588235294117647,0.10588235294117647,126.5,0.008232578712845048,0.0,0.0,0.0,0.0,0.5,23.0,0.043478260869565216,0.043478260869565216,0.0,0.0,0.21176470588235294,0.21176470588235294,distant_isomer
JUVIOZPCNVVQFO,T1_np,112,True,0.047322965881085345,72.0,0.013888888888888888,0.0,0.0,0.0,0.6826923076923077,0.6826923076923077,19.0,0.1135563844276126,0.10313400480414885,0.02702702702702703,0.2702702702702703,0.0,0.17307692307692307,88.0,0.011363636363636364,0.0,0.0,0.0,0.8173076923076923,0.8173076923076923,102.0,0.00980392156862745,0.0,0.0,0.0,0.9326923076923077,0.9326923076923077,53.0,0.049866003441052666,0.03634245883574769,0.009523809523809525,0.09523809523809523,0.0,0.5,87.0,0.011494252873563218,0.0,0.0,0.0,0.8076923076923077,0.8076923076923077,distant_isomer
JVGVGPIQNBJFAK,T2_tims,147,True,0.03789827044778559,117.0,0.008547008547008548,0.0,0.0,0.0,0.8055555555555556,0.8055555555555556,122.5,0.008261221783215944,0.0,0.0,0.0,0.6875,0.84375,1.0,1.0,1.0,1.0,1.0,0.0,0.0,1.0,1.0,1.0,1.0,1.0,0.0,0.0,73.0,0.03832685323908658,0.02631695295002419,0.006896551724137931,0.06896551724137931,0.0,0.5,1.0,1.0,1.0,1.0,1.0,0.0,0.0,distant_isomer
JWEVSDALRSPVCB,T2_tims,75,True,0.06535140840737395,2.0,0.5,0.5,0.0,1.0,0.0136986301369863,0.0136986301369863,18.5,0.06707353315781489,0.0589471094007759,0.0,0.19230769230769232,0.0684931506849315,0.23972602739726026,1.0,1.0,1.0,1.0,1.0,0.0,0.0,1.0,1.0,1.0,1.0,1.0,0.0,0.0,37.5,0.06605435536783397,0.05156700240207442,0.013513513513513514,0.13513513513513514,0.0,0.5,1.0,1.0,1.0,1.0,1.0,0.0,0.0,distant_isomer
JXLYSJRDGCGARV,T1_np,10,True,0.2928968253968254,1.0,1.0,1.0,1.0,1.0,0.0,0.0,4.0,0.29,0.29,0.0,1.0,0.2,0.6,4.5,0.2654761904761905,0.2654761904761905,0.0,1.0,0.0,0.5,5.5,0.20297619047619045,0.20297619047619045,0.0,1.0,0.0,0.5,4.5,0.2654761904761905,0.2654761904761905,0.0,1.0,0.0,0.5,5.0,0.20555555555555557,0.20555555555555557,0.0,1.0,0.4,0.6,correct
JXRFHRFEJALTTE,T2_tims,40,True,0.1069635759734094,2.0,0.5,0.5,0.0,1.0,0.08333333333333333,0.08333333333333333,23.0,0.0446865234121588,0.0334791680403472,0.0,0.0,0.0,0.5,2.0,0.5,0.5,0.0,1.0,0.08333333333333333,0.08333333333333333,1.0,1.0,1.0,1.0,1.0,0.0,0.0,11.0,0.10432455302364804,0.10432455302364804,0.0,0.46153846153846156,0.0,0.5,1.0,1.0,1.0,1.0,1.0,0.0,0.0,near_isomer
JXSVIVRDWWRQRT,T1_np,215,True,0.027675244054196135,10.0,0.1,0.1,0.0,1.0,0.04205607476635514,0.04205607476635514,116.0,0.0123752275587605,0.0013897332674084196,0.0,0.0,0.08878504672897196,0.5373831775700935,88.0,0.011364614764459787,0.0,0.0,0.0,0.40186915887850466,0.40654205607476634,75.0,0.013334913861229652,0.0,0.0,0.0,0.3411214953271028,0.34579439252336447,108.0,0.027675244054196135,0.017748642687225615,0.004651162790697674,0.046511627906976744,0.0,0.5,64.0,0.015627543752543754,0.0,0.0,0.0,0.2897196261682243,0.29439252336448596,near_isomer
JYAKTPSBJZVGTQ,T2_tims,91,True,0.05597318256964315,1.0,1.0,1.0,1.0,1.0,0.0,0.0,44.0,0.02706282737438984,0.008732090956570415,0.0,0.0,0.1590909090909091,0.4772727272727273,2.0,0.5,0.5,0.0,1.0,0.011363636363636364,0.011363636363636364,4.0,0.25,0.25,0.0,1.0,0.03409090909090909,0.03409090909090909,45.0,0.056982690918397805,0.04287593458150008,0.011235955056179775,0.11235955056179775,0.0,0.5,1.0,1.0,1.0,1.0,1.0,0.0,0.0,correct
JYGXADMDTFJGBT,T1_np,226,True,0.026548501867265283,31.0,0.03225806451612903,0.0,0.0,0.0,0.1382488479262673,0.1382488479262673,175.5,0.005816300797069577,0.0,0.0,0.0,0.6082949308755761,0.804147465437788,64.0,0.015625,0.0,0.0,0.0,0.2903225806451613,0.2903225806451613,91.0,0.01098901098901099,0.0,0.0,0.0,0.4147465437788018,0.4147465437788018,109.5,0.027357809872366867,0.017504395310795905,0.0045871559633027525,0.045871559633027525,0.0,0.5,18.0,0.05555555555555555,0.05555555555555555,0.0,0.0,0.07834101382488479,0.07834101382488479,distant_isomer
JYXSWDCPHRTYGU,T1_np,179,True,0.03222006796651085,9.5,0.10555555555555556,0.10555555555555556,0.0,1.0,0.045454545454545456,0.048295454545454544,114.5,0.009820431863745255,0.0,0.0,0.0,0.2897727272727273,0.6448863636363636,105.5,0.009478885893980233,0.0,0.0,0.0,0.5909090909090909,0.59375,96.5,0.010362972508591065,0.0,0.0,0.0,0.5284090909090909,0.53125,89.0,0.032520833877393115,0.021559085750019816,0.005649717514124294,0.05649717514124294,0.0,0.5,103.5,0.009662061239731142,0.0,0.0,0.0,0.5738636363636364,0.5767045454545454,near_isomer
JZGLQMHTXMFZFM,T2_tims,459,True,0.01461297342927733,4.0,0.25,0.25,0.0,1.0,0.006593406593406593,0.006593406593406593,259.5,0.005088707894093173,0.0,0.0,0.0,0.12527472527472527,0.5615384615384615,1.0,1.0,1.0,1.0,1.0,0.0,0.0,1.0,1.0,1.0,1.0,1.0,0.0,0.0,260.5,0.0050529923328231285,0.0,0.0,0.0,0.12747252747252746,0.5637362637362637,1.0,1.0,1.0,1.0,1.0,0.0,0.0,distant_isomer
JZKYNQADKGCDHZ,T2_tims,157,True,0.03590218345757701,2.0,0.5,0.5,0.0,1.0,0.006622516556291391,0.006622516556291391,140.5,0.007134789999142452,0.0,0.0,0.0,0.847682119205298,0.9238410596026491,1.0,1.0,1.0,1.0,1.0,0.0,0.0,1.0,1.0,1.0,1.0,1.0,0.0,0.0,76.5,0.0368709345563723,0.025104988011536232,0.006578947368421052,0.06578947368421052,0.0,0.5,1.0,1.0,1.0,1.0,1.0,0.0,0.0,distant_isomer
JZQKWODQQBQGED,T2_tims,168,True,0.03395329096560432,36.0,0.027777777777777776,0.0,0.0,0.0,0.26119402985074625,0.26119402985074625,95.5,0.012482617557258388,0.0,0.0,0.0,0.014925373134328358,0.47388059701492535,1.0,1.0,1.0,1.0,1.0,0.0,0.0,1.0,1.0,1.0,1.0,1.0,0.0,0.0,99.0,0.012333090976892811,0.0,0.0,0.0,0.0,0.5,1.0,1.0,1.0,1.0,1.0,0.0,0.0,distant_isomer
JZUFQMZULDZDLF,T2_tims,50,True,0.08998410676658848,2.0,0.5,0.5,0.0,1.0,0.05555555555555555,0.05555555555555555,9.5,0.15247203266504739,0.15247203266504739,0.0,0.5625,0.0,0.4166666666666667,1.0,1.0,1.0,1.0,1.0,0.0,0.0,1.0,1.0,1.0,1.0,1.0,0.0,0.0,10.0,0.18672313984966749,0.18672313984966749,0.05263157894736842,0.5263157894736842,0.0,0.5,1.0,1.0,1.0,1.0,1.0,0.0,0.0,distant_isomer
KBDSLGBFQAGHBE,T1_np,73,True,0.0667740929274822,12.0,0.08333333333333333,0.08333333333333333,0.0,0.0,0.1774193548387097,0.1774193548387097,29.5,0.03863166375810077,0.020963161751259667,0.0,0.0,0.1935483870967742,0.4596774193548387,56.0,0.017860940229361282,0.0,0.0,0.0,0.7096774193548387,0.7258064516129032,70.0,0.014287658317052072,0.0,0.0,0.0,0.9516129032258065,0.967741935483871,32.0,0.0750518397413614,0.060570764726246146,0.015873015873015872,0.15873015873015872,0.0,0.5,28.0,0.0357446937906708,0.0,0.0,0.0,0.3709677419354839,0.3870967741935484,distant_isomer
KCNJGYVLECIPMT,T2_tims,111,True,0.04766886132660348,2.0,0.5,0.5,0.0,1.0,0.009708737864077669,0.009708737864077669,52.0,0.05064845793370229,0.037048137648092304,0.009708737864077669,0.0970873786407767,0.0,0.49514563106796117,1.0,1.0,1.0,1.0,1.0,0.0,0.0,1.0,1.0,1.0,1.0,1.0,0.0,0.0,59.5,0.02594602369611388,0.011760586874003498,0.0,0.028846153846153848,0.0,0.5,1.0,1.0,1.0,1.0,1.0,0.0,0.0,distant_isomer
KCXZIHCGYKWRST,T2_tims,61,True,0.07698793205860144,23.0,0.043478260869565216,0.043478260869565216,0.0,0.0,0.36666666666666664,0.36666666666666664,31.0,0.07698793205860144,0.06255669143858208,0.01639344262295082,0.16393442622950818,0.0,0.5,4.0,0.25,0.25,0.0,1.0,0.05,0.05,4.0,0.25,0.25,0.0,1.0,0.05,0.05,31.0,0.07698793205860144,0.06255669143858208,0.01639344262295082,0.16393442622950818,0.0,0.5,1.0,1.0,1.0,1.0,1.0,0.0,0.0,distant_isomer
KDNLMBBGKLANKX,T2_tims,124,True,0.043560677975037355,6.0,0.16666666666666666,0.16666666666666666,0.0,1.0,0.04065040650406504,0.04065040650406504,62.5,0.043560677975037355,0.030773856272205705,0.008064516129032258,0.08064516129032258,0.0,0.5,1.0,1.0,1.0,1.0,1.0,0.0,0.0,1.0,1.0,1.0,1.0,1.0,0.0,0.0,62.5,0.043560677975037355,0.030773856272205705,0.008064516129032258,0.08064516129032258,0.0,0.5,1.0,1.0,1.0,1.0,1.0,0.0,0.0,distant_isomer
KDUWTXYAVFTJAR,T2_tims,58,True,0.08010783782314995,1.0,1.0,1.0,1.0,1.0,0.0,0.0,25.5,0.0414276212893934,0.024886459226225684,0.0,0.0,0.1951219512195122,0.4268292682926829,1.0,1.0,1.0,1.0,1.0,0.0,0.0,1.0,1.0,1.0,1.0,1.0,0.0,0.0,29.5,0.042413052273149586,0.026145262735627714,0.0,0.047619047619047616,0.0,0.5,1.0,1.0,1.0,1.0,1.0,0.0,0.0,correct
KEEHUNXTVYNQRL,T2_tims,6,True,0.40833333333333327,2.0,0.5,0.5,0.0,1.0,0.0,0.0,3.0,0.3333333333333333,0.3333333333333333,0.0,1.0,1.0,1.0,1.0,1.0,1.0,1.0,1.0,0.0,0.0,1.0,1.0,1.0,1.0,1.0,0.0,0.0,2.0,0.611111111111111,0.611111111111111,0.3333333333333333,1.0,0.0,0.5,1.0,1.0,1.0,1.0,1.0,0.0,0.0,unrelated
KEWVZMXYLCNVMS,T2_tims,43,False,0.10116275861864714,37.0,0.02702702702702703,0.0,0.0,0.0,,,16.0,0.0625,0.0625,0.0,0.0,,,1.0,1.0,1.0,1.0,1.0,,,1.0,1.0,1.0,1.0,1.0,,,12.0,0.08333333333333333,0.08333333333333333,0.0,0.0,,,1.0,1.0,1.0,1.0,1.0,,,unrelated
KFIHQZYUPVMFAD,T2_tims,60,True,0.07799784021586229,3.0,0.3333333333333333,0.3333333333333333,0.0,1.0,0.2,0.2,2.5,0.5208333333333333,0.5208333333333333,0.25,1.0,0.0,0.15,1.0,1.0,1.0,1.0,1.0,0.0,0.0,3.0,0.3333333333333333,0.3333333333333333,0.0,1.0,0.2,0.2,31.0,0.03260009264010293,0.0,0.0,0.0,0.0,0.5,3.0,0.3333333333333333,0.3333333333333333,0.0,1.0,0.2,0.2,near_isomer
KGFMAIKPCYAEBE,T2_tims,50,True,0.08998410676658848,2.0,0.5,0.5,0.0,1.0,0.022222222222222223,0.022222222222222223,23.5,0.09601494013013269,0.08295561255985885,0.021739130434782608,0.21739130434782608,0.0,0.5,1.5,0.75,0.75,0.5,1.0,0.0,0.011111111111111112,2.0,0.5,0.5,0.0,1.0,0.022222222222222223,0.022222222222222223,23.5,0.09601494013013269,0.08295561255985885,0.021739130434782608,0.21739130434782608,0.0,0.5,2.0,0.5,0.5,0.0,1.0,0.022222222222222223,0.022222222222222223,distant_isomer
KHDRUKRSGFZOLR,T2_tims,77,True,0.06399351348411561,1.0,1.0,1.0,1.0,1.0,0.0,0.0,39.0,0.06399351348411561,0.049557898412383214,0.012987012987012988,0.12987012987012986,0.0,0.5,1.0,1.0,1.0,1.0,1.0,0.0,0.0,1.0,1.0,1.0,1.0,1.0,0.0,0.0,39.0,0.06399351348411561,0.049557898412383214,0.012987012987012988,0.12987012987012986,0.0,0.5,1.0,1.0,1.0,1.0,1.0,0.0,0.0,correct
KHXJYFJSOFCHEM,T2_tims,227,True,0.02645095466231527,8.0,0.125,0.125,0.0,1.0,0.03225806451612903,0.03225806451612903,115.0,0.013668341606640608,0.003132140012905181,0.0,0.0,0.018433179723502304,0.4838709677419355,2.0,0.5,0.5,0.0,1.0,0.004608294930875576,0.004608294930875576,2.0,0.5,0.5,0.0,1.0,0.004608294930875576,0.004608294930875576,109.5,0.027357809872366867,0.017504395310795905,0.0045871559633027525,0.045871559633027525,0.0,0.5,1.0,1.0,1.0,1.0,1.0,0.0,0.0,distant_isomer
KIFFAWXKGNFRDH,T2_tims,17,True,0.20232661897886814,3.0,0.3333333333333333,0.3333333333333333,0.0,1.0,0.4,0.4,13.5,0.07458791208791209,0.07458791208791209,0.0,0.0,0.2,0.5,1.0,1.0,1.0,1.0,1.0,0.0,0.0,1.0,1.0,1.0,1.0,1.0,0.0,0.0,14.5,0.06994586296056884,0.06994586296056884,0.0,0.0,0.0,0.5,3.0,0.3333333333333333,0.3333333333333333,0.0,1.0,0.4,0.4,near_isomer
KJLMPABUMBFPQQ,T2_tims,108,True,0.048740457196541326,91.0,0.01098901098901099,0.0,0.0,0.0,0.9041095890410958,0.9041095890410958,82.5,0.012121657361151925,0.0,0.0,0.0,0.9726027397260274,0.9794520547945206,1.0,1.0,1.0,1.0,1.0,0.0,0.0,2.0,0.5,0.5,0.0,1.0,0.0,0.0,47.5,0.028175740278603704,0.011986350321422336,0.0,0.0,0.0,0.5,1.0,1.0,1.0,1.0,1.0,0.0,0.0,distant_isomer
KKRXDNYRUZGPFM,T1_np,16,True,0.22121526621526624,3.0,0.3333333333333333,0.3333333333333333,0.0,1.0,0.14285714285714285,0.14285714285714285,8.0,0.22121526621526624,0.22121526621526624,0.06666666666666667,0.6666666666666666,0.0,0.5,2.0,0.5,0.5,0.0,1.0,0.07142857142857142,0.07142857142857142,2.0,0.5,0.5,0.0,1.0,0.07142857142857142,0.07142857142857142,8.0,0.22121526621526624,0.22121526621526624,0.06666666666666667,0.6666666666666666,0.0,0.5,1.0,1.0,1.0,1.0,1.0,0.0,0.0,distant_isomer
KLENUWPQIKYQSW,T2_tims,388,True,0.016854404924667443,2.0,0.5,0.5,0.0,1.0,0.0025906735751295338,0.0025906735751295338,71.5,0.024375064034175577,0.011610794275910406,0.0,0.03787878787878788,0.012953367875647668,0.18264248704663213,26.0,0.038461538461538464,0.0,0.0,0.0,0.06476683937823834,0.06476683937823834,25.0,0.04,0.04,0.0,0.0,0.06217616580310881,0.06217616580310881,69.0,0.040152129823682554,0.027853709326667937,0.0072992700729927005,0.072992700729927,0.0,0.17616580310880828,22.0,0.045454545454545456,0.045454545454545456,0.0,0.0,0.054404145077720206,0.054404145077720206,near_isomer
KLLGGGQNRTVBSU,T1_np,100,True,0.05187377517639621,64.0,0.015625,0.0,0.0,0.0,0.6363636363636364,0.6363636363636364,50.5,0.05187377517639621,0.03815958177753507,0.01,0.1,0.0,0.5,3.0,0.3333333333333333,0.3333333333333333,0.0,1.0,0.020202020202020204,0.020202020202020204,13.0,0.07692307692307693,0.07692307692307693,0.0,0.0,0.12121212121212122,0.12121212121212122,50.5,0.05187377517639621,0.03815958177753507,0.01,0.1,0.0,0.5,14.0,0.07142857142857142,0.07142857142857142,0.0,0.0,0.13131313131313133,0.13131313131313133,distant_isomer
KMCHWTTVPGQFDP,T2_tims,5,True,0.45666666666666667,2.0,0.5,0.5,0.0,1.0,0.3333333333333333,0.3333333333333333,2.5,0.5208333333333333,0.5208333333333333,0.25,1.0,0.0,0.5,1.0,1.0,1.0,1.0,1.0,0.0,0.0,1.0,1.0,1.0,1.0,1.0,0.0,0.0,3.5,0.3208333333333333,0.3208333333333333,0.0,1.0,0.0,0.5,1.0,1.0,1.0,1.0,1.0,0.0,0.0,distant_isomer
KMRNKCXFBBKKOF,T2_tims,14,True,0.23225445189730906,1.0,1.0,1.0,1.0,1.0,0.0,0.0,3.5,0.29166666666666663,0.29166666666666663,0.0,1.0,0.0,0.25,1.0,1.0,1.0,1.0,1.0,0.0,0.0,1.0,1.0,1.0,1.0,1.0,0.0,0.0,2.0,0.611111111111111,0.611111111111111,0.3333333333333333,1.0,0.0,0.5,1.0,1.0,1.0,1.0,1.0,0.0,0.0,correct
KNDPKKJRSLRZKV,T2_tims,191,True,0.0305345791084159,2.0,0.5,0.5,0.0,1.0,0.005319148936170213,0.005319148936170213,136.5,0.007493169148625151,0.0,0.0,0.0,0.5372340425531915,0.7207446808510638,3.0,0.3333333333333333,0.3333333333333333,0.0,1.0,0.010638297872340425,0.010638297872340425,3.0,0.3333333333333333,0.3333333333333333,0.0,1.0,0.010638297872340425,0.010638297872340425,95.0,0.03080214735300772,0.020190254908748716,0.005291005291005291,0.05291005291005291,0.0,0.5,3.0,0.3333333333333333,0.3333333333333333,0.0,1.0,0.010638297872340425,0.010638297872340425,near_isomer
KOUBXGASZCGCSK,T2_tims,77,True,0.06399351348411561,2.0,0.5,0.5,0.0,1.0,0.0,0.0,5.0,0.31432980599647264,0.31432980599647264,0.1111111111111111,1.0,0.0,0.5,1.0,1.0,1.0,1.0,1.0,0.0,0.0,1.0,1.0,1.0,1.0,1.0,0.0,0.0,5.0,0.31432980599647264,0.31432980599647264,0.1111111111111111,1.0,0.0,0.5,1.0,1.0,1.0,1.0,1.0,0.0,0.0,other
KPYSYYIEGFHWSV,T1_np,7,True,0.37040816326530607,7.0,0.14285714285714285,0.14285714285714285,0.0,1.0,1.0,1.0,4.0,0.37040816326530607,0.37040816326530607,0.14285714285714285,1.0,0.0,0.5,2.0,0.5,0.5,0.0,1.0,0.16666666666666666,0.16666666666666666,1.0,1.0,1.0,1.0,1.0,0.0,0.0,4.0,0.37040816326530607,0.37040816326530607,0.14285714285714285,1.0,0.0,0.5,1.0,1.0,1.0,1.0,1.0,0.0,0.0,distant_isomer
KQDKCTXKLYWCQA,T2_tims,100,True,0.05187377517639621,2.0,0.5,0.5,0.0,1.0,0.06666666666666667,0.06666666666666667,50.0,0.020032089891378047,0.0,0.0,0.0,0.0,0.2,2.0,0.5,0.5,0.0,1.0,0.06666666666666667,0.06666666666666667,3.0,0.3333333333333333,0.3333333333333333,0.0,1.0,0.13333333333333333,0.13333333333333333,54.5,0.018481602615415524,0.0,0.0,0.0,0.0,0.5,2.0,0.5,0.5,0.0,1.0,0.06666666666666667,0.06666666666666667,near_isomer
KQNZDYYTLMIZCT,T1_np,141,True,0.039216435907693886,18.0,0.05555555555555555,0.05555555555555555,0.0,0.0,0.12318840579710146,0.12318840579710146,70.0,0.03967829069971525,0.027452936530600772,0.007194244604316547,0.07194244604316546,0.0,0.5,58.0,0.01724479716728017,0.0,0.0,0.0,0.39855072463768115,0.4057971014492754,79.0,0.012659580222871364,0.0,0.0,0.0,0.5434782608695652,0.5507246376811594,70.0,0.03967829069971525,0.027452936530600772,0.007194244604316547,0.07194244604316546,0.0,0.5,18.0,0.05567022130489622,0.05567022130489622,0.0,0.0,0.11594202898550725,0.12318840579710146,distant_isomer
KSAGNJFXCBZTNX,T2_tims,160,True,0.03534694515587339,64.0,0.015625,0.0,0.0,0.0,0.3987341772151899,0.3987341772151899,81.0,0.029279944810941767,0.01771042879090256,0.0,0.05660377358490566,0.0,0.5,1.0,1.0,1.0,1.0,1.0,0.0,0.0,1.0,1.0,1.0,1.0,1.0,0.0,0.0,81.0,0.029279944810941767,0.01771042879090256,0.0,0.05660377358490566,0.0,0.5,1.0,1.0,1.0,1.0,1.0,0.0,0.0,distant_isomer
KSESCFZTYPOJHS,T2_tims,12,True,0.25860088985088986,1.0,1.0,1.0,1.0,1.0,0.0,0.0,4.0,0.37040816326530607,0.37040816326530607,0.14285714285714285,1.0,0.0,0.5,1.0,1.0,1.0,1.0,1.0,0.0,0.0,2.0,0.5,0.5,0.0,1.0,0.16666666666666666,0.16666666666666666,4.0,0.37040816326530607,0.37040816326530607,0.14285714285714285,1.0,0.0,0.5,1.0,1.0,1.0,1.0,1.0,0.0,0.0,correct
KSQNKZMAMGACTL,T1_np,36,True,0.11595997768873996,18.0,0.05555555555555555,0.05555555555555555,0.0,0.0,0.5,0.5,18.0,0.11847946911476746,0.10902737650724306,0.02857142857142857,0.2857142857142857,0.0,0.5,6.0,0.16666666666666666,0.16666666666666666,0.0,1.0,0.14705882352941177,0.14705882352941177,3.0,0.3333333333333333,0.3333333333333333,0.0,1.0,0.058823529411764705,0.058823529411764705,18.0,0.11847946911476746,0.10902737650724306,0.02857142857142857,0.2857142857142857,0.0,0.5,4.0,0.25,0.25,0.0,1.0,0.08823529411764706,0.08823529411764706,distant_isomer
KTAYWQDMSARDDS,T2_tims,81,True,0.061454629110590894,2.0,0.5,0.5,0.0,1.0,0.0125,0.0125,34.0,0.07148287175188402,0.05695459966796279,0.014925373134328358,0.14925373134328357,0.0,0.4125,2.0,0.5,0.5,0.0,1.0,0.0125,0.0125,2.0,0.5,0.5,0.0,1.0,0.0125,0.0125,41.0,0.061454629110590894,0.04711059478708034,0.012345679012345678,0.12345679012345678,0.0,0.5,1.0,1.0,1.0,1.0,1.0,0.0,0.0,distant_isomer
KTGFOCFYOZQVRJ,T1_np,15,True,0.22121526621526624,4.0,0.25,0.25,0.0,1.0,0.21428571428571427,0.21428571428571427,8.0,0.22121526621526624,0.22121526621526624,0.06666666666666667,0.6666666666666666,0.0,0.5,7.0,0.14285714285714285,0.14285714285714285,0.0,1.0,0.42857142857142855,0.42857142857142855,3.0,0.3333333333333333,0.3333333333333333,0.0,1.0,0.14285714285714285,0.14285714285714285,8.0,0.22121526621526624,0.22121526621526624,0.06666666666666667,0.6666666666666666,0.0,0.5,7.0,0.14285714285714285,0.14285714285714285,0.0,1.0,0.42857142857142855,0.42857142857142855,near_isomer
KUPHTVBSFCGWBH,T2_tims,23,True,0.16236050048203654,5.0,0.2,0.2,0.0,1.0,0.18181818181818182,0.18181818181818182,2.0,0.611111111111111,0.611111111111111,0.3333333333333333,1.0,0.0,0.045454545454545456,1.0,1.0,1.0,1.0,1.0,0.0,0.0,2.0,0.5,0.5,0.0,1.0,0.045454545454545456,0.045454545454545456,12.0,0.16236050048203654,0.16236050048203654,0.043478260869565216,0.43478260869565216,0.0,0.5,1.0,1.0,1.0,1.0,1.0,0.0,0.0,distant_isomer
KVBXAVMHGFAYND,T2_tims,18,True,0.1941726710109063,7.0,0.14285714285714285,0.14285714285714285,0.0,1.0,0.5,0.5,9.5,0.10555555555555556,0.10555555555555556,0.0,1.0,0.875,0.9375,1.0,1.0,1.0,1.0,1.0,0.0,0.0,1.0,1.0,1.0,1.0,1.0,0.0,0.0,6.0,0.21432980599647267,0.21432980599647267,0.0,1.0,0.0,0.5,1.0,1.0,1.0,1.0,1.0,0.0,0.0,distant_isomer
KVJVVWMQTRCQOY,T2_tims,95,True,0.0540668050619871,1.0,1.0,1.0,1.0,1.0,0.0,0.0,48.5,0.04400368596690186,0.029957001890994754,0.0,0.09574468085106383,0.0,0.5,3.0,0.3333333333333333,0.3333333333333333,0.0,1.0,0.021505376344086023,0.021505376344086023,3.0,0.3333333333333333,0.3333333333333333,0.0,1.0,0.021505376344086023,0.021505376344086023,48.5,0.04400368596690186,0.029957001890994754,0.0,0.09574468085106383,0.0,0.5,3.0,0.3333333333333333,0.3333333333333333,0.0,1.0,0.021505376344086023,0.021505376344086023,correct
KVZGBDQPWAGPKL,T2_tims,11,True,0.2745343040797586,1.0,1.0,1.0,1.0,1.0,0.0,0.0,4.5,0.225,0.225,0.0,1.0,0.75,0.875,1.0,1.0,1.0,1.0,1.0,0.0,0.0,1.0,1.0,1.0,1.0,1.0,0.0,0.0,4.0,0.29,0.29,0.0,1.0,0.0,0.5,1.0,1.0,1.0,1.0,1.0,0.0,0.0,correct
KWBPKUMWVXUSCA,T1_np,22,True,0.16776423864623977,2.0,0.5,0.5,0.0,1.0,0.05555555555555555,0.05555555555555555,10.5,0.1246942548872696,0.1246942548872696,0.0,0.5,0.1111111111111111,0.5277777777777778,3.5,0.3208333333333333,0.3208333333333333,0.0,1.0,0.05555555555555555,0.1388888888888889,7.0,0.14484126984126985,0.14484126984126985,0.0,1.0,0.2777777777777778,0.3333333333333333,12.0,0.11291361604014365,0.11291361604014365,0.0,0.42105263157894735,0.0,0.5,5.5,0.18333333333333335,0.18333333333333335,0.0,1.0,0.2222222222222222,0.25,near_isomer
KWURMHQNKWQUQG,T2_tims,30,True,0.13316623769734637,1.0,1.0,1.0,1.0,1.0,0.0,0.0,24.5,0.04117892272783577,0.02727731507622812,0.0,0.0,0.0,0.3888888888888889,1.0,1.0,1.0,1.0,1.0,0.0,0.0,1.0,1.0,1.0,1.0,1.0,0.0,0.0,5.5,0.2928968253968254,0.2928968253968254,0.1,1.0,0.0,0.5,1.0,1.0,1.0,1.0,1.0,0.0,0.0,correct
KYWSCMDFVARMPN,T1_np,57,True,0.081210758147936,4.0,0.25,0.25,0.0,1.0,0.05357142857142857,0.05357142857142857,11.0,0.17358850975060616,0.17358850975060616,0.047619047619047616,0.47619047619047616,0.0,0.17857142857142858,18.5,0.05490636545686855,0.05490636545686855,0.0,0.0,0.25,0.3125,26.5,0.03802173508788951,0.015643115942028985,0.0,0.0,0.39285714285714285,0.45535714285714285,29.0,0.081210758147936,0.06694663469742995,0.017543859649122806,0.17543859649122806,0.0,0.5,33.5,0.02999155327932605,0.0,0.0,0.0,0.5178571428571429,0.5803571428571429,near_isomer
KZPPPQOYRSMTDU,T2_tims,360,True,0.017957522061769326,52.0,0.019230769230769232,0.0,0.0,0.0,0.14447592067988668,0.14447592067988668,184.0,0.006035906834793234,0.0,0.0,0.0,0.24645892351274787,0.5184135977337111,3.0,0.3333333333333333,0.3333333333333333,0.0,1.0,0.0056657223796034,0.0056657223796034,2.0,0.5,0.5,0.0,1.0,0.0028328611898017,0.0028328611898017,177.5,0.01821447554358414,0.010779542875009908,0.002824858757062147,0.02824858757062147,0.0,0.5,2.0,0.5,0.5,0.0,1.0,0.0028328611898017,0.0028328611898017,distant_isomer
KZYOCNFOWOKTRW,T2_tims,129,True,0.042177511864912164,6.0,0.16666666666666666,0.16666666666666666,0.0,1.0,0.0390625,0.0390625,65.0,0.042177511864912164,0.029581071145376024,0.007751937984496124,0.07751937984496124,0.0,0.5,18.0,0.05555555555555555,0.05555555555555555,0.0,0.0,0.1328125,0.1328125,15.0,0.06666666666666667,0.06666666666666667,0.0,0.0,0.109375,0.109375,65.0,0.042177511864912164,0.029581071145376024,0.007751937984496124,0.07751937984496124,0.0,0.5,27.0,0.037037037037037035,0.0,0.0,0.0,0.203125,0.203125,distant_isomer
LAOBFTTVOXBHHI,T2_tims,96,True,0.05361211612036918,19.0,0.05263157894736842,0.05263157894736842,0.0,0.0,0.18947368421052632,0.18947368421052632,34.0,0.07148287175188402,0.05695459966796279,0.014925373134328358,0.14925373134328357,0.0,0.3473684210526316,1.0,1.0,1.0,1.0,1.0,0.0,0.0,2.0,0.5,0.5,0.0,1.0,0.010526315789473684,0.010526315789473684,48.5,0.05361211612036918,0.039749564351599036,0.010416666666666666,0.10416666666666667,0.0,0.5,2.0,0.5,0.5,0.0,1.0,0.010526315789473684,0.010526315789473684,distant_isomer
LBJZNCLOOOHNCD,T2_tims,17,True,0.20232661897886814,1.0,1.0,1.0,1.0,1.0,0.0,0.0,8.5,0.12275733525733527,0.12275733525733527,0.0,0.8333333333333334,0.5,0.75,4.0,0.25,0.25,0.0,1.0,0.0,0.0,7.0,0.14285714285714285,0.14285714285714285,0.0,1.0,0.2,0.2,6.0,0.2745343040797586,0.2745343040797586,0.09090909090909091,0.9090909090909091,0.0,0.5,1.0,1.0,1.0,1.0,1.0,0.0,0.0,correct
LCNVQHHTYOIFDZ,T2_tims,240,True,0.02524973531175046,3.0,0.3333333333333333,0.3333333333333333,0.0,1.0,0.008695652173913044,0.008695652173913044,119.0,0.009167600201824078,0.0,0.0,0.0,0.24782608695652175,0.4956521739130435,1.0,1.0,1.0,1.0,1.0,0.0,0.0,2.0,0.5,0.5,0.0,1.0,0.004347826086956522,0.004347826086956522,120.0,0.017123783533814448,0.007500540452035383,0.0,0.025974025974025976,0.0,0.5,1.0,1.0,1.0,1.0,1.0,0.0,0.0,distant_isomer
LECWUMUGQDWPPJ,T2_tims,134,True,0.04088643408348984,5.0,0.2,0.2,0.0,1.0,0.032,0.032,125.5,0.007972305091258129,0.0,0.0,0.0,0.928,0.964,15.0,0.06666666666666667,0.06666666666666667,0.0,0.0,0.112,0.112,13.0,0.07692307692307693,0.07692307692307693,0.0,0.0,0.096,0.096,67.5,0.026708396864544785,0.013750990828731536,0.0,0.047619047619047616,0.0,0.5,14.0,0.07142857142857142,0.07142857142857142,0.0,0.0,0.104,0.104,near_isomer
LESRXKQIIBPRGN,T2_tims,12,False,0.25860088985088986,1.0,1.0,1.0,1.0,1.0,,,5.0,0.2,0.2,0.0,1.0,,,1.0,1.0,1.0,1.0,1.0,,,1.0,1.0,1.0,1.0,1.0,,,5.0,0.2,0.2,0.0,1.0,,,1.0,1.0,1.0,1.0,1.0,,,correct
LESXFEZIFXFIQR,T1_np,19,True,0.18672313984966749,8.0,0.125,0.125,0.0,1.0,0.3888888888888889,0.3888888888888889,10.0,0.18672313984966749,0.18672313984966749,0.05263157894736842,0.5263157894736842,0.0,0.5,1.0,1.0,1.0,1.0,1.0,0.0,0.0,1.0,1.0,1.0,1.0,1.0,0.0,0.0,10.0,0.18672313984966749,0.18672313984966749,0.05263157894736842,0.5263157894736842,0.0,0.5,1.0,1.0,1.0,1.0,1.0,0.0,0.0,distant_isomer
LEWHSKBOQZDOFE,T2_tims,89,True,0.056982690918397805,10.0,0.1,0.1,0.0,1.0,0.15254237288135594,0.15254237288135594,55.0,0.018242279511119345,0.0,0.0,0.0,0.8305084745762712,0.9152542372881356,1.0,1.0,1.0,1.0,1.0,0.0,0.0,1.0,1.0,1.0,1.0,1.0,0.0,0.0,30.5,0.07799784021586229,0.06359930296255846,0.016666666666666666,0.16666666666666666,0.0,0.5,1.0,1.0,1.0,1.0,1.0,0.0,0.0,distant_isomer
LFTJDUAUWKZKML,T2_tims,58,True,0.08010783782314995,3.0,0.3333333333333333,0.3333333333333333,0.0,1.0,0.06666666666666667,0.06666666666666667,35.5,0.028658866709359052,0.0,0.0,0.0,0.5,0.75,1.0,1.0,1.0,1.0,1.0,0.0,0.0,2.0,0.5,0.5,0.0,1.0,0.03333333333333333,0.03333333333333333,25.0,0.046760476934455536,0.03183838463823396,0.0,0.03225806451612903,0.0,0.5,1.0,1.0,1.0,1.0,1.0,0.0,0.0,distant_isomer
LGBGQZXVTSHRSW,T2_tims,214,True,0.02778283321897884,1.0,1.0,1.0,1.0,1.0,0.0,0.0,121.0,0.010884769582155899,0.0,0.0,0.0,0.12735849056603774,0.5613207547169812,3.0,0.3333333333333333,0.3333333333333333,0.0,1.0,0.009433962264150943,0.009433962264150943,2.0,0.5,0.5,0.0,1.0,0.0047169811320754715,0.0047169811320754715,107.5,0.02330591231917552,0.01328282159317692,0.0,0.04245283018867924,0.0,0.49764150943396224,4.0,0.25,0.25,0.0,1.0,0.014150943396226415,0.014150943396226415,correct
LGJWJFBLQBQPEY,T2_tims,150,True,0.03727453725762586,2.0,0.5,0.5,0.0,1.0,0.008064516129032258,0.008064516129032258,100.0,0.010574835370995978,0.0,0.0,0.0,0.2903225806451613,0.6048387096774194,3.0,0.3333333333333333,0.3333333333333333,0.0,1.0,0.016129032258064516,0.016129032258064516,3.0,0.3333333333333333,0.3333333333333333,0.0,1.0,0.016129032258064516,0.016129032258064516,64.0,0.035339684614729125,0.022527665422028054,0.0,0.072,0.0,0.5,3.0,0.3333333333333333,0.3333333333333333,0.0,1.0,0.016129032258064516,0.016129032258064516,distant_isomer
LGTBGOLFSPZTIA,T2_tims,24,True,0.15733159073972947,2.0,0.5,0.5,0.0,1.0,0.06666666666666667,0.06666666666666667,12.0,0.09321344191253694,0.09321344191253694,0.0,0.38461538461538464,0.0,0.4,1.0,1.0,1.0,1.0,1.0,0.0,0.0,1.0,1.0,1.0,1.0,1.0,0.0,0.0,12.5,0.09465039523814678,0.09465039523814678,0.0,0.375,0.0,0.5,1.0,1.0,1.0,1.0,1.0,0.0,0.0,distant_isomer
LHOFXTUYJJQYSK,T2_tims,62,True,0.07600633690052827,1.0,1.0,1.0,1.0,1.0,0.0,0.0,14.5,0.14025610853451315,0.13628422063405382,0.03571428571428571,0.35714285714285715,0.0,0.421875,1.0,1.0,1.0,1.0,1.0,0.0,0.0,1.0,1.0,1.0,1.0,1.0,0.0,0.0,26.0,0.045387107656972264,0.029908785569250085,0.0,0.030303030303030304,0.0,0.5,1.0,1.0,1.0,1.0,1.0,0.0,0.0,correct
LHQJVSVEDWSORV,T2_tims,284,True,0.021929399412851512,125.0,0.008,0.0,0.0,0.0,0.4397163120567376,0.4397163120567376,147.0,0.008409509054163315,0.0,0.0,0.0,0.1524822695035461,0.5141843971631206,1.0,1.0,1.0,1.0,1.0,0.0,0.0,1.0,1.0,1.0,1.0,1.0,0.0,0.0,143.0,0.01847331955211954,0.009950382253545961,0.0,0.03180212014134275,0.0,0.5,1.0,1.0,1.0,1.0,1.0,0.0,0.0,distant_isomer
LKRCCROLGIAETK,T2_tims,61,True,0.07698793205860144,1.0,1.0,1.0,1.0,1.0,0.0,0.0,45.0,0.022820720759833338,0.0,0.0,0.0,0.5555555555555556,0.7777777777777778,1.0,1.0,1.0,1.0,1.0,0.0,0.0,4.0,0.25,0.25,0.0,1.0,0.05555555555555555,0.05555555555555555,28.0,0.08352022203501976,0.0693810577773365,0.01818181818181818,0.18181818181818182,0.0,0.5,4.0,0.25,0.25,0.0,1.0,0.05555555555555555,0.05555555555555555,correct
LKZFHZFZEGGBQH,T2_tims,99,True,0.05229674260242041,1.0,1.0,1.0,1.0,1.0,0.0,0.0,49.5,0.05272731130141439,0.03893834875258681,0.01020408163265306,0.10204081632653061,0.0,0.5,18.0,0.05555555555555555,0.05555555555555555,0.0,0.0,0.17525773195876287,0.17525773195876287,12.0,0.08333333333333333,0.08333333333333333,0.0,0.0,0.1134020618556701,0.1134020618556701,49.5,0.05272731130141439,0.03893834875258681,0.01020408163265306,0.10204081632653061,0.0,0.5,18.0,0.05555555555555555,0.05555555555555555,0.0,0.0,0.17525773195876287,0.17525773195876287,correct
LLQCRTZROWMVOL,T1_np,377,True,0.017269990785079813,9.0,0.1111111111111111,0.1111111111111111,0.0,1.0,0.02127659574468085,0.02127659574468085,189.0,0.017269990785079813,0.010121904980778534,0.002652519893899204,0.026525198938992044,0.0,0.5,95.0,0.010526315789473684,0.0,0.0,0.0,0.25,0.25,183.0,0.00546448087431694,0.0,0.0,0.0,0.48404255319148937,0.48404255319148937,189.0,0.017269990785079813,0.010121904980778534,0.002652519893899204,0.026525198938992044,0.0,0.5,346.0,0.002890173410404624,0.0,0.0,0.0,0.9175531914893617,0.9175531914893617,distant_isomer
LLRCMKSZGVTKRJ,T2_tims,20,True,0.1798869828571841,1.0,1.0,1.0,1.0,1.0,0.0,0.0,10.0,0.10430482216196503,0.10430482216196503,0.0,0.5714285714285714,0.0,0.5,1.0,1.0,1.0,1.0,1.0,0.0,0.0,1.0,1.0,1.0,1.0,1.0,0.0,0.0,4.0,0.37040816326530607,0.37040816326530607,0.14285714285714285,1.0,0.0,0.5,1.0,1.0,1.0,1.0,1.0,0.0,0.0,correct
LMJOIABCQIXNQN,T2_tims,6,True,0.40833333333333327,2.0,0.5,0.5,0.0,1.0,0.5,0.5,2.0,0.611111111111111,0.611111111111111,0.3333333333333333,1.0,0.0,0.5,2.0,0.5,0.5,0.0,1.0,0.5,0.5,2.0,0.5,0.5,0.0,1.0,0.5,0.5,2.0,0.611111111111111,0.611111111111111,0.3333333333333333,1.0,0.0,0.5,2.0,0.5,0.5,0.0,1.0,0.5,0.5,distant_isomer
LMYDOLZWKTZEQM,T2_tims,435,True,0.01529588662272408,199.0,0.005025125628140704,0.0,0.0,0.0,0.46153846153846156,0.46153846153846156,238.0,0.0059757723854235315,0.0,0.0,0.0,0.08391608391608392,0.5407925407925408,1.0,1.0,1.0,1.0,1.0,0.0,0.0,1.0,1.0,1.0,1.0,1.0,0.0,0.0,219.5,0.010623438365062627,0.004029360103302729,0.0,0.013953488372093023,0.0,0.5,1.0,1.0,1.0,1.0,1.0,0.0,0.0,distant_isomer
LNGSAOHJWZGOPY,T2_tims,43,True,0.10116275861864714,1.0,1.0,1.0,1.0,1.0,0.0,0.0,35.0,0.028586990351696234,0.0,0.0,0.0,0.0,0.1111111111111111,1.0,1.0,1.0,1.0,1.0,0.0,0.0,1.0,1.0,1.0,1.0,1.0,0.0,0.0,28.5,0.03545067146527102,0.008166666666666666,0.0,0.0,0.0,0.5,1.0,1.0,1.0,1.0,1.0,0.0,0.0,correct
LNKPLYHEEVGJQQ,T2_tims,93,True,0.055001955561580225,1.0,1.0,1.0,1.0,1.0,0.0,0.0,5.0,0.31432980599647264,0.31432980599647264,0.1111111111111111,1.0,0.0,0.06557377049180328,2.0,0.5,0.5,0.0,1.0,0.0,0.0,1.0,1.0,1.0,1.0,1.0,0.0,0.0,31.5,0.07600633690052827,0.06154771254441141,0.016129032258064516,0.16129032258064516,0.0,0.5,1.0,1.0,1.0,1.0,1.0,0.0,0.0,correct
LNYGYQFYQMPYET,T2_tims,166,True,0.03429043661034367,2.0,0.5,0.5,0.0,1.0,0.006097560975609756,0.006097560975609756,80.0,0.01611380462282973,0.0018337690807548317,0.0,0.0,0.11585365853658537,0.47560975609756095,2.0,0.5,0.5,0.0,1.0,0.006097560975609756,0.006097560975609756,2.0,0.5,0.5,0.0,1.0,0.006097560975609756,0.006097560975609756,83.0,0.03446174776322126,0.023127019259112164,0.006060606060606061,0.06060606060606061,0.0,0.5,3.0,0.3333333333333333,0.3333333333333333,0.0,1.0,0.012195121951219513,0.012195121951219513,near_isomer
LOIYMIARKYCTBW,T1_np,13,True,0.24462567347182732,4.0,0.25,0.25,0.0,1.0,0.25,0.25,7.0,0.24462567347182732,0.24462567347182732,0.07692307692307693,0.7692307692307693,0.0,0.5,1.0,1.0,1.0,1.0,1.0,0.0,0.0,1.0,1.0,1.0,1.0,1.0,0.0,0.0,7.0,0.24462567347182732,0.24462567347182732,0.07692307692307693,0.7692307692307693,0.0,0.5,1.0,1.0,1.0,1.0,1.0,0.0,0.0,distant_isomer
LORAIDUGOCMHFI,T2_tims,28,True,0.14025610853451315,1.0,1.0,1.0,1.0,1.0,0.0,0.0,18.5,0.059027138849101574,0.05483277354362516,0.0,0.05555555555555555,0.0,0.5,11.0,0.09090909090909091,0.09090909090909091,0.0,0.0,0.0,0.0,15.0,0.06666666666666667,0.06666666666666667,0.0,0.0,0.47058823529411764,0.47058823529411764,18.5,0.059027138849101574,0.05483277354362516,0.0,0.05555555555555555,0.0,0.5,3.0,0.3333333333333333,0.3333333333333333,0.0,1.0,0.11764705882352941,0.11764705882352941,correct
LOTWUQATNXHRLP,T2_tims,191,True,0.0305345791084159,4.0,0.25,0.25,0.0,1.0,0.015789473684210527,0.015789473684210527,81.0,0.02322424489873371,0.011324345388367147,0.0,0.0392156862745098,0.021052631578947368,0.42105263157894735,3.5,0.3208333333333333,0.3208333333333333,0.0,1.0,0.005263157894736842,0.013157894736842105,3.0,0.3333333333333333,0.3333333333333333,0.0,1.0,0.010526315789473684,0.010526315789473684,96.0,0.0305345791084159,0.019978838626981712,0.005235602094240838,0.05235602094240838,0.0,0.5,3.0,0.3333333333333333,0.3333333333333333,0.0,1.0,0.010526315789473684,0.010526315789473684,near_isomer
LPMXVESGRSUGHW,T1_np,4,True,0.5208333333333333,1.0,1.0,1.0,1.0,1.0,0.0,0.0,1.5,0.75,0.75,0.5,1.0,0.0,0.5,1.0,1.0,1.0,1.0,1.0,0.0,0.0,1.0,1.0,1.0,1.0,1.0,0.0,0.0,3.5,0.29166666666666663,0.29166666666666663,0.0,1.0,0.0,0.5,1.0,1.0,1.0,1.0,1.0,0.0,0.0,correct
LPNCFMIQJFANLW,T2_tims,141,True,0.039216435907693886,1.0,1.0,1.0,1.0,1.0,0.0,0.0,101.5,0.010415670092626863,0.0,0.0,0.0,0.13186813186813187,0.5659340659340659,1.0,1.0,1.0,1.0,1.0,0.0,0.0,2.0,0.5,0.5,0.0,1.0,0.01098901098901099,0.01098901098901099,95.5,0.01141643613755883,0.0,0.0,0.0,0.0,0.5,1.0,1.0,1.0,1.0,1.0,0.0,0.0,correct
LPRIMZAVBWRRSL,T2_tims,46,True,0.09601494013013269,20.0,0.05,0.05,0.0,0.0,0.5555555555555556,0.5555555555555556,11.0,0.0914141414141414,0.0914141414141414,0.0,0.3333333333333333,0.0,0.1111111111111111,1.0,1.0,1.0,1.0,1.0,0.0,0.0,1.0,1.0,1.0,1.0,1.0,0.0,0.0,32.5,0.031012947056958378,0.0,0.0,0.0,0.0,0.5,1.0,1.0,1.0,1.0,1.0,0.0,0.0,unrelated
LQCGGNMHAGAOBU,T2_tims,53,True,0.08597946934388208,2.0,0.5,0.5,0.0,1.0,0.019230769230769232,0.019230769230769232,28.5,0.04234198915164557,0.025973419046980337,0.0,0.02631578947368421,0.17307692307692307,0.5288461538461539,1.0,1.0,1.0,1.0,1.0,0.0,0.0,1.0,1.0,1.0,1.0,1.0,0.0,0.0,27.0,0.08597946934388208,0.07199921090100957,0.018867924528301886,0.18867924528301888,0.0,0.5,1.0,1.0,1.0,1.0,1.0,0.0,0.0,distant_isomer
LQJPDXVPZWOPMJ,T2_tims,19,True,0.18672313984966749,1.0,1.0,1.0,1.0,1.0,0.0,0.0,10.0,0.14677106342331256,0.14677106342331256,0.0,0.5294117647058824,0.0,0.47058823529411764,1.0,1.0,1.0,1.0,1.0,0.0,0.0,1.0,1.0,1.0,1.0,1.0,0.0,0.0,10.5,0.1415410920635379,0.1415410920635379,0.0,0.5,0.0,0.5,1.0,1.0,1.0,1.0,1.0,0.0,0.0,correct
LROHLLCTROZRAD,T2_tims,123,True,0.0438492646567122,9.0,0.1111111111111111,0.1111111111111111,0.0,1.0,0.07407407407407407,0.07407407407407407,81.0,0.012939346047072843,0.0,0.0,0.0,0.46296296296296297,0.7314814814814815,1.0,1.0,1.0,1.0,1.0,0.0,0.0,1.0,1.0,1.0,1.0,1.0,0.0,0.0,56.0,0.03928655594719245,0.025834478694986302,0.0,0.08256880733944955,0.0,0.5,1.0,1.0,1.0,1.0,1.0,0.0,0.0,distant_isomer
LSQZJLSUYDQPKJ,T1_np,15,True,0.22121526621526624,1.0,1.0,1.0,1.0,1.0,0.0,0.0,8.0,0.1337920016491445,0.1337920016491445,0.0,0.8571428571428571,0.25,0.5,2.0,0.5,0.5,0.0,1.0,0.08333333333333333,0.08333333333333333,8.0,0.125,0.125,0.0,1.0,0.5,0.5,7.0,0.24462567347182732,0.24462567347182732,0.07692307692307693,0.7692307692307693,0.0,0.5,1.0,1.0,1.0,1.0,1.0,0.0,0.0,correct
LUGNFONQBVJYPT,T2_tims,21,True,0.17358850975060616,1.0,1.0,1.0,1.0,1.0,0.0,0.0,2.5,0.41666666666666663,0.41666666666666663,0.0,1.0,0.0,0.25,1.0,1.0,1.0,1.0,1.0,0.0,0.0,1.0,1.0,1.0,1.0,1.0,0.0,0.0,3.0,0.3611111111111111,0.3611111111111111,0.0,1.0,0.0,0.5,1.0,1.0,1.0,1.0,1.0,0.0,0.0,correct
LUNDKKOBQNOYQI,T2_tims,54,True,0.08473019247674571,36.0,0.027777777777777776,0.0,0.0,0.0,0.6730769230769231,0.6730769230769231,28.0,0.06746095082536359,0.05313128637270768,0.0,0.16981132075471697,0.0,0.5,3.0,0.3333333333333333,0.3333333333333333,0.0,1.0,0.038461538461538464,0.038461538461538464,3.0,0.3333333333333333,0.3333333333333333,0.0,1.0,0.038461538461538464,0.038461538461538464,27.0,0.08597946934388208,0.07199921090100957,0.018867924528301886,0.18867924528301888,0.0,0.5,1.0,1.0,1.0,1.0,1.0,0.0,0.0,distant_isomer
LUQDZVZRSQIRRI,T2_tims,92,True,0.05548292585929259,2.0,0.5,0.5,0.0,1.0,0.022727272727272728,0.022727272727272728,46.0,0.02229825472012591,0.0,0.0,0.0,0.45454545454545453,0.7272727272727273,1.0,1.0,1.0,1.0,1.0,0.0,0.0,1.0,1.0,1.0,1.0,1.0,0.0,0.0,36.0,0.03258046308019873,0.014129431613772262,0.0,0.0,0.0,0.5,1.0,1.0,1.0,1.0,1.0,0.0,0.0,distant_isomer
LUYLFFOOPYUIBE,T2_tims,68,True,0.07064791602542897,2.0,0.5,0.5,0.0,1.0,0.03333333333333333,0.03333333333333333,19.5,0.06448088901450776,0.05473660158643477,0.0,0.17857142857142858,0.1,0.55,1.0,1.0,1.0,1.0,1.0,0.0,0.0,1.0,1.0,1.0,1.0,1.0,0.0,0.0,16.0,0.12991113533666193,0.12309542508882282,0.03225806451612903,0.3225806451612903,0.0,0.5,1.0,1.0,1.0,1.0,1.0,0.0,0.0,distant_isomer
LUZSWWYKKLTDHU,T1_np,100,True,0.05187377517639621,22.5,0.044466403162055336,0.044466403162055336,0.0,0.0,0.21212121212121213,0.21717171717171718,50.5,0.05187377517639621,0.03815958177753507,0.01,0.1,0.0,0.5,15.0,0.06666666666666667,0.06666666666666667,0.0,0.0,0.1414141414141414,0.1414141414141414,28.0,0.03571428571428571,0.0,0.0,0.0,0.2727272727272727,0.2727272727272727,50.5,0.05187377517639621,0.03815958177753507,0.01,0.1,0.0,0.5,18.0,0.05555555555555555,0.05555555555555555,0.0,0.0,0.1717171717171717,0.1717171717171717,distant_isomer
LVUXIUDKFQBCBA,T2_tims,6,True,0.40833333333333327,1.0,1.0,1.0,1.0,1.0,0.0,0.0,4.5,0.225,0.225,0.0,1.0,0.6666666666666666,0.8333333333333334,1.0,1.0,1.0,1.0,1.0,0.0,0.0,1.0,1.0,1.0,1.0,1.0,0.0,0.0,3.5,0.3208333333333333,0.3208333333333333,0.0,1.0,0.0,0.5,1.0,1.0,1.0,1.0,1.0,0.0,0.0,correct
LVVKXRQZSRUVPY,T1_np,79,True,0.06269594023981666,13.0,0.07692307692307693,0.07692307692307693,0.0,0.0,0.15384615384615385,0.15384615384615385,40.0,0.06269594023981666,0.048303268072829204,0.012658227848101266,0.12658227848101267,0.0,0.5,12.5,0.08012820512820512,0.08012820512820512,0.0,0.0,0.14102564102564102,0.14743589743589744,16.5,0.06066176470588235,0.06066176470588235,0.0,0.0,0.19230769230769232,0.1987179487179487,40.0,0.06269594023981666,0.048303268072829204,0.012658227848101266,0.12658227848101267,0.0,0.5,19.5,0.05131578947368421,0.05131578947368421,0.0,0.0,0.23076923076923078,0.23717948717948717,distant_isomer
LWCHKMYHSXEXHP,T2_tims,69,True,0.06983407309206316,13.0,0.07692307692307693,0.07692307692307693,0.0,0.0,0.20408163265306123,0.20408163265306123,28.0,0.04410529997111904,0.02815643679221446,0.0,0.05128205128205128,0.0,0.3877551020408163,1.0,1.0,1.0,1.0,1.0,0.0,0.0,1.0,1.0,1.0,1.0,1.0,0.0,0.0,33.5,0.03856794901771111,0.02196202069792728,0.0,0.04,0.0,0.5,1.0,1.0,1.0,1.0,1.0,0.0,0.0,distant_isomer
LWLFXVFXCSQPIM,T2_tims,100,True,0.05187377517639621,6.0,0.16666666666666666,0.16666666666666666,0.0,1.0,0.3333333333333333,0.3333333333333333,32.5,0.030854603571633932,0.0,0.0,0.0,0.6666666666666666,0.8333333333333334,1.5,0.75,0.75,0.5,1.0,0.0,0.03333333333333333,5.5,0.18333333333333335,0.18333333333333335,0.0,1.0,0.26666666666666666,0.3,92.5,0.010837780190918269,0.0,0.0,0.0,0.0,0.5,1.5,0.75,0.75,0.5,1.0,0.0,0.03333333333333333,distant_isomer
LWMWERWCXINJJS,T2_tims,34,True,0.12112382324839507,3.0,0.3333333333333333,0.3333333333333333,0.0,1.0,0.07692307692307693,0.07692307692307693,28.0,0.0357446937906708,0.0,0.0,0.0,0.9230769230769231,0.9615384615384616,3.0,0.3333333333333333,0.3333333333333333,0.0,1.0,0.07692307692307693,0.07692307692307693,3.0,0.3333333333333333,0.3333333333333333,0.0,1.0,0.07692307692307693,0.07692307692307693,14.0,0.1441280278982253,0.141331784361241,0.037037037037037035,0.37037037037037035,0.0,0.5,2.0,0.5,0.5,0.0,1.0,0.038461538461538464,0.038461538461538464,distant_isomer
LWOHKIQUCNSHJQ,T2_tims,101,True,0.05145820304691713,11.0,0.09090909090909091,0.09090909090909091,0.0,0.0,0.12345679012345678,0.12345679012345678,27.0,0.048486922969043555,0.03331605311593919,0.0,0.0975609756097561,0.0,0.24691358024691357,12.0,0.08333333333333333,0.08333333333333333,0.0,0.0,0.13580246913580246,0.13580246913580246,16.0,0.0625,0.0625,0.0,0.0,0.1728395061728395,0.1728395061728395,41.5,0.06085390341352538,0.046536075338457404,0.012195121951219513,0.12195121951219512,0.0,0.5,7.0,0.14285714285714285,0.14285714285714285,0.0,1.0,0.07407407407407407,0.07407407407407407,distant_isomer
LXAZUPXUMLUWRA,T2_tims,30,True,0.13316623769734637,1.0,1.0,1.0,1.0,1.0,0.0,0.0,15.5,0.06458333333333333,0.06458333333333333,0.0,0.0,0.9333333333333333,0.9666666666666667,1.0,1.0,1.0,1.0,1.0,0.0,0.0,2.0,0.5,0.5,0.0,1.0,0.06666666666666667,0.06666666666666667,8.5,0.2112955620768121,0.2112955620768121,0.0625,0.625,0.0,0.5,1.0,1.0,1.0,1.0,1.0,0.0,0.0,correct
LXIDWCBHIYMGFI,T2_tims,15,True,0.22121526621526624,4.0,0.25,0.25,0.0,1.0,0.2727272727272727,0.2727272727272727,7.0,0.16887526054192717,0.16887526054192717,0.0,0.8888888888888888,0.0,0.36363636363636365,2.0,0.5,0.5,0.0,1.0,0.09090909090909091,0.09090909090909091,2.0,0.5,0.5,0.0,1.0,0.09090909090909091,0.09090909090909091,8.5,0.14596352721352718,0.14596352721352718,0.0,0.6666666666666666,0.0,0.5,2.0,0.5,0.5,0.0,1.0,0.09090909090909091,0.09090909090909091,distant_isomer
LXKOYYBCBYUVSQ,T2_tims,103,True,0.05064845793370229,2.0,0.5,0.5,0.0,1.0,0.015625,0.015625,61.5,0.016642263210174382,0.0,0.0,0.0,0.203125,0.4453125,1.0,1.0,1.0,1.0,1.0,0.0,0.0,1.0,1.0,1.0,1.0,1.0,0.0,0.0,33.0,0.0732196233706213,0.058707048888515495,0.015384615384615385,0.15384615384615385,0.0,0.5,1.0,1.0,1.0,1.0,1.0,0.0,0.0,distant_isomer
LXMRADSGASRLML,T2_tims,26,True,0.14824691216211713,2.0,0.5,0.5,0.0,1.0,0.25,0.25,19.5,0.0514515455304929,0.0514515455304929,0.0,0.0,0.25,0.625,1.5,0.75,0.75,0.5,1.0,0.0,0.125,1.5,0.75,0.75,0.5,1.0,0.0,0.125,19.0,0.052925942306747256,0.052925942306747256,0.0,0.0,0.0,0.5,1.5,0.75,0.75,0.5,1.0,0.0,0.125,near_isomer
LXNHXLLTXMVWPM,T1_np,14,True,0.23225445189730906,2.0,0.5,0.5,0.0,1.0,0.07692307692307693,0.07692307692307693,7.5,0.23225445189730906,0.23225445189730906,0.07142857142857142,0.7142857142857143,0.0,0.5,7.0,0.14285714285714285,0.14285714285714285,0.0,1.0,0.46153846153846156,0.46153846153846156,8.0,0.125,0.125,0.0,1.0,0.5384615384615384,0.5384615384615384,7.5,0.23225445189730906,0.23225445189730906,0.07142857142857142,0.7142857142857143,0.0,0.5,4.0,0.25,0.25,0.0,1.0,0.23076923076923078,0.23076923076923078,distant_isomer
LYHUPLMBMJRRKT,T2_tims,29,True,0.13660875164093303,1.0,1.0,1.0,1.0,1.0,0.0,0.0,22.0,0.045454545454545456,0.045454545454545456,0.0,0.0,1.0,1.0,1.0,1.0,1.0,1.0,1.0,0.0,0.0,1.0,1.0,1.0,1.0,1.0,0.0,0.0,3.5,0.29166666666666663,0.29166666666666663,0.0,1.0,0.0,0.5,1.0,1.0,1.0,1.0,1.0,0.0,0.0,correct
LYKUZSQRGUEAIU,T2_tims,153,True,0.03667266666850333,1.0,1.0,1.0,1.0,1.0,0.0,0.0,53.5,0.049484569090327175,0.03599960545050478,0.009433962264150943,0.09433962264150944,0.0,0.347682119205298,7.0,0.14285714285714285,0.14285714285714285,0.0,1.0,0.039735099337748346,0.039735099337748346,8.0,0.125,0.125,0.0,1.0,0.046357615894039736,0.046357615894039736,76.5,0.0368709345563723,0.025104988011536232,0.006578947368421052,0.06578947368421052,0.0,0.5,4.0,0.25,0.25,0.0,1.0,0.019867549668874173,0.019867549668874173,correct
LYLBOWLQZHBMAX,T2_tims,234,True,0.025789196626049293,3.0,0.3333333333333333,0.3333333333333333,0.0,1.0,0.011363636363636364,0.011363636363636364,129.5,0.00846264664922379,0.0,0.0,0.0,0.07386363636363637,0.4346590909090909,2.0,0.5,0.5,0.0,1.0,0.005681818181818182,0.005681818181818182,2.0,0.5,0.5,0.0,1.0,0.005681818181818182,0.005681818181818182,141.0,0.008333760083545038,0.0,0.0,0.0,0.0,0.5,3.0,0.3333333333333333,0.3333333333333333,0.0,1.0,0.011363636363636364,0.011363636363636364,distant_isomer
LZFZMUMEGBBDTC,T1_np,33,True,0.12390297653756213,1.0,1.0,1.0,1.0,1.0,0.0,0.0,13.5,0.11733159073972944,0.11733159073972944,0.0,0.375,0.041666666666666664,0.5208333333333334,1.0,1.0,1.0,1.0,1.0,0.0,0.0,1.0,1.0,1.0,1.0,1.0,0.0,0.0,13.0,0.15263832711014028,0.15263832711014028,0.04,0.4,0.0,0.5,1.0,1.0,1.0,1.0,1.0,0.0,0.0,correct
LZIZOJWNSOZJQK,T2_tims,98,True,0.05272731130141439,1.0,1.0,1.0,1.0,1.0,0.0,0.0,43.0,0.03576194594149578,0.020434997925602313,0.0,0.06666666666666667,0.047619047619047616,0.4880952380952381,1.0,1.0,1.0,1.0,1.0,0.0,0.0,1.0,1.0,1.0,1.0,1.0,0.0,0.0,43.0,0.0591263263584386,0.0448936256206295,0.011764705882352941,0.11764705882352941,0.0,0.5,1.0,1.0,1.0,1.0,1.0,0.0,0.0,correct
LZPJLKCYEQJYAO,T2_tims,65,True,0.0732196233706213,1.0,1.0,1.0,1.0,1.0,0.0,0.0,20.0,0.10906520612657374,0.09784508148085916,0.02564102564102564,0.2564102564102564,0.0,0.37254901960784315,1.0,1.0,1.0,1.0,1.0,0.0,0.0,1.0,1.0,1.0,1.0,1.0,0.0,0.0,26.5,0.08727007597495093,0.07338381111064438,0.019230769230769232,0.19230769230769232,0.0,0.5,1.0,1.0,1.0,1.0,1.0,0.0,0.0,correct
LZPVIFVXPOIHFU,T2_tims,80,True,0.06206849098681896,1.0,1.0,1.0,1.0,1.0,0.0,0.0,35.5,0.028658866709359052,0.0,0.0,0.0,0.0,0.14423076923076922,1.0,1.0,1.0,1.0,1.0,0.0,0.0,1.0,1.0,1.0,1.0,1.0,0.0,0.0,54.0,0.020264575956479885,0.0,0.0,0.0,0.0,0.5,2.0,0.5,0.5,0.0,1.0,0.019230769230769232,0.019230769230769232,correct
MALFODICFSIXPO,T1_np,14,True,0.23225445189730906,1.0,1.0,1.0,1.0,1.0,0.0,0.0,9.0,0.12186671353338019,0.12186671353338019,0.0,0.6666666666666666,0.3076923076923077,0.6153846153846154,1.0,1.0,1.0,1.0,1.0,0.0,0.0,2.0,0.5,0.5,0.0,1.0,0.07692307692307693,0.07692307692307693,7.5,0.23225445189730906,0.23225445189730906,0.07142857142857142,0.7142857142857143,0.0,0.5,1.0,1.0,1.0,1.0,1.0,0.0,0.0,correct
MAQDCVMVAONAJL,T2_tims,332,True,0.01922848163216536,131.0,0.007633587786259542,0.0,0.0,0.0,0.3951367781155015,0.3951367781155015,151.0,0.011343540725117868,0.0025730956662195982,0.0,0.0,0.030395136778115502,0.44984802431610943,2.0,0.5,0.5,0.0,1.0,0.00303951367781155,0.00303951367781155,1.0,1.0,1.0,1.0,1.0,0.0,0.0,165.5,0.01932673547166629,0.011563509629556082,0.0030303030303030303,0.030303030303030304,0.0,0.5,3.0,0.3333333333333333,0.3333333333333333,0.0,1.0,0.0060790273556231,0.0060790273556231,distant_isomer
MATGKVZWFZHCLI,T1_np,271,True,0.02280877627134786,1.0,1.0,1.0,1.0,1.0,0.0,0.0,148.0,0.008032928583551983,0.0,0.0,0.0,0.20155038759689922,0.5697674418604651,16.5,0.06066176470588235,0.06066176470588235,0.0,0.0,0.05813953488372093,0.060077519379844964,13.5,0.07417582417582418,0.07417582417582418,0.0,0.0,0.046511627906976744,0.04844961240310078,130.0,0.02369101539094282,0.01473342925773555,0.003861003861003861,0.03861003861003861,0.0,0.5,13.5,0.07417582417582418,0.07417582417582418,0.0,0.0,0.046511627906976744,0.04844961240310078,correct
MBNGWHIJMBWFHU,T1_np,250,True,0.024402700997730318,2.0,0.5,0.5,0.0,1.0,0.0040650406504065045,0.0040650406504065045,100.0,0.02471068945428073,0.014294203947987343,0.0,0.04568527918781726,0.0,0.3983739837398374,69.0,0.014492753623188406,0.0,0.0,0.0,0.27235772357723576,0.27235772357723576,84.0,0.011904761904761904,0.0,0.0,0.0,0.3333333333333333,0.3333333333333333,125.0,0.020618053381277538,0.011400640395763184,0.0,0.03643724696356275,0.0,0.5,35.0,0.02857142857142857,0.0,0.0,0.0,0.13414634146341464,0.13414634146341464,near_isomer
MBPYHPVWDQJSLK,T2_tims,2,True,0.75,2.0,0.5,0.5,0.0,1.0,1.0,1.0,1.5,0.75,0.75,0.5,1.0,0.0,0.5,2.0,0.5,0.5,0.0,1.0,1.0,1.0,1.0,1.0,1.0,1.0,1.0,0.0,0.0,1.5,0.75,0.75,0.5,1.0,0.0,0.5,2.0,0.5,0.5,0.0,1.0,1.0,1.0,distant_isomer
MBRLOUHOWLUMFF,T1_np,169,True,0.03378739669813515,2.0,0.5,0.5,0.0,1.0,0.005952380952380952,0.005952380952380952,85.0,0.03378739669813515,0.022579634187890576,0.005917159763313609,0.05917159763313609,0.0,0.5,29.0,0.034482758620689655,0.0,0.0,0.0,0.16666666666666666,0.16666666666666666,64.0,0.015625,0.0,0.0,0.0,0.375,0.375,85.0,0.03378739669813515,0.022579634187890576,0.005917159763313609,0.05917159763313609,0.0,0.5,51.0,0.0196078431372549,0.0,0.0,0.0,0.2976190476190476,0.2976190476190476,near_isomer
MDRBLCMLLUJXDH,T2_tims,53,True,0.08597946934388208,30.0,0.03333333333333333,0.0,0.0,0.0,0.6444444444444445,0.6444444444444445,31.0,0.035951561065710874,0.017102904581550917,0.0,0.0,0.2,0.5555555555555556,1.0,1.0,1.0,1.0,1.0,0.0,0.0,1.0,1.0,1.0,1.0,1.0,0.0,0.0,25.5,0.0643216777187852,0.05034691690768493,0.0,0.17391304347826086,0.0,0.5,2.0,0.5,0.5,0.0,1.0,0.022222222222222223,0.022222222222222223,distant_isomer
MEFSPQNEPPBCLY,T2_tims,65,True,0.0732196233706213,1.0,1.0,1.0,1.0,1.0,0.0,0.0,9.5,0.11682289932289931,0.11682289932289931,0.0,0.6,0.10256410256410256,0.21794871794871795,2.0,0.5,0.5,0.0,1.0,0.02564102564102564,0.02564102564102564,2.0,0.5,0.5,0.0,1.0,0.02564102564102564,0.02564102564102564,20.5,0.1069635759734094,0.09539895444383768,0.025,0.25,0.0,0.5,1.0,1.0,1.0,1.0,1.0,0.0,0.0,correct
MFBUYEXXINUOON,T2_tims,64,True,0.07412329537040264,6.0,0.16666666666666666,0.16666666666666666,0.0,1.0,0.09615384615384616,0.09615384615384616,37.5,0.032853626131315844,0.015309246786080036,0.0,0.0,0.019230769230769232,0.5096153846153846,5.5,0.18333333333333335,0.18333333333333335,0.0,1.0,0.07692307692307693,0.08653846153846154,5.5,0.18333333333333335,0.18333333333333335,0.0,1.0,0.07692307692307693,0.08653846153846154,31.0,0.048031695869792834,0.03269103480038063,0.0,0.11320754716981132,0.0,0.5,5.5,0.18333333333333335,0.18333333333333335,0.0,1.0,0.07692307692307693,0.08653846153846154,distant_isomer
MFTXWNWVPSYJFS,T2_tims,61,True,0.07698793205860144,1.0,1.0,1.0,1.0,1.0,0.0,0.0,14.5,0.0806087876529726,0.0806087876529726,0.0,0.2777777777777778,0.038461538461538464,0.36538461538461536,2.0,0.5,0.5,0.0,1.0,0.038461538461538464,0.038461538461538464,4.0,0.25,0.25,0.0,1.0,0.11538461538461539,0.11538461538461539,16.0,0.09117236287359473,0.08577622880568543,0.0,0.2962962962962963,0.0,0.5,6.0,0.16666666666666666,0.16666666666666666,0.0,1.0,0.19230769230769232,0.19230769230769232,correct
MFWNKCLOYSRHCJ,T1_np,25,True,0.15263832711014028,1.0,1.0,1.0,1.0,1.0,0.0,0.0,12.0,0.11291361604014365,0.11291361604014365,0.0,0.42105263157894735,0.0,0.42857142857142855,1.0,1.0,1.0,1.0,1.0,0.0,0.0,1.0,1.0,1.0,1.0,1.0,0.0,0.0,11.5,0.16776423864623977,0.16776423864623977,0.045454545454545456,0.45454545454545453,0.0,0.5,1.0,1.0,1.0,1.0,1.0,0.0,0.0,correct
MGCSYGYECWCREF,T2_tims,34,True,0.12112382324839507,3.0,0.3333333333333333,0.3333333333333333,0.0,1.0,0.25,0.25,24.0,0.04215904242474291,0.02980205784553611,0.0,0.0,0.0,0.5,1.0,1.0,1.0,1.0,1.0,0.0,0.0,1.0,1.0,1.0,1.0,1.0,0.0,0.0,24.0,0.04215904242474291,0.02980205784553611,0.0,0.0,0.0,0.5,1.0,1.0,1.0,1.0,1.0,0.0,0.0,distant_isomer
MGJLSBDCWOSMHL,T1_np,80,True,0.06206849098681896,1.0,1.0,1.0,1.0,1.0,0.0,0.0,36.0,0.03387740955253863,0.01624654760971759,0.0,0.0,0.029850746268656716,0.3880597014925373,2.0,0.611111111111111,0.611111111111111,0.3333333333333333,1.0,0.0,0.014925373134328358,2.0,0.611111111111111,0.611111111111111,0.3333333333333333,1.0,0.0,0.014925373134328358,43.5,0.030860768886891893,0.014514557702724307,0.0,0.014705882352941176,0.0,0.5,3.5,0.29166666666666663,0.29166666666666663,0.0,1.0,0.029850746268656716,0.03731343283582089,correct
MHEIGAWMHJODMW,T2_tims,107,True,0.049109440354833674,2.0,0.5,0.5,0.0,1.0,0.06666666666666667,0.06666666666666667,10.0,0.12930350150938383,0.12930350150938383,0.0,0.5333333333333333,0.06666666666666667,0.5333333333333333,2.0,0.5,0.5,0.0,1.0,0.06666666666666667,0.06666666666666667,2.0,0.5,0.5,0.0,1.0,0.06666666666666667,0.06666666666666667,8.5,0.2112955620768121,0.2112955620768121,0.0625,0.625,0.0,0.5,2.0,0.5,0.5,0.0,1.0,0.06666666666666667,0.06666666666666667,near_isomer
MHEYCXBBBSDJDK,T2_tims,236,True,0.025606629736356204,9.0,0.1111111111111111,0.1111111111111111,0.0,1.0,0.03980099502487562,0.03980099502487562,173.0,0.005837353288984535,0.0,0.0,0.0,0.7114427860696517,0.8557213930348259,2.0,0.5,0.5,0.0,1.0,0.004975124378109453,0.004975124378109453,5.0,0.2,0.2,0.0,1.0,0.01990049751243781,0.01990049751243781,102.5,0.024222191464967537,0.013940387018581716,0.0,0.04455445544554455,0.0,0.5,1.0,1.0,1.0,1.0,1.0,0.0,0.0,distant_isomer
MHPMODFFRVOHSN,T2_tims,144,True,0.03854511922182927,3.0,0.3333333333333333,0.3333333333333333,0.0,1.0,0.014598540145985401,0.014598540145985401,99.5,0.010395694331238823,0.0,0.0,0.0,0.48175182481751827,0.7043795620437956,2.0,0.5,0.5,0.0,1.0,0.0072992700729927005,0.0072992700729927005,1.0,1.0,1.0,1.0,1.0,0.0,0.0,69.5,0.03991368233808771,0.027651870853286284,0.007246376811594203,0.07246376811594203,0.0,0.5,2.0,0.5,0.5,0.0,1.0,0.0072992700729927005,0.0072992700729927005,near_isomer
MISQHULIRVJBOC,T2_tims,182,True,0.03178003895018658,60.0,0.016666666666666666,0.0,0.0,0.0,0.3313953488372093,0.3313953488372093,119.0,0.009372873047306057,0.0,0.0,0.0,0.26744186046511625,0.6337209302325582,1.0,1.0,1.0,1.0,1.0,0.0,0.0,3.0,0.3333333333333333,0.3333333333333333,0.0,1.0,0.011627906976744186,0.011627906976744186,64.0,0.04271917002038718,0.030046914785460687,0.007874015748031496,0.07874015748031496,0.0,0.36627906976744184,2.0,0.5,0.5,0.0,1.0,0.005813953488372093,0.005813953488372093,distant_isomer
MIXVVYAOZQSAMF,T2_tims,13,True,0.24462567347182732,1.0,1.0,1.0,1.0,1.0,0.0,0.0,4.5,0.3397321428571428,0.3397321428571428,0.125,1.0,0.0,0.4375,1.0,1.0,1.0,1.0,1.0,0.0,0.0,1.0,1.0,1.0,1.0,1.0,0.0,0.0,5.0,0.31432980599647264,0.31432980599647264,0.1111111111111111,1.0,0.0,0.5,1.0,1.0,1.0,1.0,1.0,0.0,0.0,correct
MIYXFSUZXIGWAU,T2_tims,6,True,0.40833333333333327,1.0,1.0,1.0,1.0,1.0,0.0,0.0,2.0,0.611111111111111,0.611111111111111,0.3333333333333333,1.0,0.0,0.3333333333333333,1.0,1.0,1.0,1.0,1.0,0.0,0.0,1.0,1.0,1.0,1.0,1.0,0.0,0.0,2.5,0.5208333333333333,0.5208333333333333,0.25,1.0,0.0,0.5,1.0,1.0,1.0,1.0,1.0,0.0,0.0,correct
MJGRYXZSQLEYFL,T2_tims,25,True,0.15263832711014028,1.0,1.0,1.0,1.0,1.0,0.0,0.0,19.0,0.052925942306747256,0.052925942306747256,0.0,0.0,0.0,0.4,1.0,1.0,1.0,1.0,1.0,0.0,0.0,1.0,1.0,1.0,1.0,1.0,0.0,0.0,15.5,0.06531623333093922,0.06531623333093922,0.0,0.0,0.0,0.5,1.0,1.0,1.0,1.0,1.0,0.0,0.0,correct
MJUVFWFUOWLXQB,T2_tims,140,True,0.039445894745737696,3.0,0.3333333333333333,0.3333333333333333,0.0,1.0,0.014492753623188406,0.014492753623188406,65.5,0.019202809579630258,0.0034132989314595037,0.0,0.0,0.12318840579710146,0.4601449275362319,5.0,0.2,0.2,0.0,1.0,0.028985507246376812,0.028985507246376812,3.0,0.3333333333333333,0.3333333333333333,0.0,1.0,0.014492753623188406,0.014492753623188406,70.0,0.03967829069971525,0.027452936530600772,0.007194244604316547,0.07194244604316546,0.0,0.5,4.0,0.25,0.25,0.0,1.0,0.021739130434782608,0.021739130434782608,near_isomer
MJWLOJMAKIHIOM,T2_tims,40,True,0.1069635759734094,23.0,0.043478260869565216,0.043478260869565216,0.0,0.0,0.6666666666666666,0.6666666666666666,15.0,0.06988830937958436,0.06988830937958436,0.0,0.09090909090909091,0.4444444444444444,0.7222222222222222,2.0,0.5,0.5,0.0,1.0,0.05555555555555555,0.05555555555555555,2.0,0.5,0.5,0.0,1.0,0.05555555555555555,0.05555555555555555,15.0,0.07855920233790387,0.07855920233790387,0.0,0.2631578947368421,0.0,0.5,1.0,1.0,1.0,1.0,1.0,0.0,0.0,distant_isomer
MJXRBZZOVQKJIT,T2_tims,36,True,0.11595997768873996,1.0,1.0,1.0,1.0,1.0,0.0,0.0,16.0,0.12991113533666193,0.12309542508882282,0.03225806451612903,0.3225806451612903,0.0,0.5,19.0,0.05263157894736842,0.05263157894736842,0.0,0.0,0.6,0.6,19.0,0.05263157894736842,0.05263157894736842,0.0,0.0,0.6,0.6,16.0,0.12991113533666193,0.12309542508882282,0.03225806451612903,0.3225806451612903,0.0,0.5,17.0,0.058823529411764705,0.058823529411764705,0.0,0.0,0.5333333333333333,0.5333333333333333,correct
MKUXAQIIEYXACX,T1_np,1,False,1.0,1.0,1.0,1.0,1.0,1.0,,,1.0,1.0,1.0,1.0,1.0,,,1.0,1.0,1.0,1.0,1.0,,,1.0,1.0,1.0,1.0,1.0,,,1.0,1.0,1.0,1.0,1.0,,,1.0,1.0,1.0,1.0,1.0,,,no_competitor
MKZAKYKZYSXQGM,T2_tims,135,True,0.04063844129329664,11.0,0.09090909090909091,0.09090909090909091,0.0,0.0,0.07633587786259542,0.07633587786259542,49.0,0.03910049979450295,0.024902776104876418,0.0,0.08602150537634409,0.0,0.3511450381679389,1.5,0.75,0.75,0.5,1.0,0.0,0.003816793893129771,2.5,0.41666666666666663,0.41666666666666663,0.0,1.0,0.0,0.003816793893129771,69.5,0.027673153342891763,0.015019885185001315,0.0,0.05303030303030303,0.0,0.5,1.5,0.75,0.75,0.5,1.0,0.0,0.003816793893129771,distant_isomer
MNVHXKRJRZDZRG,T2_tims,319,True,0.01988706378336682,20.0,0.05,0.05,0.0,0.0,0.06070287539936102,0.06070287539936102,141.0,0.010563945645565075,0.0009054710398747924,0.0,0.0,0.051118210862619806,0.43450479233226835,2.0,0.5,0.5,0.0,1.0,0.003194888178913738,0.003194888178913738,2.0,0.5,0.5,0.0,1.0,0.003194888178913738,0.003194888178913738,157.5,0.0201535037015879,0.012152733050170405,0.0031847133757961785,0.03184713375796178,0.0,0.5,1.0,1.0,1.0,1.0,1.0,0.0,0.0,distant_isomer
MNVLNCZVUVXEBD,T2_tims,29,True,0.13660875164093303,1.0,1.0,1.0,1.0,1.0,0.0,0.0,17.5,0.06314236518655014,0.061005613049798,0.0,0.1111111111111111,0.0,0.5,1.0,1.0,1.0,1.0,1.0,0.0,0.0,1.0,1.0,1.0,1.0,1.0,0.0,0.0,17.5,0.06314236518655014,0.061005613049798,0.0,0.1111111111111111,0.0,0.5,1.0,1.0,1.0,1.0,1.0,0.0,0.0,correct
MNXFYIZQDCQGEY,T2_tims,20,False,0.1798869828571841,3.0,0.3333333333333333,0.3333333333333333,0.0,1.0,,,15.0,0.06666666666666667,0.06666666666666667,0.0,0.0,,,1.0,1.0,1.0,1.0,1.0,,,1.0,1.0,1.0,1.0,1.0,,,14.0,0.07142857142857142,0.07142857142857142,0.0,0.0,,,1.0,1.0,1.0,1.0,1.0,,,unrelated
MOJKYUYPUVLNFC,T2_tims,7,True,0.37040816326530607,2.0,0.5,0.5,0.0,1.0,0.5,0.5,3.0,0.3611111111111111,0.3611111111111111,0.0,1.0,0.0,0.5,1.0,1.0,1.0,1.0,1.0,0.0,0.0,1.0,1.0,1.0,1.0,1.0,0.0,0.0,5.0,0.20555555555555557,0.20555555555555557,0.0,1.0,0.0,0.5,1.0,1.0,1.0,1.0,1.0,0.0,0.0,near_isomer
MPDGHEJMBKOTSU,T1_np,311,True,0.02031709142295422,18.0,0.05555555555555555,0.05555555555555555,0.0,0.0,0.054838709677419356,0.054838709677419356,151.0,0.011573270215243915,0.0028533363185525517,0.0,0.0,0.035483870967741936,0.4838709677419355,70.0,0.014285714285714285,0.0,0.0,0.0,0.22258064516129034,0.22258064516129034,159.0,0.006289308176100629,0.0,0.0,0.0,0.5096774193548387,0.5096774193548387,156.0,0.02031709142295422,0.012269961986345682,0.003215434083601286,0.03215434083601286,0.0,0.5,106.0,0.009433962264150943,0.0,0.0,0.0,0.3387096774193548,0.3387096774193548,distant_isomer
MQOWTPLLOAQDGI,T2_tims,21,True,0.17358850975060616,13.0,0.07692307692307693,0.07692307692307693,0.0,0.0,0.6,0.6,11.0,0.17358850975060616,0.17358850975060616,0.047619047619047616,0.47619047619047616,0.0,0.5,4.0,0.25,0.25,0.0,1.0,0.15,0.15,4.0,0.25,0.25,0.0,1.0,0.15,0.15,11.0,0.17358850975060616,0.17358850975060616,0.047619047619047616,0.47619047619047616,0.0,0.5,2.0,0.5,0.5,0.0,1.0,0.05,0.05,distant_isomer
MQQMZOXIPPKTCR,T2_tims,131,True,0.041650571954597225,2.0,0.5,0.5,0.0,1.0,0.007692307692307693,0.007692307692307693,66.0,0.041650571954597225,0.02912945173857639,0.007633587786259542,0.07633587786259542,0.0,0.5,15.0,0.06666666666666667,0.06666666666666667,0.0,0.0,0.1076923076923077,0.1076923076923077,16.0,0.0625,0.0625,0.0,0.0,0.11538461538461539,0.11538461538461539,66.0,0.041650571954597225,0.02912945173857639,0.007633587786259542,0.07633587786259542,0.0,0.5,27.0,0.037037037037037035,0.0,0.0,0.0,0.2,0.2,near_isomer
MQRABUUOQGNVHA,T2_tims,78,True,0.06333744937304378,5.0,0.2,0.2,0.0,1.0,0.17391304347826086,0.17391304347826086,62.0,0.016137431484139576,0.0,0.0,0.0,0.8260869565217391,0.9130434782608695,1.0,1.0,1.0,1.0,1.0,0.0,0.0,1.0,1.0,1.0,1.0,1.0,0.0,0.0,52.5,0.019389494365391377,0.0,0.0,0.0,0.0,0.5,1.0,1.0,1.0,1.0,1.0,0.0,0.0,distant_isomer
MQZSWRKERDUPAU,T2_tims,155,True,0.03628298786888866,9.0,0.1111111111111111,0.1111111111111111,0.0,1.0,0.05228758169934641,0.05228758169934641,94.0,0.01254376478853426,0.0,0.0,0.0,0.21568627450980393,0.6013071895424836,6.0,0.16666666666666666,0.16666666666666666,0.0,1.0,0.032679738562091505,0.032679738562091505,3.0,0.3333333333333333,0.3333333333333333,0.0,1.0,0.013071895424836602,0.013071895424836602,78.5,0.030025085192712606,0.018285442712685108,0.0,0.05844155844155844,0.0,0.5,1.0,1.0,1.0,1.0,1.0,0.0,0.0,distant_isomer
MRFXNXXXSDYUOG,T2_tims,167,True,0.034120961085443983,2.0,0.5,0.5,0.0,1.0,0.006134969325153374,0.006134969325153374,42.5,0.02991341030369122,0.012840013433486484,0.0,0.0,0.049079754601226995,0.2361963190184049,1.5,0.75,0.75,0.5,1.0,0.0,0.003067484662576687,1.5,0.75,0.75,0.5,1.0,0.0,0.003067484662576687,129.5,0.007918680139594287,0.0,0.0,0.0,0.5766871165644172,0.7883435582822086,1.5,0.75,0.75,0.5,1.0,0.0,0.003067484662576687,near_isomer
MSZJKXDQTFAAGO,T2_tims,99,True,0.05229674260242041,2.0,0.5,0.5,0.0,1.0,0.010638297872340425,0.010638297872340425,51.0,0.02741519186851402,0.011891444864882564,0.0,0.012048192771084338,0.05319148936170213,0.48936170212765956,4.5,0.23749999999999996,0.23749999999999996,0.0,1.0,0.02127659574468085,0.03723404255319149,5.5,0.18333333333333335,0.18333333333333335,0.0,1.0,0.0425531914893617,0.047872340425531915,48.0,0.0540668050619871,0.040167980818457974,0.010526315789473684,0.10526315789473684,0.0,0.5,5.5,0.18333333333333335,0.18333333333333335,0.0,1.0,0.0425531914893617,0.047872340425531915,near_isomer
MTDDOHOHKQIVHL,T2_tims,15,True,0.22121526621526624,5.0,0.2,0.2,0.0,1.0,1.0,1.0,8.5,0.11805555555555555,0.11805555555555555,0.0,1.0,0.0,0.5,1.0,1.0,1.0,1.0,1.0,0.0,0.0,1.0,1.0,1.0,1.0,1.0,0.0,0.0,6.5,0.15476190476190477,0.15476190476190477,0.0,1.0,0.0,0.5,1.0,1.0,1.0,1.0,1.0,0.0,0.0,distant_isomer
MTEXJUPXAGTIMI,T2_tims,24,True,0.15733159073972947,1.0,1.0,1.0,1.0,1.0,0.0,0.0,10.0,0.10207070707070709,0.10207070707070709,0.0,0.6,0.5,0.6428571428571429,1.0,1.0,1.0,1.0,1.0,0.0,0.0,1.0,1.0,1.0,1.0,1.0,0.0,0.0,8.0,0.22121526621526624,0.22121526621526624,0.06666666666666667,0.6666666666666666,0.0,0.5,1.0,1.0,1.0,1.0,1.0,0.0,0.0,correct
MTFDKEVIXDNTEU,T2_tims,53,True,0.08597946934388208,2.0,0.5,0.5,0.0,1.0,0.16666666666666666,0.16666666666666666,32.5,0.030805714881260424,0.0,0.0,0.0,0.0,0.25,1.0,1.0,1.0,1.0,1.0,0.0,0.0,1.0,1.0,1.0,1.0,1.0,0.0,0.0,33.0,0.030415057029654486,0.0,0.0,0.0,0.0,0.5,2.0,0.5,0.5,0.0,1.0,0.16666666666666666,0.16666666666666666,near_isomer
MURDYWPVCXXEOE,T2_tims,130,True,0.04191224106358443,32.0,0.03125,0.0,0.0,0.0,0.2440944881889764,0.2440944881889764,66.5,0.030848369830202938,0.01809342326369927,0.0,0.0625,0.0,0.5,1.0,1.0,1.0,1.0,1.0,0.0,0.0,1.0,1.0,1.0,1.0,1.0,0.0,0.0,66.5,0.030848369830202938,0.01809342326369927,0.0,0.0625,0.0,0.5,1.0,1.0,1.0,1.0,1.0,0.0,0.0,distant_isomer
MWNXCOOTFKJHED,T2_tims,65,True,0.0732196233706213,2.0,0.5,0.5,0.0,1.0,0.07142857142857142,0.07142857142857142,11.0,0.0964698881365548,0.0964698881365548,0.0,0.4444444444444444,0.42857142857142855,0.7142857142857143,1.0,1.0,1.0,1.0,1.0,0.0,0.0,1.0,1.0,1.0,1.0,1.0,0.0,0.0,8.0,0.22121526621526624,0.22121526621526624,0.06666666666666667,0.6666666666666666,0.0,0.5,1.0,1.0,1.0,1.0,1.0,0.0,0.0,distant_isomer
MXAXRMDKTBUNAY,T2_tims,248,True,0.024567174133772386,1.0,1.0,1.0,1.0,1.0,0.0,0.0,119.0,0.019480374805341077,0.009939734668469986,0.0,0.034334763948497854,0.0,0.48132780082987553,2.0,0.5,0.5,0.0,1.0,0.004149377593360996,0.004149377593360996,2.0,0.5,0.5,0.0,1.0,0.004149377593360996,0.004149377593360996,123.5,0.01891087467277527,0.009570075114683912,0.0,0.03305785123966942,0.0,0.5,2.0,0.5,0.5,0.0,1.0,0.004149377593360996,0.004149377593360996,correct
MXYUKLILVYORSK,T1_np,8,True,0.3397321428571428,1.0,1.0,1.0,1.0,1.0,0.0,0.0,3.5,0.40833333333333327,0.40833333333333327,0.16666666666666666,1.0,0.0,0.35714285714285715,1.0,1.0,1.0,1.0,1.0,0.0,0.0,1.0,1.0,1.0,1.0,1.0,0.0,0.0,4.5,0.3397321428571428,0.3397321428571428,0.125,1.0,0.0,0.5,1.0,1.0,1.0,1.0,1.0,0.0,0.0,correct
MYGYBYUDZGWFAW,T2_tims,49,True,0.09141235384345764,7.0,0.14285714285714285,0.14285714285714285,0.0,1.0,0.24,0.24,8.5,0.2112955620768121,0.2112955620768121,0.0625,0.625,0.0,0.3,1.0,1.0,1.0,1.0,1.0,0.0,0.0,1.0,1.0,1.0,1.0,1.0,0.0,0.0,13.5,0.14824691216211713,0.14676762222128875,0.038461538461538464,0.38461538461538464,0.0,0.5,1.0,1.0,1.0,1.0,1.0,0.0,0.0,distant_isomer
MYVRZEDQKDFZHW,T2_tims,117,True,0.045672282191490075,3.0,0.3333333333333333,0.3333333333333333,0.0,1.0,0.029850746268656716,0.029850746268656716,16.0,0.12991113533666193,0.12309542508882282,0.03225806451612903,0.3225806451612903,0.0,0.22388059701492538,5.0,0.2,0.2,0.0,1.0,0.05970149253731343,0.05970149253731343,4.0,0.25,0.25,0.0,1.0,0.04477611940298507,0.04477611940298507,34.5,0.07064791602542897,0.05611703202578687,0.014705882352941176,0.14705882352941177,0.0,0.5,2.0,0.5,0.5,0.0,1.0,0.014925373134328358,0.014925373134328358,near_isomer
NAEREQJOFAVBHP,T2_tims,77,True,0.06399351348411561,3.0,0.3333333333333333,0.3333333333333333,0.0,1.0,0.02702702702702703,0.02702702702702703,38.0,0.06535140840737395,0.05087944237004676,0.013333333333333334,0.13333333333333333,0.0,0.5,1.5,0.75,0.75,0.5,1.0,0.0,0.006756756756756757,1.5,0.75,0.75,0.5,1.0,0.0,0.006756756756756757,38.0,0.06535140840737395,0.05087944237004676,0.013333333333333334,0.13333333333333333,0.0,0.5,1.5,0.75,0.75,0.5,1.0,0.0,0.006756756756756757,distant_isomer
NAIFJEQNCRHIQV,T2_tims,69,False,0.06983407309206316,1.0,1.0,1.0,1.0,1.0,,,22.0,0.045454545454545456,0.045454545454545456,0.0,0.0,,,1.0,1.0,1.0,1.0,1.0,,,1.0,1.0,1.0,1.0,1.0,,,4.0,0.25,0.25,0.0,1.0,,,1.0,1.0,1.0,1.0,1.0,,,correct
NBDPRXAHSDXUHT,T2_tims,22,True,0.16776423864623977,1.0,1.0,1.0,1.0,1.0,0.0,0.0,5.0,0.31432980599647264,0.31432980599647264,0.1111111111111111,1.0,0.0,0.4444444444444444,2.0,0.5,0.5,0.0,1.0,0.1111111111111111,0.1111111111111111,2.0,0.5,0.5,0.0,1.0,0.1111111111111111,0.1111111111111111,5.5,0.2928968253968254,0.2928968253968254,0.1,1.0,0.0,0.5,2.0,0.5,0.5,0.0,1.0,0.1111111111111111,0.1111111111111111,correct
NBEZRIQJKZYAMN,T2_tims,201,True,0.029268686927858476,5.0,0.2,0.2,0.0,1.0,0.05263157894736842,0.05263157894736842,40.5,0.027665563855373623,0.00729204771720894,0.0,0.0,0.23684210526315788,0.5197368421052632,1.0,1.0,1.0,1.0,1.0,0.0,0.0,5.0,0.2,0.2,0.0,1.0,0.05263157894736842,0.05263157894736842,39.0,0.06399351348411561,0.049557898412383214,0.012987012987012988,0.12987012987012986,0.0,0.5,4.0,0.25,0.25,0.0,1.0,0.039473684210526314,0.039473684210526314,near_isomer
NCDSYHIZOQDWPZ,T2_tims,87,True,0.05803287241744354,14.0,0.07142857142857142,0.07142857142857142,0.0,0.0,0.15853658536585366,0.15853658536585366,38.0,0.043876475655592474,0.02873369339739382,0.0,0.10144927536231885,0.0,0.4146341463414634,1.0,1.0,1.0,1.0,1.0,0.0,0.0,1.0,1.0,1.0,1.0,1.0,0.0,0.0,42.0,0.06026588280337549,0.045975399731969964,0.012048192771084338,0.12048192771084337,0.0,0.5,1.0,1.0,1.0,1.0,1.0,0.0,0.0,distant_isomer
NCPTZBPRMULCPW,T2_tims,75,True,0.06535140840737395,14.0,0.07142857142857142,0.07142857142857142,0.0,0.0,0.18571428571428572,0.18571428571428572,35.0,0.06983407309206316,0.05530374170657257,0.014492753623188406,0.14492753623188406,0.0,0.4857142857142857,8.0,0.125,0.125,0.0,1.0,0.1,0.1,8.0,0.125,0.125,0.0,1.0,0.08571428571428572,0.08571428571428572,36.0,0.0682664966856384,0.05374588982751419,0.014084507042253521,0.14084507042253522,0.0,0.5,3.0,0.3333333333333333,0.3333333333333333,0.0,1.0,0.02857142857142857,0.02857142857142857,distant_isomer
NDVGSDBEMQSHEL,T2_tims,20,True,0.1798869828571841,1.0,1.0,1.0,1.0,1.0,0.0,0.0,10.0,0.1,0.1,0.0,1.0,1.0,1.0,1.0,1.0,1.0,1.0,1.0,0.0,0.0,1.0,1.0,1.0,1.0,1.0,0.0,0.0,6.5,0.15476190476190477,0.15476190476190477,0.0,1.0,0.0,0.5,1.0,1.0,1.0,1.0,1.0,0.0,0.0,correct
NDYMXLKIVSDWFM,T2_tims,10,False,0.2928968253968254,1.0,1.0,1.0,1.0,1.0,,,1.0,1.0,1.0,1.0,1.0,,,1.0,1.0,1.0,1.0,1.0,,,1.0,1.0,1.0,1.0,1.0,,,2.0,0.5,0.5,0.0,1.0,,,1.0,1.0,1.0,1.0,1.0,,,correct
NDZZBJQVELZZQG,T2_tims,100,True,0.05187377517639621,2.0,0.5,0.5,0.0,1.0,0.05,0.05,10.0,0.14677106342331256,0.14677106342331256,0.0,0.5294117647058824,0.0,0.4,2.0,0.5,0.5,0.0,1.0,0.05,0.05,3.0,0.3333333333333333,0.3333333333333333,0.0,1.0,0.0,0.0,14.0,0.09250594497238922,0.09250594497238922,0.0,0.3333333333333333,0.0,0.5,5.0,0.2,0.2,0.0,1.0,0.0,0.0,near_isomer
NEFRKEUZDMKXGZ,T2_tims,323,True,0.019679303953516514,1.0,1.0,1.0,1.0,1.0,0.0,0.0,178.0,0.006833912244516455,0.0,0.0,0.0,0.18210862619808307,0.5654952076677316,13.0,0.07692307692307693,0.07692307692307693,0.0,0.0,0.038338658146964855,0.038338658146964855,15.0,0.06666666666666667,0.06666666666666667,0.0,0.0,0.04472843450479233,0.04472843450479233,157.5,0.0201535037015879,0.012152733050170405,0.0031847133757961785,0.03184713375796178,0.0,0.5,8.0,0.125,0.125,0.0,1.0,0.022364217252396165,0.022364217252396165,correct
NERZQYIXAXUSKO,T2_tims,24,True,0.15733159073972947,1.0,1.0,1.0,1.0,1.0,0.0,0.0,4.0,0.37040816326530607,0.37040816326530607,0.14285714285714285,1.0,0.0,0.16666666666666666,1.0,1.0,1.0,1.0,1.0,0.0,0.0,1.0,1.0,1.0,1.0,1.0,0.0,0.0,11.0,0.13672313984966747,0.13672313984966747,0.0,0.47368421052631576,0.0,0.5,1.0,1.0,1.0,1.0,1.0,0.0,0.0,correct
NFWQQPMBVMNGFN,T2_tims,84,True,0.05969015517363009,3.0,0.3333333333333333,0.3333333333333333,0.0,1.0,0.02702702702702703,0.02702702702702703,47.0,0.02913339707488899,0.013159865650470039,0.0,0.013333333333333334,0.0,0.5,13.0,0.07692307692307693,0.07692307692307693,0.0,0.0,0.16216216216216217,0.16216216216216217,14.0,0.07142857142857142,0.07142857142857142,0.0,0.0,0.17567567567567569,0.17567567567567569,38.0,0.06535140840737395,0.05087944237004676,0.013333333333333334,0.13333333333333333,0.0,0.5,14.0,0.07142857142857142,0.07142857142857142,0.0,0.0,0.16216216216216217,0.16216216216216217,distant_isomer
NGOLMNWQNHWEKU,T1_np,84,True,0.05969015517363009,1.0,1.0,1.0,1.0,1.0,0.0,0.0,37.0,0.03088431629101639,0.011575097314523573,0.0,0.0,0.19480519480519481,0.4675324675324675,3.0,0.3333333333333333,0.3333333333333333,0.0,1.0,0.025974025974025976,0.025974025974025976,4.0,0.25,0.25,0.0,1.0,0.03896103896103896,0.03896103896103896,39.5,0.06333744937304378,0.04892254074042958,0.01282051282051282,0.1282051282051282,0.0,0.5,3.0,0.3333333333333333,0.3333333333333333,0.0,1.0,0.025974025974025976,0.025974025974025976,correct
NGSWKAQJJWESNS,T1_np,43,True,0.10116275861864714,1.0,1.0,1.0,1.0,1.0,0.0,0.0,20.5,0.1069635759734094,0.09539895444383768,0.025,0.25,0.0,0.4642857142857143,7.0,0.14285714285714285,0.14285714285714285,0.0,1.0,0.14285714285714285,0.14285714285714285,4.0,0.25,0.25,0.0,1.0,0.07142857142857142,0.07142857142857142,22.0,0.10116275861864714,0.08874321343612808,0.023255813953488372,0.23255813953488372,0.0,0.5,7.0,0.14285714285714285,0.14285714285714285,0.0,1.0,0.14285714285714285,0.14285714285714285,correct
NGUUVSBBHUKRDV,T2_tims,28,True,0.14025610853451315,3.0,0.3333333333333333,0.3333333333333333,0.0,1.0,0.3333333333333333,0.3333333333333333,7.0,0.14912698412698414,0.14912698412698414,0.0,1.0,0.0,0.3333333333333333,1.0,1.0,1.0,1.0,1.0,0.0,0.0,1.0,1.0,1.0,1.0,1.0,0.0,0.0,4.0,0.37040816326530607,0.37040816326530607,0.14285714285714285,1.0,0.0,0.5,1.0,1.0,1.0,1.0,1.0,0.0,0.0,distant_isomer
NGWJEBJNIRTCJA,T2_tims,168,True,0.03395329096560432,3.0,0.3333333333333333,0.3333333333333333,0.0,1.0,0.015625,0.015625,47.0,0.024089983520047518,0.0041173305775438675,0.0,0.0,0.15625,0.359375,2.0,0.5,0.5,0.0,1.0,0.0078125,0.0078125,2.0,0.5,0.5,0.0,1.0,0.0,0.0,65.0,0.042177511864912164,0.029581071145376024,0.007751937984496124,0.07751937984496124,0.0,0.5,3.0,0.3333333333333333,0.3333333333333333,0.0,1.0,0.0078125,0.0078125,distant_isomer
NHECEAVYEPDQKK,T2_tims,32,True,0.12682797485739125,1.0,1.0,1.0,1.0,1.0,0.0,0.0,10.0,0.10207070707070709,0.10207070707070709,0.0,0.6,0.2,0.3333333333333333,3.0,0.3333333333333333,0.3333333333333333,0.0,1.0,0.13333333333333333,0.13333333333333333,4.0,0.25,0.25,0.0,1.0,0.2,0.2,9.5,0.15247203266504739,0.15247203266504739,0.0,0.5625,0.0,0.5,3.0,0.3333333333333333,0.3333333333333333,0.0,1.0,0.13333333333333333,0.13333333333333333,correct
NHXJEZKPZGWIQS,T2_tims,129,True,0.042177511864912164,2.0,0.5,0.5,0.0,1.0,0.008,0.008,84.5,0.012140136138967719,0.0,0.0,0.0,0.488,0.668,1.0,1.0,1.0,1.0,1.0,0.0,0.0,2.0,0.5,0.5,0.0,1.0,0.008,0.008,63.5,0.042995718863818574,0.030285382363123073,0.007936507936507936,0.07936507936507936,0.0,0.5,2.0,0.5,0.5,0.0,1.0,0.008,0.008,near_isomer
NKFAIBZQWDOHHK,T2_tims,57,True,0.081210758147936,1.0,1.0,1.0,1.0,1.0,0.0,0.0,52.0,0.01924501108296891,0.0,0.0,0.0,0.0,0.5,1.0,1.0,1.0,1.0,1.0,0.0,0.0,2.0,0.5,0.5,0.0,1.0,0.0,0.0,52.0,0.01924501108296891,0.0,0.0,0.0,0.0,0.5,1.0,1.0,1.0,1.0,1.0,0.0,0.0,correct
NLCMYXZAMDZNEK,T2_tims,32,False,0.12682797485739125,1.0,1.0,1.0,1.0,1.0,,,19.0,0.05263157894736842,0.05263157894736842,0.0,0.0,,,1.0,1.0,1.0,1.0,1.0,,,1.0,1.0,1.0,1.0,1.0,,,1.0,1.0,1.0,1.0,1.0,,,1.0,1.0,1.0,1.0,1.0,,,correct
NODILNFGTFIURN,T1_np,24,True,0.15733159073972947,2.5,0.41666666666666663,0.41666666666666663,0.0,1.0,0.047619047619047616,0.07142857142857142,11.0,0.17358850975060616,0.17358850975060616,0.047619047619047616,0.47619047619047616,0.0,0.47619047619047616,9.0,0.12186671353338019,0.12186671353338019,0.0,0.6666666666666666,0.19047619047619047,0.38095238095238093,10.0,0.10758099924766591,0.10758099924766591,0.0,0.5555555555555556,0.14285714285714285,0.3333333333333333,11.5,0.16776423864623977,0.16776423864623977,0.045454545454545456,0.45454545454545453,0.0,0.5,8.0,0.14109748276414943,0.14109748276414943,0.0,0.7777777777777778,0.14285714285714285,0.3333333333333333,near_isomer
NOPNVBUVPIHUEP,T2_tims,19,True,0.18672313984966749,15.0,0.06666666666666667,0.06666666666666667,0.0,0.0,0.8,0.8,6.0,0.18985260770975057,0.18985260770975057,0.0,1.0,0.2,0.5,1.0,1.0,1.0,1.0,1.0,0.0,0.0,1.0,1.0,1.0,1.0,1.0,0.0,0.0,9.0,0.128929908475363,0.128929908475363,0.0,0.6363636363636364,0.0,0.5,1.0,1.0,1.0,1.0,1.0,0.0,0.0,distant_isomer
NPIDFTLPYCYRAW,T2_tims,68,True,0.07064791602542897,1.0,1.0,1.0,1.0,1.0,0.0,0.0,35.0,0.046684026998548664,0.03147023562571704,0.0,0.1111111111111111,0.0,0.484375,1.0,1.0,1.0,1.0,1.0,0.0,0.0,1.0,1.0,1.0,1.0,1.0,0.0,0.0,36.0,0.04570346086762824,0.030501920683387286,0.0,0.1076923076923077,0.0,0.5,1.0,1.0,1.0,1.0,1.0,0.0,0.0,correct
NPIRZHXQNMGHHT,T2_tims,22,True,0.16776423864623977,3.0,0.3333333333333333,0.3333333333333333,0.0,1.0,0.0,0.0,2.5,0.41666666666666663,0.41666666666666663,0.0,1.0,0.0,0.5,1.0,1.0,1.0,1.0,1.0,0.0,0.0,1.0,1.0,1.0,1.0,1.0,0.0,0.0,2.5,0.41666666666666663,0.41666666666666663,0.0,1.0,0.0,0.5,1.0,1.0,1.0,1.0,1.0,0.0,0.0,unrelated
NQHLAQOXQBHLDB,T2_tims,35,True,0.11847946911476746,3.0,0.3333333333333333,0.3333333333333333,0.0,1.0,0.14285714285714285,0.14285714285714285,14.0,0.07142857142857142,0.07142857142857142,0.0,0.0,0.0,0.0,1.0,1.0,1.0,1.0,1.0,0.0,0.0,1.0,1.0,1.0,1.0,1.0,0.0,0.0,21.0,0.04980248558884085,0.04238829484131678,0.0,0.0,0.0,0.5,1.0,1.0,1.0,1.0,1.0,0.0,0.0,near_isomer
NQUPISGQBMEBQR,T2_tims,7,True,0.37040816326530607,1.0,1.0,1.0,1.0,1.0,0.0,0.0,4.0,0.37040816326530607,0.37040816326530607,0.14285714285714285,1.0,0.0,0.5,3.0,0.3333333333333333,0.3333333333333333,0.0,1.0,0.3333333333333333,0.3333333333333333,4.0,0.25,0.25,0.0,1.0,0.5,0.5,4.0,0.37040816326530607,0.37040816326530607,0.14285714285714285,1.0,0.0,0.5,3.0,0.3333333333333333,0.3333333333333333,0.0,1.0,0.3333333333333333,0.3333333333333333,correct
NQWLVXBZFPEMAO,T2_tims,51,True,0.0886041800287584,7.0,0.14285714285714285,0.14285714285714285,0.0,1.0,0.12,0.12,49.0,0.02042518709611504,0.0,0.0,0.0,0.92,0.96,1.0,1.0,1.0,1.0,1.0,0.0,0.0,1.0,1.0,1.0,1.0,1.0,0.0,0.0,26.0,0.0886041800287584,0.07482270936771583,0.0196078431372549,0.19607843137254902,0.0,0.5,3.0,0.3333333333333333,0.3333333333333333,0.0,1.0,0.04,0.04,distant_isomer
NRBXKTINOCZELY,T2_tims,41,True,0.10494959226436135,17.0,0.058823529411764705,0.058823529411764705,0.0,0.0,0.0,0.0,1.5,0.75,0.75,0.5,1.0,0.0,0.1,1.0,1.0,1.0,1.0,1.0,0.0,0.0,1.0,1.0,1.0,1.0,1.0,0.0,0.0,3.5,0.40833333333333327,0.40833333333333327,0.16666666666666666,1.0,0.0,0.5,1.0,1.0,1.0,1.0,1.0,0.0,0.0,unrelated
NSVMRWNXWCNYGE,T2_tims,95,True,0.0540668050619871,6.0,0.16666666666666666,0.16666666666666666,0.0,1.0,0.053763440860215055,0.053763440860215055,44.0,0.05803287241744354,0.043861588250040315,0.011494252873563218,0.11494252873563218,0.0,0.46236559139784944,2.0,0.5,0.5,0.0,1.0,0.010752688172043012,0.010752688172043012,2.0,0.5,0.5,0.0,1.0,0.010752688172043012,0.010752688172043012,47.5,0.05453000175637555,0.04059529976333518,0.010638297872340425,0.10638297872340426,0.0,0.5,3.0,0.3333333333333333,0.3333333333333333,0.0,1.0,0.021505376344086023,0.021505376344086023,distant_isomer
NSZFTRHZZIGTGU,T2_tims,283,True,0.021994446312682922,151.0,0.006622516556291391,0.0,0.0,0.0,0.5319148936170213,0.5319148936170213,146.0,0.008500783241823044,0.0,0.0,0.0,0.1524822695035461,0.5141843971631206,1.0,1.0,1.0,1.0,1.0,0.0,0.0,1.0,1.0,1.0,1.0,1.0,0.0,0.0,142.0,0.021994446312682922,0.013483951158139601,0.0035335689045936395,0.0353356890459364,0.0,0.5,1.0,1.0,1.0,1.0,1.0,0.0,0.0,distant_isomer
NTBUBTCXACOEEC,T1_np,144,True,0.03854511922182927,75.0,0.013333333333333334,0.0,0.0,0.0,0.5211267605633803,0.5211267605633803,73.0,0.03182165851708682,0.0196920152290455,0.0,0.06293706293706294,0.0,0.5,48.0,0.020833333333333332,0.0,0.0,0.0,0.323943661971831,0.323943661971831,33.0,0.030303030303030304,0.0,0.0,0.0,0.22535211267605634,0.22535211267605634,73.0,0.03182165851708682,0.0196920152290455,0.0,0.06293706293706294,0.0,0.5,56.0,0.017857142857142856,0.0,0.0,0.0,0.3873239436619718,0.3873239436619718,distant_isomer
NTDXTAYGKFEKJG,T2_tims,98,True,0.05272731130141439,2.0,0.5,0.5,0.0,1.0,0.3333333333333333,0.3333333333333333,13.5,0.07458791208791209,0.07458791208791209,0.0,0.0,0.0,0.5,9.0,0.1111111111111111,0.1111111111111111,0.0,1.0,0.3333333333333333,0.3333333333333333,12.0,0.08333333333333333,0.08333333333333333,0.0,0.0,0.3333333333333333,0.3333333333333333,82.5,0.012123438909852858,0.0,0.0,0.0,0.0,0.5,3.0,0.3333333333333333,0.3333333333333333,0.0,1.0,0.6666666666666666,0.6666666666666666,near_isomer
NTNQOSAULDDBRN,T2_tims,49,True,0.09141235384345764,5.0,0.2,0.2,0.0,1.0,0.08888888888888889,0.08888888888888889,34.5,0.031048856039524775,0.008940617353660833,0.0,0.0,0.35555555555555557,0.6777777777777778,1.0,1.0,1.0,1.0,1.0,0.0,0.0,1.0,1.0,1.0,1.0,1.0,0.0,0.0,26.5,0.05751895663034983,0.043100540096090725,0.0,0.15217391304347827,0.0,0.5,1.0,1.0,1.0,1.0,1.0,0.0,0.0,distant_isomer
NUCDTYTVZLYJSF,T2_tims,14,True,0.23225445189730906,1.0,1.0,1.0,1.0,1.0,0.0,0.0,8.0,0.17319710204325595,0.17319710204325595,0.0,0.6923076923076923,0.0,0.5,1.0,1.0,1.0,1.0,1.0,0.0,0.0,1.0,1.0,1.0,1.0,1.0,0.0,0.0,7.0,0.24462567347182732,0.24462567347182732,0.07692307692307693,0.7692307692307693,0.0,0.5,2.0,0.5,0.5,0.0,1.0,0.08333333333333333,0.08333333333333333,correct
NUEXFIFKPIPSER,T2_tims,119,True,0.04504651221865599,9.0,0.1111111111111111,0.1111111111111111,0.0,1.0,0.07079646017699115,0.07079646017699115,35.5,0.032929078620422686,0.014450555059539814,0.0,0.0,0.07964601769911504,0.26991150442477874,2.0,0.5,0.5,0.0,1.0,0.008849557522123894,0.008849557522123894,1.0,1.0,1.0,1.0,1.0,0.0,0.0,58.5,0.03795166068598383,0.02470138752415357,0.0,0.07894736842105263,0.0,0.5,2.0,0.5,0.5,0.0,1.0,0.008849557522123894,0.008849557522123894,distant_isomer
NVLIZWVYNMZEON,T2_tims,69,True,0.06983407309206316,1.0,1.0,1.0,1.0,1.0,0.0,0.0,3.0,0.45666666666666667,0.45666666666666667,0.2,1.0,0.0,0.08,1.0,1.0,1.0,1.0,1.0,0.0,0.0,1.0,1.0,1.0,1.0,1.0,0.0,0.0,14.5,0.11120987512508008,0.10830608375975026,0.0,0.34615384615384615,0.0,0.5,1.0,1.0,1.0,1.0,1.0,0.0,0.0,correct
NVWKJYLNMWGSAK,T2_tims,7,True,0.37040816326530607,1.0,1.0,1.0,1.0,1.0,0.0,0.0,4.0,0.37040816326530607,0.37040816326530607,0.14285714285714285,1.0,0.0,0.5,1.0,1.0,1.0,1.0,1.0,0.0,0.0,1.0,1.0,1.0,1.0,1.0,0.0,0.0,4.0,0.37040816326530607,0.37040816326530607,0.14285714285714285,1.0,0.0,0.5,1.0,1.0,1.0,1.0,1.0,0.0,0.0,correct
NWBJYWHLCVSVIJ,T1_np,7,True,0.37040816326530607,1.0,1.0,1.0,1.0,1.0,0.0,0.0,3.5,0.40833333333333327,0.40833333333333327,0.16666666666666666,1.0,0.0,0.5,2.0,0.5,0.5,0.0,1.0,0.2,0.2,5.0,0.2,0.2,0.0,1.0,0.6,0.6,4.5,0.2654761904761905,0.2654761904761905,0.0,1.0,0.0,0.5,1.0,1.0,1.0,1.0,1.0,0.0,0.0,correct
NXDPUYVBJHEQOY,T2_tims,55,True,0.08352022203501976,11.0,0.09090909090909091,0.09090909090909091,0.0,0.0,0.2127659574468085,0.2127659574468085,35.5,0.03143951053987569,0.011453399592750359,0.0,0.0,0.2127659574468085,0.6063829787234043,5.0,0.2,0.2,0.0,1.0,0.0851063829787234,0.0851063829787234,4.0,0.25,0.25,0.0,1.0,0.06382978723404255,0.06382978723404255,24.5,0.0928916078138358,0.07949912870319807,0.020833333333333332,0.20833333333333334,0.0,0.5,1.0,1.0,1.0,1.0,1.0,0.0,0.0,distant_isomer
NYHBQMYGNKIUIF,T1_np,10,True,0.2928968253968254,2.0,0.5,0.5,0.0,1.0,0.1111111111111111,0.1111111111111111,5.5,0.2928968253968254,0.2928968253968254,0.1,1.0,0.0,0.5,3.5,0.29166666666666663,0.29166666666666663,0.0,1.0,0.2222222222222222,0.2777777777777778,4.5,0.225,0.225,0.0,1.0,0.3333333333333333,0.3888888888888889,5.5,0.2928968253968254,0.2928968253968254,0.1,1.0,0.0,0.5,5.5,0.18333333333333335,0.18333333333333335,0.0,1.0,0.4444444444444444,0.5,near_isomer
NZULOAWYNTZYEV,T2_tims,177,True,0.032520833877393115,88.0,0.011363636363636364,0.0,0.0,0.0,0.631578947368421,0.631578947368421,44.0,0.04749841938169441,0.03312891973827655,0.0,0.10588235294117647,0.0,0.3157894736842105,2.0,0.5,0.5,0.0,1.0,0.007518796992481203,0.007518796992481203,2.0,0.5,0.5,0.0,1.0,0.007518796992481203,0.007518796992481203,68.5,0.033479026676082435,0.021014613266817216,0.0,0.06716417910447761,0.0,0.5,2.0,0.5,0.5,0.0,1.0,0.007518796992481203,0.007518796992481203,distant_isomer
OAABPIOIMSJLEN,T2_tims,172,True,0.033300083149016065,2.0,0.5,0.5,0.0,1.0,0.006024096385542169,0.006024096385542169,92.5,0.01505765319085592,0.002509371034084993,0.0,0.0,0.0963855421686747,0.5451807228915663,6.0,0.16666666666666666,0.16666666666666666,0.0,1.0,0.030120481927710843,0.030120481927710843,4.0,0.25,0.25,0.0,1.0,0.018072289156626505,0.018072289156626505,85.0,0.028168580133063035,0.016862025016488064,0.0,0.05389221556886228,0.0,0.5,10.0,0.1,0.1,0.0,1.0,0.05421686746987952,0.05421686746987952,near_isomer
OAOTXBJUGYQBFQ,T2_tims,23,True,0.16236050048203654,1.0,1.0,1.0,1.0,1.0,0.0,0.0,6.5,0.16593915343915344,0.16593915343915344,0.0,1.0,0.375,0.6875,1.0,1.0,1.0,1.0,1.0,0.0,0.0,1.0,1.0,1.0,1.0,1.0,0.0,0.0,5.0,0.31432980599647264,0.31432980599647264,0.1111111111111111,1.0,0.0,0.5,1.0,1.0,1.0,1.0,1.0,0.0,0.0,correct
OCLLPNJJSKCVOH,T2_tims,260,True,0.02361468900038594,3.0,0.3333333333333333,0.3333333333333333,0.0,1.0,0.008583690987124463,0.008583690987124463,135.5,0.009209652484190135,0.0,0.0,0.0,0.1630901287553648,0.572961373390558,2.0,0.5,0.5,0.0,1.0,0.004291845493562232,0.004291845493562232,2.0,0.5,0.5,0.0,1.0,0.004291845493562232,0.004291845493562232,118.5,0.02153387747711312,0.012034009306638917,0.0,0.038461538461538464,0.0,0.5,2.0,0.5,0.5,0.0,1.0,0.004291845493562232,0.004291845493562232,near_isomer
OCVXIMIYNKZKDF,T2_tims,155,True,0.03628298786888866,123.0,0.008130081300813009,0.0,0.0,0.0,0.7922077922077922,0.7922077922077922,78.0,0.03628298786888866,0.024619085017764563,0.0064516129032258064,0.06451612903225806,0.0,0.5,20.0,0.05,0.05,0.0,0.0,0.12337662337662338,0.12337662337662338,22.0,0.045454545454545456,0.045454545454545456,0.0,0.0,0.13636363636363635,0.13636363636363635,78.0,0.03628298786888866,0.024619085017764563,0.0064516129032258064,0.06451612903225806,0.0,0.5,4.0,0.25,0.25,0.0,1.0,0.01948051948051948,0.01948051948051948,distant_isomer
OEQUCOSMVZLTAL,T2_tims,18,True,0.1941726710109063,1.0,1.0,1.0,1.0,1.0,0.0,0.0,9.5,0.10675505050505052,0.10675505050505052,0.0,0.75,0.0,0.21428571428571427,1.0,1.0,1.0,1.0,1.0,0.0,0.0,1.0,1.0,1.0,1.0,1.0,0.0,0.0,11.5,0.0906714812964813,0.0906714812964813,0.0,0.375,0.0,0.5,1.0,1.0,1.0,1.0,1.0,0.0,0.0,correct
OFAZUJGVXZOHJH,T2_tims,26,True,0.14824691216211713,2.0,0.5,0.5,0.0,1.0,0.125,0.125,6.0,0.18985260770975057,0.18985260770975057,0.0,1.0,0.25,0.625,1.0,1.0,1.0,1.0,1.0,0.0,0.0,1.0,1.0,1.0,1.0,1.0,0.0,0.0,5.0,0.31432980599647264,0.31432980599647264,0.1111111111111111,1.0,0.0,0.5,1.0,1.0,1.0,1.0,1.0,0.0,0.0,distant_isomer
OFWLMJCOPSEOKH,T2_tims,21,True,0.17358850975060616,7.0,0.14285714285714285,0.14285714285714285,0.0,1.0,0.375,0.375,10.5,0.0978794353794354,0.0978794353794354,0.0,0.5,0.0,0.3125,1.0,1.0,1.0,1.0,1.0,0.0,0.0,1.0,1.0,1.0,1.0,1.0,0.0,0.0,12.0,0.08754131670798337,0.08754131670798337,0.0,0.3333333333333333,0.0,0.5,1.0,1.0,1.0,1.0,1.0,0.0,0.0,distant_isomer
OFXPBQUDUCLHKY,T2_tims,74,True,0.06605435536783397,2.0,0.5,0.5,0.0,1.0,0.125,0.125,18.0,0.056742166120391097,0.056742166120391097,0.0,0.0,0.0,0.5,1.0,1.0,1.0,1.0,1.0,0.0,0.0,2.0,0.5,0.5,0.0,1.0,0.125,0.125,5.0,0.31432980599647264,0.31432980599647264,0.1111111111111111,1.0,0.0,0.5,1.0,1.0,1.0,1.0,1.0,0.0,0.0,distant_isomer
OGWKCGZFUXNPDA,T1_np,8,True,0.3397321428571428,1.0,1.0,1.0,1.0,1.0,0.0,0.0,4.0,0.37040816326530607,0.37040816326530607,0.14285714285714285,1.0,0.0,0.42857142857142855,3.5,0.40833333333333327,0.40833333333333327,0.16666666666666666,1.0,0.0,0.35714285714285715,4.5,0.2654761904761905,0.2654761904761905,0.0,1.0,0.14285714285714285,0.5,4.5,0.3397321428571428,0.3397321428571428,0.125,1.0,0.0,0.5,5.0,0.20555555555555557,0.20555555555555557,0.0,1.0,0.42857142857142855,0.5714285714285714,correct
OGXCLFQIHFRJIU,T2_tims,76,True,0.06466465164855117,1.0,1.0,1.0,1.0,1.0,0.0,0.0,10.5,0.1415410920635379,0.1415410920635379,0.0,0.5,0.013333333333333334,0.12666666666666668,1.0,1.0,1.0,1.0,1.0,0.0,0.0,1.0,1.0,1.0,1.0,1.0,0.0,0.0,38.5,0.06466465164855117,0.050209976023072464,0.013157894736842105,0.13157894736842105,0.0,0.5,1.0,1.0,1.0,1.0,1.0,0.0,0.0,correct
OHEMJQKKGNDVCA,T2_tims,27,True,0.1441280278982253,1.0,1.0,1.0,1.0,1.0,0.0,0.0,9.5,0.13433778523064235,0.13433778523064235,0.0,0.5714285714285714,0.0,0.34210526315789475,2.0,0.5,0.5,0.0,1.0,0.05263157894736842,0.05263157894736842,2.0,0.5,0.5,0.0,1.0,0.05263157894736842,0.05263157894736842,10.5,0.1798869828571841,0.1798869828571841,0.05,0.5,0.0,0.5,2.0,0.5,0.5,0.0,1.0,0.05263157894736842,0.05263157894736842,correct
OHIDHWDMYPJNGJ,T2_tims,49,True,0.09141235384345764,5.0,0.2,0.2,0.0,1.0,0.09302325581395349,0.09302325581395349,41.5,0.024327656044191865,0.0,0.0,0.0,0.6976744186046512,0.8488372093023255,1.5,0.75,0.75,0.5,1.0,0.0,0.011627906976744186,1.0,1.0,1.0,1.0,1.0,0.0,0.0,26.5,0.053987814584790586,0.03937783737318576,0.0,0.13636363636363635,0.0,0.5,1.0,1.0,1.0,1.0,1.0,0.0,0.0,near_isomer
OHYHUQXKVZTHGJ,T2_tims,245,True,0.0248184216467946,128.0,0.0078125,0.0,0.0,0.0,0.5204918032786885,0.5204918032786885,154.5,0.007429930767906088,0.0,0.0,0.0,0.2581967213114754,0.6290983606557377,2.0,0.5,0.5,0.0,1.0,0.004098360655737705,0.004098360655737705,1.0,1.0,1.0,1.0,1.0,0.0,0.0,123.0,0.0248184216467946,0.015575339501034723,0.004081632653061225,0.04081632653061224,0.0,0.5,2.0,0.5,0.5,0.0,1.0,0.004098360655737705,0.004098360655737705,distant_isomer
OIDKUQGTABOYAG,T2_tims,120,True,0.044740569061278296,4.0,0.25,0.25,0.0,1.0,0.025423728813559324,0.025423728813559324,61.0,0.036713178885322655,0.023663514098768965,0.0,0.07563025210084033,0.0,0.5,22.0,0.045454545454545456,0.045454545454545456,0.0,0.0,0.17796610169491525,0.17796610169491525,21.0,0.047619047619047616,0.047619047619047616,0.0,0.0,0.1694915254237288,0.1694915254237288,61.0,0.036713178885322655,0.023663514098768965,0.0,0.07563025210084033,0.0,0.5,27.0,0.037037037037037035,0.0,0.0,0.0,0.22033898305084745,0.22033898305084745,distant_isomer
OIGNJSKKLXVSLS,T1_np,192,True,0.030402671578337346,1.0,1.0,1.0,1.0,1.0,0.0,0.0,152.0,0.006688659181296286,0.0,0.0,0.0,0.6413043478260869,0.8206521739130435,31.0,0.03225806451612903,0.0,0.0,0.0,0.16304347826086957,0.16304347826086957,43.0,0.023255813953488372,0.0,0.0,0.0,0.22826086956521738,0.22826086956521738,93.0,0.031352820312553376,0.020626800960829767,0.005405405405405406,0.05405405405405406,0.0,0.5,22.0,0.045454545454545456,0.045454545454545456,0.0,0.0,0.10326086956521739,0.10326086956521739,correct
OIUFJNXPFJWFEA,T2_tims,47,True,0.0944247625900167,1.0,1.0,1.0,1.0,1.0,0.0,0.0,5.0,0.31432980599647264,0.31432980599647264,0.1111111111111111,1.0,0.0,0.16,1.0,1.0,1.0,1.0,1.0,0.0,0.0,1.0,1.0,1.0,1.0,1.0,0.0,0.0,15.5,0.09335273226793725,0.08907531452898103,0.0,0.3076923076923077,0.0,0.5,1.0,1.0,1.0,1.0,1.0,0.0,0.0,correct
OIWPROONIJBERV,T2_tims,74,True,0.06605435536783397,6.0,0.16666666666666666,0.16666666666666666,0.0,1.0,0.078125,0.078125,25.5,0.07248344454852969,0.05866579536986472,0.0,0.1875,0.0,0.3671875,1.0,1.0,1.0,1.0,1.0,0.0,0.0,1.0,1.0,1.0,1.0,1.0,0.0,0.0,35.0,0.05060542165194197,0.03563012581159241,0.0,0.12307692307692308,0.0,0.5,1.0,1.0,1.0,1.0,1.0,0.0,0.0,distant_isomer
OJAOIJQTVFLLHL,T2_tims,138,True,0.03991368233808771,55.0,0.01818181818181818,0.0,0.0,0.0,0.39416058394160586,0.39416058394160586,69.5,0.03991368233808771,0.027651870853286284,0.007246376811594203,0.07246376811594203,0.0,0.5,1.0,1.0,1.0,1.0,1.0,0.0,0.0,1.0,1.0,1.0,1.0,1.0,0.0,0.0,69.5,0.03991368233808771,0.027651870853286284,0.007246376811594203,0.07246376811594203,0.0,0.5,1.0,1.0,1.0,1.0,1.0,0.0,0.0,distant_isomer
OKCXAKIRMMCGTH,T2_tims,101,True,0.05145820304691713,1.0,1.0,1.0,1.0,1.0,0.0,0.0,51.0,0.02741519186851402,0.011891444864882564,0.0,0.012048192771084338,0.05319148936170213,0.48936170212765956,1.0,1.0,1.0,1.0,1.0,0.0,0.0,2.0,0.5,0.5,0.0,1.0,0.010638297872340425,0.010638297872340425,52.0,0.03256888615059248,0.01823815625705446,0.0,0.06315789473684211,0.0,0.5,2.0,0.5,0.5,0.0,1.0,0.010638297872340425,0.010638297872340425,correct
OKDRCQQASSMPBC,T2_tims,22,True,0.16776423864623977,1.0,1.0,1.0,1.0,1.0,0.0,0.0,17.5,0.0581531187036218,0.0581531187036218,0.0,0.0,0.0,0.5,1.0,1.0,1.0,1.0,1.0,0.0,0.0,1.0,1.0,1.0,1.0,1.0,0.0,0.0,8.5,0.1274846681096681,0.1274846681096681,0.0,0.75,0.0,0.5,1.0,1.0,1.0,1.0,1.0,0.0,0.0,correct
OLEXSLOLAXZKQG,T2_tims,220,True,0.027150519167123154,176.0,0.005681818181818182,0.0,0.0,0.0,0.46153846153846156,0.46153846153846156,5.5,0.20297619047619045,0.20297619047619045,0.0,1.0,0.15384615384615385,0.34615384615384615,1.0,1.0,1.0,1.0,1.0,0.0,0.0,1.0,1.0,1.0,1.0,1.0,0.0,0.0,7.5,0.23225445189730906,0.23225445189730906,0.07142857142857142,0.7142857142857143,0.0,0.5,1.0,1.0,1.0,1.0,1.0,0.0,0.0,unrelated
OLKMLJRYIFXBPK,T2_tims,359,True,0.017999805472031144,49.0,0.02040816326530612,0.0,0.0,0.0,0.1348314606741573,0.1348314606741573,188.0,0.00832110644548172,0.0003780813520732081,0.0,0.0,0.06179775280898876,0.5252808988764045,3.0,0.3333333333333333,0.3333333333333333,0.0,1.0,0.0056179775280898875,0.0056179775280898875,2.0,0.5,0.5,0.0,1.0,0.0028089887640449437,0.0028089887640449437,179.0,0.01808501779565675,0.01068895848110226,0.0028011204481792717,0.028011204481792718,0.0,0.5,2.0,0.5,0.5,0.0,1.0,0.0028089887640449437,0.0028089887640449437,distant_isomer
OLQFZWULAZXANM,T2_tims,124,True,0.043560677975037355,5.0,0.2,0.2,0.0,1.0,0.034482758620689655,0.034482758620689655,59.0,0.045672282191490075,0.032615027160286386,0.008547008547008548,0.08547008547008547,0.0,0.5,1.0,1.0,1.0,1.0,1.0,0.0,0.0,1.0,1.0,1.0,1.0,1.0,0.0,0.0,66.0,0.024005700222628126,0.01045385499911422,0.0,0.02564102564102564,0.0,0.5,1.0,1.0,1.0,1.0,1.0,0.0,0.0,distant_isomer
OLZIWHJGYLGPEO,T2_tims,64,True,0.07412329537040264,2.0,0.5,0.5,0.0,1.0,0.015873015873015872,0.015873015873015872,32.5,0.07412329537040264,0.05962434652739855,0.015625,0.15625,0.0,0.5,2.0,0.5,0.5,0.0,1.0,0.015873015873015872,0.015873015873015872,3.0,0.3333333333333333,0.3333333333333333,0.0,1.0,0.031746031746031744,0.031746031746031744,32.5,0.07412329537040264,0.05962434652739855,0.015625,0.15625,0.0,0.5,4.0,0.25,0.25,0.0,1.0,0.047619047619047616,0.047619047619047616,distant_isomer
ONLBEXSFFPOSAS,T2_tims,208,True,0.02844786377212679,2.0,0.5,0.5,0.0,1.0,0.004878048780487805,0.004878048780487805,194.5,0.005150283680049058,0.0,0.0,0.0,0.8682926829268293,0.9341463414634147,1.0,1.0,1.0,1.0,1.0,0.0,0.0,1.0,1.0,1.0,1.0,1.0,0.0,0.0,104.5,0.023846349380071262,0.013669699892007314,0.0,0.043689320388349516,0.0,0.5,1.0,1.0,1.0,1.0,1.0,0.0,0.0,distant_isomer
ONWRLVDILNWDKM,T2_tims,51,True,0.0886041800287584,2.0,0.5,0.5,0.0,1.0,0.02040816326530612,0.02040816326530612,26.5,0.07037626362933361,0.056319163555070134,0.0,0.18,0.0,0.5,2.0,0.5,0.5,0.0,1.0,0.02040816326530612,0.02040816326530612,2.0,0.5,0.5,0.0,1.0,0.02040816326530612,0.02040816326530612,26.5,0.07037626362933361,0.056319163555070134,0.0,0.18,0.0,0.5,1.0,1.0,1.0,1.0,1.0,0.0,0.0,distant_isomer
OODKOBVAGXYNOJ,T2_tims,15,True,0.22121526621526624,1.0,1.0,1.0,1.0,1.0,0.0,0.0,8.0,0.1263227513227513,0.1263227513227513,0.0,1.0,0.0,0.125,1.0,1.0,1.0,1.0,1.0,0.0,0.0,1.0,1.0,1.0,1.0,1.0,0.0,0.0,11.0,0.0964698881365548,0.0964698881365548,0.0,0.4444444444444444,0.0,0.5,1.0,1.0,1.0,1.0,1.0,0.0,0.0,correct
OPZFYPYPBGXWRK,T2_tims,12,True,0.25860088985088986,1.0,1.0,1.0,1.0,1.0,0.0,0.0,8.5,0.11805555555555555,0.11805555555555555,0.0,1.0,0.75,0.875,1.0,1.0,1.0,1.0,1.0,0.0,0.0,1.0,1.0,1.0,1.0,1.0,0.0,0.0,3.0,0.45666666666666667,0.45666666666666667,0.2,1.0,0.0,0.5,1.0,1.0,1.0,1.0,1.0,0.0,0.0,correct
OQIQSTLJSLGHID,T1_np,91,True,0.05597318256964315,48.0,0.020833333333333332,0.0,0.0,0.0,0.5222222222222223,0.5222222222222223,73.5,0.013887427830873302,0.0,0.0,0.0,0.6111111111111112,0.8055555555555556,58.0,0.017241379310344827,0.0,0.0,0.0,0.6333333333333333,0.6333333333333333,18.0,0.05555555555555555,0.05555555555555555,0.0,0.0,0.18888888888888888,0.18888888888888888,46.0,0.05597318256964315,0.04193360634893964,0.01098901098901099,0.10989010989010989,0.0,0.5,61.0,0.01639344262295082,0.0,0.0,0.0,0.6666666666666666,0.6666666666666666,distant_isomer
OREHGDCKYYMIRK,T2_tims,51,True,0.0886041800287584,2.0,0.5,0.5,0.0,1.0,0.0625,0.0625,8.0,0.1527394322848868,0.1527394322848868,0.0,0.7272727272727273,0.125,0.4375,1.0,1.0,1.0,1.0,1.0,0.0,0.0,1.0,1.0,1.0,1.0,1.0,0.0,0.0,9.0,0.20232661897886814,0.20232661897886814,0.058823529411764705,0.5882352941176471,0.0,0.5,1.0,1.0,1.0,1.0,1.0,0.0,0.0,distant_isomer
ORGSIGVUNXOLQC,T2_tims,159,True,0.03552994481094177,2.0,0.5,0.5,0.0,1.0,0.00641025641025641,0.00641025641025641,121.5,0.008515696740257577,0.0,0.0,0.0,0.5192307692307693,0.7596153846153846,1.0,1.0,1.0,1.0,1.0,0.0,0.0,1.0,1.0,1.0,1.0,1.0,0.0,0.0,81.0,0.026428415445476063,0.014751325972952272,0.0,0.050955414012738856,0.0,0.5,1.0,1.0,1.0,1.0,1.0,0.0,0.0,distant_isomer
ORJVQPIHKOARKV,T1_np,39,True,0.10906520612657374,1.0,1.0,1.0,1.0,1.0,0.0,0.0,17.5,0.12112382324839507,0.11223406405157374,0.029411764705882353,0.29411764705882354,0.0,0.4342105263157895,10.0,0.1,0.1,0.0,1.0,0.23684210526315788,0.23684210526315788,17.0,0.058823529411764705,0.058823529411764705,0.0,0.0,0.42105263157894735,0.42105263157894735,20.0,0.10906520612657374,0.09784508148085916,0.02564102564102564,0.2564102564102564,0.0,0.5,17.0,0.058823529411764705,0.058823529411764705,0.0,0.0,0.42105263157894735,0.42105263157894735,correct
ORQUHKRSARRWLH,T2_tims,323,True,0.019679303953516514,4.0,0.25,0.25,0.0,1.0,0.009584664536741214,0.009584664536741214,178.0,0.006833912244516455,0.0,0.0,0.0,0.18210862619808307,0.5654952076677316,1.0,1.0,1.0,1.0,1.0,0.0,0.0,5.0,0.2,0.2,0.0,1.0,0.012779552715654952,0.012779552715654952,162.5,0.012931974565479884,0.004880970842102463,0.0,0.01592356687898089,0.0,0.5,4.0,0.25,0.25,0.0,1.0,0.009584664536741214,0.009584664536741214,distant_isomer
ORWFKFICSXOUST,T2_tims,36,True,0.11595997768873996,29.0,0.034482758620689655,0.0,0.0,0.0,0.7,0.7,16.5,0.061267650334987794,0.061267650334987794,0.0,0.0,0.5,0.75,1.0,1.0,1.0,1.0,1.0,0.0,0.0,1.0,1.0,1.0,1.0,1.0,0.0,0.0,6.0,0.2745343040797586,0.2745343040797586,0.09090909090909091,0.9090909090909091,0.0,0.5,1.0,1.0,1.0,1.0,1.0,0.0,0.0,distant_isomer
OSLASFVOYSAOBB,T2_tims,177,True,0.032520833877393115,2.0,0.5,0.5,0.0,1.0,0.005747126436781609,0.005747126436781609,90.0,0.02432107197884904,0.013234046730020039,0.0,0.045714285714285714,0.0,0.5,5.0,0.2,0.2,0.0,1.0,0.022988505747126436,0.022988505747126436,6.0,0.16666666666666666,0.16666666666666666,0.0,1.0,0.028735632183908046,0.028735632183908046,88.0,0.03282774891772937,0.021805475301448614,0.005714285714285714,0.05714285714285714,0.0,0.5,3.0,0.3333333333333333,0.3333333333333333,0.0,1.0,0.011494252873563218,0.011494252873563218,near_isomer
OSWPGVNEEFBNPN,T2_tims,78,True,0.06333744937304378,1.0,1.0,1.0,1.0,1.0,0.0,0.0,28.0,0.06746095082536359,0.05313128637270768,0.0,0.16981132075471697,0.0,0.35135135135135137,1.0,1.0,1.0,1.0,1.0,0.0,0.0,1.0,1.0,1.0,1.0,1.0,0.0,0.0,39.0,0.05219351367053185,0.037546109036713425,0.0,0.12,0.0,0.5,1.0,1.0,1.0,1.0,1.0,0.0,0.0,correct
OVEWDXFUFSOJGH,T2_tims,45,True,0.09766551367891826,4.0,0.25,0.25,0.0,1.0,0.08333333333333333,0.08333333333333333,7.0,0.24462567347182732,0.24462567347182732,0.07692307692307693,0.7692307692307693,0.0,0.5,1.0,1.0,1.0,1.0,1.0,0.0,0.0,1.0,1.0,1.0,1.0,1.0,0.0,0.0,8.0,0.17319710204325595,0.17319710204325595,0.0,0.6923076923076923,0.0,0.5,1.0,1.0,1.0,1.0,1.0,0.0,0.0,unrelated
OWBFUDKYWJUUSG,T2_tims,216,True,0.027568551394823143,3.0,0.3333333333333333,0.3333333333333333,0.0,1.0,0.020618556701030927,0.020618556701030927,33.5,0.0723398035491197,0.05781754814778041,0.015151515151515152,0.15151515151515152,0.0,0.33505154639175255,2.0,0.5,0.5,0.0,1.0,0.010309278350515464,0.010309278350515464,2.0,0.5,0.5,0.0,1.0,0.010309278350515464,0.010309278350515464,49.5,0.05272731130141439,0.03893834875258681,0.01020408163265306,0.10204081632653061,0.0,0.5,1.0,1.0,1.0,1.0,1.0,0.0,0.0,distant_isomer
OXOALCVLBVMRKL,T2_tims,15,True,0.22121526621526624,2.0,0.5,0.5,0.0,1.0,0.07142857142857142,0.07142857142857142,10.0,0.11226324180869635,0.11226324180869635,0.0,0.5454545454545454,0.2857142857142857,0.6428571428571429,2.0,0.5,0.5,0.0,1.0,0.07142857142857142,0.07142857142857142,2.0,0.5,0.5,0.0,1.0,0.07142857142857142,0.07142857142857142,8.0,0.22121526621526624,0.22121526621526624,0.06666666666666667,0.6666666666666666,0.0,0.5,2.0,0.5,0.5,0.0,1.0,0.07142857142857142,0.07142857142857142,near_isomer
OXZZANIKBBNMME,T2_tims,28,True,0.14025610853451315,1.0,1.0,1.0,1.0,1.0,0.0,0.0,13.5,0.076323033584063,0.076323033584063,0.0,0.125,0.058823529411764705,0.2647058823529412,1.0,1.0,1.0,1.0,1.0,0.0,0.0,1.0,1.0,1.0,1.0,1.0,0.0,0.0,17.5,0.06314236518655014,0.061005613049798,0.0,0.1111111111111111,0.0,0.5,1.0,1.0,1.0,1.0,1.0,0.0,0.0,correct
OYFTUZKCQHFRRZ,T2_tims,9,False,0.31432980599647264,1.0,1.0,1.0,1.0,1.0,,,6.0,0.16666666666666666,0.16666666666666666,0.0,1.0,,,1.0,1.0,1.0,1.0,1.0,,,1.0,1.0,1.0,1.0,1.0,,,1.0,1.0,1.0,1.0,1.0,,,1.0,1.0,1.0,1.0,1.0,,,correct
OYPQLADRVYJMOF,T2_tims,87,True,0.05803287241744354,13.0,0.07692307692307693,0.07692307692307693,0.0,0.0,0.2727272727272727,0.2727272727272727,53.5,0.018769992046190464,0.0,0.0,0.0,0.5,0.75,2.0,0.5,0.5,0.0,1.0,0.0,0.0,6.0,0.16666666666666666,0.16666666666666666,0.0,1.0,0.0,0.0,17.0,0.07147120459274064,0.0666358628008771,0.0,0.21739130434782608,0.0,0.5,5.0,0.2,0.2,0.0,1.0,0.0,0.0,unrelated
OYWPTMJSGOEGMG,T2_tims,225,True,0.026646829525515076,1.0,1.0,1.0,1.0,1.0,0.0,0.0,20.5,0.05957892823019402,0.04878422063405381,0.0,0.14285714285714285,0.18181818181818182,0.5909090909090909,1.0,1.0,1.0,1.0,1.0,0.0,0.0,1.0,1.0,1.0,1.0,1.0,0.0,0.0,17.5,0.12112382324839507,0.11223406405157374,0.029411764705882353,0.29411764705882354,0.0,0.5,1.0,1.0,1.0,1.0,1.0,0.0,0.0,correct
OZVAECXCYJVGLH,T2_tims,16,True,0.2112955620768121,1.0,1.0,1.0,1.0,1.0,0.0,0.0,2.5,0.41666666666666663,0.41666666666666663,0.0,1.0,0.0,0.5,1.0,1.0,1.0,1.0,1.0,0.0,0.0,1.0,1.0,1.0,1.0,1.0,0.0,0.0,1.5,0.75,0.75,0.5,1.0,0.0,0.5,1.0,1.0,1.0,1.0,1.0,0.0,0.0,correct
OZWKMVRBQXNZKK,T1_np,41,True,0.10494959226436135,5.0,0.2,0.2,0.0,1.0,0.1,0.1,21.0,0.10494959226436135,0.09307215067691481,0.024390243902439025,0.24390243902439024,0.0,0.5,5.0,0.2,0.2,0.0,1.0,0.1,0.1,4.0,0.25,0.25,0.0,1.0,0.075,0.075,21.0,0.10494959226436135,0.09307215067691481,0.024390243902439025,0.24390243902439024,0.0,0.5,4.0,0.25,0.25,0.0,1.0,0.075,0.075,distant_isomer
PAHUCTMRDFKAAC,T2_tims,45,True,0.09766551367891826,7.0,0.14285714285714285,0.14285714285714285,0.0,1.0,0.2857142857142857,0.2857142857142857,10.5,0.1798869828571841,0.1798869828571841,0.05,0.5,0.0,0.4523809523809524,1.0,1.0,1.0,1.0,1.0,0.0,0.0,1.0,1.0,1.0,1.0,1.0,0.0,0.0,11.5,0.16776423864623977,0.16776423864623977,0.045454545454545456,0.45454545454545453,0.0,0.5,1.0,1.0,1.0,1.0,1.0,0.0,0.0,distant_isomer
PAIDKGGYYMTCBB,T2_tims,102,True,0.05104982773830645,1.0,1.0,1.0,1.0,1.0,0.0,0.0,28.5,0.03521450294716887,0.0,0.0,0.0,0.0,0.11363636363636363,1.0,1.0,1.0,1.0,1.0,0.0,0.0,1.0,1.0,1.0,1.0,1.0,0.0,0.0,39.0,0.02642385152510186,0.0,0.0,0.0,0.0,0.5,1.0,1.0,1.0,1.0,1.0,0.0,0.0,correct
PBRPFALHZLKOME,T2_tims,44,True,0.09938013393929772,12.0,0.08333333333333333,0.08333333333333333,0.0,0.0,0.3548387096774194,0.3548387096774194,28.0,0.04021896588358544,0.022991854823962217,0.0,0.0,0.03225806451612903,0.5161290322580645,8.0,0.1263227513227513,0.1263227513227513,0.0,1.0,0.1935483870967742,0.22580645161290322,7.0,0.14484126984126985,0.14484126984126985,0.0,1.0,0.16129032258064516,0.1935483870967742,26.5,0.04368045477125265,0.027718435118289152,0.0,0.0,0.0,0.5,5.0,0.20555555555555557,0.20555555555555557,0.0,1.0,0.0967741935483871,0.12903225806451613,near_isomer
PBVGVTRCPYEALT,T2_tims,87,True,0.05803287241744354,10.0,0.1,0.1,0.0,1.0,0.10465116279069768,0.10465116279069768,44.0,0.05803287241744354,0.043861588250040315,0.011494252873563218,0.11494252873563218,0.0,0.5,1.0,1.0,1.0,1.0,1.0,0.0,0.0,1.0,1.0,1.0,1.0,1.0,0.0,0.0,44.0,0.05803287241744354,0.043861588250040315,0.011494252873563218,0.11494252873563218,0.0,0.5,1.0,1.0,1.0,1.0,1.0,0.0,0.0,distant_isomer
PCZOHLXUXFIOCF,T1_np,107,True,0.049109440354833674,1.0,1.0,1.0,1.0,1.0,0.0,0.0,65.5,0.016589567050161437,0.0,0.0,0.0,0.3541666666666667,0.671875,34.0,0.029411764705882353,0.0,0.0,0.0,0.28125,0.28125,24.0,0.041666666666666664,0.041666666666666664,0.0,0.0,0.17708333333333334,0.17708333333333334,49.0,0.05316569511243255,0.039339775028386675,0.010309278350515464,0.10309278350515463,0.0,0.5,10.0,0.1,0.1,0.0,1.0,0.052083333333333336,0.052083333333333336,correct
PDBVGSUHODPURT,T2_tims,241,True,0.025162181960221873,1.0,1.0,1.0,1.0,1.0,0.0,0.0,2.5,0.5208333333333333,0.5208333333333333,0.25,1.0,0.0,0.5,1.0,1.0,1.0,1.0,1.0,0.0,0.0,1.0,1.0,1.0,1.0,1.0,0.0,0.0,7.5,0.13640873015873017,0.13640873015873017,0.0,1.0,0.0,0.5,1.0,1.0,1.0,1.0,1.0,0.0,0.0,correct
PDDJOOXCWJXTFL,T2_tims,218,True,0.027357809872366867,74.0,0.013513513513513514,0.0,0.0,0.0,0.33796296296296297,0.33796296296296297,128.0,0.00967325912244315,0.0,0.0,0.0,0.17592592592592593,0.5879629629629629,1.0,1.0,1.0,1.0,1.0,0.0,0.0,1.0,1.0,1.0,1.0,1.0,0.0,0.0,109.0,0.02746274376134873,0.01758506072697469,0.004608294930875576,0.04608294930875576,0.0,0.5,3.0,0.3333333333333333,0.3333333333333333,0.0,1.0,0.009259259259259259,0.009259259259259259,distant_isomer
PDILNJIDOZGONS,T2_tims,99,True,0.05229674260242041,2.0,0.5,0.5,0.0,1.0,0.05263157894736842,0.05263157894736842,13.5,0.08930443982688564,0.08930443982688564,0.0,0.3333333333333333,0.10526315789473684,0.5526315789473685,1.0,1.0,1.0,1.0,1.0,0.0,0.0,1.0,1.0,1.0,1.0,1.0,0.0,0.0,12.5,0.10954066251086374,0.10954066251086374,0.0,0.4,0.0,0.5,1.0,1.0,1.0,1.0,1.0,0.0,0.0,distant_isomer
PDRDPTJKVVLRQX,T2_tims,92,True,0.05548292585929259,1.0,1.0,1.0,1.0,1.0,0.0,0.0,31.5,0.03183982524651078,0.0,0.0,0.0,0.8,0.9,1.0,1.0,1.0,1.0,1.0,0.0,0.0,1.0,1.0,1.0,1.0,1.0,0.0,0.0,17.5,0.07352514606104069,0.0666394170930836,0.0,0.23076923076923078,0.0,0.5,1.0,1.0,1.0,1.0,1.0,0.0,0.0,correct
PEGDPSURBWSJSQ,T2_tims,39,True,0.10906520612657374,2.0,0.5,0.5,0.0,1.0,0.02631578947368421,0.02631578947368421,25.0,0.04567499258510765,0.030585859440870788,0.0,0.0,0.2631578947368421,0.631578947368421,2.0,0.5,0.5,0.0,1.0,0.02631578947368421,0.02631578947368421,2.0,0.5,0.5,0.0,1.0,0.02631578947368421,0.02631578947368421,20.0,0.10906520612657374,0.09784508148085916,0.02564102564102564,0.2564102564102564,0.0,0.5,2.0,0.5,0.5,0.0,1.0,0.02631578947368421,0.02631578947368421,near_isomer
PEIAAVYHTOQYNM,T2_tims,3,True,0.611111111111111,2.0,0.5,0.5,0.0,1.0,0.5,0.5,2.0,0.611111111111111,0.611111111111111,0.3333333333333333,1.0,0.0,0.5,1.0,1.0,1.0,1.0,1.0,0.0,0.0,2.0,0.5,0.5,0.0,1.0,0.5,0.5,2.0,0.611111111111111,0.611111111111111,0.3333333333333333,1.0,0.0,0.5,2.0,0.5,0.5,0.0,1.0,0.5,0.5,distant_isomer
PEJLKWOKGNVCOI,T2_tims,48,True,0.0928916078138358,2.0,0.5,0.5,0.0,1.0,1.0,1.0,47.5,0.02105496453900709,0.0,0.0,0.0,0.0,0.5,2.0,0.5,0.5,0.0,1.0,1.0,1.0,2.0,0.5,0.5,0.0,1.0,1.0,1.0,10.5,0.09545454545454546,0.09545454545454546,0.0,0.5,0.0,0.5,1.0,1.0,1.0,1.0,1.0,0.0,0.0,near_isomer
PEMHTVFWYNSALV,T2_tims,37,True,0.1135563844276126,1.0,1.0,1.0,1.0,1.0,0.0,0.0,28.0,0.0358981453832876,0.005714285714285714,0.0,0.0,0.07692307692307693,0.3076923076923077,1.0,1.0,1.0,1.0,1.0,0.0,0.0,2.0,0.5,0.5,0.0,1.0,0.07692307692307693,0.07692307692307693,12.5,0.09031473741502491,0.09031473741502491,0.0,0.35714285714285715,0.0,0.5,2.0,0.5,0.5,0.0,1.0,0.07692307692307693,0.07692307692307693,correct
PEZYLALYWKSROP,T2_tims,36,True,0.11595997768873996,2.0,0.5,0.5,0.0,1.0,0.16666666666666666,0.16666666666666666,10.5,0.0978794353794354,0.0978794353794354,0.0,0.5,0.16666666666666666,0.5833333333333334,1.5,0.75,0.75,0.5,1.0,0.0,0.08333333333333333,1.5,0.75,0.75,0.5,1.0,0.0,0.08333333333333333,16.0,0.06350413984757196,0.06350413984757196,0.0,0.0,0.0,0.5,1.5,0.75,0.75,0.5,1.0,0.0,0.08333333333333333,near_isomer
PFCAKTGTWZGNHQ,T2_tims,179,True,0.03222006796651085,51.0,0.0196078431372549,0.0,0.0,0.0,0.2840909090909091,0.2840909090909091,60.0,0.04504651221865599,0.03206687544330678,0.008403361344537815,0.08403361344537816,0.0,0.3352272727272727,1.0,1.0,1.0,1.0,1.0,0.0,0.0,2.0,0.5,0.5,0.0,1.0,0.005681818181818182,0.005681818181818182,89.0,0.032520833877393115,0.021559085750019816,0.005649717514124294,0.05649717514124294,0.0,0.5,1.0,1.0,1.0,1.0,1.0,0.0,0.0,distant_isomer
PFGMZFPZNCNNDB,T2_tims,44,True,0.09938013393929772,9.0,0.1111111111111111,0.1111111111111111,0.0,1.0,0.5,0.5,20.0,0.051308713744652755,0.051308713744652755,0.0,0.0,0.0,0.3125,4.0,0.25,0.25,0.0,1.0,0.1875,0.1875,5.0,0.2,0.2,0.0,1.0,0.1875,0.1875,19.0,0.056616970546107544,0.052175877869720756,0.0,0.0,0.0,0.5,5.0,0.2,0.2,0.0,1.0,0.125,0.125,distant_isomer
PFLNCSCPQLJTFF,T2_tims,141,True,0.039216435907693886,4.0,0.25,0.25,0.0,1.0,0.02142857142857143,0.02142857142857143,71.0,0.039216435907693886,0.02706353317555679,0.0070921985815602835,0.07092198581560284,0.0,0.5,5.0,0.2,0.2,0.0,1.0,0.02857142857142857,0.02857142857142857,8.0,0.125,0.125,0.0,1.0,0.05,0.05,71.0,0.039216435907693886,0.02706353317555679,0.0070921985815602835,0.07092198581560284,0.0,0.5,1.0,1.0,1.0,1.0,1.0,0.0,0.0,distant_isomer
PFOAVIHNHFPWAR,T2_tims,46,True,0.09601494013013269,1.0,1.0,1.0,1.0,1.0,0.0,0.0,34.0,0.030614559362349886,0.005441083805923125,0.0,0.0,0.47619047619047616,0.7380952380952381,2.0,0.5,0.5,0.0,1.0,0.023809523809523808,0.023809523809523808,2.0,0.5,0.5,0.0,1.0,0.023809523809523808,0.023809523809523808,24.0,0.0673243747802633,0.05385949250589551,0.0,0.18604651162790697,0.0,0.5,3.0,0.3333333333333333,0.3333333333333333,0.0,1.0,0.047619047619047616,0.047619047619047616,correct
PFTAWBLQPZVEMU,T1_np,117,True,0.045672282191490075,1.0,1.0,1.0,1.0,1.0,0.0,0.0,55.0,0.048377465038101544,0.03500879062159181,0.009174311926605505,0.09174311926605505,0.0,0.46956521739130436,31.5,0.031786107038123165,0.0,0.0,0.0,0.25217391304347825,0.26521739130434785,20.5,0.04892629300524037,0.04892629300524037,0.0,0.0,0.1565217391304348,0.16956521739130434,58.5,0.045992327653942504,0.03289619118753023,0.008620689655172414,0.08620689655172414,0.0,0.5,34.5,0.02901600033952975,0.0,0.0,0.0,0.2782608695652174,0.29130434782608694,correct
PFUHNMOLTQBSCD,T2_tims,137,True,0.040152129823682554,2.0,0.5,0.5,0.0,1.0,0.0,0.0,10.0,0.10207070707070709,0.10207070707070709,0.0,0.6,0.0,0.4,1.0,1.0,1.0,1.0,1.0,0.0,0.0,1.0,1.0,1.0,1.0,1.0,0.0,0.0,10.5,0.0978794353794354,0.0978794353794354,0.0,0.5,0.0,0.5,1.0,1.0,1.0,1.0,1.0,0.0,0.0,unrelated
PGDIAPNBAJWEFP,T2_tims,98,True,0.05272731130141439,14.0,0.07142857142857142,0.07142857142857142,0.0,0.0,0.18604651162790697,0.18604651162790697,80.0,0.012705129659234399,0.0,0.0,0.0,0.20930232558139536,0.6046511627906976,4.0,0.25,0.25,0.0,1.0,0.023255813953488372,0.023255813953488372,3.0,0.3333333333333333,0.3333333333333333,0.0,1.0,0.023255813953488372,0.023255813953488372,75.5,0.013640012515459226,0.0,0.0,0.0,0.0,0.5,1.0,1.0,1.0,1.0,1.0,0.0,0.0,distant_isomer
PGHHQAXDFFUGAP,T2_tims,167,True,0.034120961085443983,1.0,1.0,1.0,1.0,1.0,0.0,0.0,48.0,0.021409402412194665,0.0,0.0,0.0,0.4222222222222222,0.7111111111111111,1.0,1.0,1.0,1.0,1.0,0.0,0.0,1.0,1.0,1.0,1.0,1.0,0.0,0.0,38.5,0.029957279616210763,0.010820199663576384,0.0,0.0,0.0,0.5,1.0,1.0,1.0,1.0,1.0,0.0,0.0,correct
PGYBTKNADXRVQM,T2_tims,260,True,0.02361468900038594,7.0,0.14285714285714285,0.14285714285714285,0.0,1.0,0.023166023166023165,0.023166023166023165,110.0,0.01934964210304444,0.009308097861127575,0.0,0.03286384976525822,0.011583011583011582,0.42084942084942084,6.0,0.16666666666666666,0.16666666666666666,0.0,1.0,0.019305019305019305,0.019305019305019305,6.0,0.16666666666666666,0.16666666666666666,0.0,1.0,0.019305019305019305,0.019305019305019305,152.5,0.008180987253570575,0.0,0.0,0.0,0.16988416988416988,0.584942084942085,7.0,0.14285714285714285,0.14285714285714285,0.0,1.0,0.023166023166023165,0.023166023166023165,distant_isomer
PHLBKPHSAVXXEF,T1_np,44,True,0.09938013393929772,7.0,0.14285714285714285,0.14285714285714285,0.0,1.0,0.0,0.0,43.5,0.02299154334038055,0.0,0.0,0.0,0.0,0.5,1.0,1.0,1.0,1.0,1.0,0.0,0.0,1.0,1.0,1.0,1.0,1.0,0.0,0.0,43.5,0.02299154334038055,0.0,0.0,0.0,0.0,0.5,1.0,1.0,1.0,1.0,1.0,0.0,0.0,unrelated
PICNYVMZYCSASB,T2_tims,30,True,0.13316623769734637,28.0,0.03571428571428571,0.0,0.0,0.0,1.0,1.0,25.0,0.04,0.04,0.0,0.0,0.9583333333333334,0.9583333333333334,27.0,0.037037037037037035,0.0,0.0,0.0,0.9583333333333334,0.9583333333333334,27.0,0.037037037037037035,0.0,0.0,0.0,0.9166666666666666,0.9166666666666666,14.0,0.1141767886486018,0.11263832711014027,0.0,0.36,0.0,0.5,9.0,0.1111111111111111,0.1111111111111111,0.0,1.0,0.25,0.25,distant_isomer
PIQDYYWOUGMSSD,T2_tims,22,True,0.16776423864623977,2.0,0.5,0.5,0.0,1.0,0.047619047619047616,0.047619047619047616,6.0,0.2745343040797586,0.2745343040797586,0.09090909090909091,0.9090909090909091,0.0,0.23809523809523808,1.0,1.0,1.0,1.0,1.0,0.0,0.0,1.0,1.0,1.0,1.0,1.0,0.0,0.0,11.5,0.16776423864623977,0.16776423864623977,0.045454545454545456,0.45454545454545453,0.0,0.5,1.0,1.0,1.0,1.0,1.0,0.0,0.0,near_isomer
PJZRFJIAGNFLHO,T2_tims,26,True,0.14824691216211713,1.0,1.0,1.0,1.0,1.0,0.0,0.0,9.0,0.128929908475363,0.128929908475363,0.0,0.6363636363636364,0.15789473684210525,0.42105263157894735,1.0,1.0,1.0,1.0,1.0,0.0,0.0,1.0,1.0,1.0,1.0,1.0,0.0,0.0,10.5,0.1798869828571841,0.1798869828571841,0.05,0.5,0.0,0.5,1.0,1.0,1.0,1.0,1.0,0.0,0.0,correct
PKRCSPQZJXACLK,T2_tims,57,True,0.081210758147936,1.0,1.0,1.0,1.0,1.0,0.0,0.0,29.5,0.036848915263315504,0.017776042304446914,0.0,0.0,0.0,0.3375,1.0,1.0,1.0,1.0,1.0,0.0,0.0,1.0,1.0,1.0,1.0,1.0,0.0,0.0,33.0,0.035456126756465194,0.01738408535470314,0.0,0.0,0.0,0.5,1.0,1.0,1.0,1.0,1.0,0.0,0.0,correct
PLAPMLGJVGLZOV,T1_np,145,True,0.03832685323908658,2.0,0.5,0.5,0.0,1.0,0.0070921985815602835,0.0070921985815602835,75.0,0.02114030315885485,0.008256398758619278,0.0,0.015037593984962405,0.04964539007092199,0.5177304964539007,77.0,0.012987012987012988,0.0,0.0,0.0,0.5390070921985816,0.5390070921985816,60.0,0.016666666666666666,0.0,0.0,0.0,0.41843971631205673,0.41843971631205673,72.5,0.03199685016548571,0.01983069139263033,0.0,0.06338028169014084,0.0,0.5,49.0,0.02040816326530612,0.0,0.0,0.0,0.3404255319148936,0.3404255319148936,near_isomer
PLSZYOGXEUJJFJ,T2_tims,18,True,0.1941726710109063,2.0,0.5,0.5,0.0,1.0,0.5,0.5,5.0,0.20555555555555557,0.20555555555555557,0.0,1.0,0.0,0.5,1.0,1.0,1.0,1.0,1.0,0.0,0.0,2.0,0.5,0.5,0.0,1.0,0.5,0.5,5.0,0.20555555555555557,0.20555555555555557,0.0,1.0,0.0,0.5,1.0,1.0,1.0,1.0,1.0,0.0,0.0,near_isomer
PLVXOAMPHWYGET,T2_tims,62,True,0.07600633690052827,1.0,1.0,1.0,1.0,1.0,0.0,0.0,8.5,0.11974206349206348,0.11974206349206348,0.0,1.0,0.5,0.75,1.0,1.0,1.0,1.0,1.0,0.0,0.0,1.0,1.0,1.0,1.0,1.0,0.0,0.0,7.0,0.15651927437641724,0.15651927437641724,0.0,1.0,0.0,0.5,1.0,1.0,1.0,1.0,1.0,0.0,0.0,correct
PMPRQQLVVNFCDL,T2_tims,60,True,0.07799784021586229,45.0,0.022222222222222223,0.0,0.0,0.0,0.8695652173913043,0.8695652173913043,35.5,0.02894949688989077,0.0,0.0,0.0,0.30434782608695654,0.5108695652173914,2.0,0.5,0.5,0.0,1.0,0.021739130434782608,0.021739130434782608,2.0,0.5,0.5,0.0,1.0,0.021739130434782608,0.021739130434782608,26.0,0.06338734762403032,0.04927570590964908,0.0,0.1702127659574468,0.0,0.5,2.0,0.5,0.5,0.0,1.0,0.021739130434782608,0.021739130434782608,distant_isomer
PMTMAFAPLCGXGK,T1_np,90,True,0.056982690918397805,18.0,0.05555555555555555,0.05555555555555555,0.0,0.0,0.19318181818181818,0.19318181818181818,45.0,0.056982690918397805,0.04287593458150008,0.011235955056179775,0.11235955056179775,0.0,0.5,33.0,0.030303030303030304,0.0,0.0,0.0,0.36363636363636365,0.36363636363636365,32.0,0.03125,0.0,0.0,0.0,0.3522727272727273,0.3522727272727273,45.0,0.056982690918397805,0.04287593458150008,0.011235955056179775,0.11235955056179775,0.0,0.5,32.0,0.03125,0.0,0.0,0.0,0.3522727272727273,0.3522727272727273,distant_isomer
PNGLQOPGYBAWEB,T2_tims,56,True,0.08234766704970053,1.0,1.0,1.0,1.0,1.0,0.0,0.0,28.5,0.08234766704970053,0.06814211031702691,0.017857142857142856,0.17857142857142858,0.0,0.5,1.0,1.0,1.0,1.0,1.0,0.0,0.0,1.0,1.0,1.0,1.0,1.0,0.0,0.0,28.5,0.08234766704970053,0.06814211031702691,0.017857142857142856,0.17857142857142858,0.0,0.5,1.0,1.0,1.0,1.0,1.0,0.0,0.0,correct
PNVAODGDBYJZHT,T2_tims,274,True,0.02259915138256571,3.0,0.3333333333333333,0.3333333333333333,0.0,1.0,0.009302325581395349,0.009302325581395349,40.0,0.06269594023981666,0.048303268072829204,0.012658227848101266,0.12658227848101267,0.0,0.1813953488372093,1.0,1.0,1.0,1.0,1.0,0.0,0.0,1.0,1.0,1.0,1.0,1.0,0.0,0.0,108.5,0.027568551394823143,0.017666473045155125,0.004629629629629629,0.046296296296296294,0.0,0.5,3.0,0.3333333333333333,0.3333333333333333,0.0,1.0,0.009302325581395349,0.009302325581395349,near_isomer
PNVNVHUZROJLTJ,T1_np,36,True,0.11595997768873996,2.0,0.5,0.5,0.0,1.0,0.02857142857142857,0.02857142857142857,18.5,0.11595997768873996,0.10599883827093076,0.027777777777777776,0.2777777777777778,0.0,0.5,1.0,1.0,1.0,1.0,1.0,0.0,0.0,1.0,1.0,1.0,1.0,1.0,0.0,0.0,18.5,0.11595997768873996,0.10599883827093076,0.027777777777777776,0.2777777777777778,0.0,0.5,1.0,1.0,1.0,1.0,1.0,0.0,0.0,distant_isomer
PNXUZORCNFUKKF,T2_tims,397,True,0.016530002173043516,21.0,0.047619047619047616,0.047619047619047616,0.0,0.0,0.05128205128205128,0.05128205128205128,75.0,0.020560740537671936,0.0075342742273683426,0.0,0.007633587786259542,0.023076923076923078,0.18974358974358974,2.0,0.5,0.5,0.0,1.0,0.002564102564102564,0.002564102564102564,2.0,0.5,0.5,0.0,1.0,0.002564102564102564,0.002564102564102564,196.0,0.016744760747262166,0.00975948383057163,0.0025575447570332483,0.02557544757033248,0.0,0.5,3.0,0.3333333333333333,0.3333333333333333,0.0,1.0,0.005128205128205128,0.005128205128205128,distant_isomer
PQDRWRAPYBSKSG,T2_tims,34,True,0.12112382324839507,3.0,0.3333333333333333,0.3333333333333333,0.0,1.0,0.6666666666666666,0.6666666666666666,6.5,0.15476190476190477,0.15476190476190477,0.0,1.0,0.0,0.16666666666666666,2.0,0.5,0.5,0.0,1.0,0.3333333333333333,0.3333333333333333,1.0,1.0,1.0,1.0,1.0,0.0,0.0,6.5,0.15863095238095237,0.15863095238095237,0.0,1.0,0.0,0.5,1.0,1.0,1.0,1.0,1.0,0.0,0.0,distant_isomer
PRAUVHZJPXOEIF,T1_np,108,True,0.048740457196541326,6.0,0.16666666666666666,0.16666666666666666,0.0,1.0,0.04672897196261682,0.04672897196261682,17.5,0.07352514606104069,0.0666394170930836,0.0,0.23076923076923078,0.037383177570093455,0.1542056074766355,27.5,0.036375661375661374,0.0,0.0,0.0,0.24299065420560748,0.24766355140186916,87.5,0.011428944618599791,0.0,0.0,0.0,0.8037383177570093,0.8084112149532711,54.5,0.048740457196541326,0.03533294609031025,0.009259259259259259,0.09259259259259259,0.0,0.5,11.0,0.09090909090909091,0.09090909090909091,0.0,0.0,0.09345794392523364,0.09345794392523364,near_isomer
PRHSSPKWHDLOHB,T2_tims,127,True,0.04271917002038718,3.0,0.3333333333333333,0.3333333333333333,0.0,1.0,0.016,0.016,63.5,0.042995718863818574,0.030285382363123073,0.007936507936507936,0.07936507936507936,0.0,0.5,9.0,0.1111111111111111,0.1111111111111111,0.0,1.0,0.064,0.064,8.0,0.125,0.125,0.0,1.0,0.056,0.056,63.5,0.042995718863818574,0.030285382363123073,0.007936507936507936,0.07936507936507936,0.0,0.5,8.0,0.125,0.125,0.0,1.0,0.056,0.056,distant_isomer
PRSQYTXIAQZDSS,T2_tims,216,True,0.027568551394823143,3.0,0.3333333333333333,0.3333333333333333,0.0,1.0,0.03076923076923077,0.03076923076923077,77.5,0.012903762903762904,0.0,0.0,0.0,0.9846153846153847,0.9923076923076923,1.0,1.0,1.0,1.0,1.0,0.0,0.0,1.0,1.0,1.0,1.0,1.0,0.0,0.0,45.5,0.027835005649799044,0.010799204538527707,0.0,0.0,0.0,0.5,1.0,1.0,1.0,1.0,1.0,0.0,0.0,distant_isomer
PRYQWMTXXOOZRR,T2_tims,17,True,0.20232661897886814,1.0,1.0,1.0,1.0,1.0,0.0,0.0,9.5,0.13433778523064235,0.13433778523064235,0.0,0.5714285714285714,0.07142857142857142,0.5357142857142857,1.0,1.0,1.0,1.0,1.0,0.0,0.0,1.0,1.0,1.0,1.0,1.0,0.0,0.0,9.0,0.15871526621526627,0.15871526621526627,0.0,0.6,0.0,0.5,1.0,1.0,1.0,1.0,1.0,0.0,0.0,correct
PSGAAPLEWMOORI,T1_np,80,True,0.06206849098681896,3.0,0.3333333333333333,0.3333333333333333,0.0,1.0,0.02666666666666667,0.02666666666666667,10.5,0.1798869828571841,0.1798869828571841,0.05,0.5,0.0,0.12666666666666668,16.0,0.0625,0.0625,0.0,0.0,0.2,0.2,19.0,0.05263157894736842,0.05263157894736842,0.0,0.0,0.24,0.24,38.5,0.06466465164855117,0.050209976023072464,0.013157894736842105,0.13157894736842105,0.0,0.5,22.0,0.045454545454545456,0.045454545454545456,0.0,0.0,0.28,0.28,distant_isomer
PSIFNNKUMBGKDQ,T1_np,16,False,0.2112955620768121,1.0,1.0,1.0,1.0,1.0,,,1.0,1.0,1.0,1.0,1.0,,,2.0,0.5,0.5,0.0,1.0,,,6.0,0.16666666666666666,0.16666666666666666,0.0,1.0,,,12.0,0.08333333333333333,0.08333333333333333,0.0,0.0,,,1.0,1.0,1.0,1.0,1.0,,,correct
PSUOBNGVHSFYGP,T2_tims,59,True,0.07903735163195034,24.0,0.041666666666666664,0.041666666666666664,0.0,0.0,1.0,1.0,49.0,0.02040816326530612,0.0,0.0,0.0,1.0,1.0,4.0,0.25,0.25,0.0,1.0,0.0,0.0,2.0,0.5,0.5,0.0,1.0,0.0,0.0,2.0,0.611111111111111,0.611111111111111,0.3333333333333333,1.0,0.0,0.5,3.0,0.3333333333333333,0.3333333333333333,0.0,1.0,0.0,0.0,unrelated
PTCKPOLMRYUZEO,T2_tims,197,True,0.02976119450478578,39.0,0.02564102564102564,0.0,0.0,0.0,0.1977401129943503,0.1977401129943503,25.5,0.05919614791812393,0.04505965555500394,0.0,0.1590909090909091,0.0,0.12146892655367232,87.0,0.011494252873563218,0.0,0.0,0.0,0.4406779661016949,0.4406779661016949,47.0,0.02127659574468085,0.0,0.0,0.0,0.23728813559322035,0.23728813559322035,90.5,0.026783102056210355,0.01581998976266015,0.0,0.05056179775280899,0.0,0.5,59.0,0.01694915254237288,0.0,0.0,0.0,0.327683615819209,0.327683615819209,distant_isomer
PUSZBYZNVRSRII,T2_tims,40,True,0.1069635759734094,23.0,0.043478260869565216,0.043478260869565216,0.0,0.0,0.5,0.5,12.0,0.08754131670798337,0.08754131670798337,0.0,0.3333333333333333,0.3181818181818182,0.5,2.0,0.5,0.5,0.0,1.0,0.0,0.0,4.0,0.25,0.25,0.0,1.0,0.0,0.0,12.0,0.16236050048203654,0.16236050048203654,0.043478260869565216,0.43478260869565216,0.0,0.5,1.0,1.0,1.0,1.0,1.0,0.0,0.0,unrelated
PVFDJVJKQWWKCT,T2_tims,86,True,0.058574019156325874,46.0,0.021739130434782608,0.0,0.0,0.0,0.5294117647058824,0.5294117647058824,43.5,0.058574019156325874,0.04437160671806404,0.011627906976744186,0.11627906976744186,0.0,0.5,3.0,0.3333333333333333,0.3333333333333333,0.0,1.0,0.023529411764705882,0.023529411764705882,2.0,0.5,0.5,0.0,1.0,0.011764705882352941,0.011764705882352941,43.5,0.058574019156325874,0.04437160671806404,0.011627906976744186,0.11627906976744186,0.0,0.5,1.0,1.0,1.0,1.0,1.0,0.0,0.0,distant_isomer
PVHHFNSYGUTZAT,T2_tims,134,True,0.04088643408348984,61.0,0.01639344262295082,0.0,0.0,0.0,0.4496124031007752,0.4496124031007752,71.5,0.01604009450734076,0.0,0.0,0.0,0.21705426356589147,0.5387596899224806,62.0,0.016129032258064516,0.0,0.0,0.0,0.4728682170542636,0.4728682170542636,50.0,0.02,0.0,0.0,0.0,0.3798449612403101,0.3798449612403101,66.5,0.03427865327732489,0.02166121675195005,0.0,0.06923076923076923,0.0,0.5,64.0,0.015625,0.0,0.0,0.0,0.4883720930232558,0.4883720930232558,distant_isomer
PVIWHSHROTZJSH,T2_tims,177,True,0.032520833877393115,2.0,0.5,0.5,0.0,1.0,0.005780346820809248,0.005780346820809248,97.0,0.014754401261301793,0.002703286860400706,0.0,0.0,0.07514450867052024,0.5375722543352601,2.0,0.5,0.5,0.0,1.0,0.005780346820809248,0.005780346820809248,1.0,1.0,1.0,1.0,1.0,0.0,0.0,90.5,0.022545139442329012,0.011394395657587203,0.0,0.040229885057471264,0.0,0.5,1.0,1.0,1.0,1.0,1.0,0.0,0.0,near_isomer
PVQXSRRUHXRXES,T2_tims,97,True,0.05316569511243255,1.0,1.0,1.0,1.0,1.0,0.0,0.0,94.0,0.010640706743583018,0.0,0.0,0.0,0.2,0.6,1.0,1.0,1.0,1.0,1.0,0.0,0.0,1.0,1.0,1.0,1.0,1.0,0.0,0.0,59.5,0.016820588841587086,0.0,0.0,0.0,0.0,0.5,1.0,1.0,1.0,1.0,1.0,0.0,0.0,correct
PVRVUJPLYXKHFS,T2_tims,94,True,0.05453000175637555,2.0,0.5,0.5,0.0,1.0,0.018867924528301886,0.018867924528301886,69.5,0.014587716455502798,0.0,0.0,0.0,0.49056603773584906,0.7452830188679245,1.0,1.0,1.0,1.0,1.0,0.0,0.0,2.0,0.5,0.5,0.0,1.0,0.018867924528301886,0.018867924528301886,27.5,0.08473019247674571,0.0706658921806205,0.018518518518518517,0.18518518518518517,0.0,0.5,2.0,0.5,0.5,0.0,1.0,0.018867924528301886,0.018867924528301886,near_isomer
PXJLIDMUMXDFGE,T2_tims,145,True,0.03832685323908658,15.0,0.06666666666666667,0.06666666666666667,0.0,0.0,0.09722222222222222,0.09722222222222222,67.0,0.02300570022262813,0.009385478930738154,0.0,0.017094017094017096,0.05555555555555555,0.4583333333333333,1.0,1.0,1.0,1.0,1.0,0.0,0.0,2.0,0.5,0.5,0.0,1.0,0.006944444444444444,0.006944444444444444,73.0,0.03832685323908658,0.02631695295002419,0.006896551724137931,0.06896551724137931,0.0,0.5,1.0,1.0,1.0,1.0,1.0,0.0,0.0,distant_isomer
PXMCPIXUBIICQX,T2_tims,123,True,0.0438492646567122,1.0,1.0,1.0,1.0,1.0,0.0,0.0,74.0,0.014803402389346732,0.0,0.0,0.0,0.30578512396694213,0.6033057851239669,1.0,1.0,1.0,1.0,1.0,0.0,0.0,1.0,1.0,1.0,1.0,1.0,0.0,0.0,61.5,0.044142044848154,0.03127834571929104,0.00819672131147541,0.08196721311475409,0.0,0.5,1.0,1.0,1.0,1.0,1.0,0.0,0.0,correct
PXSCPFLKDHWGOA,T2_tims,238,True,0.02542683070476905,1.0,1.0,1.0,1.0,1.0,0.0,0.0,86.5,0.01217610725445925,0.0,0.0,0.0,0.1689497716894977,0.317351598173516,3.0,0.3333333333333333,0.3333333333333333,0.0,1.0,0.0091324200913242,0.0091324200913242,1.0,1.0,1.0,1.0,1.0,0.0,0.0,126.5,0.012101980111595776,0.0019783144751114256,0.0,0.0,0.0,0.5,1.0,1.0,1.0,1.0,1.0,0.0,0.0,correct
PXYKSCVVRYJSOY,T2_tims,177,True,0.032520833877393115,1.0,1.0,1.0,1.0,1.0,0.0,0.0,90.0,0.02432107197884904,0.013234046730020039,0.0,0.045714285714285714,0.0,0.5,1.0,1.0,1.0,1.0,1.0,0.0,0.0,1.0,1.0,1.0,1.0,1.0,0.0,0.0,90.0,0.02432107197884904,0.013234046730020039,0.0,0.045714285714285714,0.0,0.5,1.0,1.0,1.0,1.0,1.0,0.0,0.0,correct
PZPPOCZWRGNKIR,T1_np,4,True,0.5208333333333333,1.0,1.0,1.0,1.0,1.0,0.0,0.0,2.5,0.41666666666666663,0.41666666666666663,0.0,1.0,0.0,0.25,2.0,0.5,0.5,0.0,1.0,0.0,0.0,1.0,1.0,1.0,1.0,1.0,0.0,0.0,3.0,0.3611111111111111,0.3611111111111111,0.0,1.0,0.0,0.5,2.0,0.5,0.5,0.0,1.0,0.5,0.5,correct
PZTBOEADTYCUQU,T2_tims,71,True,0.0682664966856384,2.0,0.5,0.5,0.0,1.0,0.014285714285714285,0.014285714285714285,22.5,0.09938013393929772,0.08672632222167062,0.022727272727272728,0.22727272727272727,0.0,0.30714285714285716,1.0,1.0,1.0,1.0,1.0,0.0,0.0,1.0,1.0,1.0,1.0,1.0,0.0,0.0,36.0,0.0682664966856384,0.05374588982751419,0.014084507042253521,0.14084507042253522,0.0,0.5,2.0,0.5,0.5,0.0,1.0,0.014285714285714285,0.014285714285714285,near_isomer
QAFWLSUOXVRZFQ,T2_tims,143,True,0.038766102961531275,7.0,0.14285714285714285,0.14285714285714285,0.0,1.0,0.04316546762589928,0.04316546762589928,85.5,0.013394081555781846,0.0,0.0,0.0,0.2517985611510791,0.6079136690647482,1.0,1.0,1.0,1.0,1.0,0.0,0.0,1.0,1.0,1.0,1.0,1.0,0.0,0.0,70.5,0.039445894745737696,0.027256844126810766,0.007142857142857143,0.07142857142857142,0.0,0.5,1.0,1.0,1.0,1.0,1.0,0.0,0.0,distant_isomer
QAIPRVGONGVQAS,T1_np,66,True,0.0723398035491197,1.0,1.0,1.0,1.0,1.0,0.0,0.0,31.5,0.07600633690052827,0.06154771254441141,0.016129032258064516,0.16129032258064516,0.0,0.46923076923076923,28.5,0.035098522167487683,0.0,0.0,0.0,0.4153846153846154,0.4230769230769231,20.0,0.05,0.05,0.0,0.0,0.2923076923076923,0.2923076923076923,33.5,0.0723398035491197,0.05781754814778041,0.015151515151515152,0.15151515151515152,0.0,0.5,14.0,0.07142857142857142,0.07142857142857142,0.0,0.0,0.2,0.2,correct
QANMHLXAZMSUEX,T1_np,7,True,0.37040816326530607,2.0,0.5,0.5,0.0,1.0,0.2,0.2,4.5,0.2654761904761905,0.2654761904761905,0.0,1.0,0.0,0.5,1.0,1.0,1.0,1.0,1.0,0.0,0.0,1.0,1.0,1.0,1.0,1.0,0.0,0.0,3.5,0.40833333333333327,0.40833333333333327,0.16666666666666666,1.0,0.0,0.5,1.0,1.0,1.0,1.0,1.0,0.0,0.0,distant_isomer
QBBPRZZSSQEEQV,T2_tims,6,True,0.40833333333333327,1.0,1.0,1.0,1.0,1.0,0.0,0.0,3.5,0.29166666666666663,0.29166666666666663,0.0,1.0,0.5,0.625,1.0,1.0,1.0,1.0,1.0,0.0,0.0,1.0,1.0,1.0,1.0,1.0,0.0,0.0,3.0,0.45666666666666667,0.45666666666666667,0.2,1.0,0.0,0.5,1.0,1.0,1.0,1.0,1.0,0.0,0.0,correct
QBZNQHBZVKDTSJ,T2_tims,6,False,0.40833333333333327,1.0,1.0,1.0,1.0,1.0,,,2.0,0.5,0.5,0.0,1.0,,,1.0,1.0,1.0,1.0,1.0,,,1.0,1.0,1.0,1.0,1.0,,,1.0,1.0,1.0,1.0,1.0,,,1.0,1.0,1.0,1.0,1.0,,,correct
QCCPJYJHDIMHSS,T2_tims,260,True,0.02361468900038594,1.0,1.0,1.0,1.0,1.0,0.0,0.0,135.5,0.009209652484190135,0.0,0.0,0.0,0.1630901287553648,0.572961373390558,1.0,1.0,1.0,1.0,1.0,0.0,0.0,1.0,1.0,1.0,1.0,1.0,0.0,0.0,118.5,0.02153387747711312,0.012034009306638917,0.0,0.038461538461538464,0.0,0.5,1.0,1.0,1.0,1.0,1.0,0.0,0.0,correct
QCHFTSOMWOSFHM,T1_np,15,True,0.22121526621526624,1.0,1.0,1.0,1.0,1.0,0.0,0.0,8.0,0.22121526621526624,0.22121526621526624,0.06666666666666667,0.6666666666666666,0.0,0.5,1.0,1.0,1.0,1.0,1.0,0.0,0.0,1.0,1.0,1.0,1.0,1.0,0.0,0.0,8.0,0.22121526621526624,0.22121526621526624,0.06666666666666667,0.6666666666666666,0.0,0.5,1.0,1.0,1.0,1.0,1.0,0.0,0.0,correct
QCNGULQKPWDZOS,T2_tims,83,True,0.06026588280337549,2.0,0.5,0.5,0.0,1.0,0.012345679012345678,0.012345679012345678,19.5,0.11126057929724605,0.10041995204614493,0.02631578947368421,0.2631578947368421,0.0,0.22839506172839505,1.0,1.0,1.0,1.0,1.0,0.0,0.0,1.0,1.0,1.0,1.0,1.0,0.0,0.0,41.5,0.06085390341352538,0.046536075338457404,0.012195121951219513,0.12195121951219512,0.0,0.5,1.0,1.0,1.0,1.0,1.0,0.0,0.0,distant_isomer
QEMWEGWUXMFGNI,T2_tims,203,True,0.02902897869913026,10.0,0.1,0.1,0.0,1.0,0.04477611940298507,0.04477611940298507,91.5,0.0147659066441084,0.0018626286153460069,0.0,0.0,0.0945273631840796,0.4502487562189055,5.0,0.2,0.2,0.0,1.0,0.01990049751243781,0.01990049751243781,5.0,0.2,0.2,0.0,1.0,0.01990049751243781,0.01990049751243781,101.5,0.029148299839351778,0.01889088206808667,0.0049504950495049506,0.04950495049504951,0.0,0.5,5.0,0.2,0.2,0.0,1.0,0.01990049751243781,0.01990049751243781,distant_isomer
QEPGLPUVJBGNJC,T2_tims,49,True,0.09141235384345764,3.0,0.3333333333333333,0.3333333333333333,0.0,1.0,0.041666666666666664,0.041666666666666664,25.0,0.09141235384345764,0.07787669750517362,0.02040816326530612,0.20408163265306123,0.0,0.5,7.0,0.14285714285714285,0.14285714285714285,0.0,1.0,0.125,0.125,7.0,0.14285714285714285,0.14285714285714285,0.0,1.0,0.125,0.125,25.0,0.09141235384345764,0.07787669750517362,0.02040816326530612,0.20408163265306123,0.0,0.5,10.0,0.1,0.1,0.0,1.0,0.1875,0.1875,near_isomer
QEVHRUUCFGRFIF,T1_np,8,True,0.3397321428571428,1.0,1.0,1.0,1.0,1.0,0.0,0.0,4.0,0.26111111111111107,0.26111111111111107,0.0,1.0,0.5,0.75,2.5,0.41666666666666663,0.41666666666666663,0.0,1.0,0.25,0.375,3.5,0.29166666666666663,0.29166666666666663,0.0,1.0,0.5,0.625,4.0,0.29,0.29,0.0,1.0,0.0,0.5,1.5,0.75,0.75,0.5,1.0,0.0,0.125,correct
QFBOGHGVBGYCHC,T2_tims,55,True,0.08352022203501976,2.0,0.5,0.5,0.0,1.0,0.018867924528301886,0.018867924528301886,27.5,0.08473019247674571,0.0706658921806205,0.018518518518518517,0.18518518518518517,0.0,0.5,2.0,0.5,0.5,0.0,1.0,0.018867924528301886,0.018867924528301886,2.0,0.5,0.5,0.0,1.0,0.018867924528301886,0.018867924528301886,27.5,0.08473019247674571,0.0706658921806205,0.018518518518518517,0.18518518518518517,0.0,0.5,2.0,0.5,0.5,0.0,1.0,0.018867924528301886,0.018867924528301886,distant_isomer
QFJCIRLUMZQUOT,T1_np,2,True,0.75,1.0,1.0,1.0,1.0,1.0,0.0,0.0,1.5,0.75,0.75,0.5,1.0,0.0,0.5,1.5,0.75,0.75,0.5,1.0,0.0,0.5,1.5,0.75,0.75,0.5,1.0,0.0,0.5,1.5,0.75,0.75,0.5,1.0,0.0,0.5,1.5,0.75,0.75,0.5,1.0,0.0,0.5,correct
QGJNIKNCNMKONA,T2_tims,86,True,0.058574019156325874,2.0,0.5,0.5,0.0,1.0,0.02631578947368421,0.02631578947368421,60.5,0.016714360288677284,0.0,0.0,0.0,0.4473684210526316,0.7236842105263158,23.5,0.04257246376811594,0.04257246376811594,0.0,0.0,0.02631578947368421,0.039473684210526314,1.5,0.75,0.75,0.5,1.0,0.0,0.013157894736842105,21.0,0.08406520612657373,0.07220405583983351,0.0,0.23076923076923078,0.0,0.5,3.5,0.29166666666666663,0.29166666666666663,0.0,1.0,0.02631578947368421,0.039473684210526314,near_isomer
QGXBDMJGAMFCBF,T1_np,80,True,0.06206849098681896,2.0,0.5,0.5,0.0,1.0,0.012658227848101266,0.012658227848101266,40.5,0.06206849098681896,0.04769947722191884,0.0125,0.125,0.0,0.5,57.0,0.01754746060553683,0.0,0.0,0.0,0.6962025316455697,0.7088607594936709,20.0,0.05008354218880534,0.05008354218880534,0.0,0.0,0.22784810126582278,0.24050632911392406,40.5,0.06206849098681896,0.04769947722191884,0.0125,0.125,0.0,0.5,59.5,0.016807909604519774,0.0,0.0,0.0,0.7341772151898734,0.740506329113924,distant_isomer
QHQLVWJGECHPCX,T2_tims,91,True,0.05597318256964315,1.0,1.0,1.0,1.0,1.0,0.0,0.0,20.5,0.05330094384760685,0.04434949618926264,0.0,0.0,0.0,0.19387755102040816,1.0,1.0,1.0,1.0,1.0,0.0,0.0,1.0,1.0,1.0,1.0,1.0,0.0,0.0,34.5,0.036684709846336344,0.019739798475705058,0.0,0.02,0.0,0.5,1.0,1.0,1.0,1.0,1.0,0.0,0.0,correct
QIBTYUHJKVJYON,T2_tims,13,True,0.24462567347182732,1.0,1.0,1.0,1.0,1.0,0.0,0.0,7.0,0.14912698412698414,0.14912698412698414,0.0,1.0,0.0,0.5,1.0,1.0,1.0,1.0,1.0,0.0,0.0,1.0,1.0,1.0,1.0,1.0,0.0,0.0,7.0,0.14912698412698414,0.14912698412698414,0.0,1.0,0.0,0.5,1.0,1.0,1.0,1.0,1.0,0.0,0.0,correct
QIVBCDIJIAJPQS,T1_np,32,True,0.12682797485739125,1.0,1.0,1.0,1.0,1.0,0.0,0.0,16.5,0.12682797485739125,0.1192486930547971,0.03125,0.3125,0.0,0.5,1.5,0.75,0.75,0.5,1.0,0.0,0.016129032258064516,1.5,0.75,0.75,0.5,1.0,0.0,0.016129032258064516,16.5,0.12682797485739125,0.1192486930547971,0.03125,0.3125,0.0,0.5,1.5,0.75,0.75,0.5,1.0,0.0,0.016129032258064516,correct
QJMJKBDNQPYMFK,T2_tims,77,True,0.06399351348411561,2.0,0.5,0.5,0.0,1.0,0.0,0.0,65.5,0.01534347307961544,0.0,0.0,0.0,0.0,0.39473684210526316,1.0,1.0,1.0,1.0,1.0,0.0,0.0,1.0,1.0,1.0,1.0,1.0,0.0,0.0,11.5,0.13226793523813646,0.13226793523813646,0.0,0.45,0.0,0.5,1.0,1.0,1.0,1.0,1.0,0.0,0.0,unrelated
QJOAEKNDONVOLJ,T2_tims,156,True,0.03609149600056409,1.0,1.0,1.0,1.0,1.0,0.0,0.0,153.0,0.006537064872969446,0.0,0.0,0.0,0.0,0.5,1.0,1.0,1.0,1.0,1.0,0.0,0.0,1.0,1.0,1.0,1.0,1.0,0.0,0.0,153.0,0.006537064872969446,0.0,0.0,0.0,0.0,0.5,1.0,1.0,1.0,1.0,1.0,0.0,0.0,correct
QJPCKAJTLHDNCS,T1_np,140,True,0.039445894745737696,18.0,0.05555555555555555,0.05555555555555555,0.0,0.0,0.12878787878787878,0.12878787878787878,95.0,0.011166884751133038,0.0,0.0,0.0,0.42424242424242425,0.7121212121212122,38.0,0.026352323983902932,0.0,0.0,0.0,0.2196969696969697,0.23484848484848486,87.0,0.011497291430495295,0.0,0.0,0.0,0.5909090909090909,0.6060606060606061,67.0,0.04113774045579304,0.02869141487032712,0.007518796992481203,0.07518796992481203,0.0,0.5,47.0,0.021295889000065026,0.0,0.0,0.0,0.29545454545454547,0.3106060606060606,distant_isomer
QJRDNSDAQNBBIY,T2_tims,10,True,0.2928968253968254,1.0,1.0,1.0,1.0,1.0,0.0,0.0,3.0,0.3611111111111111,0.3611111111111111,0.0,1.0,0.0,0.25,1.0,1.0,1.0,1.0,1.0,0.0,0.0,1.0,1.0,1.0,1.0,1.0,0.0,0.0,3.0,0.45666666666666667,0.45666666666666667,0.2,1.0,0.0,0.5,1.0,1.0,1.0,1.0,1.0,0.0,0.0,correct
QJSYGEWPUWZAIT,T2_tims,91,True,0.05597318256964315,2.0,0.5,0.5,0.0,1.0,0.011235955056179775,0.011235955056179775,45.5,0.05647300669831684,0.0423995353083723,0.011111111111111112,0.1111111111111111,0.0,0.5,1.0,1.0,1.0,1.0,1.0,0.0,0.0,1.0,1.0,1.0,1.0,1.0,0.0,0.0,45.5,0.05647300669831684,0.0423995353083723,0.011111111111111112,0.1111111111111111,0.0,0.5,1.0,1.0,1.0,1.0,1.0,0.0,0.0,distant_isomer
QJYZUJGZAYGNGL,T2_tims,7,False,0.37040816326530607,1.0,1.0,1.0,1.0,1.0,,,6.0,0.16666666666666666,0.16666666666666666,0.0,1.0,,,1.0,1.0,1.0,1.0,1.0,,,1.0,1.0,1.0,1.0,1.0,,,6.0,0.16666666666666666,0.16666666666666666,0.0,1.0,,,1.0,1.0,1.0,1.0,1.0,,,correct
QKXGRPHIBLICSC,T1_np,119,True,0.04504651221865599,2.0,0.5,0.5,0.0,1.0,0.009174311926605505,0.009174311926605505,82.0,0.01272496005295134,0.0,0.0,0.0,0.48623853211009177,0.7431192660550459,29.5,0.0339080459770115,0.0,0.0,0.0,0.25688073394495414,0.26146788990825687,19.5,0.05131578947368421,0.05131578947368421,0.0,0.0,0.1651376146788991,0.16972477064220184,55.5,0.048020314529490696,0.03469052888866825,0.00909090909090909,0.09090909090909091,0.0,0.5,15.5,0.06458333333333333,0.06458333333333333,0.0,0.0,0.12844036697247707,0.13302752293577982,distant_isomer
QLKSONANOAEAIM,T2_tims,4,True,0.5208333333333333,1.0,1.0,1.0,1.0,1.0,0.0,0.0,1.5,0.75,0.75,0.5,1.0,0.0,0.25,1.0,1.0,1.0,1.0,1.0,0.0,0.0,1.0,1.0,1.0,1.0,1.0,0.0,0.0,2.0,0.611111111111111,0.611111111111111,0.3333333333333333,1.0,0.0,0.5,1.0,1.0,1.0,1.0,1.0,0.0,0.0,correct
QLLIKSHOLPICIW,T2_tims,277,True,0.02239363588147442,16.0,0.0625,0.0625,0.0,0.0,0.06172839506172839,0.06172839506172839,198.0,0.005351607210647111,0.0,0.0,0.0,0.3497942386831276,0.6748971193415638,1.0,1.0,1.0,1.0,1.0,0.0,0.0,1.0,1.0,1.0,1.0,1.0,0.0,0.0,122.5,0.024903408486932854,0.01563917285964552,0.004098360655737705,0.040983606557377046,0.0,0.5,1.0,1.0,1.0,1.0,1.0,0.0,0.0,distant_isomer
QLSFHPVNJQASSQ,T2_tims,117,True,0.045672282191490075,3.0,0.3333333333333333,0.3333333333333333,0.0,1.0,0.018018018018018018,0.018018018018018018,57.5,0.03454701980619598,0.021054165252304607,0.0,0.07272727272727272,0.018018018018018018,0.509009009009009,1.0,1.0,1.0,1.0,1.0,0.0,0.0,1.0,1.0,1.0,1.0,1.0,0.0,0.0,56.5,0.047322965881085345,0.034071055158513455,0.008928571428571428,0.08928571428571429,0.0,0.5,1.0,1.0,1.0,1.0,1.0,0.0,0.0,distant_isomer
QMCHVTOUMQGYKE,T2_tims,30,True,0.13316623769734637,28.0,0.03571428571428571,0.0,0.0,0.0,1.0,1.0,10.0,0.11903043537658921,0.11903043537658921,0.0,0.5384615384615384,0.07692307692307693,0.5384615384615384,1.0,1.0,1.0,1.0,1.0,0.0,0.0,1.0,1.0,1.0,1.0,1.0,0.0,0.0,7.5,0.23225445189730906,0.23225445189730906,0.07142857142857142,0.7142857142857143,0.0,0.5,1.0,1.0,1.0,1.0,1.0,0.0,0.0,distant_isomer
QMNNTUJTBDBFIP,T2_tims,323,True,0.019679303953516514,4.0,0.25,0.25,0.0,1.0,0.009345794392523364,0.009345794392523364,98.0,0.012427688567175799,0.0,0.0,0.0,0.09345794392523364,0.29906542056074764,11.0,0.09090909090909091,0.09090909090909091,0.0,0.0,0.03115264797507788,0.03115264797507788,13.0,0.07692307692307693,0.07692307692307693,0.0,0.0,0.037383177570093455,0.037383177570093455,83.0,0.028712440336631298,0.017275817041432558,0.0,0.05521472392638037,0.0,0.2523364485981308,8.0,0.125,0.125,0.0,1.0,0.021806853582554516,0.021806853582554516,near_isomer
QMVHFUCZSWBHOT,T2_tims,24,True,0.15733159073972947,1.0,1.0,1.0,1.0,1.0,0.0,0.0,14.5,0.0733235428572116,0.0733235428572116,0.0,0.16666666666666666,0.2857142857142857,0.5476190476190477,1.0,1.0,1.0,1.0,1.0,0.0,0.0,1.0,1.0,1.0,1.0,1.0,0.0,0.0,11.5,0.16776423864623977,0.16776423864623977,0.045454545454545456,0.45454545454545453,0.0,0.5,1.0,1.0,1.0,1.0,1.0,0.0,0.0,correct
QNFXXAHGKYNEDO,T2_tims,17,True,0.20232661897886814,3.0,0.3333333333333333,0.3333333333333333,0.0,1.0,0.125,0.125,13.0,0.08018837553151278,0.08018837553151278,0.0,0.2222222222222222,0.5,0.75,1.0,1.0,1.0,1.0,1.0,0.0,0.0,1.0,1.0,1.0,1.0,1.0,0.0,0.0,9.0,0.20232661897886814,0.20232661897886814,0.058823529411764705,0.5882352941176471,0.0,0.5,1.0,1.0,1.0,1.0,1.0,0.0,0.0,distant_isomer
QOBXKMNIIIQFAX,T2_tims,26,True,0.14824691216211713,1.0,1.0,1.0,1.0,1.0,0.0,0.0,24.5,0.04083333333333333,0.04083333333333333,0.0,0.0,0.0,0.5,1.0,1.0,1.0,1.0,1.0,0.0,0.0,1.0,1.0,1.0,1.0,1.0,0.0,0.0,22.5,0.044466403162055336,0.044466403162055336,0.0,0.0,0.0,0.5,1.0,1.0,1.0,1.0,1.0,0.0,0.0,correct
QOXVTHSLCLZAKD,T2_tims,20,False,0.1798869828571841,1.0,1.0,1.0,1.0,1.0,,,20.0,0.05,0.05,0.0,0.0,,,1.0,1.0,1.0,1.0,1.0,,,1.0,1.0,1.0,1.0,1.0,,,20.0,0.05,0.05,0.0,0.0,,,1.0,1.0,1.0,1.0,1.0,,,correct
QPCYNIYZPDJCMB,T1_np,132,True,0.04139242942142419,9.0,0.1111111111111111,0.1111111111111111,0.0,1.0,0.064,0.064,31.0,0.07698793205860144,0.06255669143858208,0.01639344262295082,0.16393442622950818,0.0,0.24,58.0,0.017241379310344827,0.0,0.0,0.0,0.456,0.456,59.0,0.01694915254237288,0.0,0.0,0.0,0.464,0.464,63.5,0.042995718863818574,0.030285382363123073,0.007936507936507936,0.07936507936507936,0.0,0.5,56.0,0.017857142857142856,0.0,0.0,0.0,0.44,0.44,distant_isomer
QQKQXFRNXPSKID,T2_tims,131,True,0.041650571954597225,98.0,0.01020408163265306,0.0,0.0,0.0,0.8208955223880597,0.8208955223880597,51.5,0.02037740953161978,0.0,0.0,0.0,0.44776119402985076,0.7238805970149254,2.0,0.5,0.5,0.0,1.0,0.014925373134328358,0.014925373134328358,2.0,0.5,0.5,0.0,1.0,0.014925373134328358,0.014925373134328358,34.5,0.07064791602542897,0.05611703202578687,0.014705882352941176,0.14705882352941177,0.0,0.5,2.0,0.5,0.5,0.0,1.0,0.014925373134328358,0.014925373134328358,distant_isomer
QQNSEWNMSRMIRV,T2_tims,38,True,0.11126057929724605,2.0,0.5,0.5,0.0,1.0,0.14285714285714285,0.14285714285714285,33.5,0.02999155327932605,0.0,0.0,0.0,0.0,0.5,1.0,1.0,1.0,1.0,1.0,0.0,0.0,1.0,1.0,1.0,1.0,1.0,0.0,0.0,16.5,0.06181612236662547,0.06181612236662547,0.0,0.0,0.0,0.5,1.0,1.0,1.0,1.0,1.0,0.0,0.0,distant_isomer
QQSBPPJRAWPCKD,T2_tims,181,True,0.03192526289193067,2.0,0.5,0.5,0.0,1.0,0.006756756756756757,0.006756756756756757,103.0,0.011397662697471281,0.0,0.0,0.0,0.060810810810810814,0.49324324324324326,3.0,0.3333333333333333,0.3333333333333333,0.0,1.0,0.013513513513513514,0.013513513513513514,2.0,0.5,0.5,0.0,1.0,0.006756756756756757,0.006756756756756757,104.0,0.012081555545232308,0.0,0.0,0.0,0.0,0.5,2.0,0.5,0.5,0.0,1.0,0.006756756756756757,0.006756756756756757,distant_isomer
QQTZGKRXYRFKIF,T1_np,124,True,0.043560677975037355,1.0,1.0,1.0,1.0,1.0,0.0,0.0,83.0,0.01223148567283531,0.0,0.0,0.0,0.6565656565656566,0.8282828282828283,12.0,0.08333333333333333,0.08333333333333333,0.0,0.0,0.1111111111111111,0.1111111111111111,11.0,0.09090909090909091,0.09090909090909091,0.0,0.0,0.10101010101010101,0.10101010101010101,50.5,0.05187377517639621,0.03815958177753507,0.01,0.1,0.0,0.5,7.0,0.14285714285714285,0.14285714285714285,0.0,1.0,0.06060606060606061,0.06060606060606061,correct
QRWUVQRMQCNZKA,T2_tims,166,True,0.03429043661034367,1.0,1.0,1.0,1.0,1.0,0.0,0.0,10.0,0.11226324180869635,0.11226324180869635,0.0,0.5454545454545454,0.0,0.4166666666666667,1.0,1.0,1.0,1.0,1.0,0.0,0.0,1.0,1.0,1.0,1.0,1.0,0.0,0.0,8.0,0.17319710204325595,0.17319710204325595,0.0,0.6923076923076923,0.0,0.5,1.0,1.0,1.0,1.0,1.0,0.0,0.0,correct
QSCXLDGFZIJXNK,T2_tims,13,True,0.24462567347182732,2.0,0.5,0.5,0.0,1.0,0.09090909090909091,0.09090909090909091,11.5,0.08712121212121213,0.08712121212121213,0.0,0.0,0.9090909090909091,0.9545454545454546,1.0,1.0,1.0,1.0,1.0,0.0,0.0,1.0,1.0,1.0,1.0,1.0,0.0,0.0,6.5,0.25860088985088986,0.25860088985088986,0.08333333333333333,0.8333333333333334,0.0,0.5,1.0,1.0,1.0,1.0,1.0,0.0,0.0,distant_isomer
QSIUDYNHJOUNRI,T2_tims,223,True,0.026845865081085926,73.0,0.0136986301369863,0.0,0.0,0.0,0.36363636363636365,0.36363636363636365,51.5,0.05104982773830645,0.037411354683857916,0.00980392156862745,0.09803921568627451,0.0,0.255050505050505,3.0,0.3611111111111111,0.3611111111111111,0.0,1.0,0.005050505050505051,0.010101010101010102,10.0,0.10207070707070709,0.10207070707070709,0.0,0.6,0.03535353535353535,0.045454545454545456,100.0,0.029512718332268564,0.019175669234942246,0.005025125628140704,0.05025125628140704,0.0,0.5,2.0,0.611111111111111,0.611111111111111,0.3333333333333333,1.0,0.0,0.005050505050505051,distant_isomer
QSLFCOADGGXMBE,T2_tims,251,True,0.02432135184532908,63.0,0.015873015873015872,0.0,0.0,0.0,0.248,0.248,157.5,0.007321241539743777,0.0,0.0,0.0,0.252,0.626,1.0,1.0,1.0,1.0,1.0,0.0,0.0,1.0,1.0,1.0,1.0,1.0,0.0,0.0,157.5,0.007321241539743777,0.0,0.0,0.0,0.252,0.626,1.0,1.0,1.0,1.0,1.0,0.0,0.0,distant_isomer
QTCHXLQFALIWAP,T2_tims,60,True,0.07799784021586229,1.0,1.0,1.0,1.0,1.0,0.0,0.0,5.5,0.22862103174603174,0.22862103174603174,0.0,1.0,0.0,0.09722222222222222,1.0,1.0,1.0,1.0,1.0,0.0,0.0,1.0,1.0,1.0,1.0,1.0,0.0,0.0,20.0,0.08724059495392837,0.0761069777771218,0.0,0.24324324324324326,0.0,0.5,1.0,1.0,1.0,1.0,1.0,0.0,0.0,correct
QTXKGCJNMKPGAS,T2_tims,56,True,0.08234766704970053,1.0,1.0,1.0,1.0,1.0,0.0,0.0,21.5,0.053859724907241904,0.042234655188321694,0.0,0.07692307692307693,0.15625,0.546875,1.0,1.0,1.0,1.0,1.0,0.0,0.0,1.0,1.0,1.0,1.0,1.0,0.0,0.0,19.0,0.08020549754596548,0.07018055084101536,0.0,0.24242424242424243,0.0,0.5,1.0,1.0,1.0,1.0,1.0,0.0,0.0,correct
QUDSMDUDVYAUFZ,T2_tims,53,True,0.08597946934388208,3.0,0.3333333333333333,0.3333333333333333,0.0,1.0,0.038461538461538464,0.038461538461538464,27.5,0.06840215144664906,0.05415304187987513,0.0,0.17307692307692307,0.019230769230769232,0.5096153846153846,2.0,0.5,0.5,0.0,1.0,0.019230769230769232,0.019230769230769232,2.0,0.5,0.5,0.0,1.0,0.019230769230769232,0.019230769230769232,27.0,0.08597946934388208,0.07199921090100957,0.018867924528301886,0.18867924528301888,0.0,0.5,1.0,1.0,1.0,1.0,1.0,0.0,0.0,near_isomer
QUFBTHADZILGCC,T2_tims,49,True,0.09141235384345764,2.0,0.5,0.5,0.0,1.0,0.05263157894736842,0.05263157894736842,10.5,0.1798869828571841,0.1798869828571841,0.05,0.5,0.0,0.5,1.0,1.0,1.0,1.0,1.0,0.0,0.0,1.0,1.0,1.0,1.0,1.0,0.0,0.0,10.5,0.1798869828571841,0.1798869828571841,0.05,0.5,0.0,0.5,1.0,1.0,1.0,1.0,1.0,0.0,0.0,distant_isomer
QVFPOBYRKSJEMP,T2_tims,16,True,0.2112955620768121,6.0,0.16666666666666666,0.16666666666666666,0.0,1.0,0.625,0.625,2.5,0.5208333333333333,0.5208333333333333,0.25,1.0,0.0,0.1875,1.0,1.0,1.0,1.0,1.0,0.0,0.0,1.0,1.0,1.0,1.0,1.0,0.0,0.0,7.0,0.16887526054192717,0.16887526054192717,0.0,0.8888888888888888,0.0,0.5,1.0,1.0,1.0,1.0,1.0,0.0,0.0,distant_isomer
QVZGZNMJEHAAOT,T2_tims,188,True,0.03093784491716731,46.0,0.021739130434782608,0.0,0.0,0.0,0.2727272727272727,0.2727272727272727,147.0,0.006883760379423492,0.0,0.0,0.0,0.6484848484848484,0.8121212121212121,54.0,0.018518518518518517,0.0,0.0,0.0,0.21818181818181817,0.21818181818181817,11.0,0.09090909090909091,0.09090909090909091,0.0,0.0,0.05454545454545454,0.05454545454545454,84.5,0.02830241265824786,0.01696360348044281,0.0,0.05421686746987952,0.0,0.5,34.0,0.029411764705882353,0.0,0.0,0.0,0.19393939393939394,0.19393939393939394,distant_isomer
QXDWPFREKXACSB,T2_tims,98,True,0.05272731130141439,1.0,1.0,1.0,1.0,1.0,0.0,0.0,41.5,0.04442922152494252,0.029691771509660344,0.0,0.10256410256410256,0.02531645569620253,0.5126582278481012,5.0,0.2,0.2,0.0,1.0,0.05063291139240506,0.05063291139240506,3.0,0.3333333333333333,0.3333333333333333,0.0,1.0,0.02531645569620253,0.02531645569620253,47.5,0.030700034468255567,0.015288762936204547,0.0,0.0375,0.0,0.5,1.0,1.0,1.0,1.0,1.0,0.0,0.0,correct
QXKHYNVANLEOEG,T1_np,23,True,0.16236050048203654,7.0,0.14285714285714285,0.14285714285714285,0.0,1.0,0.2727272727272727,0.2727272727272727,12.0,0.16236050048203654,0.16236050048203654,0.043478260869565216,0.43478260869565216,0.0,0.5,7.0,0.14912698412698414,0.14912698412698414,0.0,1.0,0.18181818181818182,0.2727272727272727,8.0,0.12912698412698415,0.12912698412698415,0.0,1.0,0.22727272727272727,0.3181818181818182,12.0,0.16236050048203654,0.16236050048203654,0.043478260869565216,0.43478260869565216,0.0,0.5,11.0,0.09245532245532245,0.09245532245532245,0.0,0.4,0.36363636363636365,0.45454545454545453,distant_isomer
QYIYFLOTGYLRGG,T1_np,2,False,0.75,1.0,1.0,1.0,1.0,1.0,,,1.0,1.0,1.0,1.0,1.0,,,1.0,1.0,1.0,1.0,1.0,,,1.0,1.0,1.0,1.0,1.0,,,1.0,1.0,1.0,1.0,1.0,,,1.0,1.0,1.0,1.0,1.0,,,correct
RAFJMVSDJIAWPY,T2_tims,73,True,0.0667740929274822,1.0,1.0,1.0,1.0,1.0,0.0,0.0,61.5,0.016470976890698975,0.0,0.0,0.0,0.6617647058823529,0.8308823529411765,1.0,1.0,1.0,1.0,1.0,0.0,0.0,1.0,1.0,1.0,1.0,1.0,0.0,0.0,39.0,0.040451818121345906,0.025110504991596717,0.0,0.08695652173913043,0.0,0.5,1.0,1.0,1.0,1.0,1.0,0.0,0.0,correct
RAOQRFZUZLVFFK,T2_tims,37,True,0.1135563844276126,2.0,0.5,0.5,0.0,1.0,0.16666666666666666,0.16666666666666666,30.5,0.032890245414578,0.0,0.0,0.0,0.0,0.4166666666666667,2.0,0.5,0.5,0.0,1.0,0.16666666666666666,0.16666666666666666,5.0,0.2,0.2,0.0,1.0,0.6666666666666666,0.6666666666666666,30.0,0.03348264421778644,0.0,0.0,0.0,0.0,0.5,3.0,0.3333333333333333,0.3333333333333333,0.0,1.0,0.3333333333333333,0.3333333333333333,distant_isomer
RBQVBKGNCBNRJD,T2_tims,151,True,0.03707154374304748,1.0,1.0,1.0,1.0,1.0,0.0,0.0,84.0,0.012359531863086472,0.0,0.0,0.0,0.49074074074074076,0.7407407407407407,2.0,0.5,0.5,0.0,1.0,0.009259259259259259,0.009259259259259259,2.0,0.5,0.5,0.0,1.0,0.009259259259259259,0.009259259259259259,55.0,0.048377465038101544,0.03500879062159181,0.009174311926605505,0.09174311926605505,0.0,0.5,1.0,1.0,1.0,1.0,1.0,0.0,0.0,correct
RBUVXSOTBYMCPD,T2_tims,18,True,0.1941726710109063,2.0,0.5,0.5,0.0,1.0,0.08333333333333333,0.08333333333333333,14.0,0.07401553602533996,0.07401553602533996,0.0,0.1111111111111111,0.3333333333333333,0.6666666666666666,3.0,0.3333333333333333,0.3333333333333333,0.0,1.0,0.16666666666666666,0.16666666666666666,2.0,0.5,0.5,0.0,1.0,0.08333333333333333,0.08333333333333333,12.0,0.09321344191253694,0.09321344191253694,0.0,0.38461538461538464,0.0,0.5,3.0,0.3333333333333333,0.3333333333333333,0.0,1.0,0.16666666666666666,0.16666666666666666,distant_isomer
RBVBLRQHBCWJKK,T2_tims,10,True,0.2928968253968254,1.0,1.0,1.0,1.0,1.0,0.0,0.0,1.0,1.0,1.0,1.0,1.0,0.0,0.0,1.0,1.0,1.0,1.0,1.0,0.0,0.0,1.0,1.0,1.0,1.0,1.0,0.0,0.0,1.5,0.75,0.75,0.5,1.0,0.0,0.5,1.0,1.0,1.0,1.0,1.0,0.0,0.0,correct
RCFGIEPQSDGMJJ,T1_np,159,True,0.03552994481094177,1.0,1.0,1.0,1.0,1.0,0.0,0.0,107.0,0.009713217631347026,0.0,0.0,0.0,0.2892561983471074,0.5785123966942148,1.0,1.0,1.0,1.0,1.0,0.0,0.0,2.0,0.5,0.5,0.0,1.0,0.008264462809917356,0.008264462809917356,97.5,0.012036169835811494,0.0,0.0,0.0,0.0,0.5,2.0,0.5,0.5,0.0,1.0,0.008264462809917356,0.008264462809917356,correct
RCINICONZNJXQF,T1_np,3,True,0.611111111111111,1.0,1.0,1.0,1.0,1.0,0.0,0.0,1.5,0.75,0.75,0.5,1.0,0.0,0.25,1.5,0.75,0.75,0.5,1.0,0.0,0.25,1.5,0.75,0.75,0.5,1.0,0.0,0.25,2.0,0.611111111111111,0.611111111111111,0.3333333333333333,1.0,0.0,0.5,2.0,0.5,0.5,0.0,1.0,0.5,0.5,correct
RCODGOKAOZZKJB,T2_tims,17,True,0.20232661897886814,4.0,0.25,0.25,0.0,1.0,0.0,0.0,4.0,0.25,0.25,0.0,1.0,0.0,0.0,2.0,0.5,0.5,0.0,1.0,0.0,0.0,1.0,1.0,1.0,1.0,1.0,0.0,0.0,13.0,0.07785214785214785,0.07785214785214785,0.0,0.0,0.0,0.5,1.0,1.0,1.0,1.0,1.0,0.0,0.0,unrelated
RCVKYUHYLOONST,T2_tims,5,True,0.45666666666666667,1.0,1.0,1.0,1.0,1.0,0.0,0.0,3.5,0.3208333333333333,0.3208333333333333,0.0,1.0,0.25,0.625,1.0,1.0,1.0,1.0,1.0,0.0,0.0,1.0,1.0,1.0,1.0,1.0,0.0,0.0,3.0,0.45666666666666667,0.45666666666666667,0.2,1.0,0.0,0.5,1.0,1.0,1.0,1.0,1.0,0.0,0.0,correct
RDENYULJDKDIBU,T2_tims,70,True,0.06904052510911532,1.0,1.0,1.0,1.0,1.0,0.0,0.0,44.0,0.02422796513727693,0.0,0.0,0.0,0.4098360655737705,0.7049180327868853,1.0,1.0,1.0,1.0,1.0,0.0,0.0,1.0,1.0,1.0,1.0,1.0,0.0,0.0,32.5,0.06013332102751239,0.04541868028634689,0.0,0.14516129032258066,0.0,0.5,1.0,1.0,1.0,1.0,1.0,0.0,0.0,correct
RDVMSVQLQWAPGA,T2_tims,182,True,0.03178003895018658,20.0,0.05,0.05,0.0,0.0,0.11046511627906977,0.11046511627906977,30.5,0.04269684200801322,0.02658915293252965,0.0,0.06521739130434782,0.0,0.1308139534883721,1.0,1.0,1.0,1.0,1.0,0.0,0.0,1.0,1.0,1.0,1.0,1.0,0.0,0.0,87.0,0.033141009528621805,0.02205756172111854,0.005780346820809248,0.057803468208092484,0.0,0.5,1.0,1.0,1.0,1.0,1.0,0.0,0.0,distant_isomer
RDZLHIRYMOWCLF,T2_tims,21,True,0.17358850975060616,4.0,0.25,0.25,0.0,1.0,0.375,0.375,9.0,0.11712533498247786,0.11712533498247786,0.0,0.7142857142857143,0.25,0.625,1.0,1.0,1.0,1.0,1.0,0.0,0.0,1.0,1.0,1.0,1.0,1.0,0.0,0.0,5.0,0.31432980599647264,0.31432980599647264,0.1111111111111111,1.0,0.0,0.5,1.0,1.0,1.0,1.0,1.0,0.0,0.0,distant_isomer
RECCONMJJJHWTC,T2_tims,205,True,0.0287934765145768,12.0,0.08333333333333333,0.08333333333333333,0.0,0.0,0.05583756345177665,0.05583756345177665,90.0,0.02432107197884904,0.013234046730020039,0.0,0.045714285714285714,0.01015228426395939,0.4517766497461929,1.0,1.0,1.0,1.0,1.0,0.0,0.0,3.0,0.3333333333333333,0.3333333333333333,0.0,1.0,0.005076142131979695,0.005076142131979695,99.5,0.029636393042895472,0.019272516049260138,0.005050505050505051,0.050505050505050504,0.0,0.5,1.0,1.0,1.0,1.0,1.0,0.0,0.0,distant_isomer
REEBPNIXIMJJLA,T2_tims,8,True,0.3397321428571428,6.0,0.16666666666666666,0.16666666666666666,0.0,1.0,0.5,0.5,2.0,0.611111111111111,0.611111111111111,0.3333333333333333,1.0,0.0,0.5,1.0,1.0,1.0,1.0,1.0,0.0,0.0,1.0,1.0,1.0,1.0,1.0,0.0,0.0,2.0,0.611111111111111,0.611111111111111,0.3333333333333333,1.0,0.0,0.5,1.0,1.0,1.0,1.0,1.0,0.0,0.0,distant_isomer
RFDAIACWWDREDC,T1_np,11,True,0.2745343040797586,1.0,1.0,1.0,1.0,1.0,0.0,0.0,7.5,0.14831800144300145,0.14831800144300145,0.0,0.875,0.125,0.5625,7.5,0.13392857142857142,0.13392857142857142,0.0,1.0,0.625,0.6875,3.5,0.29166666666666663,0.29166666666666663,0.0,1.0,0.25,0.3125,7.0,0.16887526054192717,0.16887526054192717,0.0,0.8888888888888888,0.0,0.5,2.5,0.41666666666666663,0.41666666666666663,0.0,1.0,0.125,0.1875,correct
RFHDTQAPTUDHQJ,T2_tims,54,True,0.08473019247674571,3.0,0.3333333333333333,0.3333333333333333,0.0,1.0,0.047619047619047616,0.047619047619047616,27.5,0.04246345998120135,0.026087938934860378,0.0,0.0,0.0,0.39285714285714285,7.5,0.13392857142857142,0.13392857142857142,0.0,1.0,0.14285714285714285,0.15476190476190477,2.5,0.41666666666666663,0.41666666666666663,0.0,1.0,0.023809523809523808,0.03571428571428571,22.0,0.10116275861864714,0.08874321343612808,0.023255813953488372,0.23255813953488372,0.0,0.5,4.5,0.225,0.225,0.0,1.0,0.07142857142857142,0.08333333333333333,near_isomer
RFRFHMFPHWMJCE,T2_tims,67,True,0.07148287175188402,5.0,0.2,0.2,0.0,1.0,0.07692307692307693,0.07692307692307693,8.5,0.16558778523064244,0.16558778523064244,0.0,0.6428571428571429,0.0,0.5,2.0,0.5,0.5,0.0,1.0,0.0,0.0,1.0,1.0,1.0,1.0,1.0,0.0,0.0,58.5,0.017175881258836033,0.0,0.0,0.0,0.0,0.5,3.0,0.3333333333333333,0.3333333333333333,0.0,1.0,0.15384615384615385,0.15384615384615385,unrelated
RFXPDFROBZNLEF,T2_tims,15,True,0.22121526621526624,1.0,1.0,1.0,1.0,1.0,0.0,0.0,4.0,0.26111111111111107,0.26111111111111107,0.0,1.0,0.0,0.25,1.0,1.0,1.0,1.0,1.0,0.0,0.0,1.0,1.0,1.0,1.0,1.0,0.0,0.0,3.0,0.45666666666666667,0.45666666666666667,0.2,1.0,0.0,0.5,1.0,1.0,1.0,1.0,1.0,0.0,0.0,correct
RGNSSAMIDAGJHF,T2_tims,11,True,0.2745343040797586,1.0,1.0,1.0,1.0,1.0,0.0,0.0,6.5,0.15476190476190477,0.15476190476190477,0.0,1.0,0.0,0.16666666666666666,1.0,1.0,1.0,1.0,1.0,0.0,0.0,1.0,1.0,1.0,1.0,1.0,0.0,0.0,2.5,0.5208333333333333,0.5208333333333333,0.25,1.0,0.0,0.5,1.0,1.0,1.0,1.0,1.0,0.0,0.0,correct
RGNXWPVNPFAADO,T1_np,132,True,0.04139242942142419,46.0,0.021739130434782608,0.0,0.0,0.0,0.3435114503816794,0.3435114503816794,43.5,0.058574019156325874,0.04437160671806404,0.011627906976744186,0.11627906976744186,0.0,0.3244274809160305,20.0,0.05,0.05,0.0,0.0,0.1450381679389313,0.1450381679389313,6.0,0.16666666666666666,0.16666666666666666,0.0,1.0,0.03816793893129771,0.03816793893129771,66.5,0.04139242942142419,0.028908774073890205,0.007575757575757576,0.07575757575757576,0.0,0.5,39.0,0.02564102564102564,0.0,0.0,0.0,0.2900763358778626,0.2900763358778626,distant_isomer
RHFQMSXZIKQYCW,T2_tims,54,True,0.08473019247674571,4.0,0.25,0.25,0.0,1.0,0.16666666666666666,0.16666666666666666,13.0,0.08444151208797551,0.08444151208797551,0.0,0.3076923076923077,0.3333333333333333,0.6666666666666666,1.0,1.0,1.0,1.0,1.0,0.0,0.0,1.0,1.0,1.0,1.0,1.0,0.0,0.0,10.0,0.18672313984966749,0.18672313984966749,0.05263157894736842,0.5263157894736842,0.0,0.5,1.0,1.0,1.0,1.0,1.0,0.0,0.0,distant_isomer
RHMXXJGYXNZAPX,T1_np,132,True,0.041650571954597225,85.0,0.011764705882352941,0.0,0.0,0.0,0.6461538461538462,0.6461538461538462,43.0,0.0591263263584386,0.0448936256206295,0.011764705882352941,0.11764705882352941,0.0,0.3230769230769231,51.5,0.019438869780025108,0.0,0.0,0.0,0.36923076923076925,0.38846153846153847,39.5,0.025363934975616616,0.0,0.0,0.0,0.27692307692307694,0.29615384615384616,66.0,0.041650571954597225,0.02912945173857639,0.007633587786259542,0.07633587786259542,0.0,0.5,86.0,0.011627906976744186,0.0,0.0,0.0,0.6538461538461539,0.6538461538461539,distant_isomer
RIYBUKOKRVRGKH,T2_tims,108,True,0.048740457196541326,1.0,1.0,1.0,1.0,1.0,0.0,0.0,100.0,0.010010017837384377,0.0,0.0,0.0,0.6875,0.84375,1.0,1.0,1.0,1.0,1.0,0.0,0.0,1.0,1.0,1.0,1.0,1.0,0.0,0.0,89.0,0.011367279022464098,0.0,0.0,0.0,0.0,0.5,1.0,1.0,1.0,1.0,1.0,0.0,0.0,correct
RJTIMDIATMZZSS,T2_tims,81,True,0.061454629110590894,3.0,0.3333333333333333,0.3333333333333333,0.0,1.0,0.028169014084507043,0.028169014084507043,50.0,0.021541186673714036,0.0,0.0,0.0,0.36619718309859156,0.676056338028169,1.0,1.0,1.0,1.0,1.0,0.0,0.0,1.0,1.0,1.0,1.0,1.0,0.0,0.0,36.5,0.06751125213290575,0.05299941913546538,0.013888888888888888,0.1388888888888889,0.0,0.5,1.0,1.0,1.0,1.0,1.0,0.0,0.0,distant_isomer
RKUNBYITZUJHSG,T1_np,45,True,0.09766551367891826,2.0,0.5,0.5,0.0,1.0,0.024390243902439025,0.024390243902439025,21.5,0.10301768587257949,0.09085614708936922,0.023809523809523808,0.23809523809523808,0.0,0.5,3.0,0.3333333333333333,0.3333333333333333,0.0,1.0,0.04878048780487805,0.04878048780487805,3.0,0.3333333333333333,0.3333333333333333,0.0,1.0,0.04878048780487805,0.04878048780487805,21.5,0.10301768587257949,0.09085614708936922,0.023809523809523808,0.23809523809523808,0.0,0.5,3.0,0.3333333333333333,0.3333333333333333,0.0,1.0,0.04878048780487805,0.04878048780487805,near_isomer
RKWDAFUPWHHUSZ,T2_tims,7,True,0.37040816326530607,1.0,1.0,1.0,1.0,1.0,0.0,0.0,3.0,0.3611111111111111,0.3611111111111111,0.0,1.0,0.0,0.2,1.0,1.0,1.0,1.0,1.0,0.0,0.0,1.0,1.0,1.0,1.0,1.0,0.0,0.0,3.5,0.40833333333333327,0.40833333333333327,0.16666666666666666,1.0,0.0,0.5,1.0,1.0,1.0,1.0,1.0,0.0,0.0,correct
RKYKSTFVMXHKPG,T2_tims,11,True,0.2745343040797586,1.0,1.0,1.0,1.0,1.0,0.0,0.0,3.5,0.3208333333333333,0.3208333333333333,0.0,1.0,0.0,0.5,1.0,1.0,1.0,1.0,1.0,0.0,0.0,1.0,1.0,1.0,1.0,1.0,0.0,0.0,2.5,0.5208333333333333,0.5208333333333333,0.25,1.0,0.0,0.5,1.0,1.0,1.0,1.0,1.0,0.0,0.0,correct
RMMXLENWKUUMAY,T1_np,9,True,0.31432980599647264,6.0,0.16666666666666666,0.16666666666666666,0.0,1.0,0.0,0.0,1.5,0.75,0.75,0.5,1.0,0.0,0.5,1.0,1.0,1.0,1.0,1.0,0.0,0.0,1.0,1.0,1.0,1.0,1.0,0.0,0.0,3.5,0.29166666666666663,0.29166666666666663,0.0,1.0,0.0,0.5,1.0,1.0,1.0,1.0,1.0,0.0,0.0,unrelated
RNHNZLNLVIDKHU,T2_tims,251,True,0.02432135184532908,172.0,0.005813953488372093,0.0,0.0,0.0,0.684,0.684,157.5,0.007321241539743777,0.0,0.0,0.0,0.252,0.626,1.0,1.0,1.0,1.0,1.0,0.0,0.0,1.0,1.0,1.0,1.0,1.0,0.0,0.0,126.0,0.02432135184532908,0.01520302062850003,0.00398406374501992,0.0398406374501992,0.0,0.5,1.0,1.0,1.0,1.0,1.0,0.0,0.0,distant_isomer
RNKMOGIPOMVCHO,T1_np,22,True,0.16776423864623977,4.0,0.25,0.25,0.0,1.0,0.15,0.15,10.5,0.1798869828571841,0.1798869828571841,0.05,0.5,0.0,0.475,3.5,0.29166666666666663,0.29166666666666663,0.0,1.0,0.1,0.125,16.5,0.06066176470588235,0.06066176470588235,0.0,0.0,0.75,0.775,12.0,0.1281339642960607,0.1281339642960607,0.0,0.42857142857142855,0.0,0.5,8.5,0.11805555555555555,0.11805555555555555,0.0,1.0,0.35,0.375,near_isomer
RODXRVNMMDRFIK,T1_np,68,True,0.07064791602542897,1.0,1.0,1.0,1.0,1.0,0.0,0.0,36.0,0.04570346086762824,0.030501920683387286,0.0,0.1076923076923077,0.04477611940298507,0.5223880597014925,20.5,0.0494036480655642,0.0494036480655642,0.0,0.0,0.23880597014925373,0.291044776119403,10.5,0.10019529082029081,0.10019529082029081,0.0,0.5,0.08955223880597014,0.1417910447761194,34.5,0.07064791602542897,0.05611703202578687,0.014705882352941176,0.14705882352941177,0.0,0.5,37.5,0.026766882137408077,0.0,0.0,0.0,0.4925373134328358,0.5447761194029851,correct
RONZAEMNMFQXRA,T1_np,6,True,0.40833333333333327,1.0,1.0,1.0,1.0,1.0,0.0,0.0,3.5,0.40833333333333327,0.40833333333333327,0.16666666666666666,1.0,0.0,0.5,1.0,1.0,1.0,1.0,1.0,0.0,0.0,1.0,1.0,1.0,1.0,1.0,0.0,0.0,3.5,0.40833333333333327,0.40833333333333327,0.16666666666666666,1.0,0.0,0.5,2.0,0.5,0.5,0.0,1.0,0.2,0.2,correct
RQOGYNWKJSZLDA,T2_tims,184,True,0.03149383887183135,17.0,0.058823529411764705,0.058823529411764705,0.0,0.0,0.08888888888888889,0.08888888888888889,140.0,0.007363808143383628,0.0,0.0,0.0,0.5277777777777778,0.7555555555555555,1.0,1.0,1.0,1.0,1.0,0.0,0.0,2.0,0.5,0.5,0.0,1.0,0.005555555555555556,0.005555555555555556,91.0,0.03192526289193067,0.021082641866041477,0.0055248618784530384,0.055248618784530384,0.0,0.5,1.0,1.0,1.0,1.0,1.0,0.0,0.0,distant_isomer
RQXWZZIZJYDKDJ,T2_tims,113,True,0.04698249324074055,1.0,1.0,1.0,1.0,1.0,0.0,0.0,48.0,0.0443636576892398,0.030279120190897922,0.0,0.0967741935483871,0.008928571428571428,0.41964285714285715,3.0,0.3333333333333333,0.3333333333333333,0.0,1.0,0.017857142857142856,0.017857142857142856,2.0,0.5,0.5,0.0,1.0,0.008928571428571428,0.008928571428571428,57.0,0.04698249324074055,0.033769541396048736,0.008849557522123894,0.08849557522123894,0.0,0.5,1.0,1.0,1.0,1.0,1.0,0.0,0.0,correct
RRHGOFQRJQXAJQ,T2_tims,70,True,0.06904052510911532,3.0,0.3333333333333333,0.3333333333333333,0.0,1.0,0.04,0.04,41.0,0.02708495885323421,0.006237640014181977,0.0,0.0,0.0,0.42,1.0,1.0,1.0,1.0,1.0,0.0,0.0,2.0,0.5,0.5,0.0,1.0,0.02,0.02,26.0,0.0886041800287584,0.07482270936771583,0.0196078431372549,0.19607843137254902,0.0,0.5,2.0,0.5,0.5,0.0,1.0,0.02,0.02,distant_isomer
RRIJHCAKWSZNLX,T2_tims,48,True,0.0928916078138358,1.0,1.0,1.0,1.0,1.0,0.0,0.0,26.5,0.04197615574020348,0.02545526784081531,0.0,0.0,0.18181818181818182,0.5909090909090909,1.0,1.0,1.0,1.0,1.0,0.0,0.0,1.0,1.0,1.0,1.0,1.0,0.0,0.0,23.5,0.05378067761577576,0.04017524052216197,0.0,0.11764705882352941,0.0,0.5,1.0,1.0,1.0,1.0,1.0,0.0,0.0,correct
RSIFJEYHYUHVNV,T2_tims,53,True,0.08597946934388208,1.0,1.0,1.0,1.0,1.0,0.0,0.0,17.5,0.05718954248366013,0.05718954248366013,0.0,0.0,0.875,0.9375,1.0,1.0,1.0,1.0,1.0,0.0,0.0,1.0,1.0,1.0,1.0,1.0,0.0,0.0,14.0,0.07401553602533996,0.07401553602533996,0.0,0.1111111111111111,0.0,0.5,2.0,0.5,0.5,0.0,1.0,0.0,0.0,correct
RSTOZSJHYYTTFQ,T2_tims,278,True,0.02232602252327544,2.0,0.5,0.5,0.0,1.0,0.0045871559633027525,0.0045871559633027525,32.0,0.0356505833296127,0.017184443854587887,0.0,0.0,0.013761467889908258,0.0963302752293578,1.0,1.0,1.0,1.0,1.0,0.0,0.0,1.0,1.0,1.0,1.0,1.0,0.0,0.0,169.0,0.007047627923221469,0.0,0.0,0.0,0.0,0.5,1.0,1.0,1.0,1.0,1.0,0.0,0.0,near_isomer
RSXVUDPOGQVVPK,T2_tims,10,True,0.2928968253968254,1.0,1.0,1.0,1.0,1.0,0.0,0.0,5.5,0.18333333333333335,0.18333333333333335,0.0,1.0,0.0,0.25,1.0,1.0,1.0,1.0,1.0,0.0,0.0,1.0,1.0,1.0,1.0,1.0,0.0,0.0,2.0,0.611111111111111,0.611111111111111,0.3333333333333333,1.0,0.0,0.5,1.0,1.0,1.0,1.0,1.0,0.0,0.0,correct
RTILCCQGDFPWCZ,T2_tims,137,True,0.040152129823682554,1.0,1.0,1.0,1.0,1.0,0.0,0.0,47.0,0.055001955561580225,0.04103180836294094,0.010752688172043012,0.10752688172043011,0.0,0.3458646616541353,2.5,0.41666666666666663,0.41666666666666663,0.0,1.0,0.007518796992481203,0.011278195488721804,2.5,0.41666666666666663,0.41666666666666663,0.0,1.0,0.007518796992481203,0.011278195488721804,68.5,0.033479026676082435,0.021014613266817216,0.0,0.06716417910447761,0.0,0.5,4.0,0.25,0.25,0.0,1.0,0.022556390977443608,0.022556390977443608,correct
RTIXKCRFFJGDFG,T1_np,97,True,0.05316569511243255,3.0,0.3333333333333333,0.3333333333333333,0.0,1.0,0.021505376344086023,0.021505376344086023,47.5,0.05453000175637555,0.04059529976333518,0.010638297872340425,0.10638297872340426,0.0,0.5,8.5,0.11805555555555555,0.11805555555555555,0.0,1.0,0.07526881720430108,0.08064516129032258,8.5,0.11805555555555555,0.11805555555555555,0.0,1.0,0.07526881720430108,0.08064516129032258,48.5,0.04400368596690186,0.029957001890994754,0.0,0.09574468085106383,0.0,0.5,5.5,0.18333333333333335,0.18333333333333335,0.0,1.0,0.03225806451612903,0.03763440860215054,near_isomer
RUDATBOHQWOJDD,T1_np,44,True,0.09938013393929772,2.0,0.5,0.5,0.0,1.0,0.023255813953488372,0.023255813953488372,3.5,0.40833333333333327,0.40833333333333327,0.16666666666666666,1.0,0.0,0.05813953488372093,38.0,0.02631578947368421,0.0,0.0,0.0,0.8604651162790697,0.8604651162790697,33.0,0.030303030303030304,0.0,0.0,0.0,0.7441860465116279,0.7441860465116279,22.5,0.09938013393929772,0.08672632222167062,0.022727272727272728,0.22727272727272727,0.0,0.5,7.0,0.14285714285714285,0.14285714285714285,0.0,1.0,0.13953488372093023,0.13953488372093023,near_isomer
RUHJLYKFPVLIHL,T2_tims,32,True,0.12682797485739125,8.0,0.125,0.125,0.0,1.0,0.22580645161290322,0.22580645161290322,25.0,0.041262844853050804,0.02509371034084993,0.0,0.0,0.5483870967741935,0.7741935483870968,1.0,1.0,1.0,1.0,1.0,0.0,0.0,5.0,0.2,0.2,0.0,1.0,0.12903225806451613,0.12903225806451613,16.5,0.12682797485739125,0.1192486930547971,0.03125,0.3125,0.0,0.5,6.0,0.16666666666666666,0.16666666666666666,0.0,1.0,0.16129032258064516,0.16129032258064516,distant_isomer
RUTBMALTGIHUCD,T2_tims,86,True,0.058574019156325874,10.0,0.1,0.1,0.0,1.0,0.14545454545454545,0.14545454545454545,58.5,0.01715391275069332,0.0,0.0,0.0,0.8,0.9,1.0,1.0,1.0,1.0,1.0,0.0,0.0,1.0,1.0,1.0,1.0,1.0,0.0,0.0,38.5,0.0329546210763151,0.015839105781879515,0.0,0.0,0.0,0.5,1.0,1.0,1.0,1.0,1.0,0.0,0.0,distant_isomer
RUWPXDRLQUJTAM,T2_tims,34,True,0.12112382324839507,2.0,0.5,0.5,0.0,1.0,0.03225806451612903,0.03225806451612903,31.0,0.032325437354636465,0.0,0.0,0.0,0.8387096774193549,0.9032258064516129,1.0,1.0,1.0,1.0,1.0,0.0,0.0,1.0,1.0,1.0,1.0,1.0,0.0,0.0,16.5,0.12682797485739125,0.1192486930547971,0.03125,0.3125,0.0,0.5,1.0,1.0,1.0,1.0,1.0,0.0,0.0,distant_isomer
RUWZKJVFKGMSJM,T2_tims,32,True,0.12682797485739125,3.0,0.3333333333333333,0.3333333333333333,0.0,1.0,0.06666666666666667,0.06666666666666667,11.5,0.13226793523813646,0.13226793523813646,0.0,0.45,0.0,0.31666666666666665,1.0,1.0,1.0,1.0,1.0,0.0,0.0,1.0,1.0,1.0,1.0,1.0,0.0,0.0,17.0,0.09866113533666192,0.09083736057269377,0.0,0.2903225806451613,0.0,0.5,1.0,1.0,1.0,1.0,1.0,0.0,0.0,distant_isomer
RVIMVUCSGASNER,T2_tims,38,True,0.11126057929724605,4.0,0.25,0.25,0.0,1.0,0.5,0.5,9.0,0.11712533498247786,0.11712533498247786,0.0,0.7142857142857143,0.0,0.5,1.0,1.0,1.0,1.0,1.0,0.0,0.0,1.0,1.0,1.0,1.0,1.0,0.0,0.0,10.0,0.10430482216196503,0.10430482216196503,0.0,0.5714285714285714,0.0,0.5,1.0,1.0,1.0,1.0,1.0,0.0,0.0,distant_isomer
RWEHHTOXSZVZBK,T2_tims,41,True,0.10494959226436135,12.0,0.08333333333333333,0.08333333333333333,0.0,0.0,0.275,0.275,12.0,0.11291361604014365,0.11291361604014365,0.0,0.42105263157894735,0.05,0.275,1.0,1.0,1.0,1.0,1.0,0.0,0.0,1.0,1.0,1.0,1.0,1.0,0.0,0.0,21.0,0.10494959226436135,0.09307215067691481,0.024390243902439025,0.24390243902439024,0.0,0.5,1.0,1.0,1.0,1.0,1.0,0.0,0.0,distant_isomer
RWNPHCNQBYSSEL,T2_tims,86,True,0.058574019156325874,1.0,1.0,1.0,1.0,1.0,0.0,0.0,3.0,0.3333333333333333,0.3333333333333333,0.0,1.0,1.0,1.0,1.0,1.0,1.0,1.0,1.0,0.0,0.0,1.0,1.0,1.0,1.0,1.0,0.0,0.0,2.0,0.611111111111111,0.611111111111111,0.3333333333333333,1.0,0.0,0.5,1.0,1.0,1.0,1.0,1.0,0.0,0.0,correct
RWQKHEORZBHNRI,T1_np,6,True,0.40833333333333327,1.0,1.0,1.0,1.0,1.0,0.0,0.0,6.0,0.16666666666666666,0.16666666666666666,0.0,1.0,1.0,1.0,1.0,1.0,1.0,1.0,1.0,0.0,0.0,2.0,0.5,0.5,0.0,1.0,0.25,0.25,4.0,0.29,0.29,0.0,1.0,0.0,0.5,1.0,1.0,1.0,1.0,1.0,0.0,0.0,correct
RXGUTQNKCXHALN,T1_np,69,True,0.06983407309206316,18.0,0.05555555555555555,0.05555555555555555,0.0,0.0,0.25,0.25,35.0,0.06983407309206316,0.05530374170657257,0.014492753623188406,0.14492753623188406,0.0,0.5,1.0,1.0,1.0,1.0,1.0,0.0,0.0,1.0,1.0,1.0,1.0,1.0,0.0,0.0,35.0,0.06983407309206316,0.05530374170657257,0.014492753623188406,0.14492753623188406,0.0,0.5,3.0,0.3333333333333333,0.3333333333333333,0.0,1.0,0.029411764705882353,0.029411764705882353,distant_isomer
RXKVNSMYRPXEBQ,T2_tims,70,True,0.06904052510911532,1.0,1.0,1.0,1.0,1.0,0.0,0.0,29.5,0.040258655818312235,0.02334184009961192,0.0,0.0,0.10638297872340426,0.5,7.0,0.14285714285714285,0.14285714285714285,0.0,1.0,0.10638297872340426,0.10638297872340426,7.0,0.14285714285714285,0.14285714285714285,0.0,1.0,0.10638297872340426,0.10638297872340426,24.5,0.0928916078138358,0.07949912870319807,0.020833333333333332,0.20833333333333334,0.0,0.5,8.0,0.125,0.125,0.0,1.0,0.1276595744680851,0.1276595744680851,correct
RXPRRQLKFXBCSJ,T1_np,141,True,0.039216435907693886,1.0,1.0,1.0,1.0,1.0,0.0,0.0,123.5,0.008132074881837174,0.0,0.0,0.0,0.8014705882352942,0.9007352941176471,74.5,0.013423423423423425,0.0,0.0,0.0,0.5367647058823529,0.5404411764705882,92.5,0.010811126694717158,0.0,0.0,0.0,0.6691176470588235,0.6727941176470589,69.0,0.040152129823682554,0.027853709326667937,0.0072992700729927005,0.072992700729927,0.0,0.5,49.0,0.02040816326530612,0.0,0.0,0.0,0.35294117647058826,0.35294117647058826,correct
RYHVKYDYFKVDHP,T2_tims,27,True,0.1441280278982253,2.0,0.5,0.5,0.0,1.0,0.08333333333333333,0.08333333333333333,6.5,0.25860088985088986,0.25860088985088986,0.08333333333333333,0.8333333333333334,0.0,0.4583333333333333,1.5,0.75,0.75,0.5,1.0,0.0,0.041666666666666664,2.5,0.41666666666666663,0.41666666666666663,0.0,1.0,0.08333333333333333,0.125,7.0,0.24462567347182732,0.24462567347182732,0.07692307692307693,0.7692307692307693,0.0,0.5,1.5,0.75,0.75,0.5,1.0,0.0,0.041666666666666664,near_isomer
RYJXBYRPPMKCHK,T2_tims,98,True,0.05272731130141439,21.0,0.047619047619047616,0.047619047619047616,0.0,0.0,0.5294117647058824,0.5294117647058824,9.5,0.1941726710109063,0.1941726710109063,0.05555555555555555,0.5555555555555556,0.0,0.5,1.0,1.0,1.0,1.0,1.0,0.0,0.0,1.0,1.0,1.0,1.0,1.0,0.0,0.0,9.5,0.1941726710109063,0.1941726710109063,0.05555555555555555,0.5555555555555556,0.0,0.5,1.0,1.0,1.0,1.0,1.0,0.0,0.0,distant_isomer
RYMZZMVNJRMUDD,T1_np,83,True,0.06026588280337549,59.0,0.01694915254237288,0.0,0.0,0.0,0.7341772151898734,0.7341772151898734,51.0,0.022143263661898976,0.002195525044495296,0.0,0.0,0.27848101265822783,0.6329113924050633,36.0,0.027777777777777776,0.0,0.0,0.0,0.4430379746835443,0.4430379746835443,32.0,0.03125,0.0,0.0,0.0,0.379746835443038,0.379746835443038,40.5,0.06206849098681896,0.04769947722191884,0.0125,0.125,0.0,0.5,2.0,0.5,0.5,0.0,1.0,0.012658227848101266,0.012658227848101266,distant_isomer
RYYVLZVUVIJVGH,T1_np,13,True,0.24462567347182732,2.0,0.5,0.5,0.0,1.0,0.08333333333333333,0.08333333333333333,7.0,0.24462567347182732,0.24462567347182732,0.07692307692307693,0.7692307692307693,0.0,0.5,6.5,0.15476190476190477,0.15476190476190477,0.0,1.0,0.4166666666666667,0.4583333333333333,8.5,0.11805555555555555,0.11805555555555555,0.0,1.0,0.5833333333333334,0.625,7.0,0.24462567347182732,0.24462567347182732,0.07692307692307693,0.7692307692307693,0.0,0.5,6.5,0.15476190476190477,0.15476190476190477,0.0,1.0,0.4166666666666667,0.4583333333333333,near_isomer
RZGFUGXQKMEMOO,T1_np,84,True,0.05969015517363009,54.0,0.018518518518518517,0.0,0.0,0.0,0.6463414634146342,0.6463414634146342,42.0,0.06026588280337549,0.045975399731969964,0.012048192771084338,0.12048192771084337,0.0,0.5,4.0,0.25,0.25,0.0,1.0,0.036585365853658534,0.036585365853658534,3.0,0.3333333333333333,0.3333333333333333,0.0,1.0,0.024390243902439025,0.024390243902439025,42.0,0.06026588280337549,0.045975399731969964,0.012048192771084338,0.12048192771084337,0.0,0.5,3.0,0.3333333333333333,0.3333333333333333,0.0,1.0,0.024390243902439025,0.024390243902439025,distant_isomer
RZJQGNCSTQAWON,T1_np,8,True,0.3397321428571428,4.0,0.25,0.25,0.0,1.0,0.42857142857142855,0.42857142857142855,5.0,0.2454081632653061,0.2454081632653061,0.0,1.0,0.14285714285714285,0.5714285714285714,1.0,1.0,1.0,1.0,1.0,0.0,0.0,1.0,1.0,1.0,1.0,1.0,0.0,0.0,4.5,0.3397321428571428,0.3397321428571428,0.125,1.0,0.0,0.5,1.0,1.0,1.0,1.0,1.0,0.0,0.0,distant_isomer
SAIHTYYCNIVEHY,T2_tims,199,True,0.029512718332268564,172.0,0.005813953488372093,0.0,0.0,0.0,0.9788732394366197,0.9788732394366197,100.5,0.010747963489041059,0.0,0.0,0.0,0.3591549295774648,0.6795774647887324,2.0,0.5,0.5,0.0,1.0,0.007042253521126761,0.007042253521126761,2.0,0.5,0.5,0.0,1.0,0.007042253521126761,0.007042253521126761,75.0,0.026090277632186805,0.013864509401539675,0.0,0.04895104895104895,0.0,0.5,1.0,1.0,1.0,1.0,1.0,0.0,0.0,distant_isomer
SAKVPAVUSXPOSE,T2_tims,31,True,0.12991113533666193,1.0,1.0,1.0,1.0,1.0,0.0,0.0,22.5,0.04706174668348694,0.035323579034430654,0.0,0.0,0.43333333333333335,0.7166666666666667,1.0,1.0,1.0,1.0,1.0,0.0,0.0,1.0,1.0,1.0,1.0,1.0,0.0,0.0,16.0,0.12991113533666193,0.12309542508882282,0.03225806451612903,0.3225806451612903,0.0,0.5,1.0,1.0,1.0,1.0,1.0,0.0,0.0,correct
SAODFNRKBAPPLE,T2_tims,12,True,0.25860088985088986,3.0,0.3333333333333333,0.3333333333333333,0.0,1.0,0.3333333333333333,0.3333333333333333,1.5,0.75,0.75,0.5,1.0,0.0,0.08333333333333333,2.0,0.5,0.5,0.0,1.0,0.16666666666666666,0.16666666666666666,7.0,0.14285714285714285,0.14285714285714285,0.0,1.0,0.6666666666666666,0.6666666666666666,4.0,0.37040816326530607,0.37040816326530607,0.14285714285714285,1.0,0.0,0.5,2.0,0.5,0.5,0.0,1.0,0.16666666666666666,0.16666666666666666,distant_isomer
SBLOTLLQHGDPJU,T2_tims,134,True,0.04088643408348984,27.0,0.037037037037037035,0.0,0.0,0.0,0.203125,0.203125,85.0,0.012169604028496006,0.0,0.0,0.0,0.4375,0.640625,1.0,1.0,1.0,1.0,1.0,0.0,0.0,1.0,1.0,1.0,1.0,1.0,0.0,0.0,65.0,0.042177511864912164,0.029581071145376024,0.007751937984496124,0.07751937984496124,0.0,0.5,1.0,1.0,1.0,1.0,1.0,0.0,0.0,distant_isomer
SBVFSIMQAJJGAO,T2_tims,94,True,0.05453000175637555,3.0,0.3333333333333333,0.3333333333333333,0.0,1.0,0.02197802197802198,0.02197802197802198,46.5,0.05548292585929259,0.041477806279929426,0.010869565217391304,0.10869565217391304,0.0,0.5,4.0,0.25,0.25,0.0,1.0,0.03296703296703297,0.03296703296703297,4.0,0.25,0.25,0.0,1.0,0.03296703296703297,0.03296703296703297,46.5,0.05548292585929259,0.041477806279929426,0.010869565217391304,0.10869565217391304,0.0,0.5,6.0,0.16666666666666666,0.16666666666666666,0.0,1.0,0.054945054945054944,0.054945054945054944,distant_isomer
SCHNFVABLLVBMP,T2_tims,289,True,0.021610281865288333,14.0,0.07142857142857142,0.07142857142857142,0.0,0.0,0.046263345195729534,0.046263345195729534,259.0,0.0038735475887803792,0.0,0.0,0.0,0.8220640569395018,0.9110320284697508,1.0,1.0,1.0,1.0,1.0,0.0,0.0,1.0,1.0,1.0,1.0,1.0,0.0,0.0,141.5,0.022059910416966925,0.013531766587778394,0.0035460992907801418,0.03546099290780142,0.0,0.5,1.0,1.0,1.0,1.0,1.0,0.0,0.0,distant_isomer
SDAFQLVOSOZZDA,T2_tims,93,True,0.055001955561580225,5.0,0.2,0.2,0.0,1.0,0.044444444444444446,0.044444444444444446,46.0,0.05597318256964315,0.04193360634893964,0.01098901098901099,0.10989010989010989,0.0,0.5,2.0,0.5,0.5,0.0,1.0,0.011111111111111112,0.011111111111111112,2.0,0.5,0.5,0.0,1.0,0.011111111111111112,0.011111111111111112,46.0,0.05597318256964315,0.04193360634893964,0.01098901098901099,0.10989010989010989,0.0,0.5,2.0,0.5,0.5,0.0,1.0,0.011111111111111112,0.011111111111111112,distant_isomer
SDIVYZXRQHWCKF,T1_np,38,True,0.11126057929724605,7.0,0.14285714285714285,0.14285714285714285,0.0,1.0,0.16216216216216217,0.16216216216216217,19.5,0.11126057929724605,0.10041995204614493,0.02631578947368421,0.2631578947368421,0.0,0.5,15.5,0.06458333333333333,0.06458333333333333,0.0,0.0,0.3783783783783784,0.3918918918918919,13.5,0.07417582417582418,0.07417582417582418,0.0,0.0,0.32432432432432434,0.33783783783783783,19.5,0.11126057929724605,0.10041995204614493,0.02631578947368421,0.2631578947368421,0.0,0.5,20.5,0.04880952380952381,0.04880952380952381,0.0,0.0,0.5135135135135135,0.527027027027027,distant_isomer
SDVRXWQUKRWKQW,T2_tims,105,True,0.049866003441052666,8.0,0.125,0.125,0.0,1.0,0.10144927536231885,0.10144927536231885,58.0,0.017515545683469986,0.0,0.0,0.0,0.6521739130434783,0.8260869565217391,1.0,1.0,1.0,1.0,1.0,0.0,0.0,1.0,1.0,1.0,1.0,1.0,0.0,0.0,40.5,0.0374003185317102,0.021894640634573907,0.0,0.07142857142857142,0.0,0.5,1.0,1.0,1.0,1.0,1.0,0.0,0.0,distant_isomer
SEDMYKVHJJXYNH,T2_tims,160,True,0.03534694515587339,7.0,0.14285714285714285,0.14285714285714285,0.0,1.0,0.03773584905660377,0.03773584905660377,67.5,0.01932747646516206,0.004266952789456016,0.0,0.0,0.10062893081761007,0.41823899371069184,1.0,1.0,1.0,1.0,1.0,0.0,0.0,2.0,0.5,0.5,0.0,1.0,0.006289308176100629,0.006289308176100629,80.5,0.03534694515587339,0.02384973861095942,0.00625,0.0625,0.0,0.5,1.0,1.0,1.0,1.0,1.0,0.0,0.0,distant_isomer
SEEGHKWOBVVBTQ,T1_np,192,True,0.030402671578337346,2.0,0.5,0.5,0.0,1.0,0.00546448087431694,0.00546448087431694,21.0,0.10494959226436135,0.09307215067691481,0.024390243902439025,0.24390243902439024,0.0,0.1092896174863388,40.5,0.024695121951219513,0.0,0.0,0.0,0.21311475409836064,0.21584699453551912,9.5,0.10555555555555556,0.10555555555555556,0.0,1.0,0.04371584699453552,0.04644808743169399,92.5,0.03149383887183135,0.020738903139964713,0.005434782608695652,0.05434782608695652,0.0,0.5,16.5,0.06066176470588235,0.06066176470588235,0.0,0.0,0.08196721311475409,0.08469945355191257,distant_isomer
SETNACHGRHLFNT,T2_tims,63,True,0.0750518397413614,1.0,1.0,1.0,1.0,1.0,0.0,0.0,13.5,0.10345264444334122,0.10345264444334122,0.0,0.36363636363636365,0.0,0.3,1.0,1.0,1.0,1.0,1.0,0.0,0.0,1.0,1.0,1.0,1.0,1.0,0.0,0.0,18.5,0.11595997768873996,0.10599883827093076,0.027777777777777776,0.2777777777777778,0.0,0.5,1.0,1.0,1.0,1.0,1.0,0.0,0.0,correct
SFPNVZKYOPNYRR,T2_tims,252,True,0.024240585583912115,8.0,0.125,0.125,0.0,1.0,0.028112449799196786,0.028112449799196786,70.5,0.039445894745737696,0.027256844126810766,0.007142857142857143,0.07142857142857142,0.0,0.2791164658634538,2.0,0.5,0.5,0.0,1.0,0.004016064257028112,0.004016064257028112,2.0,0.5,0.5,0.0,1.0,0.004016064257028112,0.004016064257028112,125.5,0.024402700997730318,0.015263832711014029,0.004,0.04,0.0,0.5,2.0,0.5,0.5,0.0,1.0,0.004016064257028112,0.004016064257028112,distant_isomer
SGEWCQFRYRRZDC,T1_np,135,True,0.04063844129329664,2.0,0.5,0.5,0.0,1.0,0.007633587786259542,0.007633587786259542,63.0,0.026830738730609233,0.013327172560175422,0.0,0.043478260869565216,0.03816793893129771,0.4732824427480916,46.5,0.02150786308973173,0.0,0.0,0.0,0.3435114503816794,0.3473282442748092,18.5,0.054093567251461985,0.054093567251461985,0.0,0.0,0.1297709923664122,0.13358778625954199,66.5,0.04139242942142419,0.028908774073890205,0.007575757575757576,0.07575757575757576,0.0,0.5,25.5,0.039230769230769236,0.02,0.0,0.0,0.183206106870229,0.18702290076335878,near_isomer
SGULGIVXEYMSFA,T2_tims,20,True,0.1798869828571841,15.0,0.06666666666666667,0.06666666666666667,0.0,0.0,0.0,0.0,17.5,0.057377665978672165,0.057377665978672165,0.0,0.0,0.0,0.5,1.0,1.0,1.0,1.0,1.0,0.0,0.0,1.0,1.0,1.0,1.0,1.0,0.0,0.0,2.5,0.5208333333333333,0.5208333333333333,0.25,1.0,0.0,0.5,1.0,1.0,1.0,1.0,1.0,0.0,0.0,unrelated
SHELXLZQKXHXES,T2_tims,104,True,0.05025390915179539,1.0,1.0,1.0,1.0,1.0,0.0,0.0,70.0,0.015555701050398447,0.0,0.0,0.0,0.3333333333333333,0.6666666666666666,1.5,0.75,0.75,0.5,1.0,0.0,0.005050505050505051,1.5,0.75,0.75,0.5,1.0,0.0,0.005050505050505051,53.5,0.033834578338380016,0.019826248444201736,0.0,0.07,0.0,0.5,1.5,0.75,0.75,0.5,1.0,0.0,0.005050505050505051,correct
SHIBSTMRCDJXLN,T1_np,140,True,0.039445894745737696,5.0,0.2,0.2,0.0,1.0,0.030303030303030304,0.030303030303030304,95.0,0.011166884751133038,0.0,0.0,0.0,0.42424242424242425,0.7121212121212122,80.5,0.01242283950617284,0.0,0.0,0.0,0.5454545454545454,0.5492424242424242,76.5,0.013072453861927546,0.0,0.0,0.0,0.5227272727272727,0.5265151515151515,67.0,0.04113774045579304,0.02869141487032712,0.007518796992481203,0.07518796992481203,0.0,0.5,27.5,0.036375661375661374,0.0,0.0,0.0,0.19696969696969696,0.20075757575757575,distant_isomer
SIBURKIGSMGTFY,T2_tims,120,True,0.044740569061278296,2.0,0.5,0.5,0.0,1.0,0.008849557522123894,0.008849557522123894,66.0,0.019654144696698617,0.004396254389136501,0.0,0.0,0.13274336283185842,0.5663716814159292,2.0,0.5,0.5,0.0,1.0,0.008849557522123894,0.008849557522123894,3.0,0.3333333333333333,0.3333333333333333,0.0,1.0,0.017699115044247787,0.017699115044247787,57.5,0.04664731285989688,0.033473317348714976,0.008771929824561403,0.08771929824561403,0.0,0.5,8.0,0.125,0.125,0.0,1.0,0.061946902654867256,0.061946902654867256,near_isomer
SIVQDKAJFXFLGU,T2_tims,146,True,0.03811125366257566,4.0,0.25,0.25,0.0,1.0,0.08571428571428572,0.08571428571428572,55.5,0.018543069554498415,0.0,0.0,0.0,0.08571428571428572,0.5285714285714286,1.0,1.0,1.0,1.0,1.0,0.0,0.0,2.0,0.5,0.5,0.0,1.0,0.0,0.0,53.5,0.019448329046207326,0.0,0.0,0.0,0.0,0.5,2.0,0.5,0.5,0.0,1.0,0.0,0.0,distant_isomer
SJJUEJCARXNKQN,T2_tims,143,True,0.038766102961531275,115.0,0.008695652173913044,0.0,0.0,0.0,0.5,0.5,138.5,0.0072203107079553755,0.0,0.0,0.0,0.5,0.75,11.0,0.09090909090909091,0.09090909090909091,0.0,0.0,0.5,0.5,83.0,0.012048192771084338,0.0,0.0,0.0,0.5,0.5,2.0,0.611111111111111,0.611111111111111,0.3333333333333333,1.0,0.0,0.5,1.0,1.0,1.0,1.0,1.0,0.0,0.0,unrelated
SJRPDLBSPRPKLP,T2_tims,57,True,0.081210758147936,2.0,0.5,0.5,0.0,1.0,0.02040816326530612,0.02040816326530612,46.0,0.021808006165623336,0.0,0.0,0.0,0.8367346938775511,0.9183673469387755,1.0,1.0,1.0,1.0,1.0,0.0,0.0,1.0,1.0,1.0,1.0,1.0,0.0,0.0,26.5,0.07037626362933361,0.056319163555070134,0.0,0.18,0.0,0.5,1.0,1.0,1.0,1.0,1.0,0.0,0.0,distant_isomer
SKOCIWBVCVFSJH,T2_tims,3,True,0.611111111111111,1.0,1.0,1.0,1.0,1.0,0.0,0.0,2.5,0.41666666666666663,0.41666666666666663,0.0,1.0,0.0,0.5,1.0,1.0,1.0,1.0,1.0,0.0,0.0,1.0,1.0,1.0,1.0,1.0,0.0,0.0,1.5,0.75,0.75,0.5,1.0,0.0,0.5,1.0,1.0,1.0,1.0,1.0,0.0,0.0,correct
SLVMETHYQQJELS,T2_tims,85,True,0.0591263263584386,2.0,0.5,0.5,0.0,1.0,0.0125,0.0125,40.0,0.04220794783502131,0.027159244444111965,0.0,0.0958904109589041,0.0,0.45,2.0,0.5,0.5,0.0,1.0,0.0125,0.0125,2.0,0.5,0.5,0.0,1.0,0.0125,0.0125,44.0,0.039267156805575236,0.024476849931113254,0.0,0.08641975308641975,0.0,0.5,3.0,0.3333333333333333,0.3333333333333333,0.0,1.0,0.025,0.025,near_isomer
SLYDIPAXCVVRNY,T1_np,26,True,0.14824691216211713,13.0,0.07692307692307693,0.07692307692307693,0.0,0.0,0.4,0.4,7.0,0.14912698412698414,0.14912698412698414,0.0,1.0,0.26666666666666666,0.4,16.0,0.0625,0.0625,0.0,0.0,0.3333333333333333,0.3333333333333333,11.0,0.09090909090909091,0.09090909090909091,0.0,0.0,0.4,0.4,8.5,0.2112955620768121,0.2112955620768121,0.0625,0.625,0.0,0.5,15.0,0.06666666666666667,0.06666666666666667,0.0,0.0,0.4,0.4,unrelated
SMHDINNURABSRS,T2_tims,129,True,0.042177511864912164,2.0,0.5,0.5,0.0,1.0,0.008,0.008,84.5,0.012140136138967719,0.0,0.0,0.0,0.488,0.668,2.0,0.5,0.5,0.0,1.0,0.008,0.008,1.0,1.0,1.0,1.0,1.0,0.0,0.0,63.5,0.042995718863818574,0.030285382363123073,0.007936507936507936,0.07936507936507936,0.0,0.5,1.0,1.0,1.0,1.0,1.0,0.0,0.0,near_isomer
SMLWIAVJNYSDIZ,T2_tims,25,True,0.15263832711014028,20.0,0.05,0.05,0.0,0.0,1.0,1.0,13.5,0.07458791208791209,0.07458791208791209,0.0,0.0,0.0,0.5,1.0,1.0,1.0,1.0,1.0,0.0,0.0,1.0,1.0,1.0,1.0,1.0,0.0,0.0,12.5,0.08064851814851814,0.08064851814851814,0.0,0.0,0.0,0.5,1.0,1.0,1.0,1.0,1.0,0.0,0.0,unrelated
SNGHLUWTFLYPMT,T1_np,23,True,0.16236050048203654,1.0,1.0,1.0,1.0,1.0,0.0,0.0,4.5,0.3397321428571428,0.3397321428571428,0.125,1.0,0.0,0.23333333333333334,12.5,0.08012820512820512,0.08012820512820512,0.0,0.0,0.6,0.6333333333333333,20.5,0.04880952380952381,0.04880952380952381,0.0,0.0,0.8,0.8333333333333334,8.5,0.2112955620768121,0.2112955620768121,0.0625,0.625,0.0,0.5,6.5,0.15476190476190477,0.15476190476190477,0.0,1.0,0.26666666666666666,0.3,correct
SNXSSWDSNZWPKF,T2_tims,116,True,0.045992327653942504,3.0,0.3333333333333333,0.3333333333333333,0.0,1.0,0.03636363636363636,0.03636363636363636,23.0,0.07843548589137442,0.0654873994826397,0.0,0.20930232558139536,0.0,0.38181818181818183,2.0,0.5,0.5,0.0,1.0,0.01818181818181818,0.01818181818181818,1.0,1.0,1.0,1.0,1.0,0.0,0.0,29.5,0.06480380740057774,0.05028496745988405,0.0,0.16071428571428573,0.0,0.5,1.0,1.0,1.0,1.0,1.0,0.0,0.0,distant_isomer
SOYONTNQKJUEDQ,T2_tims,5,True,0.45666666666666667,1.0,1.0,1.0,1.0,1.0,0.0,0.0,1.5,0.75,0.75,0.5,1.0,0.0,0.16666666666666666,1.0,1.0,1.0,1.0,1.0,0.0,0.0,1.0,1.0,1.0,1.0,1.0,0.0,0.0,2.5,0.5208333333333333,0.5208333333333333,0.25,1.0,0.0,0.5,1.0,1.0,1.0,1.0,1.0,0.0,0.0,correct
SPJFYYJXNPEZDW,T1_np,2,True,0.75,2.0,0.5,0.5,0.0,1.0,1.0,1.0,1.5,0.75,0.75,0.5,1.0,0.0,0.5,1.5,0.75,0.75,0.5,1.0,0.0,0.5,1.5,0.75,0.75,0.5,1.0,0.0,0.5,1.5,0.75,0.75,0.5,1.0,0.0,0.5,1.0,1.0,1.0,1.0,1.0,0.0,0.0,near_isomer
SPOYITWLDDWTHQ,T2_tims,33,True,0.12390297653756213,1.0,1.0,1.0,1.0,1.0,0.0,0.0,14.5,0.0806087876529726,0.0806087876529726,0.0,0.2777777777777778,0.0,0.4473684210526316,1.0,1.0,1.0,1.0,1.0,0.0,0.0,1.0,1.0,1.0,1.0,1.0,0.0,0.0,10.5,0.1798869828571841,0.1798869828571841,0.05,0.5,0.0,0.5,1.0,1.0,1.0,1.0,1.0,0.0,0.0,correct
SPXZAGVCVDFVAE,T2_tims,6,True,0.40833333333333327,1.0,1.0,1.0,1.0,1.0,0.0,0.0,2.0,0.611111111111111,0.611111111111111,0.3333333333333333,1.0,0.0,0.5,1.0,1.0,1.0,1.0,1.0,0.0,0.0,1.0,1.0,1.0,1.0,1.0,0.0,0.0,2.0,0.611111111111111,0.611111111111111,0.3333333333333333,1.0,0.0,0.5,1.0,1.0,1.0,1.0,1.0,0.0,0.0,correct
SQFSKOYWJBQGKQ,T1_np,249,True,0.024484639555954136,21.0,0.047619047619047616,0.047619047619047616,0.0,0.0,0.08130081300813008,0.08130081300813008,101.0,0.022198126640210376,0.011756132881997497,0.0,0.04060913705583756,0.0,0.3983739837398374,63.0,0.015873015873015872,0.0,0.0,0.0,0.24796747967479674,0.24796747967479674,23.0,0.043478260869565216,0.043478260869565216,0.0,0.0,0.08536585365853659,0.08536585365853659,124.0,0.024650311445793667,0.015449223391714603,0.004048582995951417,0.04048582995951417,0.0,0.5,86.0,0.011627906976744186,0.0,0.0,0.0,0.34146341463414637,0.34146341463414637,distant_isomer
SQOJOAFXDQDRGF,T1_np,30,True,0.13316623769734637,23.0,0.043478260869565216,0.043478260869565216,0.0,0.0,0.8461538461538461,0.8461538461538461,1.5,0.75,0.75,0.5,1.0,0.0,0.019230769230769232,10.0,0.1,0.1,0.0,1.0,0.23076923076923078,0.23076923076923078,16.0,0.0625,0.0625,0.0,0.0,0.5769230769230769,0.5769230769230769,14.0,0.1441280278982253,0.141331784361241,0.037037037037037035,0.37037037037037035,0.0,0.5,3.0,0.3333333333333333,0.3333333333333333,0.0,1.0,0.07692307692307693,0.07692307692307693,distant_isomer
SQVHZCVBQIKDDX,T2_tims,2,True,0.75,1.0,1.0,1.0,1.0,1.0,0.0,0.0,1.0,1.0,1.0,1.0,1.0,0.0,0.0,1.0,1.0,1.0,1.0,1.0,0.0,0.0,1.0,1.0,1.0,1.0,1.0,0.0,0.0,1.5,0.75,0.75,0.5,1.0,0.0,0.5,1.0,1.0,1.0,1.0,1.0,0.0,0.0,correct
SRIUXBPMEPVZQR,T2_tims,156,True,0.03609149600056409,14.0,0.07142857142857142,0.07142857142857142,0.0,0.0,0.08609271523178808,0.08609271523178808,82.5,0.018669744811154597,0.0061596522485087,0.0,0.0,0.039735099337748346,0.5132450331125827,2.0,0.5,0.5,0.0,1.0,0.006622516556291391,0.006622516556291391,3.0,0.3333333333333333,0.3333333333333333,0.0,1.0,0.013245033112582781,0.013245033112582781,80.5,0.023335131860228057,0.011398847660659036,0.0,0.039473684210526314,0.0,0.5,3.0,0.3333333333333333,0.3333333333333333,0.0,1.0,0.013245033112582781,0.013245033112582781,distant_isomer
SRZJALZPSWQRAQ,T2_tims,85,True,0.0591263263584386,19.0,0.05263157894736842,0.05263157894736842,0.0,0.0,0.21686746987951808,0.21686746987951808,61.0,0.01737099068719677,0.0,0.0,0.0,0.42168674698795183,0.7108433734939759,3.0,0.3333333333333333,0.3333333333333333,0.0,1.0,0.024096385542168676,0.024096385542168676,4.0,0.25,0.25,0.0,1.0,0.03614457831325301,0.03614457831325301,42.5,0.05969015517363009,0.04542807354468461,0.011904761904761904,0.11904761904761904,0.0,0.5,1.0,1.0,1.0,1.0,1.0,0.0,0.0,distant_isomer
SSBPJRMVQOYYOG,T2_tims,26,True,0.14824691216211713,4.0,0.25,0.25,0.0,1.0,0.21428571428571427,0.21428571428571427,14.0,0.07969058031751529,0.07969058031751529,0.0,0.26666666666666666,0.0,0.5,1.0,1.0,1.0,1.0,1.0,0.0,0.0,1.0,1.0,1.0,1.0,1.0,0.0,0.0,8.0,0.22121526621526624,0.22121526621526624,0.06666666666666667,0.6666666666666666,0.0,0.5,1.0,1.0,1.0,1.0,1.0,0.0,0.0,distant_isomer
SSWXNTLRFYFGDR,T2_tims,347,True,0.01852443998545701,94.0,0.010638297872340425,0.0,0.0,0.0,0.26956521739130435,0.26956521739130435,31.0,0.07698793205860144,0.06255669143858208,0.01639344262295082,0.16393442622950818,0.0,0.08695652173913043,1.0,1.0,1.0,1.0,1.0,0.0,0.0,1.0,1.0,1.0,1.0,1.0,0.0,0.0,133.0,0.02324087206294474,0.014399842180201914,0.0037735849056603774,0.03773584905660377,0.0,0.3826086956521739,1.0,1.0,1.0,1.0,1.0,0.0,0.0,distant_isomer
STECJAGHUSJQJN,T1_np,71,True,0.0682664966856384,1.0,1.0,1.0,1.0,1.0,0.0,0.0,38.5,0.03477001911453377,0.0183016839149394,0.0,0.03333333333333333,0.09230769230769231,0.5461538461538461,1.0,1.0,1.0,1.0,1.0,0.0,0.0,1.0,1.0,1.0,1.0,1.0,0.0,0.0,33.5,0.0723398035491197,0.05781754814778041,0.015151515151515152,0.15151515151515152,0.0,0.5,1.0,1.0,1.0,1.0,1.0,0.0,0.0,correct
STSYTMZAAZBGGA,T2_tims,72,True,0.06751125213290575,23.0,0.043478260869565216,0.043478260869565216,0.0,0.0,0.3235294117647059,0.3235294117647059,38.0,0.043876475655592474,0.02873369339739382,0.0,0.10144927536231885,0.0,0.5,2.0,0.5,0.5,0.0,1.0,0.014705882352941176,0.014705882352941176,2.0,0.5,0.5,0.0,1.0,0.014705882352941176,0.014705882352941176,38.0,0.043876475655592474,0.02873369339739382,0.0,0.10144927536231885,0.0,0.5,1.0,1.0,1.0,1.0,1.0,0.0,0.0,distant_isomer
STZYTFJPGGDRJD,T1_np,1,False,1.0,1.0,1.0,1.0,1.0,1.0,,,1.0,1.0,1.0,1.0,1.0,,,1.0,1.0,1.0,1.0,1.0,,,1.0,1.0,1.0,1.0,1.0,,,1.0,1.0,1.0,1.0,1.0,,,1.0,1.0,1.0,1.0,1.0,,,no_competitor
SUBDBMMJDZJVOS,T1_np,6,True,0.40833333333333327,4.0,0.25,0.25,0.0,1.0,0.5,0.5,3.0,0.45666666666666667,0.45666666666666667,0.2,1.0,0.0,0.5,1.0,1.0,1.0,1.0,1.0,0.0,0.0,1.0,1.0,1.0,1.0,1.0,0.0,0.0,3.0,0.45666666666666667,0.45666666666666667,0.2,1.0,0.0,0.5,1.0,1.0,1.0,1.0,1.0,0.0,0.0,distant_isomer
SVBXGSXOXDPJKZ,T2_tims,79,True,0.06269594023981666,1.0,1.0,1.0,1.0,1.0,0.0,0.0,41.5,0.02602782007195955,0.0032932875667429445,0.0,0.0,0.3392857142857143,0.6696428571428571,1.0,1.0,1.0,1.0,1.0,0.0,0.0,1.0,1.0,1.0,1.0,1.0,0.0,0.0,32.0,0.0499392470108492,0.03478289200737147,0.0,0.12280701754385964,0.0,0.5,1.0,1.0,1.0,1.0,1.0,0.0,0.0,correct
SVMYPDBWEFHLIS,T2_tims,9,True,0.31432980599647264,1.0,1.0,1.0,1.0,1.0,0.0,0.0,3.5,0.29166666666666663,0.29166666666666663,0.0,1.0,0.0,0.5,1.0,1.0,1.0,1.0,1.0,0.0,0.0,1.0,1.0,1.0,1.0,1.0,0.0,0.0,4.5,0.225,0.225,0.0,1.0,0.0,0.5,1.0,1.0,1.0,1.0,1.0,0.0,0.0,correct
SVUPNDWEOKHAQX,T2_tims,107,True,0.049109440354833674,1.0,1.0,1.0,1.0,1.0,0.0,0.0,42.5,0.02430609285919346,0.0,0.0,0.0,0.0,0.20161290322580644,1.0,1.0,1.0,1.0,1.0,0.0,0.0,1.0,1.0,1.0,1.0,1.0,0.0,0.0,57.0,0.01975024379250346,0.0,0.0,0.0,0.0,0.5,1.0,1.0,1.0,1.0,1.0,0.0,0.0,correct
SWEWQEIWIOVQRK,T2_tims,219,True,0.027253738640281456,117.0,0.008547008547008548,0.0,0.0,0.0,0.5345622119815668,0.5345622119815668,74.5,0.0376878548147381,0.02578350120103721,0.006756756756756757,0.06756756756756757,0.0,0.3387096774193548,5.0,0.2,0.2,0.0,1.0,0.018433179723502304,0.018433179723502304,7.0,0.14285714285714285,0.14285714285714285,0.0,1.0,0.027649769585253458,0.027649769585253458,109.5,0.027357809872366867,0.017504395310795905,0.0045871559633027525,0.045871559633027525,0.0,0.5,3.0,0.3333333333333333,0.3333333333333333,0.0,1.0,0.009216589861751152,0.009216589861751152,distant_isomer
SYXNUTFLVSSNHF,T2_tims,11,True,0.2745343040797586,1.0,1.0,1.0,1.0,1.0,0.0,0.0,8.0,0.125,0.125,0.0,1.0,0.0,0.0,1.0,1.0,1.0,1.0,1.0,0.0,0.0,1.0,1.0,1.0,1.0,1.0,0.0,0.0,9.5,0.10675505050505052,0.10675505050505052,0.0,0.75,0.0,0.5,1.0,1.0,1.0,1.0,1.0,0.0,0.0,correct
SZFKHWLSFSALOQ,T2_tims,76,True,0.06466465164855117,2.0,0.5,0.5,0.0,1.0,0.02040816326530612,0.02040816326530612,39.0,0.025962803369972306,0.0,0.0,0.0,0.6326530612244898,0.7755102040816326,1.0,1.0,1.0,1.0,1.0,0.0,0.0,3.0,0.3333333333333333,0.3333333333333333,0.0,1.0,0.04081632653061224,0.04081632653061224,25.5,0.08998410676658848,0.07631916355507014,0.02,0.2,0.0,0.5,4.0,0.25,0.25,0.0,1.0,0.061224489795918366,0.061224489795918366,near_isomer
SZJPSLQMJNLSKZ,T2_tims,93,True,0.055001955561580225,2.0,0.5,0.5,0.0,1.0,0.011494252873563218,0.011494252873563218,78.0,0.012871447299509856,0.0,0.0,0.0,0.7931034482758621,0.8850574712643678,2.0,0.5,0.5,0.0,1.0,0.011494252873563218,0.011494252873563218,1.0,1.0,1.0,1.0,1.0,0.0,0.0,44.5,0.057502540189559366,0.04336316111083531,0.011363636363636364,0.11363636363636363,0.0,0.5,2.0,0.5,0.5,0.0,1.0,0.011494252873563218,0.011494252873563218,distant_isomer
SZZLOGAHBHLWTO,T2_tims,26,True,0.14824691216211713,2.0,0.5,0.5,0.0,1.0,0.09090909090909091,0.09090909090909091,13.5,0.07957354285721159,0.07957354285721159,0.0,0.25,0.0,0.5,1.5,0.75,0.75,0.5,1.0,0.0,0.045454545454545456,1.5,0.75,0.75,0.5,1.0,0.0,0.045454545454545456,12.5,0.08709233984969278,0.08709233984969278,0.0,0.3333333333333333,0.0,0.5,1.5,0.75,0.75,0.5,1.0,0.0,0.045454545454545456,near_isomer
TVFLVPZFAJMNFG,T2_tims,96,True,0.05361211612036918,57.0,0.017543859649122806,0.0,0.0,0.0,0.5636363636363636,0.5636363636363636,7.5,0.18167781292781296,0.18167781292781296,0.0,0.75,0.01818181818181818,0.11818181818181818,30.0,0.03333333333333333,0.0,0.0,0.0,0.5272727272727272,0.5272727272727272,22.0,0.045454545454545456,0.045454545454545456,0.0,0.0,0.10909090909090909,0.10909090909090909,29.5,0.06480380740057774,0.05028496745988405,0.0,0.16071428571428573,0.0,0.5,7.0,0.14285714285714285,0.14285714285714285,0.0,1.0,0.07272727272727272,0.07272727272727272,unrelated
TWDKBDSVUUKABK,T1_np,6,False,0.40833333333333327,3.0,0.3333333333333333,0.3333333333333333,0.0,1.0,,,1.0,1.0,1.0,1.0,1.0,,,1.0,1.0,1.0,1.0,1.0,,,1.0,1.0,1.0,1.0,1.0,,,1.0,1.0,1.0,1.0,1.0,,,1.0,1.0,1.0,1.0,1.0,,,unrelated
TYRQBFAXINPIBQ,T2_tims,146,True,0.03811125366257566,87.0,0.011494252873563218,0.0,0.0,0.0,0.576,0.576,81.0,0.014151040703680229,0.0,0.0,0.0,0.248,0.624,103.0,0.009708737864077669,0.0,0.0,0.0,0.8,0.8,96.0,0.010416666666666666,0.0,0.0,0.0,0.68,0.68,65.5,0.031215453115787085,0.018380620458361165,0.0,0.06349206349206349,0.0,0.5,99.0,0.010101010101010102,0.0,0.0,0.0,0.728,0.728,distant_isomer
TYYANEJALQJKLS,T2_tims,21,True,0.17358850975060616,19.0,0.05263157894736842,0.05263157894736842,0.0,0.0,0.8333333333333334,0.8333333333333334,4.0,0.29,0.29,0.0,1.0,0.0,0.3333333333333333,1.0,1.0,1.0,1.0,1.0,0.0,0.0,2.0,0.5,0.5,0.0,1.0,0.0,0.0,5.0,0.2454081632653061,0.2454081632653061,0.0,1.0,0.0,0.5,2.0,0.5,0.5,0.0,1.0,0.0,0.0,unrelated
TZBJGXHYKVUXJN,T1_np,132,True,0.04139242942142419,24.0,0.041666666666666664,0.041666666666666664,0.0,0.0,0.17557251908396945,0.17557251908396945,43.5,0.058574019156325874,0.04437160671806404,0.011627906976744186,0.11627906976744186,0.0,0.3244274809160305,9.5,0.10555555555555556,0.10555555555555556,0.0,1.0,0.061068702290076333,0.0648854961832061,22.5,0.044466403162055336,0.044466403162055336,0.0,0.0,0.16030534351145037,0.16412213740458015,66.5,0.04139242942142419,0.028908774073890205,0.007575757575757576,0.07575757575757576,0.0,0.5,22.5,0.044466403162055336,0.044466403162055336,0.0,0.0,0.16030534351145037,0.16412213740458015,near_isomer
TZJALUIVHRYQQB,T1_np,17,True,0.20232661897886814,1.0,1.0,1.0,1.0,1.0,0.0,0.0,15.5,0.0648546918767507,0.0648546918767507,0.0,0.0,0.8,0.9,6.0,0.16666666666666666,0.16666666666666666,0.0,1.0,0.3333333333333333,0.3333333333333333,3.0,0.3333333333333333,0.3333333333333333,0.0,1.0,0.13333333333333333,0.13333333333333333,9.5,0.15247203266504739,0.15247203266504739,0.0,0.5625,0.0,0.5,6.0,0.16666666666666666,0.16666666666666666,0.0,1.0,0.3333333333333333,0.3333333333333333,correct
TZQZRGJDVVALFH,T2_tims,48,True,0.0928916078138358,1.0,1.0,1.0,1.0,1.0,0.0,0.0,23.5,0.04257246376811594,0.04257246376811594,0.0,0.0,0.0,0.03571428571428571,1.0,1.0,1.0,1.0,1.0,0.0,0.0,1.0,1.0,1.0,1.0,1.0,0.0,0.0,8.0,0.22121526621526624,0.22121526621526624,0.06666666666666667,0.6666666666666666,0.0,0.5,1.0,1.0,1.0,1.0,1.0,0.0,0.0,correct
UAIKRGKVMRBSPU,T2_tims,32,True,0.12682797485739125,1.0,1.0,1.0,1.0,1.0,0.0,0.0,11.5,0.13226793523813646,0.13226793523813646,0.0,0.45,0.0,0.31666666666666665,1.0,1.0,1.0,1.0,1.0,0.0,0.0,2.0,0.5,0.5,0.0,1.0,0.03333333333333333,0.03333333333333333,17.0,0.09866113533666192,0.09083736057269377,0.0,0.2903225806451613,0.0,0.5,1.0,1.0,1.0,1.0,1.0,0.0,0.0,correct
UAJWNNVUJFTHPA,T2_tims,31,True,0.12991113533666193,2.0,0.5,0.5,0.0,1.0,0.05555555555555555,0.05555555555555555,11.5,0.10715039523814679,0.10715039523814679,0.0,0.4375,0.05555555555555555,0.4722222222222222,1.0,1.0,1.0,1.0,1.0,0.0,0.0,1.0,1.0,1.0,1.0,1.0,0.0,0.0,10.0,0.18672313984966749,0.18672313984966749,0.05263157894736842,0.5263157894736842,0.0,0.5,1.0,1.0,1.0,1.0,1.0,0.0,0.0,distant_isomer
UAUWVCHDNXRWBZ,T2_tims,500,True,0.01358564685998105,62.0,0.016129032258064516,0.0,0.0,0.0,0.12373225152129817,0.12373225152129817,280.5,0.004762446179224173,0.0,0.0,0.0,0.11359026369168357,0.5547667342799188,1.0,1.0,1.0,1.0,1.0,0.0,0.0,2.0,0.5,0.5,0.0,1.0,0.002028397565922921,0.002028397565922921,252.5,0.008818738662549782,0.002776337759661599,0.0,0.008130081300813009,0.0,0.49797160243407707,1.0,1.0,1.0,1.0,1.0,0.0,0.0,distant_isomer
UBQAXIXEBUHRJF,T2_tims,17,True,0.20232661897886814,4.0,0.25,0.25,0.0,1.0,0.14285714285714285,0.14285714285714285,4.5,0.3397321428571428,0.3397321428571428,0.125,1.0,0.0,0.5,1.0,1.0,1.0,1.0,1.0,0.0,0.0,1.0,1.0,1.0,1.0,1.0,0.0,0.0,4.5,0.3397321428571428,0.3397321428571428,0.125,1.0,0.0,0.5,1.0,1.0,1.0,1.0,1.0,0.0,0.0,unrelated
UBUYUJQHBVOSKR,T2_tims,68,True,0.07064791602542897,2.0,0.5,0.5,0.0,1.0,0.020833333333333332,0.020833333333333332,27.5,0.05251895663034982,0.03766575748739508,0.0,0.13043478260869565,0.0,0.46875,1.5,0.75,0.75,0.5,1.0,0.0,0.010416666666666666,1.5,0.75,0.75,0.5,1.0,0.0,0.010416666666666666,25.0,0.09141235384345764,0.07787669750517362,0.02040816326530612,0.20408163265306123,0.0,0.5,1.5,0.75,0.75,0.5,1.0,0.0,0.010416666666666666,near_isomer
UCAXVGGJXUVTLP,T2_tims,34,True,0.12112382324839507,2.0,0.5,0.5,0.0,1.0,0.1,0.1,5.0,0.2454081632653061,0.2454081632653061,0.0,1.0,0.1,0.4,2.0,0.5,0.5,0.0,1.0,0.1,0.1,1.0,1.0,1.0,1.0,1.0,0.0,0.0,9.0,0.128929908475363,0.128929908475363,0.0,0.6363636363636364,0.0,0.5,1.0,1.0,1.0,1.0,1.0,0.0,0.0,near_isomer
UCBXIXGYNRPLRU,T2_tims,375,True,0.01734793181763495,2.0,0.5,0.5,0.0,1.0,0.002680965147453083,0.002680965147453083,238.0,0.004793079687176311,0.0,0.0,0.0,0.26541554959785524,0.6327077747989276,3.5,0.29166666666666663,0.29166666666666663,0.0,1.0,0.005361930294906166,0.006702412868632708,6.0,0.16666666666666666,0.16666666666666666,0.0,1.0,0.013404825737265416,0.013404825737265416,187.5,0.017387186537289944,0.010203096731961249,0.00267379679144385,0.026737967914438502,0.0,0.5,5.0,0.2,0.2,0.0,1.0,0.010723860589812333,0.010723860589812333,distant_isomer
UCHVDWMFIHVVCK,T2_tims,97,True,0.05316569511243255,2.0,0.5,0.5,0.0,1.0,0.02564102564102564,0.02564102564102564,16.5,0.12682797485739125,0.1192486930547971,0.03125,0.3125,0.0,0.3974358974358974,2.0,0.5,0.5,0.0,1.0,0.02564102564102564,0.02564102564102564,2.0,0.5,0.5,0.0,1.0,0.0,0.0,21.5,0.08257333207097037,0.07039895444383767,0.0,0.225,0.0,0.5,4.0,0.25,0.25,0.0,1.0,0.0,0.0,near_isomer
UCLBBJURTXRMKX,T2_tims,60,True,0.07799784021586229,14.0,0.07142857142857142,0.07142857142857142,0.0,0.0,0.3548387096774194,0.3548387096774194,27.0,0.03868456179757269,0.019810823953302574,0.0,0.0,0.41935483870967744,0.7096774193548387,1.0,1.0,1.0,1.0,1.0,0.0,0.0,1.0,1.0,1.0,1.0,1.0,0.0,0.0,16.5,0.12682797485739125,0.1192486930547971,0.03125,0.3125,0.0,0.5,1.0,1.0,1.0,1.0,1.0,0.0,0.0,unrelated
UCNPQYJUJAOJKL,T2_tims,36,True,0.11595997768873996,2.0,0.5,0.5,0.0,1.0,0.03333333333333333,0.03333333333333333,20.5,0.05957892823019402,0.04878422063405381,0.0,0.14285714285714285,0.1,0.55,1.0,1.0,1.0,1.0,1.0,0.0,0.0,1.0,1.0,1.0,1.0,1.0,0.0,0.0,19.0,0.07370569861651931,0.06395564014258624,0.0,0.22580645161290322,0.0,0.5,1.0,1.0,1.0,1.0,1.0,0.0,0.0,distant_isomer
UCPDJGTYRMLILO,T2_tims,16,True,0.2112955620768121,1.0,1.0,1.0,1.0,1.0,0.0,0.0,8.5,0.2112955620768121,0.2112955620768121,0.0625,0.625,0.0,0.5,2.0,0.5,0.5,0.0,1.0,0.06666666666666667,0.06666666666666667,2.0,0.5,0.5,0.0,1.0,0.06666666666666667,0.06666666666666667,8.5,0.2112955620768121,0.2112955620768121,0.0625,0.625,0.0,0.5,2.0,0.5,0.5,0.0,1.0,0.06666666666666667,0.06666666666666667,correct
UCXLITACOMDWGO,T2_tims,19,False,0.18672313984966749,4.0,0.25,0.25,0.0,1.0,,,13.0,0.07692307692307693,0.07692307692307693,0.0,0.0,,,1.0,1.0,1.0,1.0,1.0,,,1.0,1.0,1.0,1.0,1.0,,,16.0,0.0625,0.0625,0.0,0.0,,,1.0,1.0,1.0,1.0,1.0,,,unrelated
UDHJVIATCWGYND,T2_tims,106,True,0.049484569090327175,63.0,0.015873015873015872,0.0,0.0,0.0,0.7068965517241379,0.7068965517241379,84.0,0.011967208637766704,0.0,0.0,0.0,0.6551724137931034,0.8275862068965517,1.0,1.0,1.0,1.0,1.0,0.0,0.0,1.0,1.0,1.0,1.0,1.0,0.0,0.0,65.0,0.016593877052244747,0.0,0.0,0.0,0.0,0.5,1.0,1.0,1.0,1.0,1.0,0.0,0.0,distant_isomer
UEDUENGHJMELGK,T1_np,9,True,0.31432980599647264,2.0,0.5,0.5,0.0,1.0,0.14285714285714285,0.14285714285714285,4.5,0.2654761904761905,0.2654761904761905,0.0,1.0,0.14285714285714285,0.5,2.5,0.5208333333333333,0.5208333333333333,0.25,1.0,0.0,0.21428571428571427,3.5,0.3208333333333333,0.3208333333333333,0.0,1.0,0.14285714285714285,0.35714285714285715,4.5,0.3397321428571428,0.3397321428571428,0.125,1.0,0.0,0.5,5.5,0.18988095238095237,0.18988095238095237,0.0,1.0,0.42857142857142855,0.6428571428571429,near_isomer
UEFPQCWVDZLDFQ,T2_tims,87,True,0.05803287241744354,1.0,1.0,1.0,1.0,1.0,0.0,0.0,47.0,0.021295889000065026,0.0,0.0,0.0,0.0,0.4,4.0,0.25,0.25,0.0,1.0,0.6,0.6,4.0,0.25,0.25,0.0,1.0,0.6,0.6,4.5,0.2654761904761905,0.2654761904761905,0.0,1.0,0.0,0.5,4.0,0.25,0.25,0.0,1.0,0.6,0.6,correct
UFDZGDOMJJISFU,T2_tims,44,True,0.09938013393929772,3.0,0.3333333333333333,0.3333333333333333,0.0,1.0,0.047619047619047616,0.047619047619047616,23.0,0.07843548589137442,0.0654873994826397,0.0,0.20930232558139536,0.0,0.5,1.0,1.0,1.0,1.0,1.0,0.0,0.0,1.0,1.0,1.0,1.0,1.0,0.0,0.0,22.0,0.10116275861864714,0.08874321343612808,0.023255813953488372,0.23255813953488372,0.0,0.5,1.0,1.0,1.0,1.0,1.0,0.0,0.0,distant_isomer
UFMCOCHFYQKSRC,T2_tims,178,True,0.0323696942349813,123.0,0.008130081300813009,0.0,0.0,0.0,0.7176470588235294,0.7176470588235294,117.5,0.008827418957002965,0.0,0.0,0.0,0.4294117647058823,0.65,20.0,0.05,0.05,0.0,0.0,0.1,0.1,11.0,0.09090909090909091,0.09090909090909091,0.0,0.0,0.047058823529411764,0.047058823529411764,91.0,0.020276049973398387,0.008962718388422067,0.0,0.029239766081871343,0.0,0.5,9.0,0.1111111111111111,0.1111111111111111,0.0,1.0,0.03529411764705882,0.03529411764705882,distant_isomer
UGADIQZJODFMPZ,T2_tims,24,True,0.15733159073972947,3.0,0.3333333333333333,0.3333333333333333,0.0,1.0,0.1,0.1,20.0,0.05050893112254957,0.05050893112254957,0.0,0.0,0.7,0.85,1.0,1.0,1.0,1.0,1.0,0.0,0.0,2.0,0.5,0.5,0.0,1.0,0.05,0.05,11.0,0.17358850975060616,0.17358850975060616,0.047619047619047616,0.47619047619047616,0.0,0.5,1.0,1.0,1.0,1.0,1.0,0.0,0.0,distant_isomer
UGIJVFTVYQYZHZ,T2_tims,191,True,0.0305345791084159,65.0,0.015384615384615385,0.0,0.0,0.0,0.3404255319148936,0.3404255319148936,136.5,0.007493169148625151,0.0,0.0,0.0,0.5372340425531915,0.7207446808510638,1.0,1.0,1.0,1.0,1.0,0.0,0.0,1.0,1.0,1.0,1.0,1.0,0.0,0.0,44.5,0.057502540189559366,0.04336316111083531,0.011363636363636364,0.11363636363636363,0.0,0.23138297872340424,1.0,1.0,1.0,1.0,1.0,0.0,0.0,distant_isomer
UHAVYSTYHZDMRR,T2_tims,52,True,0.08727007597495093,3.0,0.3333333333333333,0.3333333333333333,0.0,1.0,0.11764705882352941,0.11764705882352941,42.5,0.02388971976261831,0.0,0.0,0.0,0.0,0.5,1.0,1.0,1.0,1.0,1.0,0.0,0.0,1.0,1.0,1.0,1.0,1.0,0.0,0.0,42.5,0.02388971976261831,0.0,0.0,0.0,0.0,0.5,1.0,1.0,1.0,1.0,1.0,0.0,0.0,distant_isomer
UHJPXJFCGIDIGS,T2_tims,57,True,0.081210758147936,3.0,0.3333333333333333,0.3333333333333333,0.0,1.0,0.07692307692307693,0.07692307692307693,14.5,0.0901193111100079,0.0901193111100079,0.0,0.3181818181818182,0.11538461538461539,0.5192307692307693,2.0,0.611111111111111,0.611111111111111,0.3333333333333333,1.0,0.0,0.038461538461538464,2.0,0.611111111111111,0.611111111111111,0.3333333333333333,1.0,0.0,0.038461538461538464,14.0,0.1441280278982253,0.141331784361241,0.037037037037037035,0.37037037037037035,0.0,0.5,2.0,0.611111111111111,0.611111111111111,0.3333333333333333,1.0,0.0,0.038461538461538464,near_isomer
UIDGLYUNOUKLBM,T1_np,107,True,0.049109440354833674,7.0,0.14285714285714285,0.14285714285714285,0.0,1.0,0.05660377358490566,0.05660377358490566,78.0,0.013490049879713301,0.0,0.0,0.0,0.4528301886792453,0.7264150943396226,23.5,0.04257246376811594,0.04257246376811594,0.0,0.0,0.20754716981132076,0.21226415094339623,21.5,0.046536796536796536,0.046536796536796536,0.0,0.0,0.18867924528301888,0.19339622641509435,54.0,0.049109440354833674,0.0356631605397524,0.009345794392523364,0.09345794392523364,0.0,0.5,24.0,0.041666666666666664,0.041666666666666664,0.0,0.0,0.2169811320754717,0.2169811320754717,near_isomer
UJJCUGWSXRRMJE,T2_tims,25,True,0.15263832711014028,3.0,0.3333333333333333,0.3333333333333333,0.0,1.0,0.3333333333333333,0.3333333333333333,21.5,0.046808349926198894,0.046808349926198894,0.0,0.0,0.0,0.4166666666666667,1.0,1.0,1.0,1.0,1.0,0.0,0.0,1.0,1.0,1.0,1.0,1.0,0.0,0.0,10.0,0.10430482216196503,0.10430482216196503,0.0,0.5714285714285714,0.0,0.5,1.0,1.0,1.0,1.0,1.0,0.0,0.0,distant_isomer
UKEOOQCNGQLBSY,T2_tims,189,True,0.03080214735300772,7.0,0.14285714285714285,0.14285714285714285,0.0,1.0,0.07352941176470588,0.07352941176470588,62.5,0.01613831014358825,0.0,0.0,0.0,0.7205882352941176,0.8602941176470589,1.0,1.0,1.0,1.0,1.0,0.0,0.0,1.0,1.0,1.0,1.0,1.0,0.0,0.0,41.0,0.03552689319642098,0.01979649532976097,0.0,0.057971014492753624,0.0,0.5,1.0,1.0,1.0,1.0,1.0,0.0,0.0,distant_isomer
UKINLSYHAOWTLY,T2_tims,159,True,0.03552994481094177,75.0,0.013333333333333334,0.0,0.0,0.0,0.4883720930232558,0.4883720930232558,89.5,0.012122155765731548,0.0,0.0,0.0,0.13953488372093023,0.46124031007751937,97.0,0.010309278350515464,0.0,0.0,0.0,0.6201550387596899,0.6201550387596899,96.0,0.010416666666666666,0.0,0.0,0.0,0.6046511627906976,0.6046511627906976,94.5,0.012981595595020648,0.0,0.0,0.0,0.0,0.5,103.0,0.009708737864077669,0.0,0.0,0.0,0.689922480620155,0.689922480620155,unrelated
UKLSNOGWAXXWOA,T2_tims,142,True,0.03898985715849271,1.0,1.0,1.0,1.0,1.0,0.0,0.0,29.0,0.06566307917787692,0.0511992395955183,0.0,0.16363636363636364,0.0,0.3176470588235294,1.0,1.0,1.0,1.0,1.0,0.0,0.0,1.0,1.0,1.0,1.0,1.0,0.0,0.0,43.5,0.058574019156325874,0.04437160671806404,0.011627906976744186,0.11627906976744186,0.0,0.5,1.0,1.0,1.0,1.0,1.0,0.0,0.0,correct
UKOZYVFBDKASST,T2_tims,162,True,0.03498700768253172,30.0,0.03333333333333333,0.0,0.0,0.0,0.19594594594594594,0.19594594594594594,67.0,0.04113774045579304,0.02869141487032712,0.007518796992481203,0.07518796992481203,0.0,0.44594594594594594,1.0,1.0,1.0,1.0,1.0,0.0,0.0,1.0,1.0,1.0,1.0,1.0,0.0,0.0,75.0,0.03747995920790075,0.025610457568815484,0.006711409395973154,0.06711409395973154,0.0,0.5,1.0,1.0,1.0,1.0,1.0,0.0,0.0,distant_isomer
UKYQVYOEBBKPKJ,T2_tims,198,True,0.029636393042895472,11.0,0.09090909090909091,0.09090909090909091,0.0,0.0,0.050761421319796954,0.050761421319796954,99.5,0.029636393042895472,0.019272516049260138,0.005050505050505051,0.050505050505050504,0.0,0.5,7.0,0.14285714285714285,0.14285714285714285,0.0,1.0,0.030456852791878174,0.030456852791878174,7.0,0.14285714285714285,0.14285714285714285,0.0,1.0,0.030456852791878174,0.030456852791878174,99.5,0.029636393042895472,0.019272516049260138,0.005050505050505051,0.050505050505050504,0.0,0.5,5.0,0.2,0.2,0.0,1.0,0.02030456852791878,0.02030456852791878,distant_isomer
ULGZDMOVFRHVEP,T1_np,8,True,0.3397321428571428,1.0,1.0,1.0,1.0,1.0,0.0,0.0,5.5,0.18988095238095237,0.18988095238095237,0.0,1.0,0.0,0.5,5.0,0.2,0.2,0.0,1.0,0.6666666666666666,0.6666666666666666,1.0,1.0,1.0,1.0,1.0,0.0,0.0,5.5,0.18988095238095237,0.18988095238095237,0.0,1.0,0.0,0.5,3.0,0.3333333333333333,0.3333333333333333,0.0,1.0,0.6666666666666666,0.6666666666666666,correct
ULSKTAJUDSPQIP,T2_tims,278,True,0.02232602252327544,9.0,0.1111111111111111,0.1111111111111111,0.0,1.0,0.03669724770642202,0.03669724770642202,132.0,0.009222884340763033,0.0,0.0,0.0,0.1834862385321101,0.591743119266055,1.0,1.0,1.0,1.0,1.0,0.0,0.0,1.0,1.0,1.0,1.0,1.0,0.0,0.0,112.0,0.020445840655912886,0.010575151496591354,0.0,0.0365296803652968,0.0,0.5,1.0,1.0,1.0,1.0,1.0,0.0,0.0,distant_isomer
UOACTIWJCBLINE,T2_tims,65,True,0.0732196233706213,1.0,1.0,1.0,1.0,1.0,0.0,0.0,33.0,0.0732196233706213,0.058707048888515495,0.015384615384615385,0.15384615384615385,0.0,0.5,1.0,1.0,1.0,1.0,1.0,0.0,0.0,1.0,1.0,1.0,1.0,1.0,0.0,0.0,33.0,0.0732196233706213,0.058707048888515495,0.015384615384615385,0.15384615384615385,0.0,0.5,1.0,1.0,1.0,1.0,1.0,0.0,0.0,correct
UOJVAFSQUNTMCW,T2_tims,22,True,0.16776423864623977,1.0,1.0,1.0,1.0,1.0,0.0,0.0,9.0,0.20232661897886814,0.20232661897886814,0.058823529411764705,0.5882352941176471,0.0,0.5,1.0,1.0,1.0,1.0,1.0,0.0,0.0,1.0,1.0,1.0,1.0,1.0,0.0,0.0,9.0,0.20232661897886814,0.20232661897886814,0.058823529411764705,0.5882352941176471,0.0,0.5,1.0,1.0,1.0,1.0,1.0,0.0,0.0,correct
UPALKCDWIDYZDP,T1_np,3,True,0.611111111111111,2.0,0.5,0.5,0.0,1.0,0.5,0.5,2.0,0.611111111111111,0.611111111111111,0.3333333333333333,1.0,0.0,0.5,2.5,0.41666666666666663,0.41666666666666663,0.0,1.0,0.5,0.75,2.5,0.41666666666666663,0.41666666666666663,0.0,1.0,0.5,0.75,2.0,0.611111111111111,0.611111111111111,0.3333333333333333,1.0,0.0,0.5,2.5,0.41666666666666663,0.41666666666666663,0.0,1.0,0.5,0.75,near_isomer
UPIKTEAUQCVOFI,T2_tims,215,True,0.027675244054196135,5.0,0.2,0.2,0.0,1.0,0.09523809523809523,0.09523809523809523,15.5,0.13316623769734637,0.12719860592511692,0.03333333333333333,0.3333333333333333,0.0,0.34523809523809523,3.0,0.3333333333333333,0.3333333333333333,0.0,1.0,0.047619047619047616,0.047619047619047616,2.0,0.5,0.5,0.0,1.0,0.023809523809523808,0.023809523809523808,22.0,0.10116275861864714,0.08874321343612808,0.023255813953488372,0.23255813953488372,0.0,0.5,2.0,0.5,0.5,0.0,1.0,0.023809523809523808,0.023809523809523808,distant_isomer
UQADOUXGUXQLIZ,T2_tims,515,True,0.01324728762165662,36.0,0.027777777777777776,0.0,0.0,0.0,0.068762278978389,0.068762278978389,296.5,0.004271484771143863,0.0,0.0,0.0,0.14931237721021612,0.5707269155206287,1.0,1.0,1.0,1.0,1.0,0.0,0.0,1.0,1.0,1.0,1.0,1.0,0.0,0.0,260.5,0.008900038807489855,0.0030051467537650462,0.0,0.00980392156862745,0.0,0.5,1.0,1.0,1.0,1.0,1.0,0.0,0.0,distant_isomer
UQCVDDGIYPGLRT,T2_tims,87,True,0.05803287241744354,11.0,0.09090909090909091,0.09090909090909091,0.0,0.0,0.14084507042253522,0.14084507042253522,80.5,0.01242283950617284,0.0,0.0,0.0,0.9859154929577465,0.9929577464788732,12.5,0.08012820512820512,0.08012820512820512,0.0,0.0,0.15492957746478872,0.1619718309859155,16.5,0.06066176470588235,0.06066176470588235,0.0,0.0,0.2112676056338028,0.21830985915492956,37.5,0.05381262199591944,0.039110530246576486,0.0,0.125,0.0,0.5,9.5,0.10555555555555556,0.10555555555555556,0.0,1.0,0.11267605633802817,0.11971830985915492,distant_isomer
URFCJEUYXNAHFI,T1_np,140,True,0.039445894745737696,18.0,0.05555555555555555,0.05555555555555555,0.0,0.0,0.1259259259259259,0.1259259259259259,71.5,0.027073154955346224,0.014578123856030687,0.0,0.051470588235294115,0.0,0.5,36.5,0.027402402402402402,0.0,0.0,0.0,0.25925925925925924,0.26296296296296295,9.0,0.1111111111111111,0.1111111111111111,0.0,1.0,0.05925925925925926,0.05925925925925926,72.5,0.02528744066963194,0.01273988856191304,0.0,0.04411764705882353,0.0,0.5,7.0,0.14285714285714285,0.14285714285714285,0.0,1.0,0.044444444444444446,0.044444444444444446,distant_isomer
USSJFWNVZPNIPX,T2_tims,54,True,0.08473019247674571,1.0,1.0,1.0,1.0,1.0,0.0,0.0,1.5,0.75,0.75,0.5,1.0,0.0,0.5,1.0,1.0,1.0,1.0,1.0,0.0,0.0,1.0,1.0,1.0,1.0,1.0,0.0,0.0,3.5,0.29166666666666663,0.29166666666666663,0.0,1.0,0.0,0.5,1.0,1.0,1.0,1.0,1.0,0.0,0.0,correct
UTQDICWRKOARRE,T2_tims,79,True,0.06269594023981666,4.0,0.25,0.25,0.0,1.0,0.09090909090909091,0.09090909090909091,13.0,0.08202281230356097,0.08202281230356097,0.0,0.2727272727272727,0.0,0.45454545454545453,1.0,1.0,1.0,1.0,1.0,0.0,0.0,1.0,1.0,1.0,1.0,1.0,0.0,0.0,13.5,0.07957354285721159,0.07957354285721159,0.0,0.25,0.0,0.5,1.0,1.0,1.0,1.0,1.0,0.0,0.0,unrelated
UTQONYDJYMPERG,T2_tims,56,True,0.08234766704970053,11.0,0.09090909090909091,0.09090909090909091,0.0,0.0,0.2857142857142857,0.2857142857142857,23.0,0.044328956029600915,0.03421869591934081,0.0,0.0,0.2857142857142857,0.6428571428571429,1.0,1.0,1.0,1.0,1.0,0.0,0.0,2.0,0.5,0.5,0.0,1.0,0.0,0.0,20.0,0.052549738336093596,0.047516499969521904,0.0,0.0,0.0,0.5,2.0,0.5,0.5,0.0,1.0,0.0,0.0,unrelated
UUGGIVAGBYGYPF,T2_tims,31,True,0.12991113533666193,6.0,0.16666666666666666,0.16666666666666666,0.0,1.0,0.29411764705882354,0.29411764705882354,9.5,0.1941726710109063,0.1941726710109063,0.05555555555555555,0.5555555555555556,0.0,0.5,4.0,0.25,0.25,0.0,1.0,0.17647058823529413,0.17647058823529413,2.0,0.5,0.5,0.0,1.0,0.058823529411764705,0.058823529411764705,9.5,0.1941726710109063,0.1941726710109063,0.05555555555555555,0.5555555555555556,0.0,0.5,1.0,1.0,1.0,1.0,1.0,0.0,0.0,distant_isomer
UUVWODAFCLOROI,T2_tims,191,True,0.0305345791084159,2.0,0.5,0.5,0.0,1.0,0.005263157894736842,0.005263157894736842,173.5,0.0057800952149646544,0.0,0.0,0.0,0.8263157894736842,0.9078947368421053,4.0,0.25,0.25,0.0,1.0,0.015789473684210527,0.015789473684210527,5.0,0.2,0.2,0.0,1.0,0.021052631578947368,0.021052631578947368,96.0,0.0305345791084159,0.019978838626981712,0.005235602094240838,0.05235602094240838,0.0,0.5,4.0,0.25,0.25,0.0,1.0,0.015789473684210527,0.015789473684210527,near_isomer
UVYYDBBALWUPCN,T2_tims,88,True,0.057502540189559366,4.0,0.25,0.25,0.0,1.0,0.036585365853658534,0.036585365853658534,52.0,0.023862938951400434,0.006818208007185118,0.0,0.0,0.12195121951219512,0.5609756097560976,1.0,1.0,1.0,1.0,1.0,0.0,0.0,1.0,1.0,1.0,1.0,1.0,0.0,0.0,45.0,0.038602798965189054,0.023887046318315345,0.0,0.08433734939759036,0.0,0.5,1.0,1.0,1.0,1.0,1.0,0.0,0.0,distant_isomer
UXLNJMDMAUNWPY,T2_tims,39,True,0.10906520612657374,2.0,0.5,0.5,0.0,1.0,0.058823529411764705,0.058823529411764705,9.5,0.1941726710109063,0.1941726710109063,0.05555555555555555,0.5555555555555556,0.0,0.5,4.0,0.25,0.25,0.0,1.0,0.17647058823529413,0.17647058823529413,4.0,0.25,0.25,0.0,1.0,0.17647058823529413,0.17647058823529413,9.5,0.1941726710109063,0.1941726710109063,0.05555555555555555,0.5555555555555556,0.0,0.5,1.0,1.0,1.0,1.0,1.0,0.0,0.0,near_isomer
UXTCVYHARGTMLO,T2_tims,31,True,0.12991113533666193,1.0,1.0,1.0,1.0,1.0,0.0,0.0,6.0,0.16984126984126982,0.16984126984126982,0.0,1.0,0.6666666666666666,0.8333333333333334,2.0,0.5,0.5,0.0,1.0,0.16666666666666666,0.16666666666666666,2.0,0.5,0.5,0.0,1.0,0.16666666666666666,0.16666666666666666,4.0,0.37040816326530607,0.37040816326530607,0.14285714285714285,1.0,0.0,0.5,2.0,0.5,0.5,0.0,1.0,0.16666666666666666,0.16666666666666666,correct
UYRHHBXYXSYGHA,T1_np,16,True,0.2112955620768121,3.0,0.3333333333333333,0.3333333333333333,0.0,1.0,0.13333333333333333,0.13333333333333333,8.5,0.2112955620768121,0.2112955620768121,0.0625,0.625,0.0,0.5,1.5,0.75,0.75,0.5,1.0,0.0,0.03333333333333333,1.0,1.0,1.0,1.0,1.0,0.0,0.0,8.5,0.2112955620768121,0.2112955620768121,0.0625,0.625,0.0,0.5,2.0,0.5,0.5,0.0,1.0,0.06666666666666667,0.06666666666666667,distant_isomer
UZKQTCBAMSWPJD,T1_np,5,True,0.45666666666666667,4.0,0.25,0.25,0.0,1.0,1.0,1.0,2.5,0.5208333333333333,0.5208333333333333,0.25,1.0,0.0,0.5,1.0,1.0,1.0,1.0,1.0,0.0,0.0,1.0,1.0,1.0,1.0,1.0,0.0,0.0,3.5,0.3208333333333333,0.3208333333333333,0.0,1.0,0.0,0.5,1.0,1.0,1.0,1.0,1.0,0.0,0.0,distant_isomer
VAHQKFROUKCZKL,T2_tims,48,True,0.0928916078138358,38.0,0.02631578947368421,0.0,0.0,0.0,0.9285714285714286,0.9285714285714286,21.0,0.048744611180550186,0.0452481076840467,0.0,0.0,0.0,0.35714285714285715,5.0,0.2,0.2,0.0,1.0,0.0,0.0,3.0,0.3333333333333333,0.3333333333333333,0.0,1.0,0.0,0.0,19.0,0.05563615808918003,0.05307205552507747,0.0,0.0,0.0,0.5,4.0,0.25,0.25,0.0,1.0,0.0,0.0,distant_isomer
VAOCPAMSLUNLGC,T1_np,4,True,0.5208333333333333,1.0,1.0,1.0,1.0,1.0,0.0,0.0,2.5,0.5208333333333333,0.5208333333333333,0.25,1.0,0.0,0.5,4.0,0.25,0.25,0.0,1.0,1.0,1.0,3.0,0.3333333333333333,0.3333333333333333,0.0,1.0,0.6666666666666666,0.6666666666666666,2.5,0.5208333333333333,0.5208333333333333,0.25,1.0,0.0,0.5,2.0,0.5,0.5,0.0,1.0,0.3333333333333333,0.3333333333333333,correct
VBKILNGHFADEMJ,T2_tims,119,True,0.04504651221865599,1.0,1.0,1.0,1.0,1.0,0.0,0.0,63.5,0.02128887981069927,0.006358244226197518,0.0,0.0,0.10619469026548672,0.5442477876106194,2.0,0.5,0.5,0.0,1.0,0.008849557522123894,0.008849557522123894,2.0,0.5,0.5,0.0,1.0,0.008849557522123894,0.008849557522123894,57.5,0.04664731285989688,0.033473317348714976,0.008771929824561403,0.08771929824561403,0.0,0.5,2.0,0.5,0.5,0.0,1.0,0.008849557522123894,0.008849557522123894,correct
VCMPVSUAFIBWCY,T2_tims,23,True,0.16236050048203654,3.0,0.3333333333333333,0.3333333333333333,0.0,1.0,0.07142857142857142,0.07142857142857142,8.5,0.1274846681096681,0.1274846681096681,0.0,0.75,0.0,0.25,1.0,1.0,1.0,1.0,1.0,0.0,0.0,1.0,1.0,1.0,1.0,1.0,0.0,0.0,8.0,0.22121526621526624,0.22121526621526624,0.06666666666666667,0.6666666666666666,0.0,0.5,1.0,1.0,1.0,1.0,1.0,0.0,0.0,unrelated
VCSGPHBKSWKWLH,T2_tims,19,True,0.18672313984966749,1.0,1.0,1.0,1.0,1.0,0.0,0.0,10.0,0.18672313984966749,0.18672313984966749,0.05263157894736842,0.5263157894736842,0.0,0.5,5.0,0.2,0.2,0.0,1.0,0.2222222222222222,0.2222222222222222,3.0,0.3333333333333333,0.3333333333333333,0.0,1.0,0.1111111111111111,0.1111111111111111,10.0,0.18672313984966749,0.18672313984966749,0.05263157894736842,0.5263157894736842,0.0,0.5,2.0,0.5,0.5,0.0,1.0,0.05555555555555555,0.05555555555555555,correct
VCUSWRGZHVNMND,T2_tims,55,True,0.08352022203501976,7.0,0.14285714285714285,0.14285714285714285,0.0,1.0,0.1111111111111111,0.1111111111111111,28.0,0.08352022203501976,0.0693810577773365,0.01818181818181818,0.18181818181818182,0.0,0.5,2.0,0.5,0.5,0.0,1.0,0.018518518518518517,0.018518518518518517,2.0,0.5,0.5,0.0,1.0,0.018518518518518517,0.018518518518518517,28.0,0.08352022203501976,0.0693810577773365,0.01818181818181818,0.18181818181818182,0.0,0.5,2.0,0.5,0.5,0.0,1.0,0.018518518518518517,0.018518518518518517,distant_isomer
VDTVRXIIVKXYAY,T2_tims,36,True,0.11595997768873996,1.0,1.0,1.0,1.0,1.0,0.0,0.0,19.0,0.06574673563345138,0.0567638831266731,0.0,0.18518518518518517,0.16129032258064516,0.5806451612903226,2.0,0.5,0.5,0.0,1.0,0.03225806451612903,0.03225806451612903,1.0,1.0,1.0,1.0,1.0,0.0,0.0,16.5,0.12682797485739125,0.1192486930547971,0.03125,0.3125,0.0,0.5,1.0,1.0,1.0,1.0,1.0,0.0,0.0,correct
VDZVNQLEYZDACO,T2_tims,55,True,0.08352022203501976,1.0,1.0,1.0,1.0,1.0,0.0,0.0,15.0,0.13660875164093303,0.13158476475012093,0.034482758620689655,0.3448275862068966,0.0,0.2857142857142857,1.0,1.0,1.0,1.0,1.0,0.0,0.0,1.0,1.0,1.0,1.0,1.0,0.0,0.0,25.5,0.08998410676658848,0.07631916355507014,0.02,0.2,0.0,0.5,1.0,1.0,1.0,1.0,1.0,0.0,0.0,correct
VEDBDYSSYFWIDV,T2_tims,5,True,0.45666666666666667,2.0,0.5,0.5,0.0,1.0,0.3333333333333333,0.3333333333333333,2.5,0.5208333333333333,0.5208333333333333,0.25,1.0,0.0,0.5,1.0,1.0,1.0,1.0,1.0,0.0,0.0,2.0,0.5,0.5,0.0,1.0,0.3333333333333333,0.3333333333333333,2.5,0.5208333333333333,0.5208333333333333,0.25,1.0,0.0,0.5,1.0,1.0,1.0,1.0,1.0,0.0,0.0,near_isomer
VFCIXALHBBHOIL,T2_tims,159,True,0.03552994481094177,3.0,0.3333333333333333,0.3333333333333333,0.0,1.0,0.01282051282051282,0.01282051282051282,86.0,0.017320071746456216,0.004848622445869583,0.0,0.0,0.0641025641025641,0.532051282051282,1.0,1.0,1.0,1.0,1.0,0.0,0.0,1.0,1.0,1.0,1.0,1.0,0.0,0.0,79.0,0.03590218345757701,0.02430546610034081,0.006369426751592357,0.06369426751592357,0.0,0.5,1.0,1.0,1.0,1.0,1.0,0.0,0.0,distant_isomer
VFKNDURAGMGJRN,T2_tims,49,True,0.09141235384345764,8.0,0.125,0.125,0.0,1.0,0.0,0.0,15.0,0.06686507936507936,0.06686507936507936,0.0,0.0,0.8666666666666667,0.9333333333333333,1.0,1.0,1.0,1.0,1.0,0.0,0.0,1.0,1.0,1.0,1.0,1.0,0.0,0.0,12.5,0.09465039523814678,0.09465039523814678,0.0,0.375,0.0,0.5,1.0,1.0,1.0,1.0,1.0,0.0,0.0,unrelated
VFNMGNWOEBPVJQ,T2_tims,158,True,0.03571501213141545,5.0,0.2,0.2,0.0,1.0,0.027972027972027972,0.027972027972027972,142.0,0.007060499048033901,0.0,0.0,0.0,0.8321678321678322,0.916083916083916,3.0,0.3333333333333333,0.3333333333333333,0.0,1.0,0.013986013986013986,0.013986013986013986,3.0,0.3333333333333333,0.3333333333333333,0.0,1.0,0.013986013986013986,0.013986013986013986,82.5,0.018669744811154597,0.0061596522485087,0.0,0.0,0.0,0.5,1.0,1.0,1.0,1.0,1.0,0.0,0.0,near_isomer
VFQOFNBXEZURQB,T2_tims,45,True,0.09766551367891826,1.0,1.0,1.0,1.0,1.0,0.0,0.0,19.5,0.05365778842888336,0.05091053568163061,0.0,0.0,0.0,0.29545454545454547,1.0,1.0,1.0,1.0,1.0,0.0,0.0,1.0,1.0,1.0,1.0,1.0,0.0,0.0,23.0,0.04775359328556903,0.034612210125050516,0.0,0.0,0.0,0.5,1.0,1.0,1.0,1.0,1.0,0.0,0.0,correct
VFTNDVOWDUYVGO,T2_tims,41,True,0.10494959226436135,1.0,1.0,1.0,1.0,1.0,0.0,0.0,10.5,0.1798869828571841,0.1798869828571841,0.05,0.5,0.0,0.36538461538461536,2.0,0.5,0.5,0.0,1.0,0.038461538461538464,0.038461538461538464,2.0,0.5,0.5,0.0,1.0,0.038461538461538464,0.038461538461538464,14.0,0.1441280278982253,0.141331784361241,0.037037037037037035,0.37037037037037035,0.0,0.5,2.0,0.5,0.5,0.0,1.0,0.038461538461538464,0.038461538461538464,correct
VGARYPAFKFXOCJ,T2_tims,23,True,0.16236050048203654,1.0,1.0,1.0,1.0,1.0,0.0,0.0,12.0,0.11291361604014365,0.11291361604014365,0.0,0.42105263157894735,0.09090909090909091,0.5,1.0,1.0,1.0,1.0,1.0,0.0,0.0,1.0,1.0,1.0,1.0,1.0,0.0,0.0,12.0,0.16236050048203654,0.16236050048203654,0.043478260869565216,0.43478260869565216,0.0,0.5,1.0,1.0,1.0,1.0,1.0,0.0,0.0,correct
VGEREEWJJVICBM,T1_np,171,True,0.03346082074937071,1.0,1.0,1.0,1.0,1.0,0.0,0.0,131.5,0.007815306988138176,0.0,0.0,0.0,0.562874251497006,0.781437125748503,3.0,0.3333333333333333,0.3333333333333333,0.0,1.0,0.011976047904191617,0.011976047904191617,6.0,0.16666666666666666,0.16666666666666666,0.0,1.0,0.029940119760479042,0.029940119760479042,84.5,0.03395329096560432,0.022714036772342305,0.005952380952380952,0.05952380952380952,0.0,0.5,3.0,0.3333333333333333,0.3333333333333333,0.0,1.0,0.011976047904191617,0.011976047904191617,correct
VGSNIUNOGSCIED,T2_tims,73,True,0.0667740929274822,7.0,0.14285714285714285,0.14285714285714285,0.0,1.0,0.08571428571428572,0.08571428571428572,36.0,0.0682664966856384,0.05374588982751419,0.014084507042253521,0.14084507042253522,0.0,0.5,1.0,1.0,1.0,1.0,1.0,0.0,0.0,1.0,1.0,1.0,1.0,1.0,0.0,0.0,36.0,0.0682664966856384,0.05374588982751419,0.014084507042253521,0.14084507042253522,0.0,0.5,2.0,0.5,0.5,0.0,1.0,0.014285714285714285,0.014285714285714285,distant_isomer
VGVHVZGCRZMMIJ,T2_tims,108,True,0.048740457196541326,6.0,0.16666666666666666,0.16666666666666666,0.0,1.0,0.04672897196261682,0.04672897196261682,49.0,0.03406571386397334,0.019467694881125545,0.0,0.06741573033707865,0.037383177570093455,0.4485981308411215,1.0,1.0,1.0,1.0,1.0,0.0,0.0,1.0,1.0,1.0,1.0,1.0,0.0,0.0,54.5,0.048740457196541326,0.03533294609031025,0.009259259259259259,0.09259259259259259,0.0,0.5,1.0,1.0,1.0,1.0,1.0,0.0,0.0,distant_isomer
VGWPJZGHYUYDJJ,T2_tims,206,True,0.028677267254467398,15.0,0.06666666666666667,0.06666666666666667,0.0,0.0,0.07179487179487179,0.07179487179487179,107.0,0.013510204763519894,0.0021028248888980386,0.0,0.0,0.08717948717948718,0.5435897435897435,8.5,0.11805555555555555,0.11805555555555555,0.0,1.0,0.035897435897435895,0.038461538461538464,7.0,0.14285714285714285,0.14285714285714285,0.0,1.0,0.03076923076923077,0.03076923076923077,98.5,0.029887138649544995,0.019469174376293405,0.00510204081632653,0.05102040816326531,0.0,0.5,5.0,0.2,0.2,0.0,1.0,0.020512820512820513,0.020512820512820513,distant_isomer
VHBFFQKBGNRLFZ,T1_np,18,True,0.1941726710109063,16.0,0.0625,0.0625,0.0,0.0,0.8823529411764706,0.8823529411764706,9.5,0.1941726710109063,0.1941726710109063,0.05555555555555555,0.5555555555555556,0.0,0.5,7.5,0.13392857142857142,0.13392857142857142,0.0,1.0,0.35294117647058826,0.38235294117647056,8.5,0.11805555555555555,0.11805555555555555,0.0,1.0,0.4117647058823529,0.4411764705882353,9.5,0.1941726710109063,0.1941726710109063,0.05555555555555555,0.5555555555555556,0.0,0.5,8.5,0.11805555555555555,0.11805555555555555,0.0,1.0,0.4117647058823529,0.4411764705882353,distant_isomer
VHRSUDSXCMQTMA,T1_np,237,True,0.025516388299842888,1.0,1.0,1.0,1.0,1.0,0.0,0.0,73.5,0.018139143377517396,0.0038177998642501196,0.0,0.0,0.06866952789699571,0.3111587982832618,28.0,0.03571428571428571,0.0,0.0,0.0,0.11158798283261803,0.11158798283261803,29.0,0.034482758620689655,0.0,0.0,0.0,0.11587982832618025,0.11587982832618025,117.5,0.025789196626049293,0.016307513580143193,0.004273504273504274,0.042735042735042736,0.0,0.5,24.0,0.041666666666666664,0.041666666666666664,0.0,0.0,0.0944206008583691,0.0944206008583691,correct
VIXBYXPGWOFDHR,T2_tims,88,True,0.057502540189559366,1.0,1.0,1.0,1.0,1.0,0.0,0.0,36.5,0.02811337648855297,0.0,0.0,0.0,0.0,0.18627450980392157,1.0,1.0,1.0,1.0,1.0,0.0,0.0,1.0,1.0,1.0,1.0,1.0,0.0,0.0,49.5,0.022443540758965524,0.0015705128205128205,0.0,0.0,0.0,0.5,1.0,1.0,1.0,1.0,1.0,0.0,0.0,correct
VIXHCBVONBQLJR,T2_tims,6,True,0.40833333333333327,1.0,1.0,1.0,1.0,1.0,0.0,0.0,5.5,0.18333333333333335,0.18333333333333335,0.0,1.0,0.6666666666666666,0.8333333333333334,1.0,1.0,1.0,1.0,1.0,0.0,0.0,1.0,1.0,1.0,1.0,1.0,0.0,0.0,2.5,0.5208333333333333,0.5208333333333333,0.25,1.0,0.0,0.5,1.0,1.0,1.0,1.0,1.0,0.0,0.0,correct
VJCYZHJPNNCIDW,T2_tims,45,True,0.09766551367891826,1.0,1.0,1.0,1.0,1.0,0.0,0.0,31.0,0.032393319599050056,0.0,0.0,0.0,0.0,0.375,3.0,0.3333333333333333,0.3333333333333333,0.0,1.0,0.0,0.0,4.0,0.25,0.25,0.0,1.0,0.0,0.0,32.0,0.03145582706028408,0.0,0.0,0.0,0.0,0.5,2.0,0.5,0.5,0.0,1.0,0.0,0.0,correct
VKJNZELOHQVMGN,T2_tims,118,True,0.0453570473955553,104.0,0.009615384615384616,0.0,0.0,0.0,0.8367346938775511,0.8367346938775511,45.5,0.022829442734378227,0.0,0.0,0.0,0.30612244897959184,0.6020408163265306,1.0,1.0,1.0,1.0,1.0,0.0,0.0,1.0,1.0,1.0,1.0,1.0,0.0,0.0,25.5,0.08998410676658848,0.07631916355507014,0.02,0.2,0.0,0.5,1.0,1.0,1.0,1.0,1.0,0.0,0.0,unrelated
VLHPDLNCPZPTHX,T2_tims,20,True,0.1798869828571841,1.0,1.0,1.0,1.0,1.0,0.0,0.0,12.5,0.09031473741502491,0.09031473741502491,0.0,0.35714285714285715,0.2777777777777778,0.6388888888888888,1.0,1.0,1.0,1.0,1.0,0.0,0.0,1.0,1.0,1.0,1.0,1.0,0.0,0.0,10.0,0.18672313984966749,0.18672313984966749,0.05263157894736842,0.5263157894736842,0.0,0.5,1.0,1.0,1.0,1.0,1.0,0.0,0.0,correct
VLNKGRDWZBIDSU,T2_tims,57,True,0.081210758147936,2.0,0.5,0.5,0.0,1.0,0.09090909090909091,0.09090909090909091,6.0,0.21432980599647267,0.21432980599647267,0.0,1.0,0.0,0.36363636363636365,2.0,0.5,0.5,0.0,1.0,0.09090909090909091,0.09090909090909091,2.0,0.5,0.5,0.0,1.0,0.09090909090909091,0.09090909090909091,8.5,0.14596352721352718,0.14596352721352718,0.0,0.6666666666666666,0.0,0.5,2.0,0.5,0.5,0.0,1.0,0.09090909090909091,0.09090909090909091,near_isomer
VLTSULDBTDLSNL,T2_tims,46,True,0.09601494013013269,7.0,0.14285714285714285,0.14285714285714285,0.0,1.0,0.20689655172413793,0.20689655172413793,24.5,0.0454503414978585,0.030618493572160073,0.0,0.0,0.10344827586206896,0.5344827586206896,1.0,1.0,1.0,1.0,1.0,0.0,0.0,1.0,1.0,1.0,1.0,1.0,0.0,0.0,15.5,0.13316623769734637,0.12719860592511692,0.03333333333333333,0.3333333333333333,0.0,0.5,1.0,1.0,1.0,1.0,1.0,0.0,0.0,distant_isomer
VMFXQXIUTOGJSB,T2_tims,15,True,0.22121526621526624,2.0,0.5,0.5,0.0,1.0,0.1,0.1,9.0,0.11712533498247786,0.11712533498247786,0.0,0.7142857142857143,0.3,0.6,1.0,1.0,1.0,1.0,1.0,0.0,0.0,1.0,1.0,1.0,1.0,1.0,0.0,0.0,7.0,0.1912009707464253,0.1912009707464253,0.0,0.8181818181818182,0.0,0.5,1.0,1.0,1.0,1.0,1.0,0.0,0.0,distant_isomer
VMXUWOKSQNHOCA,T1_np,6,True,0.40833333333333327,1.0,1.0,1.0,1.0,1.0,0.0,0.0,6.0,0.16666666666666666,0.16666666666666666,0.0,1.0,1.0,1.0,1.0,1.0,1.0,1.0,1.0,0.0,0.0,1.0,1.0,1.0,1.0,1.0,0.0,0.0,5.5,0.18333333333333335,0.18333333333333335,0.0,1.0,0.0,0.5,1.0,1.0,1.0,1.0,1.0,0.0,0.0,correct
VNLCYDNUHJOJNZ,T2_tims,69,True,0.06983407309206316,6.0,0.16666666666666666,0.16666666666666666,0.0,1.0,0.022727272727272728,0.022727272727272728,14.0,0.0729406098103577,0.0729406098103577,0.0,0.0,0.022727272727272728,0.09090909090909091,1.0,1.0,1.0,1.0,1.0,0.0,0.0,1.0,1.0,1.0,1.0,1.0,0.0,0.0,32.0,0.038810269772800346,0.021933109417450063,0.0,0.022222222222222223,0.0,0.5,1.0,1.0,1.0,1.0,1.0,0.0,0.0,unrelated
VNONINPVFQTJOC,T1_np,25,True,0.15263832711014028,1.0,1.0,1.0,1.0,1.0,0.0,0.0,7.0,0.1912009707464253,0.1912009707464253,0.0,0.8181818181818182,0.047619047619047616,0.2857142857142857,9.0,0.11397546897546898,0.11397546897546898,0.0,0.8,0.23809523809523808,0.3333333333333333,10.0,0.10207070707070709,0.10207070707070709,0.0,0.6,0.2857142857142857,0.38095238095238093,12.5,0.12428597777667455,0.12428597777667455,0.0,0.4090909090909091,0.0,0.5,6.0,0.1769047619047619,0.1769047619047619,0.0,1.0,0.14285714285714285,0.23809523809523808,correct
VQFKXIXXWKFPFJ,T2_tims,55,True,0.08352022203501976,9.0,0.1111111111111111,0.1111111111111111,0.0,1.0,0.18421052631578946,0.18421052631578946,28.0,0.04099541055914409,0.024123661602307937,0.0,0.0,0.02631578947368421,0.4473684210526316,1.0,1.0,1.0,1.0,1.0,0.0,0.0,1.0,1.0,1.0,1.0,1.0,0.0,0.0,30.0,0.03974966882977361,0.02274333137910905,0.0,0.0,0.0,0.5,1.0,1.0,1.0,1.0,1.0,0.0,0.0,distant_isomer
VQQCRKGNWGYYOA,T2_tims,77,True,0.06399351348411561,1.0,1.0,1.0,1.0,1.0,0.0,0.0,18.0,0.11847946911476746,0.10902737650724306,0.02857142857142857,0.2857142857142857,0.0,0.38636363636363635,1.0,1.0,1.0,1.0,1.0,0.0,0.0,1.0,1.0,1.0,1.0,1.0,0.0,0.0,23.0,0.09766551367891826,0.0847990706167446,0.022222222222222223,0.2222222222222222,0.0,0.5,1.0,1.0,1.0,1.0,1.0,0.0,0.0,correct
VQZGEFSDJVPKMZ,T2_tims,186,True,0.031213161838217183,5.0,0.2,0.2,0.0,1.0,0.027210884353741496,0.027210884353741496,36.0,0.03553631384649998,0.018622451392174583,0.0,0.018867924528301886,0.061224489795918366,0.23809523809523808,1.0,1.0,1.0,1.0,1.0,0.0,0.0,1.0,1.0,1.0,1.0,1.0,0.0,0.0,84.5,0.01833786258645532,0.005993175160711168,0.0,0.0,0.0,0.5,1.0,1.0,1.0,1.0,1.0,0.0,0.0,distant_isomer
VRSJEASVHFIVFS,T2_tims,146,True,0.03811125366257566,2.0,0.5,0.5,0.0,1.0,0.02857142857142857,0.02857142857142857,55.5,0.018543069554498415,0.0,0.0,0.0,0.08571428571428572,0.5285714285714286,3.0,0.3333333333333333,0.3333333333333333,0.0,1.0,0.02857142857142857,0.02857142857142857,2.0,0.5,0.5,0.0,1.0,0.02857142857142857,0.02857142857142857,53.5,0.019448329046207326,0.0,0.0,0.0,0.0,0.5,2.0,0.5,0.5,0.0,1.0,0.02857142857142857,0.02857142857142857,distant_isomer
VRSRXLJTYQVOHC,T1_np,48,True,0.0928916078138358,2.0,0.5,0.5,0.0,1.0,0.021739130434782608,0.021739130434782608,3.5,0.3208333333333333,0.3208333333333333,0.0,1.0,0.0,0.03260869565217391,9.0,0.1111111111111111,0.1111111111111111,0.0,1.0,0.17391304347826086,0.17391304347826086,10.0,0.1,0.1,0.0,1.0,0.1956521739130435,0.1956521739130435,24.0,0.0944247625900167,0.08119059952667036,0.02127659574468085,0.2127659574468085,0.0,0.5,10.0,0.1,0.1,0.0,1.0,0.1956521739130435,0.1956521739130435,near_isomer
VRWZUNRXNMUPKH,T2_tims,326,True,0.019526521486130127,8.0,0.125,0.125,0.0,1.0,0.023809523809523808,0.023809523809523808,133.0,0.013026410036118478,0.003620367035858175,0.0,0.0,0.034013605442176874,0.4489795918367347,1.0,1.0,1.0,1.0,1.0,0.0,0.0,4.0,0.25,0.25,0.0,1.0,0.01020408163265306,0.01020408163265306,148.0,0.02124028806412695,0.01293545145001189,0.003389830508474576,0.03389830508474576,0.0,0.5,3.0,0.3333333333333333,0.3333333333333333,0.0,1.0,0.006802721088435374,0.006802721088435374,distant_isomer
VUQFXFNZXIOOOM,T2_tims,151,True,0.03707154374304748,3.0,0.3333333333333333,0.3333333333333333,0.0,1.0,0.013605442176870748,0.013605442176870748,99.5,0.010328809426943697,0.0,0.0,0.0,0.48299319727891155,0.6700680272108843,2.0,0.5,0.5,0.0,1.0,0.006802721088435374,0.006802721088435374,2.0,0.5,0.5,0.0,1.0,0.006802721088435374,0.006802721088435374,74.5,0.0376878548147381,0.02578350120103721,0.006756756756756757,0.06756756756756757,0.0,0.5,1.0,1.0,1.0,1.0,1.0,0.0,0.0,distant_isomer
VWAKQBWFJCSJNU,T2_tims,149,True,0.03747995920790075,1.0,1.0,1.0,1.0,1.0,0.0,0.0,12.5,0.10954066251086374,0.10954066251086374,0.0,0.4,0.09523809523809523,0.5476190476190477,1.0,1.0,1.0,1.0,1.0,0.0,0.0,1.0,1.0,1.0,1.0,1.0,0.0,0.0,11.5,0.16776423864623977,0.16776423864623977,0.045454545454545456,0.45454545454545453,0.0,0.5,1.0,1.0,1.0,1.0,1.0,0.0,0.0,correct
VWUBUHDQUKGSMP,T2_tims,234,True,0.025789196626049293,19.0,0.05263157894736842,0.05263157894736842,0.0,0.0,0.056818181818181816,0.056818181818181816,77.5,0.01835456021758658,0.004967378301716811,0.0,0.0,0.07386363636363637,0.4346590909090909,1.0,1.0,1.0,1.0,1.0,0.0,0.0,1.0,1.0,1.0,1.0,1.0,0.0,0.0,89.0,0.032520833877393115,0.021559085750019816,0.005649717514124294,0.05649717514124294,0.0,0.5,1.0,1.0,1.0,1.0,1.0,0.0,0.0,distant_isomer
VXBZSVSDIVVYHU,T2_tims,172,True,0.033300083149016065,2.0,0.5,0.5,0.0,1.0,0.0058823529411764705,0.0058823529411764705,68.5,0.033479026676082435,0.021014613266817216,0.0,0.06716417910447761,0.0,0.3911764705882353,1.5,0.75,0.75,0.5,1.0,0.0,0.0029411764705882353,1.5,0.75,0.75,0.5,1.0,0.0,0.0029411764705882353,86.0,0.03346082074937071,0.02231554489914332,0.005847953216374269,0.05847953216374269,0.0,0.5,1.5,0.75,0.75,0.5,1.0,0.0,0.0029411764705882353,distant_isomer
VXJYZOSUHBWBOD,T2_tims,517,True,0.013203530649180024,2.0,0.5,0.5,0.0,1.0,0.002028397565922921,0.002028397565922921,274.5,0.004966148950715094,0.0,0.0,0.0,0.11359026369168357,0.5547667342799188,156.0,0.00641025641025641,0.0,0.0,0.0,0.3144016227180527,0.3144016227180527,250.0,0.004,0.0,0.0,0.0,0.4847870182555781,0.4847870182555781,253.5,0.008791140546539525,0.002765097525816815,0.0,0.008097165991902834,0.0,0.5,14.0,0.07142857142857142,0.07142857142857142,0.0,0.0,0.02434077079107505,0.02434077079107505,distant_isomer
VXMHLZPVHRKDTC,T2_tims,87,True,0.05803287241744354,1.0,1.0,1.0,1.0,1.0,0.0,0.0,41.0,0.02679327313246358,0.005322402941703048,0.0,0.0,0.3333333333333333,0.6666666666666666,4.0,0.25,0.25,0.0,1.0,0.05,0.05,2.0,0.5,0.5,0.0,1.0,0.016666666666666666,0.016666666666666666,31.0,0.07698793205860144,0.06255669143858208,0.01639344262295082,0.16393442622950818,0.0,0.5,1.0,1.0,1.0,1.0,1.0,0.0,0.0,correct
VZBIKTYCQAZWBZ,T2_tims,32,True,0.12682797485739125,1.0,1.0,1.0,1.0,1.0,0.0,0.0,17.5,0.060499280270375204,0.060499280270375204,0.0,0.0,0.3181818181818182,0.6136363636363636,1.0,1.0,1.0,1.0,1.0,0.0,0.0,1.0,1.0,1.0,1.0,1.0,0.0,0.0,12.0,0.16236050048203654,0.16236050048203654,0.043478260869565216,0.43478260869565216,0.0,0.5,1.0,1.0,1.0,1.0,1.0,0.0,0.0,correct
VZHHPLYLTLSQKI,T2_tims,92,True,0.05548292585929259,2.0,0.5,0.5,0.0,1.0,0.011764705882352941,0.011764705882352941,51.5,0.020746704229980515,0.0,0.0,0.0,0.3411764705882353,0.5941176470588235,1.0,1.0,1.0,1.0,1.0,0.0,0.0,1.0,1.0,1.0,1.0,1.0,0.0,0.0,43.5,0.058574019156325874,0.04437160671806404,0.011627906976744186,0.11627906976744186,0.0,0.5,1.0,1.0,1.0,1.0,1.0,0.0,0.0,distant_isomer
VZXFJDVXKJLREN,T2_tims,150,True,0.03727453725762586,6.0,0.16666666666666666,0.16666666666666666,0.0,1.0,0.03355704697986577,0.03355704697986577,71.5,0.03898985715849271,0.026872944913757094,0.007042253521126761,0.07042253521126761,0.0,0.47315436241610737,1.0,1.0,1.0,1.0,1.0,0.0,0.0,1.0,1.0,1.0,1.0,1.0,0.0,0.0,75.5,0.03727453725762586,0.02543972118502338,0.006666666666666667,0.06666666666666667,0.0,0.5,3.0,0.3333333333333333,0.3333333333333333,0.0,1.0,0.013422818791946308,0.013422818791946308,distant_isomer
VZXJDYXWLHAZRJ,T2_tims,100,True,0.05187377517639621,4.0,0.25,0.25,0.0,1.0,0.043478260869565216,0.043478260869565216,18.0,0.09449121183167977,0.08533206599253051,0.0,0.2727272727272727,0.021739130434782608,0.3695652173913043,2.0,0.5,0.5,0.0,1.0,0.021739130434782608,0.021739130434782608,5.0,0.2,0.2,0.0,1.0,0.06521739130434782,0.06521739130434782,24.0,0.0944247625900167,0.08119059952667036,0.02127659574468085,0.2127659574468085,0.0,0.5,2.0,0.5,0.5,0.0,1.0,0.021739130434782608,0.021739130434782608,distant_isomer
VZYVNKPEMGXFGA,T2_tims,75,True,0.06535140840737395,2.0,0.5,0.5,0.0,1.0,0.015625,0.015625,40.5,0.03037227877711591,0.012727633920407655,0.0,0.0,0.140625,0.5703125,16.0,0.0625,0.0625,0.0,0.0,0.234375,0.234375,21.0,0.047619047619047616,0.047619047619047616,0.0,0.0,0.265625,0.265625,42.0,0.03167775451156093,0.015184460365926966,0.0,0.015384615384615385,0.0,0.5,11.0,0.09090909090909091,0.09090909090909091,0.0,0.0,0.15625,0.15625,near_isomer
WAEXHUXEDANGSD,T2_tims,172,True,0.033300083149016065,3.0,0.3333333333333333,0.3333333333333333,0.0,1.0,0.012121212121212121,0.012121212121212121,95.0,0.014761688896709708,0.0024284235813725736,0.0,0.0,0.06666666666666667,0.5333333333333333,1.5,0.75,0.75,0.5,1.0,0.0,0.0030303030303030303,2.0,0.5,0.5,0.0,1.0,0.006060606060606061,0.006060606060606061,89.5,0.019744664467655198,0.008228663721406668,0.0,0.024096385542168676,0.0,0.5,2.0,0.5,0.5,0.0,1.0,0.006060606060606061,0.006060606060606061,near_isomer
WBGFJYJZHQIAAX,T2_tims,74,True,0.06605435536783397,8.0,0.125,0.125,0.0,1.0,0.03125,0.03125,73.5,0.013606071825249907,0.0,0.0,0.0,0.96875,0.984375,2.0,0.5,0.5,0.0,1.0,0.03125,0.03125,2.0,0.5,0.5,0.0,1.0,0.03125,0.03125,58.0,0.017729970132754513,0.0,0.0,0.0,0.0,0.5,1.0,1.0,1.0,1.0,1.0,0.0,0.0,unrelated
WBNOXMVTNDIBNW,T2_tims,69,True,0.06983407309206316,1.0,1.0,1.0,1.0,1.0,0.0,0.0,65.5,0.015268065268065269,0.0,0.0,0.0,0.0,0.125,1.0,1.0,1.0,1.0,1.0,0.0,0.0,1.0,1.0,1.0,1.0,1.0,0.0,0.0,32.0,0.031311238571675004,0.0,0.0,0.0,0.0,0.5,1.0,1.0,1.0,1.0,1.0,0.0,0.0,correct
WBPUPWQKCJEOAV,T2_tims,185,True,0.031352820312553376,4.0,0.25,0.25,0.0,1.0,0.017241379310344827,0.017241379310344827,91.0,0.019496189707707928,0.008082592767772229,0.0,0.023668639053254437,0.034482758620689655,0.5172413793103449,3.0,0.3333333333333333,0.3333333333333333,0.0,1.0,0.011494252873563218,0.011494252873563218,2.0,0.5,0.5,0.0,1.0,0.005747126436781609,0.005747126436781609,98.0,0.016407448593452122,0.005068513850201445,0.0,0.0,0.0,0.5,4.0,0.25,0.25,0.0,1.0,0.017241379310344827,0.017241379310344827,distant_isomer
WCDCOEPMLZMYKY,T2_tims,128,True,0.04244646166085291,3.0,0.3333333333333333,0.3333333333333333,0.0,1.0,0.016666666666666666,0.016666666666666666,55.5,0.03550914506817418,0.021848662054278364,0.0,0.07547169811320754,0.0,0.4375,1.0,1.0,1.0,1.0,1.0,0.0,0.0,6.0,0.16666666666666666,0.16666666666666666,0.0,1.0,0.041666666666666664,0.041666666666666664,63.0,0.03217735167583141,0.019140150229367825,0.0,0.06611570247933884,0.0,0.5,1.0,1.0,1.0,1.0,1.0,0.0,0.0,near_isomer
WCDNILMOLZFAQA,T2_tims,35,True,0.11847946911476746,2.0,0.5,0.5,0.0,1.0,0.14285714285714285,0.14285714285714285,7.5,0.14831800144300145,0.14831800144300145,0.0,0.875,0.0,0.5,1.0,1.0,1.0,1.0,1.0,0.0,0.0,1.0,1.0,1.0,1.0,1.0,0.0,0.0,7.5,0.14831800144300145,0.14831800144300145,0.0,0.875,0.0,0.5,1.0,1.0,1.0,1.0,1.0,0.0,0.0,near_isomer
WCGUUGGRBIKTOS,T1_np,385,True,0.01696560295657154,3.0,0.3333333333333333,0.3333333333333333,0.0,1.0,0.005208333333333333,0.005208333333333333,209.0,0.007006407770094966,0.0,0.0,0.0,0.08333333333333333,0.5416666666666666,70.5,0.014192729388328764,0.0,0.0,0.0,0.17447916666666666,0.18098958333333334,48.5,0.020644177652559634,0.0,0.0,0.0,0.1171875,0.12369791666666667,193.0,0.01696560295657154,0.009911579682476641,0.0025974025974025974,0.025974025974025976,0.0,0.5,87.5,0.011432928043931265,0.0,0.0,0.0,0.21875,0.22526041666666666,near_isomer
WCOKVQUXMOLTQP,T2_tims,207,True,0.028562067499008116,1.0,1.0,1.0,1.0,1.0,0.0,0.0,70.5,0.039445894745737696,0.027256844126810766,0.007142857142857143,0.07142857142857142,0.0,0.34236453201970446,2.0,0.5,0.5,0.0,1.0,0.0049261083743842365,0.0049261083743842365,2.0,0.5,0.5,0.0,1.0,0.0049261083743842365,0.0049261083743842365,102.5,0.028910709003469395,0.018705677341928958,0.004901960784313725,0.049019607843137254,0.0,0.5,2.0,0.5,0.5,0.0,1.0,0.0049261083743842365,0.0049261083743842365,correct
WCRMSKWIXZGLKJ,T2_tims,10,True,0.2928968253968254,1.0,1.0,1.0,1.0,1.0,0.0,0.0,6.5,0.17862103174603172,0.17862103174603172,0.0,1.0,0.125,0.5625,1.0,1.0,1.0,1.0,1.0,0.0,0.0,1.0,1.0,1.0,1.0,1.0,0.0,0.0,5.0,0.31432980599647264,0.31432980599647264,0.1111111111111111,1.0,0.0,0.5,1.0,1.0,1.0,1.0,1.0,0.0,0.0,correct
WDSLSNBVPCOUAR,T2_tims,5,True,0.45666666666666667,1.0,1.0,1.0,1.0,1.0,0.0,0.0,3.5,0.3208333333333333,0.3208333333333333,0.0,1.0,0.25,0.625,1.0,1.0,1.0,1.0,1.0,0.0,0.0,1.0,1.0,1.0,1.0,1.0,0.0,0.0,3.0,0.45666666666666667,0.45666666666666667,0.2,1.0,0.0,0.5,1.0,1.0,1.0,1.0,1.0,0.0,0.0,correct
WEMKVDRXVKCLAQ,T2_tims,28,True,0.14025610853451315,3.0,0.3333333333333333,0.3333333333333333,0.0,1.0,0.2857142857142857,0.2857142857142857,3.5,0.3208333333333333,0.3208333333333333,0.0,1.0,0.0,0.21428571428571427,1.0,1.0,1.0,1.0,1.0,0.0,0.0,1.0,1.0,1.0,1.0,1.0,0.0,0.0,23.5,0.04296463701355006,0.03352731507622812,0.0,0.0,0.0,0.5,1.0,1.0,1.0,1.0,1.0,0.0,0.0,distant_isomer
WGNLJZWYWBTZSF,T2_tims,65,True,0.0732196233706213,10.0,0.1,0.1,0.0,1.0,0.15,0.15,34.0,0.047714058530695665,0.03250204662983891,0.0,0.11475409836065574,0.0,0.5,1.0,1.0,1.0,1.0,1.0,0.0,0.0,1.0,1.0,1.0,1.0,1.0,0.0,0.0,34.0,0.047714058530695665,0.03250204662983891,0.0,0.11475409836065574,0.0,0.5,1.0,1.0,1.0,1.0,1.0,0.0,0.0,distant_isomer
WGQSMROKTDHCQB,T2_tims,20,True,0.1798869828571841,2.0,0.5,0.5,0.0,1.0,0.0625,0.0625,9.0,0.20232661897886814,0.20232661897886814,0.058823529411764705,0.5882352941176471,0.0,0.5,1.0,1.0,1.0,1.0,1.0,0.0,0.0,1.0,1.0,1.0,1.0,1.0,0.0,0.0,9.0,0.20232661897886814,0.20232661897886814,0.058823529411764705,0.5882352941176471,0.0,0.5,1.0,1.0,1.0,1.0,1.0,0.0,0.0,distant_isomer
WIAOMCSVVVZVQP,T2_tims,121,True,0.04443911363771333,10.0,0.1,0.1,0.0,1.0,0.075,0.075,61.0,0.04443911363771333,0.03153684444424386,0.008264462809917356,0.08264462809917356,0.0,0.5,3.0,0.3333333333333333,0.3333333333333333,0.0,1.0,0.016666666666666666,0.016666666666666666,3.0,0.3333333333333333,0.3333333333333333,0.0,1.0,0.016666666666666666,0.016666666666666666,61.0,0.04443911363771333,0.03153684444424386,0.008264462809917356,0.08264462809917356,0.0,0.5,3.0,0.3333333333333333,0.3333333333333333,0.0,1.0,0.016666666666666666,0.016666666666666666,distant_isomer
WIONIXOBNMDJFJ,T1_np,9,True,0.31432980599647264,1.0,1.0,1.0,1.0,1.0,0.0,0.0,5.0,0.31432980599647264,0.31432980599647264,0.1111111111111111,1.0,0.0,0.5,3.0,0.3333333333333333,0.3333333333333333,0.0,1.0,0.25,0.25,3.0,0.3333333333333333,0.3333333333333333,0.0,1.0,0.25,0.25,5.0,0.31432980599647264,0.31432980599647264,0.1111111111111111,1.0,0.0,0.5,7.0,0.14285714285714285,0.14285714285714285,0.0,1.0,0.75,0.75,correct
WJBTWARBSHDCMW,T2_tims,70,True,0.06904052510911532,8.0,0.125,0.125,0.0,1.0,0.10144927536231885,0.10144927536231885,45.5,0.024701942009887796,0.004364370412196499,0.0,0.0,0.2898550724637681,0.644927536231884,2.0,0.5,0.5,0.0,1.0,0.014492753623188406,0.014492753623188406,2.0,0.5,0.5,0.0,1.0,0.014492753623188406,0.014492753623188406,35.5,0.06904052510911532,0.05451368825362153,0.014285714285714285,0.14285714285714285,0.0,0.5,1.0,1.0,1.0,1.0,1.0,0.0,0.0,distant_isomer
WJHWFROJEKREMO,T2_tims,152,True,0.0368709345563723,5.0,0.2,0.2,0.0,1.0,0.027972027972027972,0.027972027972027972,34.5,0.03498121455554366,0.017306105062525258,0.0,0.0,0.02097902097902098,0.17832167832167833,1.0,1.0,1.0,1.0,1.0,0.0,0.0,1.0,1.0,1.0,1.0,1.0,0.0,0.0,79.5,0.020867680294048802,0.008493757186780304,0.0,0.020833333333333332,0.0,0.5,1.0,1.0,1.0,1.0,1.0,0.0,0.0,distant_isomer
WJKPNFHYXBCPFZ,T2_tims,8,False,0.3397321428571428,1.0,1.0,1.0,1.0,1.0,,,8.0,0.125,0.125,0.0,1.0,,,1.0,1.0,1.0,1.0,1.0,,,1.0,1.0,1.0,1.0,1.0,,,8.0,0.125,0.125,0.0,1.0,,,1.0,1.0,1.0,1.0,1.0,,,correct
WJXSWCUQABXPFS,T1_np,33,True,0.12390297653756213,3.0,0.3333333333333333,0.3333333333333333,0.0,1.0,0.0625,0.0625,17.0,0.12390297653756213,0.11563509629556082,0.030303030303030304,0.30303030303030304,0.0,0.5,14.0,0.07142857142857142,0.07142857142857142,0.0,0.0,0.40625,0.40625,9.0,0.1111111111111111,0.1111111111111111,0.0,1.0,0.25,0.25,17.0,0.12390297653756213,0.11563509629556082,0.030303030303030304,0.30303030303030304,0.0,0.5,13.0,0.07692307692307693,0.07692307692307693,0.0,0.0,0.375,0.375,distant_isomer
WKIGVLVWQBDSKX,T2_tims,12,True,0.25860088985088986,1.0,1.0,1.0,1.0,1.0,0.0,0.0,6.0,0.21432980599647267,0.21432980599647267,0.0,1.0,0.1111111111111111,0.5555555555555556,1.0,1.0,1.0,1.0,1.0,0.0,0.0,1.0,1.0,1.0,1.0,1.0,0.0,0.0,7.5,0.16032106782106778,0.16032106782106778,0.0,0.8,0.0,0.5,1.0,1.0,1.0,1.0,1.0,0.0,0.0,correct
WKOUOFRKXSLNFZ,T2_tims,64,True,0.07412329537040264,4.0,0.25,0.25,0.0,1.0,0.061224489795918366,0.061224489795918366,49.0,0.02042518709611504,0.0,0.0,0.0,0.9183673469387755,0.9591836734693877,3.0,0.3333333333333333,0.3333333333333333,0.0,1.0,0.04081632653061224,0.04081632653061224,4.0,0.25,0.25,0.0,1.0,0.061224489795918366,0.061224489795918366,26.5,0.07037626362933361,0.056319163555070134,0.0,0.18,0.0,0.5,4.0,0.25,0.25,0.0,1.0,0.061224489795918366,0.061224489795918366,near_isomer
WLBHRUREBPIOMQ,T2_tims,138,True,0.03991368233808771,7.0,0.14285714285714285,0.14285714285714285,0.0,1.0,0.04477611940298507,0.04477611940298507,109.5,0.009339586212261556,0.0,0.0,0.0,0.5895522388059702,0.7947761194029851,1.0,1.0,1.0,1.0,1.0,0.0,0.0,1.0,1.0,1.0,1.0,1.0,0.0,0.0,70.0,0.029635865080329702,0.017155245761137087,0.0,0.05925925925925926,0.0,0.5,1.0,1.0,1.0,1.0,1.0,0.0,0.0,distant_isomer
WLJCIOUYHYPDJG,T2_tims,128,True,0.04244646166085291,3.0,0.3333333333333333,0.3333333333333333,0.0,1.0,0.016,0.016,65.5,0.031215453115787085,0.018380620458361165,0.0,0.06349206349206349,0.0,0.5,2.5,0.41666666666666663,0.41666666666666663,0.0,1.0,0.008,0.012,2.0,0.5,0.5,0.0,1.0,0.008,0.008,63.5,0.042995718863818574,0.030285382363123073,0.007936507936507936,0.07936507936507936,0.0,0.5,1.0,1.0,1.0,1.0,1.0,0.0,0.0,distant_isomer
WLPMQHDBJSVITA,T2_tims,39,True,0.10906520612657374,1.0,1.0,1.0,1.0,1.0,0.0,0.0,8.5,0.11974206349206348,0.11974206349206348,0.0,1.0,0.0,0.125,1.0,1.0,1.0,1.0,1.0,0.0,0.0,1.0,1.0,1.0,1.0,1.0,0.0,0.0,13.0,0.08444151208797551,0.08444151208797551,0.0,0.3076923076923077,0.0,0.5,1.0,1.0,1.0,1.0,1.0,0.0,0.0,correct
WLQVDMOTHGFSLQ,T2_tims,241,True,0.025162181960221873,1.0,1.0,1.0,1.0,1.0,0.0,0.0,102.5,0.011922279329958877,0.0,0.0,0.0,0.13389121338912133,0.4246861924686193,1.5,0.75,0.75,0.5,1.0,0.0,0.0020920502092050207,1.5,0.75,0.75,0.5,1.0,0.0,0.0020920502092050207,120.5,0.02524973531175046,0.015899825740639615,0.004166666666666667,0.041666666666666664,0.0,0.5,1.5,0.75,0.75,0.5,1.0,0.0,0.0020920502092050207,correct
WLZWNNSWXNPSOU,T2_tims,173,True,0.033141009528621805,6.0,0.16666666666666666,0.16666666666666666,0.0,1.0,0.028169014084507043,0.028169014084507043,96.0,0.011885225822196347,0.0,0.0,0.0,0.11267605633802817,0.5,1.0,1.0,1.0,1.0,1.0,0.0,0.0,2.0,0.5,0.5,0.0,1.0,0.007042253521126761,0.007042253521126761,72.0,0.038766102961531275,0.026685022222052497,0.006993006993006993,0.06993006993006994,0.0,0.5,1.0,1.0,1.0,1.0,1.0,0.0,0.0,near_isomer
WMBWREPUVVBILR,T1_np,21,True,0.17358850975060616,1.0,1.0,1.0,1.0,1.0,0.0,0.0,8.5,0.16558778523064244,0.16558778523064244,0.0,0.6428571428571429,0.07142857142857142,0.5357142857142857,4.0,0.25,0.25,0.0,1.0,0.21428571428571427,0.21428571428571427,5.0,0.2,0.2,0.0,1.0,0.2857142857142857,0.2857142857142857,8.0,0.22121526621526624,0.22121526621526624,0.06666666666666667,0.6666666666666666,0.0,0.5,4.0,0.25,0.25,0.0,1.0,0.21428571428571427,0.21428571428571427,correct
WMYVJACLHHPODG,T2_tims,37,True,0.1135563844276126,3.0,0.3333333333333333,0.3333333333333333,0.0,1.0,0.0625,0.0625,23.5,0.04790734395486096,0.03411499706866357,0.0,0.0,0.21875,0.609375,1.0,1.0,1.0,1.0,1.0,0.0,0.0,1.0,1.0,1.0,1.0,1.0,0.0,0.0,18.0,0.09449121183167977,0.08533206599253051,0.0,0.2727272727272727,0.0,0.5,1.0,1.0,1.0,1.0,1.0,0.0,0.0,distant_isomer
WNFVPVMLNRBLKD,T2_tims,26,True,0.14824691216211713,1.0,1.0,1.0,1.0,1.0,0.0,0.0,13.0,0.15263832711014028,0.15263832711014028,0.04,0.4,0.0,0.5,4.0,0.25,0.25,0.0,1.0,0.125,0.125,3.0,0.3333333333333333,0.3333333333333333,0.0,1.0,0.08333333333333333,0.08333333333333333,13.0,0.15263832711014028,0.15263832711014028,0.04,0.4,0.0,0.5,3.0,0.3333333333333333,0.3333333333333333,0.0,1.0,0.08333333333333333,0.08333333333333333,correct
WNQMQUCYNGOOCH,T2_tims,176,True,0.03267351067491169,3.0,0.3333333333333333,0.3333333333333333,0.0,1.0,0.011904761904761904,0.011904761904761904,86.0,0.015672666089516268,0.002376667404127358,0.0,0.0,0.08333333333333333,0.48214285714285715,10.0,0.1,0.1,0.0,1.0,0.05357142857142857,0.05357142857142857,1.0,1.0,1.0,1.0,1.0,0.0,0.0,89.0,0.0215979959474452,0.010252218014320554,0.0,0.03550295857988166,0.0,0.5,6.0,0.16666666666666666,0.16666666666666666,0.0,1.0,0.02976190476190476,0.02976190476190476,near_isomer
WNVMRURBLMEIRT,T2_tims,162,True,0.03498700768253172,2.0,0.5,0.5,0.0,1.0,0.00641025641025641,0.00641025641025641,74.0,0.03789827044778559,0.025958899168391204,0.006802721088435374,0.06802721088435375,0.0,0.46794871794871795,1.0,1.0,1.0,1.0,1.0,0.0,0.0,1.0,1.0,1.0,1.0,1.0,0.0,0.0,79.0,0.03590218345757701,0.02430546610034081,0.006369426751592357,0.06369426751592357,0.0,0.5,1.0,1.0,1.0,1.0,1.0,0.0,0.0,distant_isomer
WOCFKZRZXVOZED,T2_tims,388,True,0.016854404924667443,16.0,0.0625,0.0625,0.0,0.0,0.038860103626943004,0.038860103626943004,71.5,0.024375064034175577,0.011610794275910406,0.0,0.03787878787878788,0.012953367875647668,0.18264248704663213,24.0,0.041666666666666664,0.041666666666666664,0.0,0.0,0.05958549222797927,0.05958549222797927,23.0,0.043478260869565216,0.043478260869565216,0.0,0.0,0.05699481865284974,0.05699481865284974,194.0,0.016891296618044803,0.009860357048458675,0.002583979328165375,0.025839793281653745,0.0,0.5,22.0,0.045454545454545456,0.045454545454545456,0.0,0.0,0.054404145077720206,0.054404145077720206,distant_isomer
WOXKDUGGOYFFRN,T1_np,37,True,0.1135563844276126,4.0,0.25,0.25,0.0,1.0,0.09090909090909091,0.09090909090909091,14.0,0.08279293628729067,0.08279293628729067,0.0,0.29411764705882354,0.15151515151515152,0.3939393939393939,2.0,0.5,0.5,0.0,1.0,0.030303030303030304,0.030303030303030304,5.0,0.2,0.2,0.0,1.0,0.09090909090909091,0.09090909090909091,17.5,0.12112382324839507,0.11223406405157374,0.029411764705882353,0.29411764705882354,0.0,0.5,6.0,0.16666666666666666,0.16666666666666666,0.0,1.0,0.12121212121212122,0.12121212121212122,distant_isomer
WQMLFJWIKARBFW,T1_np,42,True,0.10301768587257949,1.0,1.0,1.0,1.0,1.0,0.0,0.0,21.5,0.053859724907241904,0.042234655188321694,0.0,0.07692307692307693,0.24242424242424243,0.6212121212121212,6.5,0.15476190476190477,0.15476190476190477,0.0,1.0,0.06060606060606061,0.07575757575757576,2.5,0.41666666666666663,0.41666666666666663,0.0,1.0,0.0,0.015151515151515152,17.5,0.12112382324839507,0.11223406405157374,0.029411764705882353,0.29411764705882354,0.0,0.5,1.5,0.75,0.75,0.5,1.0,0.0,0.015151515151515152,correct
WQNRHSVGAZNXTK,T2_tims,168,True,0.03395329096560432,60.0,0.016666666666666666,0.0,0.0,0.0,0.36645962732919257,0.36645962732919257,89.0,0.0159841241587833,0.0033859128198946505,0.0,0.0,0.09316770186335403,0.546583850931677,1.0,1.0,1.0,1.0,1.0,0.0,0.0,4.0,0.25,0.25,0.0,1.0,0.018633540372670808,0.018633540372670808,81.5,0.03498700768253172,0.02355529739354017,0.006172839506172839,0.06172839506172839,0.0,0.5,4.0,0.25,0.25,0.0,1.0,0.018633540372670808,0.018633540372670808,distant_isomer
WRQKFPCOLGAHDI,T2_tims,232,True,0.02597459767555374,95.0,0.010526315789473684,0.0,0.0,0.0,0.4449760765550239,0.4449760765550239,79.5,0.01618939411451205,0.001849309496693432,0.0,0.0,0.0,0.2799043062200957,7.0,0.14285714285714285,0.14285714285714285,0.0,1.0,0.028708133971291867,0.028708133971291867,12.0,0.08333333333333333,0.08333333333333333,0.0,0.0,0.05263157894736842,0.05263157894736842,124.5,0.01173990394448209,0.0012772310505229762,0.0,0.0,0.0,0.5,14.0,0.07142857142857142,0.07142857142857142,0.0,0.0,0.06220095693779904,0.06220095693779904,distant_isomer
WRWNBEXMHYFXEK,T2_tims,274,True,0.02259915138256571,4.0,0.25,0.25,0.0,1.0,0.013953488372093023,0.013953488372093023,148.0,0.007312611841870671,0.0,0.0,0.0,0.3674418604651163,0.6837209302325581,1.0,1.0,1.0,1.0,1.0,0.0,0.0,1.0,1.0,1.0,1.0,1.0,0.0,0.0,108.5,0.027568551394823143,0.017666473045155125,0.004629629629629629,0.046296296296296294,0.0,0.5,1.0,1.0,1.0,1.0,1.0,0.0,0.0,near_isomer
WSPLZKIWKGUHJK,T2_tims,27,True,0.1441280278982253,9.0,0.1111111111111111,0.1111111111111111,0.0,1.0,0.4,0.4,18.0,0.05737098480692381,0.05737098480692381,0.0,0.0,0.5,0.75,1.0,1.0,1.0,1.0,1.0,0.0,0.0,1.0,1.0,1.0,1.0,1.0,0.0,0.0,14.0,0.09250594497238922,0.09250594497238922,0.0,0.3333333333333333,0.0,0.5,1.0,1.0,1.0,1.0,1.0,0.0,0.0,distant_isomer
WSQWAMGRHJQANC,T1_np,292,True,0.021423564447196855,20.0,0.05,0.05,0.0,0.0,0.06620209059233449,0.06620209059233449,53.5,0.049484569090327175,0.03599960545050478,0.009433962264150943,0.09433962264150944,0.0,0.18292682926829268,21.0,0.047691197691197694,0.047691197691197694,0.0,0.0,0.0627177700348432,0.06620209059233449,29.0,0.03451012588943623,0.0,0.0,0.0,0.09407665505226481,0.0975609756097561,145.5,0.01821309534398725,0.009777632561644121,0.0,0.03125,0.0,0.5,56.5,0.01770050125313283,0.0,0.0,0.0,0.18815331010452963,0.18989547038327526,distant_isomer
WTDRDQBEARUVNC,T1_np,28,True,0.14025610853451315,1.0,1.0,1.0,1.0,1.0,0.0,0.0,14.5,0.14025610853451315,0.13628422063405382,0.03571428571428571,0.35714285714285715,0.0,0.5,3.0,0.3333333333333333,0.3333333333333333,0.0,1.0,0.07407407407407407,0.07407407407407407,3.0,0.3333333333333333,0.3333333333333333,0.0,1.0,0.07407407407407407,0.07407407407407407,14.5,0.14025610853451315,0.13628422063405382,0.03571428571428571,0.35714285714285715,0.0,0.5,2.0,0.5,0.5,0.0,1.0,0.037037037037037035,0.037037037037037035,correct
WTZBFVMHDGFIKU,T2_tims,25,True,0.15263832711014028,2.0,0.5,0.5,0.0,1.0,0.041666666666666664,0.041666666666666664,13.0,0.15263832711014028,0.15263832711014028,0.04,0.4,0.0,0.5,14.0,0.07142857142857142,0.07142857142857142,0.0,0.0,0.5416666666666666,0.5416666666666666,11.0,0.09090909090909091,0.09090909090909091,0.0,0.0,0.4166666666666667,0.4166666666666667,13.0,0.15263832711014028,0.15263832711014028,0.04,0.4,0.0,0.5,11.0,0.09090909090909091,0.09090909090909091,0.0,0.0,0.4166666666666667,0.4166666666666667,distant_isomer
WTZYHJUVWPUSGR,T2_tims,60,True,0.07799784021586229,1.0,1.0,1.0,1.0,1.0,0.0,0.0,25.0,0.041262844853050804,0.02509371034084993,0.0,0.0,0.0,0.4666666666666667,2.0,0.5,0.5,0.0,1.0,0.0,0.0,2.0,0.5,0.5,0.0,1.0,0.0,0.0,19.5,0.05447371302342109,0.04975505205476012,0.0,0.0,0.0,0.5,1.0,1.0,1.0,1.0,1.0,0.0,0.0,correct
WVGGHJYIWRIMFJ,T2_tims,62,True,0.07600633690052827,2.0,0.5,0.5,0.0,1.0,0.017241379310344827,0.017241379310344827,7.0,0.16887526054192717,0.16887526054192717,0.0,0.8888888888888888,0.0,0.06896551724137931,1.5,0.75,0.75,0.5,1.0,0.0,0.008620689655172414,1.5,0.75,0.75,0.5,1.0,0.0,0.008620689655172414,30.0,0.07903735163195034,0.06467725725005945,0.01694915254237288,0.1694915254237288,0.0,0.5,1.5,0.75,0.75,0.5,1.0,0.0,0.008620689655172414,near_isomer
WWIIZHRUYXDLGP,T2_tims,368,True,0.01762678446568424,211.0,0.004739336492890996,0.0,0.0,0.0,0.5920679886685553,0.5920679886685553,190.0,0.005801931820980294,0.0,0.0,0.0,0.24645892351274787,0.5184135977337111,1.0,1.0,1.0,1.0,1.0,0.0,0.0,3.0,0.3333333333333333,0.3333333333333333,0.0,1.0,0.0056657223796034,0.0056657223796034,180.5,0.013059372937051207,0.005600635153729304,0.0,0.01977401129943503,0.0,0.5,1.0,1.0,1.0,1.0,1.0,0.0,0.0,distant_isomer
WWTPJAXBOCIKIT,T2_tims,42,True,0.10301768587257949,1.0,1.0,1.0,1.0,1.0,0.0,0.0,20.5,0.08561955365622041,0.0741041625724607,0.0,0.23684210526315788,0.0,0.4625,1.0,1.0,1.0,1.0,1.0,0.0,0.0,2.0,0.5,0.5,0.0,1.0,0.025,0.025,22.0,0.08114006845483752,0.06868190677447578,0.0,0.21951219512195122,0.0,0.5,2.0,0.5,0.5,0.0,1.0,0.025,0.025,correct
WWWNVDFXVOPVMS,T2_tims,21,True,0.17358850975060616,11.0,0.09090909090909091,0.09090909090909091,0.0,0.0,0.4375,0.4375,9.0,0.20232661897886814,0.20232661897886814,0.058823529411764705,0.5882352941176471,0.0,0.5,1.0,1.0,1.0,1.0,1.0,0.0,0.0,1.0,1.0,1.0,1.0,1.0,0.0,0.0,9.0,0.20232661897886814,0.20232661897886814,0.058823529411764705,0.5882352941176471,0.0,0.5,1.0,1.0,1.0,1.0,1.0,0.0,0.0,distant_isomer
WYJAPUKIYAZSEM,T1_np,55,True,0.08352022203501976,15.0,0.06666666666666667,0.06666666666666667,0.0,0.0,0.25925925925925924,0.25925925925925924,33.0,0.03699208795461852,0.01971088719522784,0.0,0.0,0.18518518518518517,0.5925925925925926,32.5,0.030776515151515152,0.0,0.0,0.0,0.5740740740740741,0.5833333333333334,21.0,0.047619047619047616,0.047619047619047616,0.0,0.0,0.37037037037037035,0.37037037037037035,28.0,0.08352022203501976,0.0693810577773365,0.01818181818181818,0.18181818181818182,0.0,0.5,23.0,0.043478260869565216,0.043478260869565216,0.0,0.0,0.4074074074074074,0.4074074074074074,distant_isomer
WZXFPMLAZQXDJY,T2_tims,182,True,0.03178003895018658,1.0,1.0,1.0,1.0,1.0,0.0,0.0,23.5,0.09601494013013269,0.08295561255985885,0.021739130434782608,0.21739130434782608,0.0,0.1308139534883721,1.0,1.0,1.0,1.0,1.0,0.0,0.0,1.0,1.0,1.0,1.0,1.0,0.0,0.0,87.0,0.033141009528621805,0.02205756172111854,0.005780346820809248,0.057803468208092484,0.0,0.5,1.0,1.0,1.0,1.0,1.0,0.0,0.0,correct
XAKDHBAMKFCPIW,T2_tims,45,True,0.09766551367891826,19.0,0.05263157894736842,0.05263157894736842,0.0,0.0,0.8095238095238095,0.8095238095238095,1.5,0.75,0.75,0.5,1.0,0.0,0.023809523809523808,1.0,1.0,1.0,1.0,1.0,0.0,0.0,1.0,1.0,1.0,1.0,1.0,0.0,0.0,12.5,0.12428597777667455,0.12428597777667455,0.0,0.4090909090909091,0.0,0.5,1.0,1.0,1.0,1.0,1.0,0.0,0.0,distant_isomer
XALOIECEGHZTLO,T2_tims,15,True,0.22121526621526624,1.0,1.0,1.0,1.0,1.0,0.0,0.0,3.0,0.3611111111111111,0.3611111111111111,0.0,1.0,0.0,0.5,1.0,1.0,1.0,1.0,1.0,0.0,0.0,1.0,1.0,1.0,1.0,1.0,0.0,0.0,3.0,0.3611111111111111,0.3611111111111111,0.0,1.0,0.0,0.5,1.0,1.0,1.0,1.0,1.0,0.0,0.0,correct
XAZGIZJRAYPDEA,T2_tims,37,True,0.1135563844276126,13.0,0.07692307692307693,0.07692307692307693,0.0,0.0,0.4444444444444444,0.4444444444444444,3.5,0.40833333333333327,0.40833333333333327,0.16666666666666666,1.0,0.0,0.09259259259259259,8.0,0.125,0.125,0.0,1.0,0.25925925925925924,0.25925925925925924,2.0,0.5,0.5,0.0,1.0,0.037037037037037035,0.037037037037037035,15.5,0.10577334991382348,0.1005699349197681,0.0,0.32142857142857145,0.0,0.5,25.0,0.04,0.04,0.0,0.0,0.8888888888888888,0.8888888888888888,distant_isomer
XBEZQLMDSGJJBM,T2_tims,22,True,0.16776423864623977,9.0,0.1111111111111111,0.1111111111111111,0.0,1.0,0.8,0.8,10.5,0.10019529082029081,0.10019529082029081,0.0,0.5,0.0,0.35,1.0,1.0,1.0,1.0,1.0,0.0,0.0,1.0,1.0,1.0,1.0,1.0,0.0,0.0,13.0,0.08202281230356097,0.08202281230356097,0.0,0.2727272727272727,0.0,0.5,3.0,0.3333333333333333,0.3333333333333333,0.0,1.0,0.2,0.2,distant_isomer
XBGNORKFCQXOJW,T2_tims,72,True,0.06751125213290575,8.0,0.125,0.125,0.0,1.0,0.15789473684210525,0.15789473684210525,28.5,0.03699956892252809,0.017109347959670406,0.0,0.0,0.4473684210526316,0.7236842105263158,1.5,0.75,0.75,0.5,1.0,0.0,0.013157894736842105,1.0,1.0,1.0,1.0,1.0,0.0,0.0,20.0,0.10906520612657374,0.09784508148085916,0.02564102564102564,0.2564102564102564,0.0,0.5,2.0,0.5,0.5,0.0,1.0,0.02631578947368421,0.02631578947368421,near_isomer
XCRBVSNGNJNXJA,T2_tims,26,True,0.14824691216211713,1.0,1.0,1.0,1.0,1.0,0.0,0.0,5.0,0.21857142857142856,0.21857142857142856,0.0,1.0,0.0,0.5,1.0,1.0,1.0,1.0,1.0,0.0,0.0,1.0,1.0,1.0,1.0,1.0,0.0,0.0,3.0,0.45666666666666667,0.45666666666666667,0.2,1.0,0.0,0.5,1.0,1.0,1.0,1.0,1.0,0.0,0.0,correct
XDPWZSJDHSQWTH,T2_tims,358,True,0.018042303489214654,3.0,0.3333333333333333,0.3333333333333333,0.0,1.0,0.0056022408963585435,0.0056022408963585435,154.0,0.01192739727125455,0.003415190047699837,0.0,0.0034602076124567475,0.025210084033613446,0.42857142857142855,5.0,0.2,0.2,0.0,1.0,0.011204481792717087,0.011204481792717087,6.0,0.16666666666666666,0.16666666666666666,0.0,1.0,0.014005602240896359,0.014005602240896359,179.5,0.018042303489214654,0.010659101055177395,0.002793296089385475,0.027932960893854747,0.0,0.5,6.0,0.16666666666666666,0.16666666666666666,0.0,1.0,0.014005602240896359,0.014005602240896359,near_isomer
XEGFMXBXXUNCOQ,T2_tims,375,True,0.01734793181763495,2.0,0.5,0.5,0.0,1.0,0.002680965147453083,0.002680965147453083,51.0,0.04229674260242041,0.028444021997510168,0.0,0.09090909090909091,0.0,0.13136729222520108,4.5,0.225,0.225,0.0,1.0,0.00804289544235925,0.00938337801608579,5.5,0.18333333333333335,0.18333333333333335,0.0,1.0,0.010723860589812333,0.012064343163538873,187.5,0.017387186537289944,0.010203096731961249,0.00267379679144385,0.026737967914438502,0.0,0.5,10.0,0.1,0.1,0.0,1.0,0.024128686327077747,0.024128686327077747,near_isomer
XETAIZXOASLBCM,T2_tims,57,True,0.081210758147936,1.0,1.0,1.0,1.0,1.0,0.0,0.0,35.0,0.028665259694118605,0.0,0.0,0.0,0.6470588235294118,0.8235294117647058,1.0,1.0,1.0,1.0,1.0,0.0,0.0,1.0,1.0,1.0,1.0,1.0,0.0,0.0,15.5,0.07366434320852816,0.07366434320852816,0.0,0.2222222222222222,0.0,0.5,1.0,1.0,1.0,1.0,1.0,0.0,0.0,correct
XEVQXKKKAVVSMW,T1_np,87,True,0.05803287241744354,2.0,0.5,0.5,0.0,1.0,0.011627906976744186,0.011627906976744186,44.0,0.05803287241744354,0.043861588250040315,0.011494252873563218,0.11494252873563218,0.0,0.5,30.5,0.03279569892473118,0.0,0.0,0.0,0.3372093023255814,0.3430232558139535,29.5,0.0339080459770115,0.0,0.0,0.0,0.32558139534883723,0.3313953488372093,44.0,0.05803287241744354,0.043861588250040315,0.011494252873563218,0.11494252873563218,0.0,0.5,58.0,0.017241379310344827,0.0,0.0,0.0,0.6627906976744186,0.6627906976744186,distant_isomer
XEWGWZSESOCISL,T2_tims,77,True,0.06399351348411561,38.0,0.02631578947368421,0.0,0.0,0.0,0.4868421052631579,0.4868421052631579,28.0,0.045510732492853076,0.0298317325584479,0.0,0.07317073170731707,0.09210526315789473,0.35526315789473684,1.0,1.0,1.0,1.0,1.0,0.0,0.0,1.0,1.0,1.0,1.0,1.0,0.0,0.0,39.0,0.06399351348411561,0.049557898412383214,0.012987012987012988,0.12987012987012986,0.0,0.5,2.0,0.5,0.5,0.0,1.0,0.013157894736842105,0.013157894736842105,distant_isomer
XFZJEEAOWLFHDH,T1_np,59,True,0.07903735163195034,1.0,1.0,1.0,1.0,1.0,0.0,0.0,23.5,0.09601494013013269,0.08295561255985885,0.021739130434782608,0.21739130434782608,0.0,0.4090909090909091,10.0,0.10067340067340068,0.10067340067340068,0.0,0.6666666666666666,0.14545454545454545,0.16363636363636364,12.0,0.08372183372183373,0.08372183372183373,0.0,0.0,0.18181818181818182,0.2,28.5,0.08234766704970053,0.06814211031702691,0.017857142857142856,0.17857142857142858,0.0,0.5,9.0,0.11203703703703705,0.11203703703703705,0.0,1.0,0.12727272727272726,0.14545454545454545,correct
XGYIMTFOTBMPFP,T1_np,10,True,0.2928968253968254,5.0,0.2,0.2,0.0,1.0,0.5,0.5,6.0,0.21432980599647267,0.21432980599647267,0.0,1.0,0.0,0.5,2.5,0.41666666666666663,0.41666666666666663,0.0,1.0,0.125,0.1875,3.5,0.29166666666666663,0.29166666666666663,0.0,1.0,0.25,0.3125,5.0,0.31432980599647264,0.31432980599647264,0.1111111111111111,1.0,0.0,0.5,2.5,0.41666666666666663,0.41666666666666663,0.0,1.0,0.125,0.1875,near_isomer
XHCADAYNFIFUHF,T1_np,26,True,0.14824691216211713,4.0,0.25,0.25,0.0,1.0,0.12,0.12,15.0,0.08787332099485705,0.08620108019218146,0.0,0.30434782608695654,0.12,0.56,5.5,0.18333333333333335,0.18333333333333335,0.0,1.0,0.16,0.18,6.5,0.15476190476190477,0.15476190476190477,0.0,1.0,0.2,0.22,13.5,0.14824691216211713,0.14676762222128875,0.038461538461538464,0.38461538461538464,0.0,0.5,6.5,0.15476190476190477,0.15476190476190477,0.0,1.0,0.2,0.22,near_isomer
XHFHGYYWJXOCRU,T2_tims,49,True,0.09141235384345764,31.0,0.03225806451612903,0.0,0.0,0.0,0.7142857142857143,0.7142857142857143,43.0,0.023434318579598917,0.0,0.0,0.0,0.7142857142857143,0.8571428571428571,3.0,0.3333333333333333,0.3333333333333333,0.0,1.0,0.047619047619047616,0.047619047619047616,3.0,0.3333333333333333,0.3333333333333333,0.0,1.0,0.047619047619047616,0.047619047619047616,28.0,0.047190821821614534,0.03176646925008155,0.0,0.09302325581395349,0.0,0.5,3.0,0.3333333333333333,0.3333333333333333,0.0,1.0,0.047619047619047616,0.047619047619047616,distant_isomer
XIFJUIGVFDMNEW,T2_tims,65,True,0.0732196233706213,1.0,1.0,1.0,1.0,1.0,0.0,0.0,24.0,0.04215904242474291,0.02980205784553611,0.0,0.0,0.6,0.8,4.0,0.25,0.25,0.0,1.0,0.1,0.1,7.0,0.14285714285714285,0.14285714285714285,0.0,1.0,0.1,0.1,18.0,0.06353875695758215,0.05824290642363638,0.0,0.14285714285714285,0.0,0.5,8.0,0.125,0.125,0.0,1.0,0.1,0.1,correct
XISRXQLTDTUIQI,T2_tims,41,True,0.10494959226436135,2.0,0.5,0.5,0.0,1.0,0.125,0.125,19.5,0.05200781473223087,0.05200781473223087,0.0,0.0,0.0,0.4375,14.0,0.07142857142857142,0.07142857142857142,0.0,0.0,0.0,0.0,1.0,1.0,1.0,1.0,1.0,0.0,0.0,16.0,0.06420692358514857,0.06420692358514857,0.0,0.0,0.0,0.5,1.0,1.0,1.0,1.0,1.0,0.0,0.0,distant_isomer
XJKXNLQJRHHORC,T2_tims,76,True,0.06466465164855117,11.0,0.09090909090909091,0.09090909090909091,0.0,0.0,0.2,0.2,8.0,0.1337920016491445,0.1337920016491445,0.0,0.8571428571428571,0.4,0.7,3.0,0.3333333333333333,0.3333333333333333,0.0,1.0,0.2,0.2,1.0,1.0,1.0,1.0,1.0,0.0,0.0,6.0,0.2745343040797586,0.2745343040797586,0.09090909090909091,0.9090909090909091,0.0,0.5,6.0,0.16666666666666666,0.16666666666666666,0.0,1.0,0.5,0.5,unrelated
XJLATMLVMSFZBN,T1_np,3,True,0.611111111111111,1.0,1.0,1.0,1.0,1.0,0.0,0.0,2.5,0.41666666666666663,0.41666666666666663,0.0,1.0,0.0,0.5,1.0,1.0,1.0,1.0,1.0,0.0,0.0,1.0,1.0,1.0,1.0,1.0,0.0,0.0,2.5,0.41666666666666663,0.41666666666666663,0.0,1.0,0.0,0.5,1.0,1.0,1.0,1.0,1.0,0.0,0.0,correct
XJQPQKLURWNAAH,T1_np,39,True,0.10906520612657374,2.0,0.5,0.5,0.0,1.0,0.02631578947368421,0.02631578947368421,19.0,0.1135563844276126,0.10313400480414885,0.02702702702702703,0.2702702702702703,0.0,0.47368421052631576,2.5,0.41666666666666663,0.41666666666666663,0.0,1.0,0.02631578947368421,0.039473684210526314,2.5,0.41666666666666663,0.41666666666666663,0.0,1.0,0.02631578947368421,0.039473684210526314,20.0,0.10906520612657374,0.09784508148085916,0.02564102564102564,0.2564102564102564,0.0,0.5,1.5,0.75,0.75,0.5,1.0,0.0,0.013157894736842105,near_isomer
XJRDTLXFFDCTOX,T2_tims,31,True,0.12991113533666193,1.0,1.0,1.0,1.0,1.0,0.0,0.0,6.0,0.16666666666666666,0.16666666666666666,0.0,1.0,1.0,1.0,1.0,1.0,1.0,1.0,1.0,0.0,0.0,1.0,1.0,1.0,1.0,1.0,0.0,0.0,6.5,0.15476190476190477,0.15476190476190477,0.0,1.0,0.0,0.5,1.0,1.0,1.0,1.0,1.0,0.0,0.0,correct
XJRFGPQFUNKKIA,T2_tims,64,True,0.07412329537040264,1.0,1.0,1.0,1.0,1.0,0.0,0.0,50.0,0.020053586465883053,0.0,0.0,0.0,0.18181818181818182,0.5454545454545454,1.0,1.0,1.0,1.0,1.0,0.0,0.0,1.0,1.0,1.0,1.0,1.0,0.0,0.0,14.5,0.0733235428572116,0.0733235428572116,0.0,0.16666666666666666,0.0,0.5,1.0,1.0,1.0,1.0,1.0,0.0,0.0,correct
XKLMZUWKNUAPSZ,T1_np,29,True,0.13660875164093303,3.0,0.3333333333333333,0.3333333333333333,0.0,1.0,0.07407407407407407,0.07407407407407407,9.5,0.1941726710109063,0.1941726710109063,0.05555555555555555,0.5555555555555556,0.0,0.3148148148148148,2.0,0.5,0.5,0.0,1.0,0.037037037037037035,0.037037037037037035,3.0,0.3333333333333333,0.3333333333333333,0.0,1.0,0.037037037037037035,0.037037037037037035,14.5,0.14025610853451315,0.13628422063405382,0.03571428571428571,0.35714285714285715,0.0,0.5,2.0,0.5,0.5,0.0,1.0,0.037037037037037035,0.037037037037037035,distant_isomer
XLCAVUJXAKZIHP,T2_tims,50,True,0.08998410676658848,1.0,1.0,1.0,1.0,1.0,0.0,0.0,25.0,0.04093362440309282,0.024680776889014874,0.0,0.0,0.6,0.8,1.0,1.0,1.0,1.0,1.0,0.0,0.0,1.0,1.0,1.0,1.0,1.0,0.0,0.0,16.0,0.12991113533666193,0.12309542508882282,0.03225806451612903,0.3225806451612903,0.0,0.5,1.0,1.0,1.0,1.0,1.0,0.0,0.0,correct
XMNQWWQLQMEDFE,T2_tims,21,True,0.17358850975060616,9.0,0.1111111111111111,0.1111111111111111,0.0,1.0,0.4444444444444444,0.4444444444444444,10.5,0.09633838383838383,0.09633838383838383,0.0,0.5,0.3333333333333333,0.4166666666666667,1.0,1.0,1.0,1.0,1.0,0.0,0.0,1.0,1.0,1.0,1.0,1.0,0.0,0.0,10.0,0.18672313984966749,0.18672313984966749,0.05263157894736842,0.5263157894736842,0.0,0.5,1.0,1.0,1.0,1.0,1.0,0.0,0.0,distant_isomer
XNXXZRQPTAQILV,T1_np,22,True,0.16776423864623977,18.0,0.05555555555555555,0.05555555555555555,0.0,0.0,0.8095238095238095,0.8095238095238095,15.5,0.06803253756620631,0.06803253756620631,0.0,0.08333333333333333,0.42857142857142855,0.6904761904761905,18.5,0.05425266597867216,0.05425266597867216,0.0,0.0,0.7619047619047619,0.8333333333333334,15.5,0.0648546918767507,0.0648546918767507,0.0,0.0,0.6190476190476191,0.6904761904761905,11.5,0.16776423864623977,0.16776423864623977,0.045454545454545456,0.45454545454545453,0.0,0.5,14.0,0.07167277167277168,0.07167277167277168,0.0,0.0,0.5714285714285714,0.6190476190476191,distant_isomer
XNYPOROCFMQTDL,T2_tims,20,True,0.1798869828571841,2.0,0.5,0.5,0.0,1.0,0.16666666666666666,0.16666666666666666,7.0,0.14912698412698414,0.14912698412698414,0.0,1.0,0.3333333333333333,0.6666666666666666,1.0,1.0,1.0,1.0,1.0,0.0,0.0,1.0,1.0,1.0,1.0,1.0,0.0,0.0,6.0,0.18985260770975057,0.18985260770975057,0.0,1.0,0.0,0.5,1.0,1.0,1.0,1.0,1.0,0.0,0.0,near_isomer
XOJVHLIYNSOZOO,T1_np,43,True,0.10116275861864714,1.5,0.75,0.75,0.5,1.0,0.0,0.01282051282051282,33.0,0.03138977954212154,0.00595928226363009,0.0,0.0,0.48717948717948717,0.7435897435897436,5.5,0.18333333333333335,0.18333333333333335,0.0,1.0,0.07692307692307693,0.08974358974358974,2.0,0.5,0.5,0.0,1.0,0.02564102564102564,0.02564102564102564,23.5,0.06291663218171235,0.04956562111050434,0.0,0.175,0.0,0.5,4.0,0.25,0.25,0.0,1.0,0.07692307692307693,0.07692307692307693,near_isomer
XOOGAHKOPGGKAT,T2_tims,129,True,0.042177511864912164,1.0,1.0,1.0,1.0,1.0,0.0,0.0,65.0,0.042177511864912164,0.029581071145376024,0.007751937984496124,0.07751937984496124,0.0,0.5,1.0,1.0,1.0,1.0,1.0,0.0,0.0,1.0,1.0,1.0,1.0,1.0,0.0,0.0,65.0,0.042177511864912164,0.029581071145376024,0.007751937984496124,0.07751937984496124,0.0,0.5,3.0,0.3333333333333333,0.3333333333333333,0.0,1.0,0.015625,0.015625,correct
XPNAEPLOKZDDGR,T2_tims,51,True,0.0886041800287584,30.0,0.03333333333333333,0.0,0.0,0.0,0.5918367346938775,0.5918367346938775,51.0,0.0196078431372549,0.0,0.0,0.0,1.0,1.0,1.0,1.0,1.0,1.0,1.0,0.0,0.0,1.0,1.0,1.0,1.0,1.0,0.0,0.0,25.5,0.08998410676658848,0.07631916355507014,0.02,0.2,0.0,0.5,1.0,1.0,1.0,1.0,1.0,0.0,0.0,distant_isomer
XPYYQRHHGDEOSC,T2_tims,43,True,0.10116275861864714,3.0,0.3333333333333333,0.3333333333333333,0.0,1.0,0.3333333333333333,0.3333333333333333,31.0,0.032280465949820786,0.0,0.0,0.0,0.0,0.16666666666666666,1.0,1.0,1.0,1.0,1.0,0.0,0.0,1.0,1.0,1.0,1.0,1.0,0.0,0.0,7.0,0.15651927437641724,0.15651927437641724,0.0,1.0,0.0,0.5,1.0,1.0,1.0,1.0,1.0,0.0,0.0,distant_isomer
XQCGNURMLWFQJR,T1_np,49,True,0.09141235384345764,1.0,1.0,1.0,1.0,1.0,0.0,0.0,41.5,0.02426520189282702,0.0,0.0,0.0,0.7317073170731707,0.8658536585365854,5.0,0.2,0.2,0.0,1.0,0.024390243902439025,0.024390243902439025,7.0,0.14285714285714285,0.14285714285714285,0.0,1.0,0.14634146341463414,0.14634146341463414,26.5,0.05130072639041554,0.036491067724289845,0.0,0.11904761904761904,0.0,0.5,2.0,0.5,0.5,0.0,1.0,0.024390243902439025,0.024390243902439025,correct
XQYZDYMELSJDRZ,T1_np,103,True,0.05064845793370229,61.0,0.01639344262295082,0.0,0.0,0.0,0.5882352941176471,0.5882352941176471,63.5,0.018347746814791673,0.0005128205128205128,0.0,0.0,0.23529411764705882,0.6127450980392157,6.0,0.16666666666666666,0.16666666666666666,0.0,1.0,0.049019607843137254,0.049019607843137254,5.0,0.2,0.2,0.0,1.0,0.0392156862745098,0.0392156862745098,52.0,0.05064845793370229,0.037048137648092304,0.009708737864077669,0.0970873786407767,0.0,0.5,8.0,0.125,0.125,0.0,1.0,0.06862745098039216,0.06862745098039216,distant_isomer
XRBVGTHCCLBIFF,T2_tims,515,True,0.01324728762165662,3.0,0.3333333333333333,0.3333333333333333,0.0,1.0,0.003929273084479371,0.003929273084479371,296.5,0.004271484771143863,0.0,0.0,0.0,0.14931237721021612,0.5707269155206287,6.0,0.16666666666666666,0.16666666666666666,0.0,1.0,0.009823182711198428,0.009823182711198428,8.0,0.125,0.125,0.0,1.0,0.0137524557956778,0.0137524557956778,260.5,0.008900038807489855,0.0030051467537650462,0.0,0.00980392156862745,0.0,0.5,32.0,0.03125,0.0,0.0,0.0,0.060903732809430254,0.060903732809430254,near_isomer
XRDXBLZYBSXFIP,T2_tims,43,True,0.10116275861864714,8.0,0.125,0.125,0.0,1.0,0.18421052631578946,0.18421052631578946,18.5,0.06437446378834963,0.056914924073062784,0.0,0.16666666666666666,0.05263157894736842,0.35526315789473684,3.0,0.3333333333333333,0.3333333333333333,0.0,1.0,0.05263157894736842,0.05263157894736842,2.0,0.5,0.5,0.0,1.0,0.02631578947368421,0.02631578947368421,22.0,0.07187008417535422,0.05938354301932069,0.0,0.20512820512820512,0.0,0.5,4.0,0.25,0.25,0.0,1.0,0.07894736842105263,0.07894736842105263,distant_isomer
XRGWNCCNTMRCOU,T2_tims,47,True,0.0944247625900167,2.0,0.5,0.5,0.0,1.0,0.021739130434782608,0.021739130434782608,37.5,0.026981340172050637,0.0,0.0,0.0,0.6521739130434783,0.7934782608695652,2.0,0.5,0.5,0.0,1.0,0.021739130434782608,0.021739130434782608,1.0,1.0,1.0,1.0,1.0,0.0,0.0,24.0,0.0944247625900167,0.08119059952667036,0.02127659574468085,0.2127659574468085,0.0,0.5,2.0,0.5,0.5,0.0,1.0,0.021739130434782608,0.021739130434782608,distant_isomer
XRWQBDJPMXRDOQ,T1_np,61,True,0.07698793205860144,6.0,0.16666666666666666,0.16666666666666666,0.0,1.0,0.11363636363636363,0.11363636363636363,50.5,0.020123673483559666,0.0,0.0,0.0,0.5227272727272727,0.7613636363636364,32.0,0.031270364939719776,0.0,0.0,0.0,0.3181818181818182,0.3409090909090909,8.0,0.1263227513227513,0.1263227513227513,0.0,1.0,0.13636363636363635,0.1590909090909091,39.0,0.029234108052126558,0.009671759656100303,0.0,0.0,0.0,0.5,7.0,0.14484126984126985,0.14484126984126985,0.0,1.0,0.11363636363636363,0.13636363636363635,near_isomer
XTPBTMJTYQSNGB,T2_tims,98,True,0.05272731130141439,19.0,0.05263157894736842,0.05263157894736842,0.0,0.0,0.35294117647058826,0.35294117647058826,45.5,0.022712805387448253,0.0,0.0,0.0,0.11764705882352941,0.38235294117647056,1.0,1.0,1.0,1.0,1.0,0.0,0.0,1.0,1.0,1.0,1.0,1.0,0.0,0.0,36.5,0.03429662757431729,0.017057498534331784,0.0,0.0,0.0,0.5,1.0,1.0,1.0,1.0,1.0,0.0,0.0,distant_isomer
XTPYQGVCRWVTJH,T2_tims,247,True,0.024650311445793667,12.0,0.08333333333333333,0.08333333333333333,0.0,0.0,0.05555555555555555,0.05555555555555555,131.5,0.008417390032468204,0.0,0.0,0.0,0.3181818181818182,0.6590909090909091,3.0,0.3333333333333333,0.3333333333333333,0.0,1.0,0.010101010101010102,0.010101010101010102,3.0,0.3333333333333333,0.3333333333333333,0.0,1.0,0.010101010101010102,0.010101010101010102,100.0,0.029512718332268564,0.019175669234942246,0.005025125628140704,0.05025125628140704,0.0,0.5,3.0,0.3333333333333333,0.3333333333333333,0.0,1.0,0.010101010101010102,0.010101010101010102,distant_isomer
XTSBUQYBPCCVRV,T2_tims,6,True,0.40833333333333327,1.0,1.0,1.0,1.0,1.0,0.0,0.0,4.0,0.26111111111111107,0.26111111111111107,0.0,1.0,0.0,0.5,1.0,1.0,1.0,1.0,1.0,0.0,0.0,1.0,1.0,1.0,1.0,1.0,0.0,0.0,2.0,0.611111111111111,0.611111111111111,0.3333333333333333,1.0,0.0,0.5,2.0,0.5,0.5,0.0,1.0,0.5,0.5,correct
XUCIJNAGGSZNQT,T1_np,10,True,0.2928968253968254,6.0,0.16666666666666666,0.16666666666666666,0.0,1.0,0.7142857142857143,0.7142857142857143,4.0,0.29,0.29,0.0,1.0,0.0,0.2857142857142857,3.0,0.3333333333333333,0.3333333333333333,0.0,1.0,0.2857142857142857,0.2857142857142857,7.0,0.14285714285714285,0.14285714285714285,0.0,1.0,0.8571428571428571,0.8571428571428571,5.5,0.22862103174603174,0.22862103174603174,0.0,1.0,0.0,0.5,1.0,1.0,1.0,1.0,1.0,0.0,0.0,near_isomer
XUFQPHANEAPEMJ,T1_np,3,True,0.611111111111111,2.0,0.5,0.5,0.0,1.0,0.0,0.0,3.0,0.3333333333333333,0.3333333333333333,0.0,1.0,1.0,1.0,1.0,1.0,1.0,1.0,1.0,0.0,0.0,2.0,0.5,0.5,0.0,1.0,1.0,1.0,2.5,0.41666666666666663,0.41666666666666663,0.0,1.0,0.0,0.5,1.0,1.0,1.0,1.0,1.0,0.0,0.0,unrelated
XVPBINOPNYFXID,T1_np,40,True,0.1069635759734094,26.0,0.038461538461538464,0.0,0.0,0.0,0.6578947368421053,0.6578947368421053,20.0,0.10906520612657374,0.09784508148085916,0.02564102564102564,0.2564102564102564,0.0,0.5,22.0,0.045454545454545456,0.045454545454545456,0.0,0.0,0.5526315789473685,0.5526315789473685,5.0,0.2,0.2,0.0,1.0,0.10526315789473684,0.10526315789473684,20.0,0.10906520612657374,0.09784508148085916,0.02564102564102564,0.2564102564102564,0.0,0.5,31.0,0.03225806451612903,0.0,0.0,0.0,0.7631578947368421,0.7631578947368421,distant_isomer
XWMPAQJZFINKHF,T2_tims,72,True,0.06751125213290575,6.0,0.16666666666666666,0.16666666666666666,0.0,1.0,0.09259259259259259,0.09259259259259259,37.0,0.030049149542114677,0.009651427054173049,0.0,0.0,0.2962962962962963,0.6481481481481481,2.0,0.5,0.5,0.0,1.0,0.018518518518518517,0.018518518518518517,3.0,0.3333333333333333,0.3333333333333333,0.0,1.0,0.037037037037037035,0.037037037037037035,36.0,0.03655288656088412,0.019965473361752074,0.0,0.03636363636363636,0.0,0.5,3.0,0.3333333333333333,0.3333333333333333,0.0,1.0,0.037037037037037035,0.037037037037037035,distant_isomer
XWOSCYMXUYOSFM,T2_tims,27,True,0.1441280278982253,16.0,0.0625,0.0625,0.0,0.0,0.6521739130434783,0.6521739130434783,15.5,0.08575514249661453,0.08260936851750723,0.0,0.2916666666666667,0.0,0.5,2.0,0.5,0.5,0.0,1.0,0.043478260869565216,0.043478260869565216,5.0,0.2,0.2,0.0,1.0,0.17391304347826086,0.17391304347826086,15.5,0.08575514249661453,0.08260936851750723,0.0,0.2916666666666667,0.0,0.5,1.0,1.0,1.0,1.0,1.0,0.0,0.0,distant_isomer
XXYCYUWBVQMFRP,T2_tims,93,True,0.055001955561580225,7.0,0.14285714285714285,0.14285714285714285,0.0,1.0,0.10344827586206896,0.10344827586206896,30.0,0.07903735163195034,0.06467725725005945,0.01694915254237288,0.1694915254237288,0.0,0.5,1.0,1.0,1.0,1.0,1.0,0.0,0.0,3.0,0.3333333333333333,0.3333333333333333,0.0,1.0,0.034482758620689655,0.034482758620689655,30.0,0.07903735163195034,0.06467725725005945,0.01694915254237288,0.1694915254237288,0.0,0.5,2.0,0.5,0.5,0.0,1.0,0.017241379310344827,0.017241379310344827,distant_isomer
XXZUYVHHSPYFAY,T2_tims,86,True,0.058574019156325874,2.0,0.5,0.5,0.0,1.0,0.06666666666666667,0.06666666666666667,7.5,0.14831800144300145,0.14831800144300145,0.0,0.875,0.0,0.23333333333333334,2.0,0.5,0.5,0.0,1.0,0.06666666666666667,0.06666666666666667,2.0,0.5,0.5,0.0,1.0,0.06666666666666667,0.06666666666666667,11.5,0.10715039523814679,0.10715039523814679,0.0,0.4375,0.0,0.5,1.0,1.0,1.0,1.0,1.0,0.0,0.0,distant_isomer
XYCSZWNHTDFEOQ,T2_tims,22,True,0.16776423864623977,4.0,0.25,0.25,0.0,1.0,0.3333333333333333,0.3333333333333333,5.5,0.18988095238095237,0.18988095238095237,0.0,1.0,0.0,0.5,1.0,1.0,1.0,1.0,1.0,0.0,0.0,1.0,1.0,1.0,1.0,1.0,0.0,0.0,2.5,0.5208333333333333,0.5208333333333333,0.25,1.0,0.0,0.5,1.0,1.0,1.0,1.0,1.0,0.0,0.0,distant_isomer
XYLVGYNDVZAOEQ,T2_tims,372,True,0.017466271513461133,5.0,0.2,0.2,0.0,1.0,0.011940298507462687,0.011940298507462687,232.0,0.00464344301134849,0.0,0.0,0.0,0.37910447761194027,0.6895522388059702,3.0,0.3333333333333333,0.3333333333333333,0.0,1.0,0.005970149253731343,0.005970149253731343,3.0,0.3333333333333333,0.3333333333333333,0.0,1.0,0.005970149253731343,0.005970149253731343,168.5,0.01903516125583633,0.011357018386171152,0.002976190476190476,0.02976190476190476,0.0,0.5,3.0,0.3333333333333333,0.3333333333333333,0.0,1.0,0.005970149253731343,0.005970149253731343,distant_isomer
XYPPVTHMEZYFNE,T2_tims,18,True,0.1941726710109063,4.0,0.25,0.25,0.0,1.0,0.25,0.25,11.0,0.10432455302364804,0.10432455302364804,0.0,0.46153846153846156,0.0,0.5,1.0,1.0,1.0,1.0,1.0,0.0,0.0,1.0,1.0,1.0,1.0,1.0,0.0,0.0,11.0,0.10432455302364804,0.10432455302364804,0.0,0.46153846153846156,0.0,0.5,1.0,1.0,1.0,1.0,1.0,0.0,0.0,distant_isomer
XYYAFLHHHZVPRN,T1_np,113,True,0.04698249324074055,7.0,0.14285714285714285,0.14285714285714285,0.0,1.0,0.05357142857142857,0.05357142857142857,57.0,0.04698249324074055,0.033769541396048736,0.008849557522123894,0.08849557522123894,0.0,0.5,44.0,0.022727272727272728,0.0,0.0,0.0,0.38392857142857145,0.38392857142857145,68.0,0.014705882352941176,0.0,0.0,0.0,0.5982142857142857,0.5982142857142857,57.0,0.04698249324074055,0.033769541396048736,0.008849557522123894,0.08849557522123894,0.0,0.5,53.0,0.018867924528301886,0.0,0.0,0.0,0.4642857142857143,0.4642857142857143,distant_isomer
XYZUFTIKNOWRSR,T2_tims,60,True,0.07799784021586229,49.0,0.02040816326530612,0.0,0.0,0.0,0.8135593220338984,0.8135593220338984,30.5,0.07799784021586229,0.06359930296255846,0.016666666666666666,0.16666666666666666,0.0,0.5,8.0,0.125,0.125,0.0,1.0,0.11864406779661017,0.11864406779661017,8.0,0.125,0.125,0.0,1.0,0.11864406779661017,0.11864406779661017,30.5,0.07799784021586229,0.06359930296255846,0.016666666666666666,0.16666666666666666,0.0,0.5,7.0,0.14285714285714285,0.14285714285714285,0.0,1.0,0.1016949152542373,0.1016949152542373,distant_isomer
XZKVBIHDPHKSNE,T2_tims,39,True,0.10906520612657374,1.0,1.0,1.0,1.0,1.0,0.0,0.0,3.5,0.29166666666666663,0.29166666666666663,0.0,1.0,0.0,0.015625,1.0,1.0,1.0,1.0,1.0,0.0,0.0,1.0,1.0,1.0,1.0,1.0,0.0,0.0,22.0,0.058926323635212635,0.046443177103641625,0.0,0.15151515151515152,0.0,0.5,1.0,1.0,1.0,1.0,1.0,0.0,0.0,correct
XZPNMFILRLVECU,T2_tims,12,True,0.25860088985088986,2.0,0.5,0.5,0.0,1.0,0.09090909090909091,0.09090909090909091,6.5,0.25860088985088986,0.25860088985088986,0.08333333333333333,0.8333333333333334,0.0,0.5,1.5,0.75,0.75,0.5,1.0,0.0,0.045454545454545456,1.5,0.75,0.75,0.5,1.0,0.0,0.045454545454545456,6.5,0.25860088985088986,0.25860088985088986,0.08333333333333333,0.8333333333333334,0.0,0.5,1.5,0.75,0.75,0.5,1.0,0.0,0.045454545454545456,near_isomer
XZRZCXKDPONLMR,T2_tims,39,True,0.10906520612657374,11.0,0.09090909090909091,0.09090909090909091,0.0,0.0,0.3225806451612903,0.3225806451612903,13.0,0.08018837553151278,0.08018837553151278,0.0,0.2222222222222222,0.03225806451612903,0.16129032258064516,3.0,0.3333333333333333,0.3333333333333333,0.0,1.0,0.0,0.0,4.0,0.25,0.25,0.0,1.0,0.0967741935483871,0.0967741935483871,23.5,0.05189643425247603,0.03822190734051137,0.0,0.09375,0.0,0.5,2.0,0.5,0.5,0.0,1.0,0.03225806451612903,0.03225806451612903,distant_isomer
XZTUSOXSLKTKJQ,T1_np,99,True,0.05229674260242041,1.0,1.0,1.0,1.0,1.0,0.0,0.0,66.0,0.016699736152285077,0.0,0.0,0.0,0.31958762886597936,0.6597938144329897,27.0,0.037037037037037035,0.0,0.0,0.0,0.25773195876288657,0.25773195876288657,24.0,0.041666666666666664,0.041666666666666664,0.0,0.0,0.2268041237113402,0.2268041237113402,49.5,0.05272731130141439,0.03893834875258681,0.01020408163265306,0.10204081632653061,0.0,0.5,23.0,0.043478260869565216,0.043478260869565216,0.0,0.0,0.2268041237113402,0.2268041237113402,correct
YADODROWXGVUDK,T2_tims,22,True,0.16776423864623977,1.0,1.0,1.0,1.0,1.0,0.0,0.0,2.5,0.41666666666666663,0.41666666666666663,0.0,1.0,0.3333333333333333,0.5,1.0,1.0,1.0,1.0,1.0,0.0,0.0,1.0,1.0,1.0,1.0,1.0,0.0,0.0,2.5,0.5208333333333333,0.5208333333333333,0.25,1.0,0.0,0.5,1.0,1.0,1.0,1.0,1.0,0.0,0.0,correct
YAOZGZCDAOQKQP,T2_tims,412,True,0.016018087659099487,4.0,0.25,0.25,0.0,1.0,0.007444168734491315,0.007444168734491315,237.5,0.005348846639748178,0.0,0.0,0.0,0.13895781637717122,0.5669975186104218,1.0,1.0,1.0,1.0,1.0,0.0,0.0,1.0,1.0,1.0,1.0,1.0,0.0,0.0,203.5,0.013817665326378667,0.006970193509290858,0.0,0.022277227722772276,0.0,0.5,1.0,1.0,1.0,1.0,1.0,0.0,0.0,distant_isomer
YAQANYTXZQGCRK,T2_tims,96,True,0.05361211612036918,9.0,0.1111111111111111,0.1111111111111111,0.0,1.0,0.15384615384615385,0.15384615384615385,41.5,0.024400444536867166,0.0,0.0,0.0,0.019230769230769232,0.16346153846153846,1.0,1.0,1.0,1.0,1.0,0.0,0.0,1.0,1.0,1.0,1.0,1.0,0.0,0.0,27.0,0.08597946934388208,0.07199921090100957,0.018867924528301886,0.18867924528301888,0.0,0.5,1.0,1.0,1.0,1.0,1.0,0.0,0.0,distant_isomer
YBHSXDPRPSAVCH,T2_tims,27,True,0.1441280278982253,9.0,0.1111111111111111,0.1111111111111111,0.0,1.0,0.7777777777777778,0.7777777777777778,17.0,0.05923546611627106,0.05923546611627106,0.0,0.0,0.0,0.2222222222222222,1.0,1.0,1.0,1.0,1.0,0.0,0.0,1.0,1.0,1.0,1.0,1.0,0.0,0.0,16.5,0.06254813598853848,0.06254813598853848,0.0,0.0,0.0,0.5,1.0,1.0,1.0,1.0,1.0,0.0,0.0,distant_isomer
YBSZHYBKQPPQNH,T2_tims,66,True,0.0723398035491197,2.0,0.5,0.5,0.0,1.0,0.0625,0.0625,29.5,0.03455328189838315,0.008938923395445135,0.0,0.0,0.1875,0.59375,2.0,0.5,0.5,0.0,1.0,0.0625,0.0625,2.0,0.5,0.5,0.0,1.0,0.0,0.0,28.0,0.036871737626526895,0.01577756003587206,0.0,0.0,0.0,0.5,3.0,0.3333333333333333,0.3333333333333333,0.0,1.0,0.0625,0.0625,distant_isomer
YBWYXWSKNQGVKL,T2_tims,50,True,0.08998410676658848,8.0,0.125,0.125,0.0,1.0,0.2413793103448276,0.2413793103448276,16.0,0.09117236287359473,0.08577622880568543,0.0,0.2962962962962963,0.06896551724137931,0.5172413793103449,1.0,1.0,1.0,1.0,1.0,0.0,0.0,1.0,1.0,1.0,1.0,1.0,0.0,0.0,15.5,0.13316623769734637,0.12719860592511692,0.03333333333333333,0.3333333333333333,0.0,0.5,1.0,1.0,1.0,1.0,1.0,0.0,0.0,distant_isomer
YCKPUXPQJKOSBO,T2_tims,19,True,0.18672313984966749,8.0,0.125,0.125,0.0,1.0,0.38461538461538464,0.38461538461538464,9.0,0.1398637687099225,0.1398637687099225,0.0,0.6153846153846154,0.07692307692307693,0.5384615384615384,1.0,1.0,1.0,1.0,1.0,0.0,0.0,1.0,1.0,1.0,1.0,1.0,0.0,0.0,11.5,0.10084105320449857,0.10084105320449857,0.0,0.42857142857142855,0.0,0.5,1.0,1.0,1.0,1.0,1.0,0.0,0.0,distant_isomer
YDAQWUKRFSEUOB,T2_tims,62,True,0.07600633690052827,2.0,0.5,0.5,0.0,1.0,0.018518518518518517,0.018518518518518517,44.5,0.022946090281206245,0.0,0.0,0.0,0.6111111111111112,0.8055555555555556,1.0,1.0,1.0,1.0,1.0,0.0,0.0,2.0,0.5,0.5,0.0,1.0,0.018518518518518517,0.018518518518518517,28.0,0.08352022203501976,0.0693810577773365,0.01818181818181818,0.18181818181818182,0.0,0.5,2.0,0.5,0.5,0.0,1.0,0.018518518518518517,0.018518518518518517,near_isomer
YDQUCBCHJKVDJZ,T2_tims,114,True,0.04664731285989688,2.0,0.5,0.5,0.0,1.0,0.00909090909090909,0.00909090909090909,79.5,0.013332496336284392,0.0,0.0,0.0,0.42727272727272725,0.7136363636363636,1.0,1.0,1.0,1.0,1.0,0.0,0.0,1.0,1.0,1.0,1.0,1.0,0.0,0.0,56.0,0.04766886132660348,0.03437800160138295,0.009009009009009009,0.09009009009009009,0.0,0.5,1.0,1.0,1.0,1.0,1.0,0.0,0.0,near_isomer
YFFLXFWYYNOYBP,T2_tims,29,True,0.13660875164093303,2.0,0.5,0.5,0.0,1.0,0.045454545454545456,0.045454545454545456,24.0,0.041714975845410625,0.041714975845410625,0.0,0.0,0.9090909090909091,0.9545454545454546,1.0,1.0,1.0,1.0,1.0,0.0,0.0,2.0,0.5,0.5,0.0,1.0,0.045454545454545456,0.045454545454545456,14.0,0.10069383381536987,0.10069383381536987,0.0,0.34782608695652173,0.0,0.5,1.0,1.0,1.0,1.0,1.0,0.0,0.0,near_isomer
YGPSJZOEDVAXAB,T1_np,25,True,0.15263832711014028,5.0,0.2,0.2,0.0,1.0,0.16666666666666666,0.16666666666666666,13.0,0.15263832711014028,0.15263832711014028,0.04,0.4,0.0,0.5,3.0,0.3333333333333333,0.3333333333333333,0.0,1.0,0.08333333333333333,0.08333333333333333,4.0,0.25,0.25,0.0,1.0,0.125,0.125,13.0,0.15263832711014028,0.15263832711014028,0.04,0.4,0.0,0.5,3.0,0.3333333333333333,0.3333333333333333,0.0,1.0,0.08333333333333333,0.08333333333333333,distant_isomer
YHKYFYCSTJGMID,T1_np,37,True,0.1135563844276126,16.0,0.0625,0.0625,0.0,0.0,0.4166666666666667,0.4166666666666667,18.0,0.08350962018514678,0.07470832831462924,0.0,0.25806451612903225,0.05555555555555555,0.4722222222222222,9.5,0.10555555555555556,0.10555555555555556,0.0,1.0,0.2222222222222222,0.2361111111111111,10.5,0.09545454545454546,0.09545454545454546,0.0,0.5,0.25,0.2638888888888889,19.0,0.1135563844276126,0.10313400480414885,0.02702702702702703,0.2702702702702703,0.0,0.5,15.5,0.06458333333333333,0.06458333333333333,0.0,0.0,0.3888888888888889,0.4027777777777778,distant_isomer
YHXLMCFUYZUKAP,T2_tims,3,False,0.611111111111111,1.0,1.0,1.0,1.0,1.0,,,2.0,0.5,0.5,0.0,1.0,,,1.0,1.0,1.0,1.0,1.0,,,1.0,1.0,1.0,1.0,1.0,,,2.0,0.5,0.5,0.0,1.0,,,1.0,1.0,1.0,1.0,1.0,,,correct
YJOYVWPGJYGZLQ,T2_tims,397,True,0.016530002173043516,75.0,0.013333333333333334,0.0,0.0,0.0,0.18974358974358974,0.18974358974358974,266.0,0.004082773656479001,0.0,0.0,0.0,0.358974358974359,0.6794871794871795,2.0,0.5,0.5,0.0,1.0,0.002564102564102564,0.002564102564102564,1.0,1.0,1.0,1.0,1.0,0.0,0.0,126.0,0.02432135184532908,0.01520302062850003,0.00398406374501992,0.0398406374501992,0.0,0.32051282051282054,1.0,1.0,1.0,1.0,1.0,0.0,0.0,distant_isomer
YJTVEDMKCNXBBY,T2_tims,194,True,0.0301425202544654,76.0,0.013157894736842105,0.0,0.0,0.0,0.38860103626943004,0.38860103626943004,106.5,0.013366709381647579,0.001823011929302235,0.0,0.0,0.09326424870466321,0.5466321243523317,1.0,1.0,1.0,1.0,1.0,0.0,0.0,1.0,1.0,1.0,1.0,1.0,0.0,0.0,97.5,0.0301425202544654,0.019669887514193338,0.005154639175257732,0.05154639175257732,0.0,0.5,1.0,1.0,1.0,1.0,1.0,0.0,0.0,distant_isomer
YKBJJKXHESLBEO,T2_tims,24,True,0.15733159073972947,1.0,1.0,1.0,1.0,1.0,0.0,0.0,2.5,0.41666666666666663,0.41666666666666663,0.0,1.0,0.0,0.125,1.0,1.0,1.0,1.0,1.0,0.0,0.0,1.0,1.0,1.0,1.0,1.0,0.0,0.0,18.0,0.05590213278293773,0.05590213278293773,0.0,0.0,0.0,0.5,1.0,1.0,1.0,1.0,1.0,0.0,0.0,correct
YKJYKKNCCRKFSL,T1_np,50,True,0.08998410676658848,7.0,0.14285714285714285,0.14285714285714285,0.0,1.0,0.125,0.125,25.0,0.09141235384345764,0.07787669750517362,0.02040816326530612,0.20408163265306123,0.0,0.5,1.0,1.0,1.0,1.0,1.0,0.0,0.0,1.0,1.0,1.0,1.0,1.0,0.0,0.0,25.0,0.09141235384345764,0.07787669750517362,0.02040816326530612,0.20408163265306123,0.0,0.5,1.0,1.0,1.0,1.0,1.0,0.0,0.0,distant_isomer
YKPUWZUDDOIDPM,T1_np,38,True,0.11126057929724605,2.0,0.5,0.5,0.0,1.0,0.027777777777777776,0.027777777777777776,18.5,0.11595997768873996,0.10599883827093076,0.027777777777777776,0.2777777777777778,0.0,0.4861111111111111,1.0,1.0,1.0,1.0,1.0,0.0,0.0,1.0,1.0,1.0,1.0,1.0,0.0,0.0,19.0,0.1135563844276126,0.10313400480414885,0.02702702702702703,0.2702702702702703,0.0,0.5,1.0,1.0,1.0,1.0,1.0,0.0,0.0,distant_isomer
YKQHYOFINIIFNZ,T2_tims,70,True,0.06904052510911532,3.0,0.3333333333333333,0.3333333333333333,0.0,1.0,0.030303030303030304,0.030303030303030304,37.0,0.04476870782544386,0.029591415588360797,0.0,0.1044776119402985,0.0,0.5,2.0,0.5,0.5,0.0,1.0,0.015151515151515152,0.015151515151515152,2.0,0.5,0.5,0.0,1.0,0.015151515151515152,0.015151515151515152,37.0,0.04476870782544386,0.029591415588360797,0.0,0.1044776119402985,0.0,0.5,2.0,0.5,0.5,0.0,1.0,0.015151515151515152,0.015151515151515152,distant_isomer
YKRGDOXKVOZESV,T1_np,50,True,0.08998410676658848,3.0,0.3333333333333333,0.3333333333333333,0.0,1.0,0.044444444444444446,0.044444444444444446,24.5,0.05213174462912052,0.03794328271537519,0.0,0.1111111111111111,0.1111111111111111,0.5,12.5,0.08012820512820512,0.08012820512820512,0.0,0.0,0.24444444444444444,0.25555555555555554,13.5,0.07417582417582418,0.07417582417582418,0.0,0.0,0.26666666666666666,0.2777777777777778,23.5,0.09601494013013269,0.08295561255985885,0.021739130434782608,0.21739130434782608,0.0,0.5,6.5,0.15476190476190477,0.15476190476190477,0.0,1.0,0.1111111111111111,0.12222222222222222,distant_isomer
YLHHZOXAJQBMLJ,T2_tims,95,True,0.0540668050619871,1.0,1.0,1.0,1.0,1.0,0.0,0.0,48.5,0.04400368596690186,0.029957001890994754,0.0,0.09574468085106383,0.0,0.5,1.0,1.0,1.0,1.0,1.0,0.0,0.0,1.0,1.0,1.0,1.0,1.0,0.0,0.0,48.5,0.04400368596690186,0.029957001890994754,0.0,0.09574468085106383,0.0,0.5,1.0,1.0,1.0,1.0,1.0,0.0,0.0,correct
YLYDMCDGMTTYSM,T2_tims,150,True,0.03727453725762586,3.0,0.3333333333333333,0.3333333333333333,0.0,1.0,0.007936507936507936,0.007936507936507936,71.0,0.018336182675363317,0.0035178098608668125,0.0,0.0,0.12698412698412698,0.5476190476190477,9.0,0.1111111111111111,0.1111111111111111,0.0,1.0,0.05555555555555555,0.05555555555555555,7.0,0.14285714285714285,0.14285714285714285,0.0,1.0,0.047619047619047616,0.047619047619047616,65.0,0.03490667002038718,0.022172899037429188,0.0,0.07086614173228346,0.0,0.5,3.0,0.3333333333333333,0.3333333333333333,0.0,1.0,0.007936507936507936,0.007936507936507936,near_isomer
YMEPRHXKODFFAI,T2_tims,3,True,0.611111111111111,2.0,0.5,0.5,0.0,1.0,0.5,0.5,2.0,0.611111111111111,0.611111111111111,0.3333333333333333,1.0,0.0,0.5,1.5,0.75,0.75,0.5,1.0,0.0,0.25,2.0,0.5,0.5,0.0,1.0,0.5,0.5,2.0,0.611111111111111,0.611111111111111,0.3333333333333333,1.0,0.0,0.5,1.0,1.0,1.0,1.0,1.0,0.0,0.0,near_isomer
YMNWPNOADZVNMQ,T2_tims,25,True,0.15263832711014028,3.0,0.3333333333333333,0.3333333333333333,0.0,1.0,0.11764705882352941,0.11764705882352941,16.5,0.06795005749424245,0.06795005749424245,0.0,0.16666666666666666,0.0,0.5,3.0,0.3333333333333333,0.3333333333333333,0.0,1.0,0.11764705882352941,0.11764705882352941,3.0,0.3333333333333333,0.3333333333333333,0.0,1.0,0.11764705882352941,0.11764705882352941,16.5,0.06795005749424245,0.06795005749424245,0.0,0.16666666666666666,0.0,0.5,3.0,0.3333333333333333,0.3333333333333333,0.0,1.0,0.11764705882352941,0.11764705882352941,distant_isomer
YMQFPVIYMRKXHP,T2_tims,61,True,0.07698793205860144,4.0,0.25,0.25,0.0,1.0,0.05454545454545454,0.05454545454545454,28.5,0.08234766704970053,0.06814211031702691,0.017857142857142856,0.17857142857142858,0.0,0.5,1.0,1.0,1.0,1.0,1.0,0.0,0.0,2.0,0.5,0.5,0.0,1.0,0.01818181818181818,0.01818181818181818,28.5,0.08234766704970053,0.06814211031702691,0.017857142857142856,0.17857142857142858,0.0,0.5,1.0,1.0,1.0,1.0,1.0,0.0,0.0,distant_isomer
YNEDIYYLNYUQOT,T2_tims,46,True,0.09601494013013269,7.0,0.14285714285714285,0.14285714285714285,0.0,1.0,0.16666666666666666,0.16666666666666666,23.0,0.0498367015861624,0.036555182362416776,0.0,0.037037037037037035,0.25,0.6111111111111112,1.0,1.0,1.0,1.0,1.0,0.0,0.0,1.0,1.0,1.0,1.0,1.0,0.0,0.0,19.0,0.1135563844276126,0.10313400480414885,0.02702702702702703,0.2702702702702703,0.0,0.5,1.0,1.0,1.0,1.0,1.0,0.0,0.0,distant_isomer
YNSHOXWEUHGLTM,T2_tims,103,True,0.05064845793370229,13.0,0.07692307692307693,0.07692307692307693,0.0,0.0,0.22641509433962265,0.22641509433962265,10.0,0.18672313984966749,0.18672313984966749,0.05263157894736842,0.5263157894736842,0.0,0.16981132075471697,1.0,1.0,1.0,1.0,1.0,0.0,0.0,1.0,1.0,1.0,1.0,1.0,0.0,0.0,27.5,0.08473019247674571,0.0706658921806205,0.018518518518518517,0.18518518518518517,0.0,0.5,1.0,1.0,1.0,1.0,1.0,0.0,0.0,distant_isomer
YOHFJTWJTKAFFB,T2_tims,116,True,0.045992327653942504,6.0,0.16666666666666666,0.16666666666666666,0.0,1.0,0.25,0.25,13.5,0.07417582417582418,0.07417582417582418,0.0,0.0,0.0,0.125,1.0,1.0,1.0,1.0,1.0,0.0,0.0,1.0,1.0,1.0,1.0,1.0,0.0,0.0,15.0,0.06726836888601595,0.06726836888601595,0.0,0.0,0.0,0.5,1.0,1.0,1.0,1.0,1.0,0.0,0.0,unrelated
YOPAAHOXSFLEFT,T2_tims,91,True,0.05597318256964315,1.0,1.0,1.0,1.0,1.0,0.0,0.0,41.0,0.03317925601306243,0.016893862075328676,0.0,0.03076923076923077,0.1038961038961039,0.5194805194805194,1.0,1.0,1.0,1.0,1.0,0.0,0.0,1.0,1.0,1.0,1.0,1.0,0.0,0.0,40.5,0.050679221524942517,0.036102027919916756,0.0,0.11538461538461539,0.0,0.5,1.0,1.0,1.0,1.0,1.0,0.0,0.0,correct
YQDLYZPLRVDYBR,T2_tims,150,True,0.03727453725762586,5.0,0.2,0.2,0.0,1.0,0.0,0.0,7.5,0.14093915343915345,0.14093915343915345,0.0,1.0,0.14285714285714285,0.5,1.0,1.0,1.0,1.0,1.0,0.0,0.0,1.0,1.0,1.0,1.0,1.0,0.0,0.0,4.5,0.3397321428571428,0.3397321428571428,0.125,1.0,0.0,0.5,2.0,0.5,0.5,0.0,1.0,0.0,0.0,unrelated
YQESGMDPHWLTAX,T2_tims,63,True,0.0750518397413614,3.0,0.3333333333333333,0.3333333333333333,0.0,1.0,0.034482758620689655,0.034482758620689655,33.5,0.04532861300861069,0.029872842145175407,0.0,0.10344827586206896,0.0,0.49137931034482757,1.0,1.0,1.0,1.0,1.0,0.0,0.0,1.0,1.0,1.0,1.0,1.0,0.0,0.0,34.0,0.04482936559953281,0.029366522786782603,0.0,0.1016949152542373,0.0,0.5,1.0,1.0,1.0,1.0,1.0,0.0,0.0,distant_isomer
YQHGBBCOTUJUGB,T2_tims,35,True,0.11847946911476746,4.0,0.25,0.25,0.0,1.0,0.09375,0.09375,23.5,0.04482960382634408,0.031355325066176686,0.0,0.0,0.40625,0.671875,1.0,1.0,1.0,1.0,1.0,0.0,0.0,1.0,1.0,1.0,1.0,1.0,0.0,0.0,18.0,0.09449121183167977,0.08533206599253051,0.0,0.2727272727272727,0.0,0.5,1.0,1.0,1.0,1.0,1.0,0.0,0.0,distant_isomer
YQYPVOYNGTUVMX,T2_tims,161,True,0.03516597767120475,4.0,0.25,0.25,0.0,1.0,0.031578947368421054,0.031578947368421054,56.5,0.02419334625401428,0.00884534258751291,0.0,0.0,0.06315789473684211,0.531578947368421,1.0,1.0,1.0,1.0,1.0,0.0,0.0,1.0,1.0,1.0,1.0,1.0,0.0,0.0,50.5,0.03820079695352719,0.02412456435159903,0.0,0.08333333333333333,0.0,0.5,2.0,0.5,0.5,0.0,1.0,0.010526315789473684,0.010526315789473684,near_isomer
YREBTSHCNVQGGN,T2_tims,167,True,0.034120961085443983,20.0,0.05,0.05,0.0,0.0,0.12025316455696203,0.12025316455696203,84.0,0.018885930622787834,0.006624093448223173,0.0,0.006711409395973154,0.056962025316455694,0.5253164556962026,1.0,1.0,1.0,1.0,1.0,0.0,0.0,1.0,1.0,1.0,1.0,1.0,0.0,0.0,80.0,0.03552994481094177,0.02399973696700319,0.006289308176100629,0.06289308176100629,0.0,0.5,1.0,1.0,1.0,1.0,1.0,0.0,0.0,distant_isomer
YRRAGUMVDQQZIY,T1_np,37,True,0.1135563844276126,4.0,0.25,0.25,0.0,1.0,0.10344827586206896,0.10344827586206896,15.5,0.13316623769734637,0.12719860592511692,0.03333333333333333,0.3333333333333333,0.0,0.5,10.0,0.1,0.1,0.0,1.0,0.3103448275862069,0.3103448275862069,13.0,0.07692307692307693,0.07692307692307693,0.0,0.0,0.41379310344827586,0.41379310344827586,15.5,0.13316623769734637,0.12719860592511692,0.03333333333333333,0.3333333333333333,0.0,0.5,3.0,0.3333333333333333,0.3333333333333333,0.0,1.0,0.06896551724137931,0.06896551724137931,near_isomer
YRVROUYIJMVGNN,T2_tims,35,True,0.11847946911476746,1.0,1.0,1.0,1.0,1.0,0.0,0.0,6.5,0.25860088985088986,0.25860088985088986,0.08333333333333333,0.8333333333333334,0.0,0.18333333333333332,1.0,1.0,1.0,1.0,1.0,0.0,0.0,1.0,1.0,1.0,1.0,1.0,0.0,0.0,16.0,0.12991113533666193,0.12309542508882282,0.03225806451612903,0.3225806451612903,0.0,0.5,1.0,1.0,1.0,1.0,1.0,0.0,0.0,correct
YRYBNMAQJKAWBX,T2_tims,11,False,0.2745343040797586,1.0,1.0,1.0,1.0,1.0,,,11.0,0.09090909090909091,0.09090909090909091,0.0,0.0,,,1.0,1.0,1.0,1.0,1.0,,,1.0,1.0,1.0,1.0,1.0,,,11.0,0.09090909090909091,0.09090909090909091,0.0,0.0,,,1.0,1.0,1.0,1.0,1.0,,,correct
YVERTIDQSXVSTL,T2_tims,21,True,0.17358850975060616,1.0,1.0,1.0,1.0,1.0,0.0,0.0,2.0,0.611111111111111,0.611111111111111,0.3333333333333333,1.0,0.0,0.25,1.0,1.0,1.0,1.0,1.0,0.0,0.0,1.0,1.0,1.0,1.0,1.0,0.0,0.0,3.0,0.45666666666666667,0.45666666666666667,0.2,1.0,0.0,0.5,1.0,1.0,1.0,1.0,1.0,0.0,0.0,correct
YVFIXFXICKQQPM,T2_tims,92,True,0.05548292585929259,1.0,1.0,1.0,1.0,1.0,0.0,0.0,50.0,0.02324163314429237,0.004397024928029918,0.0,0.0,0.24050632911392406,0.620253164556962,1.0,1.0,1.0,1.0,1.0,0.0,0.0,3.0,0.3333333333333333,0.3333333333333333,0.0,1.0,0.02531645569620253,0.02531645569620253,40.5,0.06206849098681896,0.04769947722191884,0.0125,0.125,0.0,0.5,3.0,0.3333333333333333,0.3333333333333333,0.0,1.0,0.02531645569620253,0.02531645569620253,correct
YVLUNSBRYNGEOB,T2_tims,48,True,0.0928916078138358,1.0,1.0,1.0,1.0,1.0,0.0,0.0,28.0,0.0363731758217464,0.013123036383905948,0.0,0.0,0.2962962962962963,0.5185185185185185,1.0,1.0,1.0,1.0,1.0,0.0,0.0,1.0,1.0,1.0,1.0,1.0,0.0,0.0,27.5,0.04009998313232356,0.022708015093562565,0.0,0.0,0.0,0.5,1.0,1.0,1.0,1.0,1.0,0.0,0.0,correct
YVWORIRIRHARST,T2_tims,84,True,0.05969015517363009,1.0,1.0,1.0,1.0,1.0,0.0,0.0,3.0,0.3333333333333333,0.3333333333333333,0.0,1.0,1.0,1.0,1.0,1.0,1.0,1.0,1.0,0.0,0.0,1.0,1.0,1.0,1.0,1.0,0.0,0.0,1.5,0.75,0.75,0.5,1.0,0.0,0.5,1.0,1.0,1.0,1.0,1.0,0.0,0.0,correct
YWJXCIXBAKGUKZ,T1_np,14,True,0.23225445189730906,1.0,1.0,1.0,1.0,1.0,0.0,0.0,3.0,0.3611111111111111,0.3611111111111111,0.0,1.0,0.0,0.1,8.0,0.125,0.125,0.0,1.0,0.6,0.6,11.0,0.09090909090909091,0.09090909090909091,0.0,0.0,0.8,0.8,7.0,0.1912009707464253,0.1912009707464253,0.0,0.8181818181818182,0.0,0.5,11.0,0.09090909090909091,0.09090909090909091,0.0,0.0,0.7,0.7,correct
YXCQGRPQYIPGPB,T2_tims,175,True,0.03282774891772937,19.0,0.05263157894736842,0.05263157894736842,0.0,0.0,0.10526315789473684,0.10526315789473684,85.0,0.025443639401631184,0.01403611016820307,0.0,0.048484848484848485,0.0,0.47953216374269003,1.0,1.0,1.0,1.0,1.0,0.0,0.0,1.0,1.0,1.0,1.0,1.0,0.0,0.0,86.5,0.033300083149016065,0.02218580335903202,0.005813953488372093,0.05813953488372093,0.0,0.5,1.0,1.0,1.0,1.0,1.0,0.0,0.0,distant_isomer
YXKCJCLWGMGIIE,T2_tims,46,True,0.09601494013013269,23.0,0.043478260869565216,0.043478260869565216,0.0,0.0,0.88,0.88,26.5,0.03969151017828229,0.02176145922622568,0.0,0.0,0.0,0.38,1.0,1.0,1.0,1.0,1.0,0.0,0.0,1.0,1.0,1.0,1.0,1.0,0.0,0.0,29.5,0.036385146669974826,0.0167395840201736,0.0,0.0,0.0,0.5,1.0,1.0,1.0,1.0,1.0,0.0,0.0,distant_isomer
YYMSPTPRRVQYOV,T2_tims,38,True,0.11126057929724605,1.0,1.0,1.0,1.0,1.0,0.0,0.0,7.5,0.13392857142857142,0.13392857142857142,0.0,1.0,0.0,0.5,1.0,1.0,1.0,1.0,1.0,0.0,0.0,1.0,1.0,1.0,1.0,1.0,0.0,0.0,1.5,0.75,0.75,0.5,1.0,0.0,0.5,1.0,1.0,1.0,1.0,1.0,0.0,0.0,correct
YYTQUUURLLFETD,T2_tims,111,True,0.04766886132660348,8.0,0.125,0.125,0.0,1.0,0.06796116504854369,0.06796116504854369,52.0,0.05064845793370229,0.037048137648092304,0.009708737864077669,0.0970873786407767,0.0,0.49514563106796117,1.0,1.0,1.0,1.0,1.0,0.0,0.0,1.0,1.0,1.0,1.0,1.0,0.0,0.0,53.0,0.04103307331831768,0.027339399784014628,0.0,0.08737864077669903,0.009708737864077669,0.5048543689320388,1.0,1.0,1.0,1.0,1.0,0.0,0.0,distant_isomer
YYZXGPVADYVMIW,T2_tims,52,True,0.08727007597495093,7.0,0.14285714285714285,0.14285714285714285,0.0,1.0,0.11764705882352941,0.11764705882352941,22.5,0.09938013393929772,0.08672632222167062,0.022727272727272728,0.22727272727272727,0.0,0.4215686274509804,3.0,0.3333333333333333,0.3333333333333333,0.0,1.0,0.0392156862745098,0.0392156862745098,2.0,0.5,0.5,0.0,1.0,0.0196078431372549,0.0196078431372549,26.5,0.08727007597495093,0.07338381111064438,0.019230769230769232,0.19230769230769232,0.0,0.5,1.0,1.0,1.0,1.0,1.0,0.0,0.0,distant_isomer
YZMKFMIZNSOPSN,T1_np,52,True,0.08727007597495093,1.0,1.0,1.0,1.0,1.0,0.0,0.0,14.0,0.07969058031751529,0.07969058031751529,0.0,0.26666666666666666,0.16666666666666666,0.3611111111111111,32.5,0.030776515151515152,0.0,0.0,0.0,0.5555555555555556,0.5694444444444444,30.5,0.03279569892473118,0.0,0.0,0.0,0.5555555555555556,0.5694444444444444,20.0,0.08724059495392837,0.0761069777771218,0.0,0.24324324324324326,0.0,0.5,25.5,0.039230769230769236,0.02,0.0,0.0,0.5833333333333334,0.5972222222222222,correct
YZPHZUKKLWPKDD,T2_tims,101,True,0.05145820304691713,2.0,0.5,0.5,0.0,1.0,0.014925373134328358,0.014925373134328358,68.5,0.015656241570720996,0.0,0.0,0.0,0.1044776119402985,0.5447761194029851,2.0,0.5,0.5,0.0,1.0,0.014925373134328358,0.014925373134328358,3.0,0.3333333333333333,0.3333333333333333,0.0,1.0,0.029850746268656716,0.029850746268656716,34.5,0.07064791602542897,0.05611703202578687,0.014705882352941176,0.14705882352941177,0.0,0.5,2.0,0.5,0.5,0.0,1.0,0.014925373134328358,0.014925373134328358,distant_isomer
ZAWBEUSUBYDQON,T2_tims,54,True,0.08473019247674571,6.0,0.16666666666666666,0.16666666666666666,0.0,1.0,0.09433962264150944,0.09433962264150944,27.5,0.08473019247674571,0.0706658921806205,0.018518518518518517,0.18518518518518517,0.0,0.5,1.0,1.0,1.0,1.0,1.0,0.0,0.0,1.0,1.0,1.0,1.0,1.0,0.0,0.0,27.5,0.08473019247674571,0.0706658921806205,0.018518518518518517,0.18518518518518517,0.0,0.5,1.0,1.0,1.0,1.0,1.0,0.0,0.0,distant_isomer
ZBCBRKZEIBKHGH,T2_tims,38,True,0.11126057929724605,3.0,0.3333333333333333,0.3333333333333333,0.0,1.0,0.3333333333333333,0.3333333333333333,1.5,0.75,0.75,0.5,1.0,0.0,0.08333333333333333,1.0,1.0,1.0,1.0,1.0,0.0,0.0,2.0,0.5,0.5,0.0,1.0,0.16666666666666666,0.16666666666666666,4.0,0.37040816326530607,0.37040816326530607,0.14285714285714285,1.0,0.0,0.5,1.0,1.0,1.0,1.0,1.0,0.0,0.0,distant_isomer
ZBHUUXLHDOUMKM,T1_np,57,True,0.081210758147936,2.0,0.5,0.5,0.0,1.0,0.01818181818181818,0.01818181818181818,27.5,0.08473019247674571,0.0706658921806205,0.018518518518518517,0.18518518518518517,0.0,0.4818181818181818,2.0,0.5,0.5,0.0,1.0,0.01818181818181818,0.01818181818181818,4.0,0.25,0.25,0.0,1.0,0.05454545454545454,0.05454545454545454,28.5,0.08234766704970053,0.06814211031702691,0.017857142857142856,0.17857142857142858,0.0,0.5,6.0,0.16666666666666666,0.16666666666666666,0.0,1.0,0.09090909090909091,0.09090909090909091,near_isomer
ZBKQWKUOHCFGHI,T2_tims,50,True,0.08998410676658848,1.0,1.0,1.0,1.0,1.0,0.0,0.0,15.0,0.06988830937958436,0.06988830937958436,0.0,0.09090909090909091,0.42105263157894735,0.6842105263157895,2.0,0.5,0.5,0.0,1.0,0.05263157894736842,0.05263157894736842,2.0,0.5,0.5,0.0,1.0,0.05263157894736842,0.05263157894736842,10.5,0.1798869828571841,0.1798869828571841,0.05,0.5,0.0,0.5,2.0,0.5,0.5,0.0,1.0,0.05263157894736842,0.05263157894736842,correct
ZCNRTKFZXJLMSI,T2_tims,166,True,0.03429043661034367,2.0,0.5,0.5,0.0,1.0,0.008849557522123894,0.008849557522123894,60.0,0.02144019728716547,0.005592462747466446,0.0,0.0,0.13274336283185842,0.5221238938053098,2.0,0.5,0.5,0.0,1.0,0.008849557522123894,0.008849557522123894,2.0,0.5,0.5,0.0,1.0,0.008849557522123894,0.008849557522123894,57.5,0.04664731285989688,0.033473317348714976,0.008771929824561403,0.08771929824561403,0.0,0.5,1.0,1.0,1.0,1.0,1.0,0.0,0.0,near_isomer
ZCPZVCWVRWBFTI,T2_tims,59,True,0.07903735163195034,8.0,0.125,0.125,0.0,1.0,0.21212121212121213,0.21212121212121213,24.5,0.043332383194155305,0.028219792559559014,0.0,0.0,0.42424242424242425,0.7121212121212122,1.0,1.0,1.0,1.0,1.0,0.0,0.0,1.0,1.0,1.0,1.0,1.0,0.0,0.0,26.5,0.044736187253928625,0.029029115405448613,0.0,0.029411764705882353,0.0,0.5,1.0,1.0,1.0,1.0,1.0,0.0,0.0,distant_isomer
ZCRXRZOPFFACJY,T2_tims,38,True,0.11126057929724605,3.0,0.3333333333333333,0.3333333333333333,0.0,1.0,0.09523809523809523,0.09523809523809523,23.5,0.04278000984522723,0.03636975343497082,0.0,0.0,0.7619047619047619,0.8809523809523809,2.0,0.5,0.5,0.0,1.0,0.047619047619047616,0.047619047619047616,2.0,0.5,0.5,0.0,1.0,0.047619047619047616,0.047619047619047616,15.5,0.08050392649462328,0.07875567474637152,0.0,0.2727272727272727,0.0,0.5,2.0,0.5,0.5,0.0,1.0,0.047619047619047616,0.047619047619047616,distant_isomer
ZCUMIVVVAIBMFF,T2_tims,12,True,0.25860088985088986,1.0,1.0,1.0,1.0,1.0,0.0,0.0,5.0,0.20555555555555557,0.20555555555555557,0.0,1.0,0.0,0.5,1.0,1.0,1.0,1.0,1.0,0.0,0.0,1.0,1.0,1.0,1.0,1.0,0.0,0.0,2.0,0.611111111111111,0.611111111111111,0.3333333333333333,1.0,0.0,0.5,1.0,1.0,1.0,1.0,1.0,0.0,0.0,correct
ZEAKVASDKVHTQQ,T2_tims,110,True,0.048020314529490696,46.0,0.021739130434782608,0.0,0.0,0.0,0.4166666666666667,0.4166666666666667,55.5,0.027332646086606172,0.012740635780170456,0.0,0.03125,0.05555555555555555,0.49537037037037035,1.0,1.0,1.0,1.0,1.0,0.0,0.0,1.0,1.0,1.0,1.0,1.0,0.0,0.0,55.0,0.048377465038101544,0.03500879062159181,0.009174311926605505,0.09174311926605505,0.0,0.5,1.0,1.0,1.0,1.0,1.0,0.0,0.0,distant_isomer
ZEBPCVIZNBVKEB,T2_tims,47,True,0.0944247625900167,24.0,0.041666666666666664,0.041666666666666664,0.0,0.0,0.64,0.64,33.5,0.030785355475749353,0.004083333333333333,0.0,0.0,0.12,0.5,46.0,0.021739130434782608,0.0,0.0,0.0,1.0,1.0,44.0,0.022727272727272728,0.0,0.0,0.0,1.0,1.0,33.5,0.03149798418624703,0.008393020023454807,0.0,0.0,0.0,0.5,29.0,0.034482758620689655,0.0,0.0,0.0,0.72,0.72,distant_isomer
ZEHZPGRYYKUEJW,T2_tims,43,True,0.10116275861864714,1.0,1.0,1.0,1.0,1.0,0.0,0.0,25.5,0.039230769230769236,0.02,0.0,0.0,0.0,0.1,2.0,0.5,0.5,0.0,1.0,0.2,0.2,3.0,0.3333333333333333,0.3333333333333333,0.0,1.0,0.4,0.4,19.5,0.051680709498046956,0.051680709498046956,0.0,0.0,0.0,0.5,1.0,1.0,1.0,1.0,1.0,0.0,0.0,correct
ZENPHNUIGDLOIH,T2_tims,267,True,0.023094890687373245,3.0,0.3333333333333333,0.3333333333333333,0.0,1.0,0.007547169811320755,0.007547169811320755,171.0,0.006623386094864982,0.0,0.0,0.0,0.27547169811320754,0.6377358490566037,3.0,0.3333333333333333,0.3333333333333333,0.0,1.0,0.007547169811320755,0.007547169811320755,2.0,0.5,0.5,0.0,1.0,0.0037735849056603774,0.0037735849056603774,133.5,0.02316763344051352,0.01434570743516356,0.0037593984962406013,0.03759398496240601,0.0,0.5,1.0,1.0,1.0,1.0,1.0,0.0,0.0,distant_isomer
ZETFZSTXIWDLNS,T2_tims,62,True,0.07600633690052827,1.0,1.0,1.0,1.0,1.0,0.0,0.0,4.0,0.26111111111111107,0.26111111111111107,0.0,1.0,0.0,0.1111111111111111,3.0,0.3333333333333333,0.3333333333333333,0.0,1.0,0.2222222222222222,0.2222222222222222,3.0,0.3333333333333333,0.3333333333333333,0.0,1.0,0.2222222222222222,0.2222222222222222,7.5,0.16032106782106778,0.16032106782106778,0.0,0.8,0.0,0.5,3.0,0.3333333333333333,0.3333333333333333,0.0,1.0,0.2222222222222222,0.2222222222222222,correct
ZEZBIPDHMFCVQX,T2_tims,151,True,0.03707154374304748,3.0,0.3333333333333333,0.3333333333333333,0.0,1.0,0.01680672268907563,0.01680672268907563,56.5,0.02145673798556563,0.00422171183627886,0.0,0.0,0.15126050420168066,0.46638655462184875,2.0,0.5,0.5,0.0,1.0,0.008403361344537815,0.008403361344537815,2.0,0.5,0.5,0.0,1.0,0.008403361344537815,0.008403361344537815,60.5,0.044740569061278296,0.03179965148127923,0.008333333333333333,0.08333333333333333,0.0,0.5,1.0,1.0,1.0,1.0,1.0,0.0,0.0,near_isomer
ZFHMMWNESQHDBJ,T2_tims,114,True,0.04664731285989688,13.0,0.07692307692307693,0.07692307692307693,0.0,0.0,0.07317073170731707,0.07317073170731707,24.5,0.05213174462912052,0.03794328271537519,0.0,0.1111111111111111,0.0975609756097561,0.524390243902439,2.0,0.5,0.5,0.0,1.0,0.024390243902439025,0.024390243902439025,2.0,0.5,0.5,0.0,1.0,0.024390243902439025,0.024390243902439025,42.5,0.025783504736739033,0.004061892214066127,0.0,0.0,0.0,0.5,2.0,0.5,0.5,0.0,1.0,0.024390243902439025,0.024390243902439025,distant_isomer
ZFSATJIWULQPRW,T2_tims,45,False,0.09766551367891826,1.0,1.0,1.0,1.0,1.0,,,3.0,0.3333333333333333,0.3333333333333333,0.0,1.0,,,1.0,1.0,1.0,1.0,1.0,,,1.0,1.0,1.0,1.0,1.0,,,3.0,0.3333333333333333,0.3333333333333333,0.0,1.0,,,1.0,1.0,1.0,1.0,1.0,,,correct
ZFTIPHVLCLPEOT,T2_tims,111,True,0.04766886132660348,39.0,0.02564102564102564,0.0,0.0,0.0,0.2714285714285714,0.2714285714285714,7.0,0.24462567347182732,0.24462567347182732,0.07692307692307693,0.7692307692307693,0.0,0.08571428571428572,1.0,1.0,1.0,1.0,1.0,0.0,0.0,1.0,1.0,1.0,1.0,1.0,0.0,0.0,36.0,0.0682664966856384,0.05374588982751419,0.014084507042253521,0.14084507042253522,0.0,0.5,3.0,0.3333333333333333,0.3333333333333333,0.0,1.0,0.02857142857142857,0.02857142857142857,unrelated
ZFXYFBGIUFBOJW,T1_np,8,True,0.3397321428571428,6.0,0.16666666666666666,0.16666666666666666,0.0,1.0,0.8333333333333334,0.8333333333333334,5.0,0.2454081632653061,0.2454081632653061,0.0,1.0,0.0,0.5,3.0,0.3333333333333333,0.3333333333333333,0.0,1.0,0.3333333333333333,0.3333333333333333,1.0,1.0,1.0,1.0,1.0,0.0,0.0,4.0,0.37040816326530607,0.37040816326530607,0.14285714285714285,1.0,0.0,0.5,5.0,0.2,0.2,0.0,1.0,0.6666666666666666,0.6666666666666666,distant_isomer
ZFZITSDETGOXQP,T2_tims,57,True,0.081210758147936,35.0,0.02857142857142857,0.0,0.0,0.0,0.6923076923076923,0.6923076923076923,35.5,0.031884580467427356,0.012443229613112842,0.0,0.0,0.0,0.5,4.0,0.25,0.25,0.0,1.0,0.07692307692307693,0.07692307692307693,5.0,0.2,0.2,0.0,1.0,0.10256410256410256,0.10256410256410256,20.5,0.1069635759734094,0.09539895444383768,0.025,0.25,0.0,0.5,6.0,0.16666666666666666,0.16666666666666666,0.0,1.0,0.10256410256410256,0.10256410256410256,distant_isomer
ZGGYCZDTLTXRBM,T2_tims,62,True,0.07600633690052827,1.0,1.0,1.0,1.0,1.0,0.0,0.0,27.5,0.036619210543709986,0.010208333333333333,0.0,0.0,0.0,0.1590909090909091,1.0,1.0,1.0,1.0,1.0,0.0,0.0,2.0,0.5,0.5,0.0,1.0,0.0,0.0,18.0,0.06572407815595904,0.05938948598928291,0.0,0.17391304347826086,0.0,0.5,1.0,1.0,1.0,1.0,1.0,0.0,0.0,correct
ZGLXUQQMLLIKAN,T1_np,157,True,0.03590218345757701,150.0,0.006666666666666667,0.0,0.0,0.0,0.9453125,0.9453125,99.0,0.010489198335543633,0.0,0.0,0.0,0.4609375,0.7109375,29.0,0.03451012588943623,0.0,0.0,0.0,0.1328125,0.140625,12.0,0.08372183372183373,0.08372183372183373,0.0,0.0,0.078125,0.0859375,93.0,0.013251719099792423,0.0,0.0,0.0,0.0,0.5,4.0,0.26111111111111107,0.26111111111111107,0.0,1.0,0.015625,0.0234375,distant_isomer
ZGVVAHCDLDVSLV,T2_tims,49,True,0.09141235384345764,1.0,1.0,1.0,1.0,1.0,0.0,0.0,20.0,0.05008354218880534,0.05008354218880534,0.0,0.0,0.0,0.5,1.0,1.0,1.0,1.0,1.0,0.0,0.0,1.0,1.0,1.0,1.0,1.0,0.0,0.0,2.0,0.611111111111111,0.611111111111111,0.3333333333333333,1.0,0.0,0.5,1.0,1.0,1.0,1.0,1.0,0.0,0.0,correct
ZHRUVGYUPQWGIC,T2_tims,9,True,0.31432980599647264,1.0,1.0,1.0,1.0,1.0,0.0,0.0,1.5,0.75,0.75,0.5,1.0,0.0,0.5,1.0,1.0,1.0,1.0,1.0,0.0,0.0,1.0,1.0,1.0,1.0,1.0,0.0,0.0,1.5,0.75,0.75,0.5,1.0,0.0,0.5,1.0,1.0,1.0,1.0,1.0,0.0,0.0,correct
ZHSBFFXUUOUVCT,T2_tims,157,True,0.03590218345757701,99.0,0.010101010101010102,0.0,0.0,0.0,0.725925925925926,0.725925925925926,66.0,0.041650571954597225,0.02912945173857639,0.007633587786259542,0.07633587786259542,0.0,0.48148148148148145,1.0,1.0,1.0,1.0,1.0,0.0,0.0,1.0,1.0,1.0,1.0,1.0,0.0,0.0,68.5,0.04039369496890821,0.028058516012893435,0.007352941176470588,0.07352941176470588,0.0,0.5,1.0,1.0,1.0,1.0,1.0,0.0,0.0,distant_isomer
ZHSOTLOTTDYIIK,T1_np,3,True,0.611111111111111,3.0,0.3333333333333333,0.3333333333333333,0.0,1.0,1.0,1.0,2.0,0.611111111111111,0.611111111111111,0.3333333333333333,1.0,0.0,0.5,3.0,0.3333333333333333,0.3333333333333333,0.0,1.0,1.0,1.0,2.0,0.5,0.5,0.0,1.0,0.5,0.5,2.0,0.611111111111111,0.611111111111111,0.3333333333333333,1.0,0.0,0.5,3.0,0.3333333333333333,0.3333333333333333,0.0,1.0,1.0,1.0,near_isomer
ZHXPVYBGCDKHPR,T2_tims,18,True,0.1941726710109063,4.0,0.25,0.25,0.0,1.0,0.14285714285714285,0.14285714285714285,4.5,0.3397321428571428,0.3397321428571428,0.125,1.0,0.0,0.5,1.0,1.0,1.0,1.0,1.0,0.0,0.0,1.0,1.0,1.0,1.0,1.0,0.0,0.0,4.5,0.3397321428571428,0.3397321428571428,0.125,1.0,0.0,0.5,1.0,1.0,1.0,1.0,1.0,0.0,0.0,unrelated
ZIPOMLOYBOWIIQ,T2_tims,36,True,0.11595997768873996,1.0,1.0,1.0,1.0,1.0,0.0,0.0,9.5,0.15247203266504739,0.15247203266504739,0.0,0.5625,0.0,0.375,1.0,1.0,1.0,1.0,1.0,0.0,0.0,1.0,1.0,1.0,1.0,1.0,0.0,0.0,11.0,0.17358850975060616,0.17358850975060616,0.047619047619047616,0.47619047619047616,0.0,0.5,1.0,1.0,1.0,1.0,1.0,0.0,0.0,correct
ZIXXPCWWUWNMNF,T2_tims,49,True,0.09141235384345764,15.0,0.06666666666666667,0.06666666666666667,0.0,0.0,0.3333333333333333,0.3333333333333333,25.0,0.06007799796866911,0.046107554521399384,0.0,0.16279069767441862,0.0,0.5,1.0,1.0,1.0,1.0,1.0,0.0,0.0,1.0,1.0,1.0,1.0,1.0,0.0,0.0,22.0,0.10116275861864714,0.08874321343612808,0.023255813953488372,0.23255813953488372,0.0,0.5,1.0,1.0,1.0,1.0,1.0,0.0,0.0,distant_isomer
ZJLNPGVQEHQALX,T2_tims,158,True,0.03571501213141545,3.0,0.3333333333333333,0.3333333333333333,0.0,1.0,0.013422818791946308,0.013422818791946308,145.0,0.0069110389333705965,0.0,0.0,0.0,0.8523489932885906,0.9261744966442953,14.0,0.07142857142857142,0.07142857142857142,0.0,0.0,0.087248322147651,0.087248322147651,10.0,0.1,0.1,0.0,1.0,0.06040268456375839,0.06040268456375839,81.5,0.02120182250725332,0.009106387851690045,0.0,0.02666666666666667,0.0,0.5,10.0,0.1,0.1,0.0,1.0,0.06040268456375839,0.06040268456375839,near_isomer
ZJTJUVIJVLLGSP,T1_np,3,True,0.611111111111111,2.0,0.5,0.5,0.0,1.0,0.5,0.5,2.0,0.611111111111111,0.611111111111111,0.3333333333333333,1.0,0.0,0.5,1.0,1.0,1.0,1.0,1.0,0.0,0.0,1.0,1.0,1.0,1.0,1.0,0.0,0.0,2.0,0.611111111111111,0.611111111111111,0.3333333333333333,1.0,0.0,0.5,1.0,1.0,1.0,1.0,1.0,0.0,0.0,distant_isomer
ZKKFYFATUSOSNW,T2_tims,103,True,0.05064845793370229,10.0,0.1,0.1,0.0,1.0,0.16981132075471697,0.16981132075471697,32.5,0.03258494070798616,0.01031609694653173,0.0,0.0,0.3584905660377358,0.5943396226415094,2.0,0.5,0.5,0.0,1.0,0.018867924528301886,0.018867924528301886,2.0,0.5,0.5,0.0,1.0,0.018867924528301886,0.018867924528301886,34.5,0.03895197616143603,0.022650019164747476,0.0,0.05555555555555555,0.0,0.5,1.0,1.0,1.0,1.0,1.0,0.0,0.0,distant_isomer
ZKLPARSLTMPFCP,T1_np,19,True,0.18672313984966749,1.0,1.0,1.0,1.0,1.0,0.0,0.0,4.0,0.26111111111111107,0.26111111111111107,0.0,1.0,0.0,0.14285714285714285,1.0,1.0,1.0,1.0,1.0,0.0,0.0,1.0,1.0,1.0,1.0,1.0,0.0,0.0,4.5,0.3397321428571428,0.3397321428571428,0.125,1.0,0.0,0.5,1.0,1.0,1.0,1.0,1.0,0.0,0.0,correct
ZKVFBYCLHZKMQK,T2_tims,43,True,0.10116275861864714,16.0,0.0625,0.0625,0.0,0.0,0.5,0.5,3.0,0.3333333333333333,0.3333333333333333,0.0,1.0,1.0,1.0,1.0,1.0,1.0,1.0,1.0,0.0,0.0,1.0,1.0,1.0,1.0,1.0,0.0,0.0,2.0,0.611111111111111,0.611111111111111,0.3333333333333333,1.0,0.0,0.5,1.0,1.0,1.0,1.0,1.0,0.0,0.0,unrelated
ZLADIKNIIKMGRO,T2_tims,9,True,0.31432980599647264,1.0,1.0,1.0,1.0,1.0,0.0,0.0,5.0,0.2,0.2,0.0,1.0,1.0,1.0,1.0,1.0,1.0,1.0,1.0,0.0,0.0,1.0,1.0,1.0,1.0,1.0,0.0,0.0,3.0,0.3611111111111111,0.3611111111111111,0.0,1.0,0.0,0.5,1.0,1.0,1.0,1.0,1.0,0.0,0.0,correct
ZMXORMWTZBMKOX,T2_tims,246,True,0.02473405830941091,2.0,0.5,0.5,0.0,1.0,0.004098360655737705,0.004098360655737705,154.5,0.007429930767906088,0.0,0.0,0.0,0.2581967213114754,0.6290983606557377,1.5,0.75,0.75,0.5,1.0,0.0,0.0020491803278688526,1.5,0.75,0.75,0.5,1.0,0.0,0.0020491803278688526,123.0,0.0248184216467946,0.015575339501034723,0.004081632653061225,0.04081632653061224,0.0,0.5,1.5,0.75,0.75,0.5,1.0,0.0,0.0020491803278688526,near_isomer
ZMXYDDJOVIOMST,T2_tims,185,True,0.031352820312553376,2.0,0.5,0.5,0.0,1.0,0.005434782608695652,0.005434782608695652,87.0,0.013398383538913336,0.0,0.0,0.0,0.1793478260869565,0.4673913043478261,4.0,0.25,0.25,0.0,1.0,0.016304347826086956,0.016304347826086956,10.0,0.1,0.1,0.0,1.0,0.04891304347826087,0.04891304347826087,93.0,0.031352820312553376,0.020626800960829767,0.005405405405405406,0.05405405405405406,0.0,0.5,4.0,0.25,0.25,0.0,1.0,0.016304347826086956,0.016304347826086956,distant_isomer
ZMYTXHQSWUYPJP,T2_tims,27,True,0.1441280278982253,1.0,1.0,1.0,1.0,1.0,0.0,0.0,4.5,0.3397321428571428,0.3397321428571428,0.125,1.0,0.0,0.4375,1.0,1.0,1.0,1.0,1.0,0.0,0.0,1.0,1.0,1.0,1.0,1.0,0.0,0.0,5.0,0.31432980599647264,0.31432980599647264,0.1111111111111111,1.0,0.0,0.5,1.0,1.0,1.0,1.0,1.0,0.0,0.0,correct
ZNJFBWYDHIGLCU,T1_np,114,True,0.04664731285989688,5.0,0.2,0.2,0.0,1.0,0.035398230088495575,0.035398230088495575,57.5,0.04664731285989688,0.033473317348714976,0.008771929824561403,0.08771929824561403,0.0,0.5,7.0,0.14285714285714285,0.14285714285714285,0.0,1.0,0.05309734513274336,0.05309734513274336,8.0,0.125,0.125,0.0,1.0,0.061946902654867256,0.061946902654867256,57.5,0.04664731285989688,0.033473317348714976,0.008771929824561403,0.08771929824561403,0.0,0.5,9.0,0.1111111111111111,0.1111111111111111,0.0,1.0,0.07079646017699115,0.07079646017699115,distant_isomer
ZOAPTGQTOHFVOS,T2_tims,144,True,0.03854511922182927,3.0,0.3333333333333333,0.3333333333333333,0.0,1.0,0.014598540145985401,0.014598540145985401,99.5,0.010395694331238823,0.0,0.0,0.0,0.48175182481751827,0.7043795620437956,13.5,0.07417582417582418,0.07417582417582418,0.0,0.0,0.08759124087591241,0.09124087591240876,11.5,0.08712121212121213,0.08712121212121213,0.0,0.0,0.072992700729927,0.07664233576642336,69.5,0.03991368233808771,0.027651870853286284,0.007246376811594203,0.07246376811594203,0.0,0.5,10.5,0.09545454545454546,0.09545454545454546,0.0,0.5,0.06569343065693431,0.06934306569343066,near_isomer
ZOTNASDWUCRWER,T2_tims,29,True,0.13660875164093303,2.0,0.5,0.5,0.0,1.0,0.04,0.04,11.5,0.11654109206353788,0.11654109206353788,0.0,0.4444444444444444,0.0,0.34,1.5,0.75,0.75,0.5,1.0,0.0,0.02,1.5,0.75,0.75,0.5,1.0,0.0,0.02,15.5,0.09335273226793725,0.08907531452898103,0.0,0.3076923076923077,0.0,0.5,1.5,0.75,0.75,0.5,1.0,0.0,0.02,near_isomer
ZPBIVXDQMRIJOL,T2_tims,267,True,0.023094890687373245,3.0,0.3333333333333333,0.3333333333333333,0.0,1.0,0.007547169811320755,0.007547169811320755,171.0,0.006623386094864982,0.0,0.0,0.0,0.27547169811320754,0.6377358490566037,3.0,0.3333333333333333,0.3333333333333333,0.0,1.0,0.007547169811320755,0.007547169811320755,3.0,0.3333333333333333,0.3333333333333333,0.0,1.0,0.007547169811320755,0.007547169811320755,133.5,0.02316763344051352,0.01434570743516356,0.0037593984962406013,0.03759398496240601,0.0,0.5,3.0,0.3333333333333333,0.3333333333333333,0.0,1.0,0.007547169811320755,0.007547169811320755,distant_isomer
ZQCYEUMJXQGDAZ,T2_tims,54,True,0.08473019247674571,2.0,0.5,0.5,0.0,1.0,0.023255813953488372,0.023255813953488372,30.0,0.03974966882977361,0.02274333137910905,0.0,0.0,0.0,0.4418604651162791,2.0,0.5,0.5,0.0,1.0,0.0,0.0,1.0,1.0,1.0,1.0,1.0,0.0,0.0,32.5,0.03741959408581853,0.020158861904210294,0.0,0.0,0.0,0.5,2.0,0.5,0.5,0.0,1.0,0.023255813953488372,0.023255813953488372,distant_isomer
ZQUDPVBFYDZCJX,T2_tims,84,True,0.05969015517363009,19.0,0.05263157894736842,0.05263157894736842,0.0,0.0,0.21951219512195122,0.21951219512195122,37.0,0.0667740929274822,0.05227339969525353,0.0136986301369863,0.136986301369863,0.0,0.43902439024390244,4.0,0.25,0.25,0.0,1.0,0.036585365853658534,0.036585365853658534,3.0,0.3333333333333333,0.3333333333333333,0.0,1.0,0.024390243902439025,0.024390243902439025,42.0,0.06026588280337549,0.045975399731969964,0.012048192771084338,0.12048192771084337,0.0,0.5,4.0,0.25,0.25,0.0,1.0,0.036585365853658534,0.036585365853658534,distant_isomer
ZRBQKZFTICVNSL,T2_tims,49,True,0.09141235384345764,1.0,1.0,1.0,1.0,1.0,0.0,0.0,16.0,0.06350413984757196,0.06350413984757196,0.0,0.0,0.6470588235294118,0.8235294117647058,1.0,1.0,1.0,1.0,1.0,0.0,0.0,1.0,1.0,1.0,1.0,1.0,0.0,0.0,10.5,0.1415410920635379,0.1415410920635379,0.0,0.5,0.0,0.5,1.0,1.0,1.0,1.0,1.0,0.0,0.0,correct
ZRJBHWIHUMBLCN,T1_np,29,True,0.13660875164093303,26.0,0.038461538461538464,0.0,0.0,0.0,0.8928571428571429,0.8928571428571429,15.0,0.13660875164093303,0.13158476475012093,0.034482758620689655,0.3448275862068966,0.0,0.5,6.5,0.15476190476190477,0.15476190476190477,0.0,1.0,0.17857142857142858,0.19642857142857142,12.5,0.08012820512820512,0.08012820512820512,0.0,0.0,0.39285714285714285,0.4107142857142857,15.0,0.13660875164093303,0.13158476475012093,0.034482758620689655,0.3448275862068966,0.0,0.5,2.5,0.41666666666666663,0.41666666666666663,0.0,1.0,0.03571428571428571,0.05357142857142857,distant_isomer
ZRMUUULRLFNPQO,T2_tims,52,True,0.08727007597495093,1.0,1.0,1.0,1.0,1.0,0.0,0.0,25.0,0.09141235384345764,0.07787669750517362,0.02040816326530612,0.20408163265306123,0.0,0.5,1.0,1.0,1.0,1.0,1.0,0.0,0.0,2.0,0.5,0.5,0.0,1.0,0.020833333333333332,0.020833333333333332,25.0,0.09141235384345764,0.07787669750517362,0.02040816326530612,0.20408163265306123,0.0,0.5,1.0,1.0,1.0,1.0,1.0,0.0,0.0,correct
ZSEYPTBGNZXUMP,T2_tims,44,True,0.09938013393929772,2.0,0.5,0.5,0.0,1.0,0.023809523809523808,0.023809523809523808,23.0,0.07843548589137442,0.0654873994826397,0.0,0.20930232558139536,0.0,0.5,1.5,0.75,0.75,0.5,1.0,0.0,0.011904761904761904,1.5,0.75,0.75,0.5,1.0,0.0,0.011904761904761904,22.0,0.10116275861864714,0.08874321343612808,0.023255813953488372,0.23255813953488372,0.0,0.5,1.5,0.75,0.75,0.5,1.0,0.0,0.011904761904761904,near_isomer
ZTDYZBJZNNCMIZ,T2_tims,159,True,0.03552994481094177,3.0,0.3333333333333333,0.3333333333333333,0.0,1.0,0.01282051282051282,0.01282051282051282,86.0,0.017320071746456216,0.004848622445869583,0.0,0.0,0.0641025641025641,0.532051282051282,3.0,0.3333333333333333,0.3333333333333333,0.0,1.0,0.01282051282051282,0.01282051282051282,1.0,1.0,1.0,1.0,1.0,0.0,0.0,79.0,0.03590218345757701,0.02430546610034081,0.006369426751592357,0.06369426751592357,0.0,0.5,2.0,0.5,0.5,0.0,1.0,0.00641025641025641,0.00641025641025641,near_isomer
ZTWGEHVWTWDXFU,T2_tims,140,True,0.039445894745737696,2.0,0.5,0.5,0.0,1.0,0.007407407407407408,0.007407407407407408,66.0,0.01681351191598696,0.0,0.0,0.0,0.22962962962962963,0.48148148148148145,9.0,0.1111111111111111,0.1111111111111111,0.0,1.0,0.05925925925925926,0.05925925925925926,7.0,0.14285714285714285,0.14285714285714285,0.0,1.0,0.044444444444444446,0.044444444444444446,68.5,0.04039369496890821,0.028058516012893435,0.007352941176470588,0.07352941176470588,0.0,0.5,6.0,0.16666666666666666,0.16666666666666666,0.0,1.0,0.037037037037037035,0.037037037037037035,distant_isomer
ZTZAGVCVDKXBIZ,T2_tims,34,True,0.12112382324839507,23.0,0.043478260869565216,0.043478260869565216,0.0,0.0,0.6875,0.6875,32.0,0.031270364939719776,0.0,0.0,0.0,0.9375,0.96875,5.0,0.2,0.2,0.0,1.0,0.125,0.125,2.0,0.5,0.5,0.0,1.0,0.03125,0.03125,17.0,0.12390297653756213,0.11563509629556082,0.030303030303030304,0.30303030303030304,0.0,0.5,1.0,1.0,1.0,1.0,1.0,0.0,0.0,distant_isomer
ZUEAJEABUYXBNA,T2_tims,114,True,0.04664731285989688,18.0,0.05555555555555555,0.05555555555555555,0.0,0.0,0.15454545454545454,0.15454545454545454,83.0,0.01268222991367561,0.0,0.0,0.0,0.43636363636363634,0.7181818181818181,1.0,1.0,1.0,1.0,1.0,0.0,0.0,1.0,1.0,1.0,1.0,1.0,0.0,0.0,56.0,0.04766886132660348,0.03437800160138295,0.009009009009009009,0.09009009009009009,0.0,0.5,1.0,1.0,1.0,1.0,1.0,0.0,0.0,distant_isomer
ZWFYVTWAKIHBJN,T2_tims,7,True,0.37040816326530607,1.0,1.0,1.0,1.0,1.0,0.0,0.0,4.0,0.37040816326530607,0.37040816326530607,0.14285714285714285,1.0,0.0,0.5,1.0,1.0,1.0,1.0,1.0,0.0,0.0,1.0,1.0,1.0,1.0,1.0,0.0,0.0,4.0,0.37040816326530607,0.37040816326530607,0.14285714285714285,1.0,0.0,0.5,1.0,1.0,1.0,1.0,1.0,0.0,0.0,correct
ZWQRBHOGOOLFAD,T2_tims,4,False,0.5208333333333333,1.0,1.0,1.0,1.0,1.0,,,4.0,0.25,0.25,0.0,1.0,,,1.0,1.0,1.0,1.0,1.0,,,1.0,1.0,1.0,1.0,1.0,,,4.0,0.25,0.25,0.0,1.0,,,1.0,1.0,1.0,1.0,1.0,,,correct
ZWUCSQDLAHTRID,T2_tims,156,True,0.03609149600056409,1.0,1.0,1.0,1.0,1.0,0.0,0.0,82.5,0.018669744811154597,0.0061596522485087,0.0,0.0,0.039735099337748346,0.5132450331125827,1.0,1.0,1.0,1.0,1.0,0.0,0.0,1.0,1.0,1.0,1.0,1.0,0.0,0.0,76.5,0.0368709345563723,0.025104988011536232,0.006578947368421052,0.06578947368421052,0.0,0.5,1.0,1.0,1.0,1.0,1.0,0.0,0.0,correct
ZXDZQPSJJIUXMX,T2_tims,107,True,0.049109440354833674,3.0,0.3333333333333333,0.3333333333333333,0.0,1.0,0.03225806451612903,0.03225806451612903,74.0,0.01380586397645487,0.0,0.0,0.0,0.41935483870967744,0.7096774193548387,1.0,1.0,1.0,1.0,1.0,0.0,0.0,1.0,1.0,1.0,1.0,1.0,0.0,0.0,60.0,0.018514104363034266,0.0,0.0,0.0,0.0,0.5,1.0,1.0,1.0,1.0,1.0,0.0,0.0,distant_isomer
ZXYAPLYKSBWPOF,T2_tims,155,True,0.03628298786888866,1.0,1.0,1.0,1.0,1.0,0.0,0.0,53.5,0.020932101761303015,0.0006896551724137932,0.0,0.0,0.12837837837837837,0.32094594594594594,1.0,1.0,1.0,1.0,1.0,0.0,0.0,1.0,1.0,1.0,1.0,1.0,0.0,0.0,75.0,0.03747995920790075,0.025610457568815484,0.006711409395973154,0.06711409395973154,0.0,0.5,1.0,1.0,1.0,1.0,1.0,0.0,0.0,correct
ZZIWGBOHORQENQ,T2_tims,163,True,0.03481000131224105,16.0,0.0625,0.0625,0.0,0.0,0.11278195488721804,0.11278195488721804,75.5,0.01908632924163036,0.005656726186847847,0.0,0.0,0.06015037593984962,0.5300751879699248,4.0,0.25,0.25,0.0,1.0,0.022556390977443608,0.022556390977443608,2.0,0.5,0.5,0.0,1.0,0.007518796992481203,0.007518796992481203,70.5,0.02736946606351624,0.014795707794180398,0.0,0.05223880597014925,0.0,0.5,7.0,0.14285714285714285,0.14285714285714285,0.0,1.0,0.045112781954887216,0.045112781954887216,distant_isomer
ZZVUWRFHKOJYTH,T1_np,13,True,0.24462567347182732,1.0,1.0,1.0,1.0,1.0,0.0,0.0,7.0,0.24462567347182732,0.24462567347182732,0.07692307692307693,0.7692307692307693,0.0,0.5,4.0,0.25,0.25,0.0,1.0,0.25,0.25,4.0,0.25,0.25,0.0,1.0,0.25,0.25,7.0,0.24462567347182732,0.24462567347182732,0.07692307692307693,0.7692307692307693,0.0,0.5,4.0,0.25,0.25,0.0,1.0,0.25,0.25,correct
