universe,pop,ik,n_cand_e14,E14_rank,E14_rr,E14_rr25,E14_r@1,E14_r@10,E14_r@50,E14_r@100,n_cand_b,B0_rank,B0_rr25,B0_r@1,B0_r@10,B1_rank,B1_rr25,B1_r@1,B1_r@10,B3_rank,B3_rr25,B3_r@1,B3_r@10
COCONUT,T1_np,ACNHBCIZLNNLRS,21,12.0,0.11291361604014365,0.11291361604014365,0.0,0.42105263157894735,1.0,1.0,21,11.0,0.17358850975060616,0.047619047619047616,0.47619047619047616,8.0,0.22121526621526624,0.06666666666666667,0.6666666666666666,12.0,0.08333333333333333,0.0,0.0
COCONUT+train,T1_np,ACNHBCIZLNNLRS,23,14.0,0.0868925356712372,0.0868925356712372,0.0,0.3157894736842105,1.0,1.0,23,12.0,0.16236050048203654,0.043478260869565216,0.43478260869565216,9.5,0.15247203266504739,0.0,0.5625,14.0,0.07142857142857142,0.0,0.0
COCONUT,T1_np,ACWBQPMHZXGDFX,31,23.0,0.04562840405142315,0.03319975595242237,0.0,0.0,1.0,1.0,31,16.0,0.12309542508882282,0.03225806451612903,0.3225806451612903,13.0,0.08202281230356097,0.0,0.2727272727272727,15.0,0.06666666666666667,0.0,0.0
COCONUT+train,T1_np,ACWBQPMHZXGDFX,36,28.0,0.036871737626526895,0.01577756003587206,0.0,0.0,1.0,1.0,36,18.5,0.10599883827093076,0.027777777777777776,0.2777777777777778,16.0,0.06776229121531316,0.0,0.13333333333333333,19.0,0.05263157894736842,0.0,0.0
COCONUT,T1_np,ADEBPBSSDYVVLD,20,10.5,0.1798869828571841,0.1798869828571841,0.05,0.5,1.0,1.0,20,10.5,0.1798869828571841,0.05,0.5,9.5,0.1941726710109063,0.05555555555555555,0.5555555555555556,1.0,1.0,1.0,1.0
COCONUT+train,T1_np,ADEBPBSSDYVVLD,22,12.5,0.10954066251086374,0.10954066251086374,0.0,0.4,1.0,1.0,22,11.5,0.16776423864623977,0.045454545454545456,0.45454545454545453,10.5,0.1798869828571841,0.05,0.5,1.0,1.0,1.0,1.0
COCONUT,T1_np,AGOYDEPGAOXOCK,4,3.5,0.29166666666666663,0.29166666666666663,0.0,1.0,1.0,1.0,4,2.5,0.5208333333333333,0.25,1.0,3.5,0.29166666666666663,0.0,1.0,1.0,1.0,1.0,1.0
COCONUT+train,T1_np,AGOYDEPGAOXOCK,4,3.5,0.29166666666666663,0.29166666666666663,0.0,1.0,1.0,1.0,4,2.5,0.5208333333333333,0.25,1.0,3.5,0.29166666666666663,0.0,1.0,1.0,1.0,1.0,1.0
COCONUT,T1_np,AIONOLUJZLIMTK,229,124.0,0.011626217638656445,0.0010541957517382849,0.0,0.0,0.14492753623188406,0.3864734299516908,229,115.0,0.016663572828617936,0.004366812227074236,0.043668122270742356,94.5,0.02029764988166759,0.005319148936170213,0.05319148936170213,2.0,0.5,0.0,1.0
COCONUT+train,T1_np,AIONOLUJZLIMTK,237,131.0,0.010353696894895903,0.0,0.0,0.0,0.1111111111111111,0.3526570048309179,237,119.0,0.016101089357609736,0.004219409282700422,0.04219409282700422,99.5,0.00911907812852723,0.0,0.031578947368421054,2.0,0.5,0.0,1.0
COCONUT,T1_np,ALEXXDVDDISNDU,152,93.5,0.012594678492569142,0.0,0.0,0.0,0.13559322033898305,0.559322033898305,152,76.5,0.025104988011536232,0.006578947368421052,0.06578947368421052,11.5,0.16776423864623977,0.045454545454545456,0.45454545454545453,2.0,0.5,0.0,1.0
COCONUT+train,T1_np,ALEXXDVDDISNDU,180,119.5,0.009168942041313001,0.0,0.0,0.0,0.0,0.3389830508474576,180,90.5,0.02119976765418615,0.005555555555555556,0.05555555555555555,12.5,0.15733159073972947,0.041666666666666664,0.4166666666666667,2.0,0.5,0.0,1.0
COCONUT,T1_np,AMOGMTLMADGEOQ,18,10.5,0.1246942548872696,0.1246942548872696,0.0,0.5,1.0,1.0,18,9.5,0.1941726710109063,0.05555555555555555,0.5555555555555556,3.0,0.3611111111111111,0.0,1.0,16.0,0.0625,0.0,0.0
COCONUT+train,T1_np,AMOGMTLMADGEOQ,20,12.5,0.09465039523814678,0.09465039523814678,0.0,0.375,1.0,1.0,20,10.5,0.1798869828571841,0.05,0.5,3.0,0.3611111111111111,0.0,1.0,17.0,0.058823529411764705,0.0,0.0
COCONUT,T1_np,ANJTVLIZGCUXLD,23,13.0,0.09776210088862851,0.09776210088862851,0.0,0.3684210526315789,1.0,1.0,23,12.0,0.16236050048203654,0.043478260869565216,0.43478260869565216,12.0,0.16236050048203654,0.043478260869565216,0.43478260869565216,14.0,0.07142857142857142,0.0,0.0
COCONUT+train,T1_np,ANJTVLIZGCUXLD,27,17.0,0.06639803017673171,0.064373738678756,0.0,0.15789473684210525,1.0,1.0,27,14.0,0.141331784361241,0.037037037037037035,0.37037037037037035,14.0,0.141331784361241,0.037037037037037035,0.37037037037037035,18.0,0.05555555555555555,0.0,0.0
COCONUT,T1_np,APAJFZPFBHMFQR,15,11.5,0.0906714812964813,0.0906714812964813,0.0,0.375,1.0,1.0,15,8.0,0.22121526621526624,0.06666666666666667,0.6666666666666666,6.5,0.25860088985088986,0.08333333333333333,0.8333333333333334,5.0,0.2,0.0,1.0
COCONUT+train,T1_np,APAJFZPFBHMFQR,17,13.5,0.076323033584063,0.076323033584063,0.0,0.125,1.0,1.0,17,9.0,0.20232661897886814,0.058823529411764705,0.5882352941176471,7.5,0.23225445189730906,0.07142857142857142,0.7142857142857143,5.0,0.2,0.0,1.0
COCONUT,T1_np,AQCHWTWZEMGIFD,4,3.5,0.29166666666666663,0.29166666666666663,0.0,1.0,1.0,1.0,4,2.5,0.5208333333333333,0.25,1.0,1.5,0.75,0.5,1.0,2.0,0.5,0.0,1.0
COCONUT+train,T1_np,AQCHWTWZEMGIFD,11,10.0,0.10067340067340068,0.10067340067340068,0.0,0.6666666666666666,1.0,1.0,11,6.0,0.2745343040797586,0.09090909090909091,0.9090909090909091,5.0,0.2454081632653061,0.0,1.0,7.0,0.14285714285714285,0.0,1.0
COCONUT,T1_np,ASUTZQLVASHGKV,72,38.5,0.037231824338094875,0.021343096527398544,0.0,0.0625,0.6875,1.0,72,36.5,0.05299941913546538,0.013888888888888888,0.1388888888888889,36.5,0.05299941913546538,0.013888888888888888,0.1388888888888889,2.0,0.5,0.0,1.0
COCONUT+train,T1_np,ASUTZQLVASHGKV,155,109.5,0.009406514448561486,0.0,0.0,0.0,0.0,0.359375,155,78.0,0.024619085017764563,0.0064516129032258064,0.06451612903225806,78.0,0.024619085017764563,0.0064516129032258064,0.06451612903225806,2.0,0.5,0.0,1.0
COCONUT,T1_np,ATBZZQPALSPNMF,70,37.5,0.039612776719047255,0.02394726319406521,0.0,0.078125,0.703125,1.0,70,35.5,0.05451368825362153,0.014285714285714285,0.14285714285714285,3.5,0.40833333333333327,0.16666666666666666,1.0,2.0,0.5,0.0,1.0
COCONUT+train,T1_np,ATBZZQPALSPNMF,85,52.5,0.02212864652251947,0.003409664384528515,0.0,0.0,0.46875,1.0,85,43.0,0.0448936256206295,0.011764705882352941,0.11764705882352941,3.5,0.40833333333333327,0.16666666666666666,1.0,2.0,0.5,0.0,1.0
COCONUT,T1_np,AUVVAXYIELKVAI,12,6.5,0.25860088985088986,0.25860088985088986,0.08333333333333333,0.8333333333333334,1.0,1.0,12,6.5,0.25860088985088986,0.08333333333333333,0.8333333333333334,7.0,0.1912009707464253,0.0,0.8181818181818182,1.0,1.0,1.0,1.0
COCONUT+train,T1_np,AUVVAXYIELKVAI,12,6.5,0.25860088985088986,0.25860088985088986,0.08333333333333333,0.8333333333333334,1.0,1.0,12,6.5,0.25860088985088986,0.08333333333333333,0.8333333333333334,7.0,0.1912009707464253,0.0,0.8181818181818182,1.0,1.0,1.0,1.0
COCONUT,T1_np,BBMULGJBVDDDNI,39,18.0,0.08350962018514678,0.07470832831462924,0.0,0.25806451612903225,1.0,1.0,39,20.0,0.09784508148085916,0.02564102564102564,0.2564102564102564,35.5,0.0,0.0,0.0,19.0,0.05263157894736842,0.0,0.0
COCONUT+train,T1_np,BBMULGJBVDDDNI,39,18.0,0.08350962018514678,0.07470832831462924,0.0,0.25806451612903225,1.0,1.0,39,20.0,0.09784508148085916,0.02564102564102564,0.2564102564102564,35.5,0.0,0.0,0.0,19.0,0.05263157894736842,0.0,0.0
COCONUT,T1_np,BDCDNTVZSILEOY,35,20.0,0.06656284147366219,0.055891124013553985,0.0,0.1935483870967742,1.0,1.0,35,18.0,0.10902737650724306,0.02857142857142857,0.2857142857142857,18.0,0.06836637394552322,0.0,0.2413793103448276,1.0,1.0,1.0,1.0
COCONUT+train,T1_np,BDCDNTVZSILEOY,40,25.0,0.046760476934455536,0.03183838463823396,0.0,0.03225806451612903,1.0,1.0,40,20.5,0.09539895444383768,0.025,0.25,18.5,0.06608749481400579,0.0,0.23333333333333334,1.0,1.0,1.0,1.0
COCONUT,T1_np,BHQCQFFYRZLCQQ,65,36.0,0.03258046308019873,0.014129431613772262,0.0,0.0,0.8222222222222222,1.0,65,33.0,0.058707048888515495,0.015384615384615385,0.15384615384615385,25.5,0.026492684275822992,0.0,0.0,4.0,0.25,0.0,1.0
COCONUT+train,T1_np,BHQCQFFYRZLCQQ,69,40.0,0.028285341448711,0.008364570113616642,0.0,0.0,0.7333333333333333,1.0,69,35.0,0.05530374170657257,0.014492753623188406,0.14492753623188406,28.0,0.02090355004411779,0.0,0.0,4.0,0.25,0.0,1.0
COCONUT,T1_np,BJRNKVDFDLYUGJ,23,18.5,0.055415775595308504,0.055415775595308504,0.0,0.0,1.0,1.0,23,12.0,0.16236050048203654,0.043478260869565216,0.43478260869565216,6.5,0.25860088985088986,0.08333333333333333,0.8333333333333334,22.0,0.045454545454545456,0.0,0.0
COCONUT+train,T1_np,BJRNKVDFDLYUGJ,33,28.5,0.03545067146527102,0.008166666666666666,0.0,0.0,1.0,1.0,33,17.0,0.11563509629556082,0.030303030303030304,0.30303030303030304,6.5,0.25860088985088986,0.08333333333333333,0.8333333333333334,32.0,0.0,0.0,0.0
COCONUT,T1_np,BLGXFZZNTVWLAY,141,79.0,0.01719030775804675,0.003481833476196109,0.0,0.0,0.272,0.672,141,71.0,0.02706353317555679,0.0070921985815602835,0.07092198581560284,26.5,0.07338381111064438,0.019230769230769232,0.19230769230769232,2.0,0.5,0.0,1.0
COCONUT+train,T1_np,BLGXFZZNTVWLAY,205,143.0,0.007497467252341824,0.0,0.0,0.0,0.0,0.16,205,103.0,0.018614430135382963,0.004878048780487805,0.04878048780487805,43.0,0.0448936256206295,0.011764705882352941,0.11764705882352941,3.0,0.3333333333333333,0.0,1.0
COCONUT,T1_np,BMLIIPOXVWESJG,31,21.0,0.05229890197467933,0.04223761541834538,0.0,0.0,1.0,1.0,31,16.0,0.12309542508882282,0.03225806451612903,0.3225806451612903,13.5,0.11733159073972944,0.0,0.375,7.0,0.14285714285714285,0.0,1.0
COCONUT+train,T1_np,BMLIIPOXVWESJG,32,22.0,0.04945799288377025,0.03790861108934104,0.0,0.0,1.0,1.0,32,16.5,0.1192486930547971,0.03125,0.3125,13.5,0.11733159073972944,0.0,0.375,7.0,0.14285714285714285,0.0,1.0
COCONUT,T1_np,BXNJHAXVSOCGBA,29,15.0,0.10841374218393955,0.10429474732420395,0.0,0.3333333333333333,1.0,1.0,29,15.0,0.13158476475012093,0.034482758620689655,0.3448275862068966,15.0,0.13158476475012093,0.034482758620689655,0.3448275862068966,9.0,0.1111111111111111,0.0,1.0
COCONUT+train,T1_np,BXNJHAXVSOCGBA,30,16.0,0.09117236287359473,0.08577622880568543,0.0,0.2962962962962963,1.0,1.0,30,15.5,0.12719860592511692,0.03333333333333333,0.3333333333333333,15.5,0.12719860592511692,0.03333333333333333,0.3333333333333333,13.0,0.07692307692307693,0.0,0.0
COCONUT,T1_np,CBPNZQVSJQDFBE,3,3.0,0.3333333333333333,0.3333333333333333,0.0,1.0,1.0,1.0,3,2.0,0.611111111111111,0.3333333333333333,1.0,1.0,1.0,1.0,1.0,1.0,1.0,1.0,1.0
COCONUT+train,T1_np,CBPNZQVSJQDFBE,3,3.0,0.3333333333333333,0.3333333333333333,0.0,1.0,1.0,1.0,3,2.0,0.611111111111111,0.3333333333333333,1.0,1.0,1.0,1.0,1.0,1.0,1.0,1.0,1.0
COCONUT,T1_np,CEUORZQYGODEFX,16,4.0,0.25,0.25,0.0,1.0,1.0,1.0,16,8.5,0.2112955620768121,0.0625,0.625,1.0,1.0,1.0,1.0,4.0,0.25,0.0,1.0
COCONUT+train,T1_np,CEUORZQYGODEFX,24,9.0,0.1111111111111111,0.1111111111111111,0.0,1.0,1.0,1.0,24,12.5,0.15733159073972947,0.041666666666666664,0.4166666666666667,1.0,1.0,1.0,1.0,10.0,0.1,0.0,1.0
COCONUT,T1_np,CGIGDMFJXJATDK,19,11.0,0.12045527394962836,0.12045527394962836,0.0,0.47058823529411764,1.0,1.0,19,10.0,0.18672313984966749,0.05263157894736842,0.5263157894736842,8.5,0.13468004218004218,0.0,0.7,8.0,0.125,0.0,1.0
COCONUT+train,T1_np,CGIGDMFJXJATDK,30,19.0,0.056616970546107544,0.052175877869720756,0.0,0.0,1.0,1.0,30,15.5,0.12719860592511692,0.03333333333333333,0.3333333333333333,8.5,0.13468004218004218,0.0,0.7,9.0,0.1111111111111111,0.0,1.0
COCONUT,T1_np,CGTADGCBEXYWNE,3,2.0,0.611111111111111,0.611111111111111,0.3333333333333333,1.0,1.0,1.0,3,2.0,0.611111111111111,0.3333333333333333,1.0,2.0,0.5,0.0,1.0,1.0,1.0,1.0,1.0
COCONUT+train,T1_np,CGTADGCBEXYWNE,4,3.0,0.3611111111111111,0.3611111111111111,0.0,1.0,1.0,1.0,4,2.5,0.5208333333333333,0.25,1.0,2.5,0.41666666666666663,0.0,1.0,2.0,0.5,0.0,1.0
COCONUT,T1_np,CJDRUOGAGYHKKD,65,35.5,0.04126570309595085,0.025543747407002892,0.0,0.08333333333333333,0.75,1.0,65,33.0,0.058707048888515495,0.015384615384615385,0.15384615384615385,28.0,0.025342569251007224,0.0,0.0,24.0,0.041666666666666664,0.0,0.0
COCONUT+train,T1_np,CJDRUOGAGYHKKD,119,86.0,0.012155701572643295,0.0,0.0,0.0,0.0,0.7377049180327869,119,60.0,0.03206687544330678,0.008403361344537815,0.08403361344537816,52.0,0.008257460034022751,0.0,0.0,41.0,0.0,0.0,0.0
COCONUT,T1_np,CJHYKSSBQRABTM,59,32.5,0.04407167431392107,0.02838194156333655,0.0,0.09259259259259259,0.8333333333333334,1.0,59,30.0,0.06467725725005945,0.01694915254237288,0.1694915254237288,18.0,0.10902737650724306,0.02857142857142857,0.2857142857142857,1.0,1.0,1.0,1.0
COCONUT+train,T1_np,CJHYKSSBQRABTM,59,32.5,0.04407167431392107,0.02838194156333655,0.0,0.09259259259259259,0.8333333333333334,1.0,59,30.0,0.06467725725005945,0.01694915254237288,0.1694915254237288,18.0,0.10902737650724306,0.02857142857142857,0.2857142857142857,1.0,1.0,1.0,1.0
COCONUT,T1_np,CKEXCBVNKRHAMX,228,128.0,0.010533810547292358,0.0,0.0,0.0,0.11442786069651742,0.36318407960199006,228,114.5,0.016736658674357488,0.0043859649122807015,0.043859649122807015,132.0,0.0,0.0,0.0,3.0,0.3333333333333333,0.0,1.0
COCONUT+train,T1_np,CKEXCBVNKRHAMX,241,141.0,0.008883297579488036,0.0,0.0,0.0,0.04975124378109453,0.29850746268656714,241,121.0,0.015833851359973058,0.004149377593360996,0.04149377593360996,143.0,0.0,0.0,0.0,3.0,0.3333333333333333,0.0,1.0
COCONUT,T1_np,CKLJMWTZIZZHCS,5,3.0,0.45666666666666667,0.45666666666666667,0.2,1.0,1.0,1.0,5,3.0,0.45666666666666667,0.2,1.0,3.0,0.45666666666666667,0.2,1.0,1.0,1.0,1.0,1.0
COCONUT+train,T1_np,CKLJMWTZIZZHCS,5,3.0,0.45666666666666667,0.45666666666666667,0.2,1.0,1.0,1.0,5,3.0,0.45666666666666667,0.2,1.0,3.0,0.45666666666666667,0.2,1.0,1.0,1.0,1.0,1.0
COCONUT,T1_np,CLEXYFLHGFJONT,15,9.0,0.1398637687099225,0.1398637687099225,0.0,0.6153846153846154,1.0,1.0,15,8.0,0.22121526621526624,0.06666666666666667,0.6666666666666666,5.5,0.2928968253968254,0.1,1.0,1.0,1.0,1.0,1.0
COCONUT+train,T1_np,CLEXYFLHGFJONT,20,14.0,0.0772986549451184,0.0772986549451184,0.0,0.23076923076923078,1.0,1.0,20,10.5,0.1798869828571841,0.05,0.5,6.0,0.2745343040797586,0.09090909090909091,0.9090909090909091,1.0,1.0,1.0,1.0
COCONUT,T1_np,CMKFQVZJOWHHDV,65,34.5,0.040399872997013454,0.024392110317026906,0.0,0.07142857142857142,0.7857142857142857,1.0,65,33.0,0.058707048888515495,0.015384615384615385,0.15384615384615385,57.5,0.0,0.0,0.0,5.0,0.2,0.0,1.0
COCONUT+train,T1_np,CMKFQVZJOWHHDV,204,159.5,0.006340060451059966,0.0,0.0,0.0,0.0,0.0,204,102.5,0.018705677341928958,0.004901960784313725,0.049019607843137254,189.0,0.0,0.0,0.0,37.0,0.0,0.0,0.0
COCONUT,T1_np,CRSFLLTWRCYNNX,22,13.5,0.08198140408169155,0.08198140408169155,0.0,0.2857142857142857,1.0,1.0,22,11.5,0.16776423864623977,0.045454545454545456,0.45454545454545453,12.0,0.0899593202400689,0.0,0.36363636363636365,2.0,0.5,0.0,1.0
COCONUT+train,T1_np,CRSFLLTWRCYNNX,39,30.5,0.033378193766773284,0.005833333333333334,0.0,0.0,1.0,1.0,39,20.0,0.09784508148085916,0.02564102564102564,0.2564102564102564,14.0,0.07544386493513992,0.0,0.18181818181818182,2.0,0.5,0.0,1.0
COCONUT,T1_np,CTRLABGOLIVAIY,32,20.0,0.058625522103175086,0.04892404139585455,0.0,0.12,1.0,1.0,32,16.5,0.1192486930547971,0.03125,0.3125,16.0,0.09710200612943126,0.0,0.3103448275862069,2.0,0.5,0.0,1.0
COCONUT+train,T1_np,CTRLABGOLIVAIY,50,37.0,0.028129886423036727,0.0016,0.0,0.0,1.0,1.0,50,25.5,0.07631916355507014,0.02,0.2,27.0,0.03564243824232962,0.0,0.11627906976744186,4.0,0.25,0.0,1.0
COCONUT,T1_np,CWVRJTMFETXNAD,36,22.0,0.05292312133924882,0.04067040869986533,0.0,0.07407407407407407,1.0,1.0,36,18.5,0.10599883827093076,0.027777777777777776,0.2777777777777778,18.0,0.10902737650724306,0.02857142857142857,0.2857142857142857,4.0,0.25,0.0,1.0
COCONUT+train,T1_np,CWVRJTMFETXNAD,61,45.0,0.022926274011339936,0.0,0.0,0.0,0.7037037037037037,1.0,61,31.0,0.06255669143858208,0.01639344262295082,0.16393442622950818,18.0,0.10902737650724306,0.02857142857142857,0.2857142857142857,4.0,0.25,0.0,1.0
COCONUT,T1_np,CZMRCDWAGMRECN,56,30.0,0.03688341254803211,0.018206317780360654,0.0,0.0,1.0,1.0,56,28.5,0.06814211031702691,0.017857142857142856,0.17857142857142858,22.5,0.08672632222167062,0.022727272727272728,0.22727272727272727,15.0,0.06666666666666667,0.0,0.0
COCONUT+train,T1_np,CZMRCDWAGMRECN,172,117.0,0.008597489544818168,0.0,0.0,0.0,0.0,0.0,172,86.5,0.02218580335903202,0.005813953488372093,0.05813953488372093,23.5,0.08295561255985885,0.021739130434782608,0.21739130434782608,15.0,0.06666666666666667,0.0,0.0
COCONUT,T1_np,DATAGRPVKZEWHA,16,10.0,0.11903043537658921,0.11903043537658921,0.0,0.5384615384615384,1.0,1.0,16,8.5,0.2112955620768121,0.0625,0.625,8.5,0.2112955620768121,0.0625,0.625,4.0,0.25,0.0,1.0
COCONUT+train,T1_np,DATAGRPVKZEWHA,22,14.0,0.0772986549451184,0.0772986549451184,0.0,0.23076923076923078,1.0,1.0,22,11.5,0.16776423864623977,0.045454545454545456,0.45454545454545453,11.5,0.16776423864623977,0.045454545454545456,0.45454545454545453,6.0,0.16666666666666666,0.0,1.0
COCONUT,T1_np,DBEPLOCGEIEOCV,7,4.0,0.37040816326530607,0.37040816326530607,0.14285714285714285,1.0,1.0,1.0,7,4.0,0.37040816326530607,0.14285714285714285,1.0,3.5,0.3208333333333333,0.0,1.0,5.0,0.2,0.0,1.0
COCONUT+train,T1_np,DBEPLOCGEIEOCV,10,7.0,0.15651927437641724,0.15651927437641724,0.0,1.0,1.0,1.0,10,5.5,0.2928968253968254,0.1,1.0,5.0,0.21857142857142856,0.0,1.0,5.0,0.2,0.0,1.0
COCONUT,T1_np,DFMAXQKDIGCMTL,44,25.5,0.050598049824449993,0.0359462678356186,0.0,0.10526315789473684,1.0,1.0,44,22.5,0.08672632222167062,0.022727272727272728,0.22727272727272727,23.0,0.0654873994826397,0.0,0.20930232558139536,10.0,0.1,0.0,1.0
COCONUT+train,T1_np,DFMAXQKDIGCMTL,47,28.5,0.04234198915164557,0.025973419046980337,0.0,0.02631578947368421,1.0,1.0,47,24.0,0.08119059952667036,0.02127659574468085,0.2127659574468085,24.5,0.06121648212507624,0.0,0.1956521739130435,10.0,0.1,0.0,1.0
COCONUT,T1_np,DOFJNFPSMUCECH,118,65.5,0.021216235042121185,0.006724033014554987,0.0,0.0,0.3584905660377358,0.8301886792452831,118,59.5,0.032338628625029724,0.00847457627118644,0.0847457627118644,64.5,0.0045336373387970174,0.0,0.0,7.0,0.14285714285714285,0.0,1.0
COCONUT+train,T1_np,DOFJNFPSMUCECH,134,77.5,0.015779558118042165,0.0003773584905660377,0.0,0.0,0.24528301886792453,0.7169811320754716,134,67.5,0.028477299833981395,0.007462686567164179,0.07462686567164178,65.0,0.0044868988095310685,0.0,0.0,7.0,0.14285714285714285,0.0,1.0
COCONUT,T1_np,DOUMFZQKYFQNTF,119,68.0,0.019221417095058913,0.004225526063344792,0.0,0.0,0.3300970873786408,0.8155339805825242,119,60.0,0.03206687544330678,0.008403361344537815,0.08403361344537816,116.0,0.0,0.0,0.0,1.0,1.0,1.0,1.0
COCONUT+train,T1_np,DOUMFZQKYFQNTF,124,73.0,0.017050149166426245,0.0016563055630172555,0.0,0.0,0.2815533980582524,0.7669902912621359,124,62.5,0.030773856272205705,0.008064516129032258,0.08064516129032258,121.0,0.0,0.0,0.0,1.0,1.0,1.0,1.0
COCONUT,T1_np,DUXQKCCELUKXOE,36,19.5,0.07866350578807761,0.0681164169927502,0.0,0.23529411764705882,1.0,1.0,36,18.5,0.10599883827093076,0.027777777777777776,0.2777777777777778,17.5,0.0611550517448182,0.0,0.15,4.0,0.25,0.0,1.0
COCONUT+train,T1_np,DUXQKCCELUKXOE,36,19.5,0.07866350578807761,0.0681164169927502,0.0,0.23529411764705882,1.0,1.0,36,18.5,0.10599883827093076,0.027777777777777776,0.2777777777777778,17.5,0.0611550517448182,0.0,0.15,4.0,0.25,0.0,1.0
COCONUT,T1_np,DVGGLGXQSFURLP,46,27.0,0.04676487443920414,0.03136156499734266,0.0,0.07692307692307693,1.0,1.0,46,23.5,0.08295561255985885,0.021739130434782608,0.21739130434782608,21.5,0.09085614708936922,0.023809523809523808,0.23809523809523808,5.0,0.2,0.0,1.0
COCONUT+train,T1_np,DVGGLGXQSFURLP,47,28.0,0.04410529997111904,0.02815643679221446,0.0,0.05128205128205128,1.0,1.0,47,24.0,0.08119059952667036,0.02127659574468085,0.2127659574468085,22.0,0.08874321343612808,0.023255813953488372,0.23255813953488372,5.0,0.2,0.0,1.0
COCONUT,T1_np,DWTTZBARDOXEAM,70,42.0,0.02899478951761959,0.01115481443192547,0.0,0.0,0.6491228070175439,1.0,70,35.5,0.05451368825362153,0.014285714285714285,0.14285714285714285,54.0,0.0,0.0,0.0,2.0,0.5,0.0,1.0
COCONUT+train,T1_np,DWTTZBARDOXEAM,190,141.0,0.007191190584268105,0.0,0.0,0.0,0.0,0.0,190,95.5,0.020083990409228987,0.005263157894736842,0.05263157894736842,56.0,0.0,0.0,0.0,2.0,0.5,0.0,1.0
COCONUT,T1_np,DXDRHHKMWQZJHT,140,75.5,0.01837688679679664,0.004626195501567051,0.0,0.0,0.29508196721311475,0.7049180327868853,140,70.5,0.027256844126810766,0.007142857142857143,0.07142857142857142,68.5,0.028058516012893435,0.007352941176470588,0.07352941176470588,17.0,0.058823529411764705,0.0,0.0
COCONUT+train,T1_np,DXDRHHKMWQZJHT,144,78.5,0.017014179382128375,0.003085292255022532,0.0,0.0,0.27049180327868855,0.680327868852459,144,72.5,0.02649970956773269,0.006944444444444444,0.06944444444444445,70.0,0.027452936530600772,0.007194244604316547,0.07194244604316546,18.0,0.05555555555555555,0.0,0.0
COCONUT,T1_np,FBPFZTCFMRRESA,2,1.5,0.75,0.75,0.5,1.0,1.0,1.0,2,1.5,0.75,0.5,1.0,1.5,0.75,0.5,1.0,1.0,1.0,1.0,1.0
COCONUT+train,T1_np,FBPFZTCFMRRESA,2,1.5,0.75,0.75,0.5,1.0,1.0,1.0,2,1.5,0.75,0.5,1.0,1.5,0.75,0.5,1.0,1.0,1.0,1.0,1.0
COCONUT,T1_np,FBWWXAGANVJTLU,223,121.5,0.01180397995547398,0.0010802897059892325,0.0,0.0,0.1485148514851485,0.39603960396039606,223,112.0,0.01711192007961214,0.004484304932735426,0.04484304932735426,201.5,0.0,0.0,0.0,54.0,0.0,0.0,0.0
COCONUT+train,T1_np,FBWWXAGANVJTLU,249,143.5,0.008661826060214244,0.0,0.0,0.0,0.039603960396039604,0.2871287128712871,249,125.0,0.01532513324398999,0.004016064257028112,0.040160642570281124,206.5,0.0,0.0,0.0,55.0,0.0,0.0,0.0
COCONUT,T1_np,FELGMEQIXOGIFQ,25,13.5,0.11733159073972944,0.11733159073972944,0.0,0.375,1.0,1.0,25,13.0,0.15263832711014028,0.04,0.4,13.0,0.15263832711014028,0.04,0.4,9.0,0.1111111111111111,0.0,1.0
COCONUT+train,T1_np,FELGMEQIXOGIFQ,86,60.5,0.016750540771045635,0.0,0.0,0.0,0.08333333333333333,1.0,86,43.5,0.04437160671806404,0.011627906976744186,0.11627906976744186,61.0,0.0,0.0,0.0,26.0,0.0,0.0,0.0
COCONUT,T1_np,FFGPTBGBLSHEPO,15,8.5,0.14596352721352718,0.14596352721352718,0.0,0.6666666666666666,1.0,1.0,15,8.0,0.22121526621526624,0.06666666666666667,0.6666666666666666,7.5,0.23225445189730906,0.07142857142857142,0.7142857142857143,1.0,1.0,1.0,1.0
COCONUT+train,T1_np,FFGPTBGBLSHEPO,18,10.5,0.10811630499130498,0.10811630499130498,0.0,0.5,1.0,1.0,18,9.5,0.1941726710109063,0.05555555555555555,0.5555555555555556,9.0,0.20232661897886814,0.058823529411764705,0.5882352941176471,1.0,1.0,1.0,1.0
COCONUT,T1_np,FJKROLUGYXJWQN,22,14.0,0.08279293628729067,0.08279293628729067,0.0,0.29411764705882354,1.0,1.0,22,11.5,0.16776423864623977,0.045454545454545456,0.45454545454545453,11.5,0.16776423864623977,0.045454545454545456,0.45454545454545453,2.0,0.5,0.0,1.0
COCONUT+train,T1_np,FJKROLUGYXJWQN,22,14.0,0.08279293628729067,0.08279293628729067,0.0,0.29411764705882354,1.0,1.0,22,11.5,0.16776423864623977,0.045454545454545456,0.45454545454545453,11.5,0.16776423864623977,0.045454545454545456,0.45454545454545453,2.0,0.5,0.0,1.0
COCONUT,T1_np,FSNCEEGOMTYXKY,43,23.5,0.06291663218171235,0.04956562111050434,0.0,0.175,1.0,1.0,43,22.0,0.08874321343612808,0.023255813953488372,0.23255813953488372,22.0,0.08874321343612808,0.023255813953488372,0.23255813953488372,3.0,0.3333333333333333,0.0,1.0
COCONUT+train,T1_np,FSNCEEGOMTYXKY,69,49.5,0.021422431144132496,0.0,0.0,0.0,0.525,1.0,69,35.0,0.05530374170657257,0.014492753623188406,0.14492753623188406,35.0,0.05530374170657257,0.014492753623188406,0.14492753623188406,8.0,0.125,0.0,1.0
COCONUT,T1_np,FTVWIRXFELQLPI,166,92.5,0.014461028595327913,0.0015154063931237846,0.0,0.0,0.20833333333333334,0.5555555555555556,166,83.5,0.022987699865984982,0.006024096385542169,0.060240963855421686,46.0,0.04193360634893964,0.01098901098901099,0.10989010989010989,1.0,1.0,1.0,1.0
COCONUT+train,T1_np,FTVWIRXFELQLPI,169,95.5,0.013638256876266009,0.0005671296296296297,0.0,0.0,0.1875,0.5347222222222222,169,85.0,0.022579634187890576,0.005917159763313609,0.05917159763313609,47.0,0.04103180836294094,0.010752688172043012,0.10752688172043011,1.0,1.0,1.0,1.0
COCONUT,T1_np,FVYXIJYOAGAUQK,41,22.0,0.06608674880008222,0.05358445525459928,0.0,0.1891891891891892,1.0,1.0,41,21.0,0.09307215067691481,0.024390243902439025,0.24390243902439024,20.5,0.09539895444383768,0.025,0.25,27.0,0.0,0.0,0.0
COCONUT+train,T1_np,FVYXIJYOAGAUQK,42,23.0,0.05998918782447247,0.046827698497842525,0.0,0.16216216216216217,1.0,1.0,42,21.5,0.09085614708936922,0.023809523809523808,0.23809523809523808,21.5,0.07039895444383767,0.0,0.225,27.0,0.0,0.0,0.0
COCONUT,T1_np,FXNFHKRTJBSTCS,132,81.0,0.014583950349911994,0.0,0.0,0.0,0.20388349514563106,0.6893203883495146,132,66.5,0.028908774073890205,0.007575757575757576,0.07575757575757576,43.5,0.04437160671806404,0.011627906976744186,0.11627906976744186,2.0,0.5,0.0,1.0
COCONUT+train,T1_np,FXNFHKRTJBSTCS,135,84.0,0.013861110477267239,0.0,0.0,0.0,0.17475728155339806,0.6601941747572816,135,68.0,0.0282663568722482,0.007407407407407408,0.07407407407407407,44.0,0.043861588250040315,0.011494252873563218,0.11494252873563218,2.0,0.5,0.0,1.0
COCONUT,T1_np,GBOGMAARMMDZGR,25,13.5,0.10345264444334122,0.10345264444334122,0.0,0.36363636363636365,1.0,1.0,25,13.0,0.15263832711014028,0.04,0.4,10.5,0.1246942548872696,0.0,0.5,5.0,0.2,0.0,1.0
COCONUT+train,T1_np,GBOGMAARMMDZGR,27,15.5,0.08050392649462328,0.07875567474637152,0.0,0.2727272727272727,1.0,1.0,27,14.0,0.141331784361241,0.037037037037037035,0.37037037037037035,10.5,0.1246942548872696,0.0,0.5,5.0,0.2,0.0,1.0
COCONUT,T1_np,GBXSMTUPTTWBMN,24,15.5,0.07366434320852816,0.07366434320852816,0.0,0.2222222222222222,1.0,1.0,24,12.5,0.15733159073972947,0.041666666666666664,0.4166666666666667,11.0,0.13672313984966747,0.0,0.47368421052631576,1.0,1.0,1.0,1.0
COCONUT+train,T1_np,GBXSMTUPTTWBMN,66,43.5,0.023324108902889797,0.0,0.0,0.0,0.8888888888888888,1.0,66,33.5,0.05781754814778041,0.015151515151515152,0.15151515151515152,15.5,0.1005699349197681,0.0,0.32142857142857145,1.0,1.0,1.0,1.0
COCONUT+train,T1_np,GFNANZIMVAIWHM,37,34.5,0.02901600033952975,0.0,0.0,0.0,1.0,1.0,37,19.0,0.10313400480414885,0.02702702702702703,0.2702702702702703,30.0,0.0,0.0,0.0,1.0,1.0,1.0,1.0
COCONUT,T1_np,GGJRAQULURVTAJ,64,35.0,0.041704365599532806,0.025976692278308025,0.0,0.0847457627118644,0.7627118644067796,1.0,64,32.5,0.05962434652739855,0.015625,0.15625,35.5,0.016585017351586708,0.0,0.0,1.0,1.0,1.0,1.0
COCONUT+train,T1_np,GGJRAQULURVTAJ,66,37.0,0.03697576087092808,0.020730526015192607,0.0,0.05084745762711865,0.7288135593220338,1.0,66,33.5,0.05781754814778041,0.015151515151515152,0.15151515151515152,36.5,0.01592161665752324,0.0,0.0,1.0,1.0,1.0,1.0
COCONUT,T1_np,GGXICVAJURFBLW,49,27.5,0.04990618193172936,0.03483238282773122,0.0,0.11363636363636363,1.0,1.0,49,25.0,0.07787669750517362,0.02040816326530612,0.20408163265306123,31.0,0.01394095018936107,0.0,0.0,1.0,1.0,1.0,1.0
COCONUT+train,T1_np,GGXICVAJURFBLW,51,29.5,0.04377172815021675,0.027797750793099176,0.0,0.06818181818181818,0.9772727272727273,1.0,51,26.0,0.07482270936771583,0.0196078431372549,0.19607843137254902,33.0,0.00993401928184537,0.0,0.0,2.0,0.5,0.0,1.0
COCONUT,T1_np,GMBQZIIUCVWOCD,96,49.5,0.03879535263356852,0.02463785295482454,0.0,0.0851063829787234,0.5106382978723404,1.0,96,48.5,0.039749564351599036,0.010416666666666666,0.10416666666666667,45.0,0.04287593458150008,0.011235955056179775,0.11235955056179775,47.0,0.0,0.0,0.0
COCONUT+train,T1_np,GMBQZIIUCVWOCD,96,49.5,0.03879535263356852,0.02463785295482454,0.0,0.0851063829787234,0.5106382978723404,1.0,96,48.5,0.039749564351599036,0.010416666666666666,0.10416666666666667,45.0,0.04287593458150008,0.011235955056179775,0.11235955056179775,47.0,0.0,0.0,0.0
COCONUT,T1_np,GRBXNADBNJGZRK,146,91.0,0.012769924465938606,0.0,0.0,0.0,0.13513513513513514,0.5855855855855856,146,73.5,0.026136699847626763,0.00684931506849315,0.0684931506849315,61.0,0.0,0.0,0.0,4.0,0.25,0.0,1.0
COCONUT+train,T1_np,GRBXNADBNJGZRK,148,93.0,0.012398344943779937,0.0,0.0,0.0,0.11711711711711711,0.5675675675675675,148,74.5,0.02578350120103721,0.006756756756756757,0.06756756756756757,61.5,0.0,0.0,0.0,4.0,0.25,0.0,1.0
COCONUT,T1_np,GYSCAQFHASJXRS,4,4.0,0.25,0.25,0.0,1.0,1.0,1.0,4,2.5,0.5208333333333333,0.25,1.0,1.0,1.0,1.0,1.0,1.0,1.0,1.0,1.0
COCONUT+train,T1_np,GYSCAQFHASJXRS,4,4.0,0.25,0.25,0.0,1.0,1.0,1.0,4,2.5,0.5208333333333333,0.25,1.0,1.0,1.0,1.0,1.0,1.0,1.0,1.0,1.0
COCONUT,T1_np,GZSOSUNBTXMUFQ,103,56.5,0.024762110601510904,0.009641194823752749,0.0,0.0,0.43478260869565216,0.9782608695652174,103,52.0,0.037048137648092304,0.009708737864077669,0.0970873786407767,39.5,0.02753645617250241,0.0,0.09722222222222222,3.0,0.3333333333333333,0.0,1.0
COCONUT+train,T1_np,GZSOSUNBTXMUFQ,106,59.5,0.02234561528453016,0.006911135028475563,0.0,0.0,0.40217391304347827,0.9456521739130435,106,53.5,0.03599960545050478,0.009433962264150943,0.09433962264150944,40.0,0.027159244444111965,0.0,0.0958904109589041,3.0,0.3333333333333333,0.0,1.0
COCONUT,T1_np,GZYPWOGIYAIIPV,20,10.5,0.1798869828571841,0.1798869828571841,0.05,0.5,1.0,1.0,20,10.5,0.1798869828571841,0.05,0.5,10.0,0.18672313984966749,0.05263157894736842,0.5263157894736842,1.0,1.0,1.0,1.0
COCONUT+train,T1_np,GZYPWOGIYAIIPV,20,10.5,0.1798869828571841,0.1798869828571841,0.05,0.5,1.0,1.0,20,10.5,0.1798869828571841,0.05,0.5,10.0,0.18672313984966749,0.05263157894736842,0.5263157894736842,1.0,1.0,1.0,1.0
COCONUT,T1_np,HDACQVRGBOVJII,21,14.5,0.07517868299325621,0.07517868299325621,0.0,0.21428571428571427,1.0,1.0,21,11.0,0.17358850975060616,0.047619047619047616,0.47619047619047616,9.0,0.1398637687099225,0.0,0.6153846153846154,1.0,1.0,1.0,1.0
COCONUT+train,T1_np,HDACQVRGBOVJII,27,19.5,0.05365778842888336,0.05091053568163061,0.0,0.0,1.0,1.0,27,14.0,0.141331784361241,0.037037037037037035,0.37037037037037035,10.0,0.12930350150938383,0.0,0.5333333333333333,2.0,0.5,0.0,1.0
COCONUT,T1_np,HDOVUKNUBWVHOX,1,1.0,1.0,1.0,1.0,1.0,1.0,1.0,1,1.0,1.0,1.0,1.0,1.0,1.0,1.0,1.0,1.0,1.0,1.0,1.0
COCONUT+train,T1_np,HDOVUKNUBWVHOX,5,5.0,0.2,0.2,0.0,1.0,1.0,1.0,5,3.0,0.45666666666666667,0.2,1.0,1.0,1.0,1.0,1.0,1.0,1.0,1.0,1.0
COCONUT,T1_np,HELXLJCILKEWJH,8,7.0,0.14484126984126985,0.14484126984126985,0.0,1.0,1.0,1.0,8,4.5,0.3397321428571428,0.125,1.0,2.5,0.5208333333333333,0.25,1.0,2.0,0.5,0.0,1.0
COCONUT+train,T1_np,HELXLJCILKEWJH,9,8.0,0.1263227513227513,0.1263227513227513,0.0,1.0,1.0,1.0,9,5.0,0.31432980599647264,0.1111111111111111,1.0,2.5,0.5208333333333333,0.25,1.0,2.0,0.5,0.0,1.0
COCONUT,T1_np,HEYZWPRKKUGDCR,32,19.5,0.0566342771809402,0.04934949618926264,0.0,0.05,1.0,1.0,32,16.5,0.1192486930547971,0.03125,0.3125,7.0,0.24462567347182732,0.07692307692307693,0.7692307692307693,18.0,0.05555555555555555,0.0,0.0
COCONUT+train,T1_np,HEYZWPRKKUGDCR,47,34.5,0.029838385778779657,0.002,0.0,0.0,1.0,1.0,47,24.0,0.08119059952667036,0.02127659574468085,0.2127659574468085,15.0,0.07134627399273745,0.0,0.15384615384615385,18.0,0.05555555555555555,0.0,0.0
COCONUT,T1_np,HGJXAVROWQLCTP,24,12.5,0.15733159073972947,0.15733159073972947,0.041666666666666664,0.4166666666666667,1.0,1.0,24,12.5,0.15733159073972947,0.041666666666666664,0.4166666666666667,8.5,0.2112955620768121,0.0625,0.625,15.0,0.06666666666666667,0.0,0.0
COCONUT+train,T1_np,HGJXAVROWQLCTP,24,12.5,0.15733159073972947,0.15733159073972947,0.041666666666666664,0.4166666666666667,1.0,1.0,24,12.5,0.15733159073972947,0.041666666666666664,0.4166666666666667,8.5,0.2112955620768121,0.0625,0.625,15.0,0.06666666666666667,0.0,0.0
COCONUT,T1_np,HHJUWIANJFBDHT,3,3.0,0.3333333333333333,0.3333333333333333,0.0,1.0,1.0,1.0,3,2.0,0.611111111111111,0.3333333333333333,1.0,1.0,1.0,1.0,1.0,1.0,1.0,1.0,1.0
COCONUT+train,T1_np,HHJUWIANJFBDHT,3,3.0,0.3333333333333333,0.3333333333333333,0.0,1.0,1.0,1.0,3,2.0,0.611111111111111,0.3333333333333333,1.0,1.0,1.0,1.0,1.0,1.0,1.0,1.0,1.0
COCONUT,T1_np,HPNSFSBZBAHARI,129,61.0,0.02885242197407968,0.015332963224957287,0.0,0.05309734513274336,0.40707964601769914,0.8495575221238938,129,65.0,0.029581071145376024,0.007751937984496124,0.07751937984496124,107.0,0.0,0.0,0.0,1.0,1.0,1.0,1.0
COCONUT+train,T1_np,HPNSFSBZBAHARI,179,109.0,0.010160570179062462,0.0,0.0,0.0,0.0,0.4247787610619469,179,90.0,0.02131820211035479,0.00558659217877095,0.055865921787709494,157.0,0.0,0.0,0.0,1.0,1.0,1.0,1.0
COCONUT,T1_np,HSHNITRMYYLLCV,56,30.0,0.052417660782073536,0.0374080159324561,0.0,0.1320754716981132,0.8867924528301887,1.0,56,28.5,0.06814211031702691,0.017857142857142856,0.17857142857142858,28.5,0.06814211031702691,0.017857142857142856,0.17857142857142858,2.0,0.5,0.0,1.0
COCONUT+train,T1_np,HSHNITRMYYLLCV,57,31.0,0.048031695869792834,0.03269103480038063,0.0,0.11320754716981132,0.8679245283018868,1.0,57,29.0,0.06694663469742995,0.017543859649122806,0.17543859649122806,29.0,0.06694663469742995,0.017543859649122806,0.17543859649122806,2.0,0.5,0.0,1.0
COCONUT,T1_np,HSMPDPBYAYSOBC,56,29.0,0.06566307917787692,0.0511992395955183,0.0,0.16363636363636364,0.8909090909090909,1.0,56,28.5,0.06814211031702691,0.017857142857142856,0.17857142857142858,28.0,0.0693810577773365,0.01818181818181818,0.18181818181818182,2.0,0.5,0.0,1.0
COCONUT+train,T1_np,HSMPDPBYAYSOBC,57,30.0,0.05689114935331551,0.042108330504609215,0.0,0.14545454545454545,0.8727272727272727,1.0,57,29.0,0.06694663469742995,0.017543859649122806,0.17543859649122806,28.5,0.06814211031702691,0.017857142857142856,0.17857142857142858,2.0,0.5,0.0,1.0
COCONUT,T1_np,HUSISCNTLUEZCN,12,8.5,0.12275733525733527,0.12275733525733527,0.0,0.8333333333333334,1.0,1.0,12,6.5,0.25860088985088986,0.08333333333333333,0.8333333333333334,3.0,0.45666666666666667,0.2,1.0,2.0,0.5,0.0,1.0
COCONUT+train,T1_np,HUSISCNTLUEZCN,12,8.5,0.12275733525733527,0.12275733525733527,0.0,0.8333333333333334,1.0,1.0,12,6.5,0.25860088985088986,0.08333333333333333,0.8333333333333334,3.0,0.45666666666666667,0.2,1.0,2.0,0.5,0.0,1.0
COCONUT,T1_np,HYBRYAPKQCZIAE,104,54.5,0.029933243202428586,0.015639029024695647,0.0,0.05102040816326531,0.45918367346938777,0.9693877551020408,104,52.5,0.03669190555532219,0.009615384615384616,0.09615384615384616,67.0,0.0,0.0,0.0,2.0,0.5,0.0,1.0
COCONUT+train,T1_np,HYBRYAPKQCZIAE,134,75.0,0.016015817082334606,0.0,0.0,0.0,0.25252525252525254,0.7575757575757576,134,67.5,0.028477299833981395,0.007462686567164179,0.07462686567164178,79.5,0.0,0.0,0.0,2.0,0.5,0.0,1.0
COCONUT,T1_np,HYFHYPWGAURHIV,15,10.5,0.103489565989566,0.103489565989566,0.0,0.5,1.0,1.0,15,8.0,0.22121526621526624,0.06666666666666667,0.6666666666666666,6.5,0.16593915343915344,0.0,1.0,1.0,1.0,1.0,1.0
COCONUT+train,T1_np,HYFHYPWGAURHIV,16,11.5,0.09307289932289932,0.09307289932289932,0.0,0.4,1.0,1.0,16,8.5,0.2112955620768121,0.0625,0.625,6.5,0.16593915343915344,0.0,1.0,1.0,1.0,1.0,1.0
COCONUT,T1_np,IECPWNUMDGFDKC,70,36.5,0.04901230525938341,0.0340582084963751,0.0,0.11764705882352941,0.7058823529411765,1.0,70,35.5,0.05451368825362153,0.014285714285714285,0.14285714285714285,37.0,0.024327378482859898,0.0,0.07936507936507936,14.0,0.07142857142857142,0.0,0.0
COCONUT+train,T1_np,IECPWNUMDGFDKC,72,38.5,0.040845247356410014,0.02547977712382608,0.0,0.08823529411764706,0.6764705882352942,1.0,72,36.5,0.05299941913546538,0.013888888888888888,0.1388888888888889,38.0,0.023578843760310362,0.0,0.07692307692307693,14.0,0.07142857142857142,0.0,0.0
COCONUT,T1_np,IEDVJHCEMCRBQM,20,12.5,0.09465039523814678,0.09465039523814678,0.0,0.375,1.0,1.0,20,10.5,0.1798869828571841,0.05,0.5,14.5,0.0733235428572116,0.0,0.16666666666666666,19.0,0.05263157894736842,0.0,0.0
COCONUT+train,T1_np,IEDVJHCEMCRBQM,88,54.0,0.018673221898907705,0.0,0.0,0.0,0.29411764705882354,1.0,88,44.5,0.04336316111083531,0.011363636363636364,0.11363636363636363,66.5,0.0,0.0,0.0,86.0,0.0,0.0,0.0
COCONUT,T1_np,IFIQVSCCFRXSJV,109,57.5,0.02758793507084768,0.013391746840720656,0.0,0.0392156862745098,0.43137254901960786,0.9215686274509803,109,55.0,0.03500879062159181,0.009174311926605505,0.09174311926605505,39.5,0.04892254074042958,0.01282051282051282,0.1282051282051282,2.0,0.5,0.0,1.0
COCONUT+train,T1_np,IFIQVSCCFRXSJV,116,64.5,0.021042701598709815,0.006233572770781881,0.0,0.0,0.3627450980392157,0.8529411764705882,116,58.5,0.03289619118753023,0.008620689655172414,0.08620689655172414,40.0,0.048303268072829204,0.012658227848101266,0.12658227848101267,2.0,0.5,0.0,1.0
COCONUT,T1_np,IKGXIBQEEMLURG,156,89.0,0.014374961799142561,0.0006234096692111959,0.0,0.0,0.20610687022900764,0.5877862595419847,156,78.5,0.02446127037021479,0.00641025641025641,0.0641025641025641,39.0,0.049557898412383214,0.012987012987012988,0.12987012987012986,15.0,0.06666666666666667,0.0,0.0
COCONUT+train,T1_np,IKGXIBQEEMLURG,158,91.0,0.01384973433843123,0.0,0.0,0.0,0.19083969465648856,0.5725190839694656,158,79.5,0.024151634036414602,0.006329113924050633,0.06329113924050633,39.0,0.049557898412383214,0.012987012987012988,0.12987012987012986,15.0,0.06666666666666667,0.0,0.0
COCONUT,T1_np,IKIIZLYTISPENI,26,15.5,0.08050392649462328,0.07875567474637152,0.0,0.2727272727272727,1.0,1.0,26,13.5,0.14676762222128875,0.038461538461538464,0.38461538461538464,12.5,0.09465039523814678,0.0,0.375,8.0,0.125,0.0,1.0
COCONUT+train,T1_np,IKIIZLYTISPENI,28,17.5,0.06714413813483493,0.06208900807970486,0.0,0.18181818181818182,1.0,1.0,28,14.5,0.13628422063405382,0.03571428571428571,0.35714285714285715,12.5,0.09465039523814678,0.0,0.375,8.0,0.125,0.0,1.0
COCONUT,T1_np,IKMDFBPHZNJCSN,37,19.5,0.07229525267761025,0.06195702638813042,0.0,0.21875,1.0,1.0,37,19.0,0.10313400480414885,0.02702702702702703,0.2702702702702703,15.5,0.12719860592511692,0.03333333333333333,0.3333333333333333,1.0,1.0,1.0,1.0
COCONUT+train,T1_np,IKMDFBPHZNJCSN,44,25.5,0.04606140715220503,0.03084343511828915,0.0,0.03125,1.0,1.0,44,22.5,0.08672632222167062,0.022727272727272728,0.22727272727272727,16.5,0.1192486930547971,0.03125,0.3125,1.0,1.0,1.0,1.0
COCONUT,T1_np,ILEDWLMCKZNDJK,18,11.5,0.10084105320449857,0.10084105320449857,0.0,0.42857142857142855,1.0,1.0,18,9.5,0.1941726710109063,0.05555555555555555,0.5555555555555556,9.5,0.1941726710109063,0.05555555555555555,0.5555555555555556,12.0,0.08333333333333333,0.0,0.0
COCONUT+train,T1_np,ILEDWLMCKZNDJK,20,13.5,0.08198140408169155,0.08198140408169155,0.0,0.2857142857142857,1.0,1.0,20,10.5,0.1798869828571841,0.05,0.5,10.5,0.1798869828571841,0.05,0.5,8.0,0.125,0.0,1.0
COCONUT,T1_np,IOUVKUPGCMBWBT,54,33.0,0.03617565229923081,0.01851350774130609,0.0,0.0,0.9069767441860465,1.0,54,27.5,0.0706658921806205,0.018518518518518517,0.18518518518518517,7.5,0.23225445189730906,0.07142857142857142,0.7142857142857143,2.0,0.5,0.0,1.0
COCONUT+train,T1_np,IOUVKUPGCMBWBT,59,38.0,0.029824994257118084,0.01012160894243055,0.0,0.0,0.7906976744186046,1.0,59,30.0,0.06467725725005945,0.01694915254237288,0.1694915254237288,8.0,0.22121526621526624,0.06666666666666667,0.6666666666666666,2.0,0.5,0.0,1.0
COCONUT,T1_np,IPVQLZZIHOAWMC,18,14.0,0.0729406098103577,0.0729406098103577,0.0,0.0,1.0,1.0,18,9.5,0.1941726710109063,0.05555555555555555,0.5555555555555556,5.5,0.20297619047619045,0.0,1.0,1.0,1.0,1.0,1.0
COCONUT+train,T1_np,IPVQLZZIHOAWMC,45,37.0,0.027106401885260794,0.0,0.0,0.0,1.0,1.0,45,23.0,0.0847990706167446,0.022222222222222223,0.2222222222222222,5.5,0.20297619047619045,0.0,1.0,2.0,0.5,0.0,1.0
COCONUT,T1_np,IQHUITKNHOKGFC,38,20.5,0.07577505592487083,0.06433217160426408,0.0,0.2222222222222222,1.0,1.0,38,19.5,0.10041995204614493,0.02631578947368421,0.2631578947368421,19.0,0.10313400480414885,0.02702702702702703,0.2702702702702703,2.0,0.5,0.0,1.0
COCONUT+train,T1_np,IQHUITKNHOKGFC,82,46.5,0.022686662909427804,0.0,0.0,0.0,0.6111111111111112,1.0,82,41.5,0.046536075338457404,0.012195121951219513,0.12195121951219512,38.0,0.05087944237004676,0.013333333333333334,0.13333333333333333,2.0,0.5,0.0,1.0
COCONUT,T1_np,IVOMOUWHDPKRLL,6,5.0,0.20555555555555557,0.20555555555555557,0.0,1.0,1.0,1.0,6,3.5,0.40833333333333327,0.16666666666666666,1.0,3.5,0.29166666666666663,0.0,1.0,2.0,0.5,0.0,1.0
COCONUT+train,T1_np,IVOMOUWHDPKRLL,11,10.0,0.10067340067340068,0.10067340067340068,0.0,0.6666666666666666,1.0,1.0,11,6.0,0.2745343040797586,0.09090909090909091,0.9090909090909091,3.5,0.29166666666666663,0.0,1.0,2.0,0.5,0.0,1.0
COCONUT,T1_np,IYGYMKDQCDOMRE,64,34.5,0.04434262617287393,0.028877080740336226,0.0,0.1,0.7666666666666667,1.0,64,32.5,0.05962434652739855,0.015625,0.15625,45.0,0.0,0.0,0.0,1.0,1.0,1.0,1.0
COCONUT+train,T1_np,IYGYMKDQCDOMRE,77,46.0,0.0261685988862442,0.008159494828270716,0.0,0.0,0.5737704918032787,1.0,77,39.0,0.049557898412383214,0.012987012987012988,0.12987012987012986,49.5,0.0,0.0,0.0,1.0,1.0,1.0,1.0
COCONUT,T1_np,JDUWHZOLEDOQSR,5,4.0,0.26111111111111107,0.26111111111111107,0.0,1.0,1.0,1.0,5,3.0,0.45666666666666667,0.2,1.0,1.5,0.75,0.5,1.0,4.0,0.25,0.0,1.0
COCONUT+train,T1_np,JDUWHZOLEDOQSR,6,5.0,0.20555555555555557,0.20555555555555557,0.0,1.0,1.0,1.0,6,3.5,0.40833333333333327,0.16666666666666666,1.0,1.5,0.75,0.5,1.0,5.0,0.2,0.0,1.0
COCONUT,T1_np,JUVIOZPCNVVQFO,112,63.0,0.020673743210684044,0.005239254573942249,0.0,0.0,0.3684210526315789,0.8947368421052632,112,56.5,0.034071055158513455,0.008928571428571428,0.08928571428571429,19.0,0.10313400480414885,0.02702702702702703,0.2702702702702703,72.0,0.0,0.0,0.0
COCONUT+train,T1_np,JUVIOZPCNVVQFO,116,67.0,0.01863214746194275,0.0028233528485244737,0.0,0.0,0.3263157894736842,0.8526315789473684,116,58.5,0.03289619118753023,0.008620689655172414,0.08620689655172414,23.0,0.046827698497842525,0.0,0.16216216216216217,72.0,0.0,0.0,0.0
COCONUT,T1_np,JXLYSJRDGCGARV,10,7.0,0.15651927437641724,0.15651927437641724,0.0,1.0,1.0,1.0,10,5.5,0.2928968253968254,0.1,1.0,4.0,0.29,0.0,1.0,1.0,1.0,1.0,1.0
COCONUT+train,T1_np,JXLYSJRDGCGARV,11,8.0,0.1337920016491445,0.1337920016491445,0.0,0.8571428571428571,1.0,1.0,11,6.0,0.2745343040797586,0.09090909090909091,0.9090909090909091,4.5,0.2654761904761905,0.0,1.0,1.0,1.0,1.0,1.0
COCONUT,T1_np,JXSVIVRDWWRQRT,215,109.5,0.016923099883419702,0.006630864940551004,0.0,0.019417475728155338,0.21359223300970873,0.4563106796116505,215,108.0,0.017748642687225615,0.004651162790697674,0.046511627906976744,116.0,0.0013897332674084196,0.0,0.0,10.0,0.1,0.0,1.0
COCONUT+train,T1_np,JXSVIVRDWWRQRT,218,111.5,0.01566829692235111,0.005330587548040602,0.0,0.009708737864077669,0.20388349514563106,0.44660194174757284,218,109.5,0.017504395310795905,0.0045871559633027525,0.045871559633027525,117.5,0.0013684618398460459,0.0,0.0,10.0,0.1,0.0,1.0
COCONUT,T1_np,JYGXADMDTFJGBT,226,121.5,0.012472535375109336,0.0020725199263072077,0.0,0.0,0.1619047619047619,0.4,226,113.5,0.016884770698024368,0.004424778761061947,0.04424778761061947,175.5,0.0,0.0,0.0,31.0,0.0,0.0,0.0
COCONUT+train,T1_np,JYGXADMDTFJGBT,255,150.5,0.008216621891742657,0.0,0.0,0.0,0.023809523809523808,0.2619047619047619,255,128.0,0.014964541873543166,0.00392156862745098,0.0392156862745098,178.0,0.0,0.0,0.0,33.0,0.0,0.0,0.0
COCONUT,T1_np,JYXSWDCPHRTYGU,179,99.0,0.013004463427736436,0.0,0.0,0.0,0.17006802721088435,0.5102040816326531,179,90.0,0.02131820211035479,0.00558659217877095,0.055865921787709494,114.5,0.0,0.0,0.0,9.5,0.10555555555555556,0.0,1.0
COCONUT+train,T1_np,JYXSWDCPHRTYGU,180,100.0,0.01278214239616685,0.0,0.0,0.0,0.16326530612244897,0.5034013605442177,180,90.5,0.02119976765418615,0.005555555555555556,0.05555555555555555,115.5,0.0,0.0,0.0,9.5,0.10555555555555556,0.0,1.0
COCONUT,T1_np,KBDSLGBFQAGHBE,73,44.5,0.026832410180641503,0.008581537664215752,0.0,0.0,0.603448275862069,1.0,73,37.0,0.05227339969525353,0.0136986301369863,0.136986301369863,29.5,0.020963161751259667,0.0,0.0,12.0,0.08333333333333333,0.0,0.0
COCONUT+train,T1_np,KBDSLGBFQAGHBE,75,46.5,0.02520350186055672,0.00648975267435774,0.0,0.0,0.5689655172413793,1.0,75,38.0,0.05087944237004676,0.013333333333333334,0.13333333333333333,29.5,0.020963161751259667,0.0,0.0,12.0,0.08333333333333333,0.0,0.0
COCONUT,T1_np,KKRXDNYRUZGPFM,16,9.5,0.13433778523064235,0.13433778523064235,0.0,0.5714285714285714,1.0,1.0,16,8.5,0.2112955620768121,0.0625,0.625,8.5,0.2112955620768121,0.0625,0.625,4.0,0.25,0.0,1.0
COCONUT+train,T1_np,KKRXDNYRUZGPFM,19,12.5,0.09031473741502491,0.09031473741502491,0.0,0.35714285714285715,1.0,1.0,19,10.0,0.18672313984966749,0.05263157894736842,0.5263157894736842,10.0,0.18672313984966749,0.05263157894736842,0.5263157894736842,3.0,0.3333333333333333,0.0,1.0
COCONUT,T1_np,KLLGGGQNRTVBSU,100,54.0,0.02789806854604814,0.013151624031143696,0.0,0.03225806451612903,0.46236559139784944,1.0,100,50.5,0.03815958177753507,0.01,0.1,50.5,0.03815958177753507,0.01,0.1,64.0,0.0,0.0,0.0
COCONUT+train,T1_np,KLLGGGQNRTVBSU,104,58.0,0.023726120504401878,0.008560008955657655,0.0,0.0,0.41935483870967744,0.956989247311828,104,52.5,0.03669190555532219,0.009615384615384616,0.09615384615384616,52.5,0.03669190555532219,0.009615384615384616,0.09615384615384616,67.0,0.0,0.0,0.0
COCONUT,T1_np,KPYSYYIEGFHWSV,7,5.5,0.18988095238095237,0.18988095238095237,0.0,1.0,1.0,1.0,7,4.0,0.37040816326530607,0.14285714285714285,1.0,4.0,0.37040816326530607,0.14285714285714285,1.0,7.0,0.14285714285714285,0.0,1.0
COCONUT+train,T1_np,KPYSYYIEGFHWSV,10,8.5,0.11974206349206348,0.11974206349206348,0.0,1.0,1.0,1.0,10,5.5,0.2928968253968254,0.1,1.0,5.5,0.2928968253968254,0.1,1.0,9.0,0.1111111111111111,0.0,1.0
COCONUT,T1_np,KQNZDYYTLMIZCT,141,72.5,0.02528744066963194,0.01273988856191304,0.0,0.04411764705882353,0.3382352941176471,0.7058823529411765,141,71.0,0.02706353317555679,0.0070921985815602835,0.07092198581560284,70.0,0.027452936530600772,0.007194244604316547,0.07194244604316546,18.0,0.05555555555555555,0.0,0.0
COCONUT+train,T1_np,KQNZDYYTLMIZCT,145,76.5,0.020828235478575537,0.008074272315414441,0.0,0.014705882352941176,0.3088235294117647,0.6764705882352942,145,73.0,0.02631695295002419,0.006896551724137931,0.06896551724137931,72.0,0.026685022222052497,0.006993006993006993,0.06993006993006994,18.0,0.05555555555555555,0.0,0.0
COCONUT,T1_np,KSQNKZMAMGACTL,36,20.0,0.07094623828670624,0.06007954074000526,0.0,0.21212121212121213,1.0,1.0,36,18.5,0.10599883827093076,0.027777777777777776,0.2777777777777778,18.0,0.10902737650724306,0.02857142857142857,0.2857142857142857,18.0,0.05555555555555555,0.0,0.0
COCONUT+train,T1_np,KSQNKZMAMGACTL,85,62.0,0.016526452592305847,0.0,0.0,0.0,0.15151515151515152,1.0,85,43.0,0.0448936256206295,0.011764705882352941,0.11764705882352941,55.5,0.0,0.0,0.0,63.0,0.0,0.0,0.0
COCONUT,T1_np,KTGFOCFYOZQVRJ,15,9.0,0.1398637687099225,0.1398637687099225,0.0,0.6153846153846154,1.0,1.0,15,8.0,0.22121526621526624,0.06666666666666667,0.6666666666666666,8.0,0.22121526621526624,0.06666666666666667,0.6666666666666666,4.0,0.25,0.0,1.0
COCONUT+train,T1_np,KTGFOCFYOZQVRJ,41,28.0,0.0363731758217464,0.013123036383905948,0.0,0.0,1.0,1.0,41,21.0,0.09307215067691481,0.024390243902439025,0.24390243902439024,10.5,0.1798869828571841,0.05,0.5,4.0,0.25,0.0,1.0
COCONUT,T1_np,KWBPKUMWVXUSCA,22,14.0,0.08279293628729067,0.08279293628729067,0.0,0.29411764705882354,1.0,1.0,22,11.5,0.16776423864623977,0.045454545454545456,0.45454545454545453,10.5,0.1246942548872696,0.0,0.5,2.0,0.5,0.0,1.0
COCONUT+train,T1_np,KWBPKUMWVXUSCA,22,14.0,0.08279293628729067,0.08279293628729067,0.0,0.29411764705882354,1.0,1.0,22,11.5,0.16776423864623977,0.045454545454545456,0.45454545454545453,10.5,0.1246942548872696,0.0,0.5,2.0,0.5,0.0,1.0
COCONUT,T1_np,KYWSCMDFVARMPN,57,29.5,0.06480380740057774,0.05028496745988405,0.0,0.16071428571428573,0.875,1.0,57,29.0,0.06694663469742995,0.017543859649122806,0.17543859649122806,11.0,0.17358850975060616,0.047619047619047616,0.47619047619047616,4.0,0.25,0.0,1.0
COCONUT+train,T1_np,KYWSCMDFVARMPN,57,29.5,0.06480380740057774,0.05028496745988405,0.0,0.16071428571428573,0.875,1.0,57,29.0,0.06694663469742995,0.017543859649122806,0.17543859649122806,11.0,0.17358850975060616,0.047619047619047616,0.47619047619047616,4.0,0.25,0.0,1.0
COCONUT,T1_np,LESXFEZIFXFIQR,19,14.0,0.07544386493513992,0.07544386493513992,0.0,0.18181818181818182,1.0,1.0,19,10.0,0.18672313984966749,0.05263157894736842,0.5263157894736842,10.0,0.18672313984966749,0.05263157894736842,0.5263157894736842,8.0,0.125,0.0,1.0
COCONUT+train,T1_np,LESXFEZIFXFIQR,27,22.0,0.04642979636573537,0.039566289502228506,0.0,0.0,1.0,1.0,27,14.0,0.141331784361241,0.037037037037037035,0.37037037037037035,14.0,0.141331784361241,0.037037037037037035,0.37037037037037035,8.0,0.125,0.0,1.0
COCONUT,T1_np,LLQCRTZROWMVOL,377,196.0,0.008836301974659826,0.001378751203669013,0.0,0.0,0.09695290858725762,0.23545706371191136,377,189.0,0.010121904980778534,0.002652519893899204,0.026525198938992044,189.0,0.010121904980778534,0.002652519893899204,0.026525198938992044,9.0,0.1111111111111111,0.0,1.0
COCONUT+train,T1_np,LLQCRTZROWMVOL,388,206.0,0.007530165191417358,0.0,0.0,0.0,0.06925207756232687,0.2077562326869806,388,194.5,0.009834943757096669,0.002577319587628866,0.02577319587628866,192.5,0.009937391087899759,0.0026041666666666665,0.026041666666666668,9.0,0.1111111111111111,0.0,1.0
COCONUT,T1_np,LOIYMIARKYCTBW,13,7.0,0.24462567347182732,0.24462567347182732,0.07692307692307693,0.7692307692307693,1.0,1.0,13,7.0,0.24462567347182732,0.07692307692307693,0.7692307692307693,7.0,0.24462567347182732,0.07692307692307693,0.7692307692307693,4.0,0.25,0.0,1.0
COCONUT+train,T1_np,LOIYMIARKYCTBW,14,7.5,0.23225445189730906,0.23225445189730906,0.07142857142857142,0.7142857142857143,1.0,1.0,14,7.5,0.23225445189730906,0.07142857142857142,0.7142857142857143,7.5,0.23225445189730906,0.07142857142857142,0.7142857142857143,5.0,0.2,0.0,1.0
COCONUT,T1_np,LPMXVESGRSUGHW,4,3.5,0.29166666666666663,0.29166666666666663,0.0,1.0,1.0,1.0,4,2.5,0.5208333333333333,0.25,1.0,1.5,0.75,0.5,1.0,1.0,1.0,1.0,1.0
COCONUT+train,T1_np,LPMXVESGRSUGHW,4,3.5,0.29166666666666663,0.29166666666666663,0.0,1.0,1.0,1.0,4,2.5,0.5208333333333333,0.25,1.0,1.5,0.75,0.5,1.0,1.0,1.0,1.0,1.0
COCONUT,T1_np,LSQZJLSUYDQPKJ,15,10.0,0.11226324180869635,0.11226324180869635,0.0,0.5454545454545454,1.0,1.0,15,8.0,0.22121526621526624,0.06666666666666667,0.6666666666666666,8.0,0.1337920016491445,0.0,0.8571428571428571,1.0,1.0,1.0,1.0
COCONUT+train,T1_np,LSQZJLSUYDQPKJ,33,28.0,0.036180452320206856,0.011376811594202898,0.0,0.0,1.0,1.0,33,17.0,0.11563509629556082,0.030303030303030304,0.30303030303030304,14.5,0.07755082813857969,0.0,0.25,1.0,1.0,1.0,1.0
COCONUT,T1_np,LUZSWWYKKLTDHU,100,54.0,0.02789806854604814,0.013151624031143696,0.0,0.03225806451612903,0.46236559139784944,1.0,100,50.5,0.03815958177753507,0.01,0.1,50.5,0.03815958177753507,0.01,0.1,22.5,0.044466403162055336,0.0,0.0
COCONUT+train,T1_np,LUZSWWYKKLTDHU,104,58.0,0.023726120504401878,0.008560008955657655,0.0,0.0,0.41935483870967744,0.956989247311828,104,52.5,0.03669190555532219,0.009615384615384616,0.09615384615384616,52.5,0.03669190555532219,0.009615384615384616,0.09615384615384616,23.5,0.04257246376811594,0.0,0.0
COCONUT,T1_np,LVVKXRQZSRUVPY,79,45.5,0.02842796961864958,0.011707071071708264,0.0,0.0,0.5735294117647058,1.0,79,40.0,0.048303268072829204,0.012658227848101266,0.12658227848101267,40.0,0.048303268072829204,0.012658227848101266,0.12658227848101267,13.0,0.07692307692307693,0.0,0.0
COCONUT+train,T1_np,LVVKXRQZSRUVPY,127,92.5,0.011376019687954557,0.0,0.0,0.0,0.0,0.6142857142857143,127,64.0,0.030046914785460687,0.007874015748031496,0.07874015748031496,63.5,0.030285382363123073,0.007936507936507936,0.07936507936507936,22.0,0.045454545454545456,0.0,0.0
COCONUT,T1_np,LXNHXLLTXMVWPM,14,9.0,0.128929908475363,0.128929908475363,0.0,0.6363636363636364,1.0,1.0,14,7.5,0.23225445189730906,0.07142857142857142,0.7142857142857143,7.5,0.23225445189730906,0.07142857142857142,0.7142857142857143,2.0,0.5,0.0,1.0
COCONUT+train,T1_np,LXNHXLLTXMVWPM,25,20.0,0.051308713744652755,0.051308713744652755,0.0,0.0,1.0,1.0,25,13.0,0.15263832711014028,0.04,0.4,13.0,0.15263832711014028,0.04,0.4,2.0,0.5,0.0,1.0
COCONUT,T1_np,LZFZMUMEGBBDTC,33,21.5,0.052492915490470686,0.04112458015771887,0.0,0.041666666666666664,1.0,1.0,33,17.0,0.11563509629556082,0.030303030303030304,0.30303030303030304,13.5,0.11733159073972944,0.0,0.375,1.0,1.0,1.0,1.0
COCONUT+train,T1_np,LZFZMUMEGBBDTC,127,106.0,0.009477989017942516,0.0,0.0,0.0,0.0,0.28,127,64.0,0.030046914785460687,0.007874015748031496,0.07874015748031496,32.5,0.03418318697276161,0.0,0.1206896551724138,3.0,0.3333333333333333,0.0,1.0
COCONUT,T1_np,MALFODICFSIXPO,14,7.5,0.23225445189730906,0.23225445189730906,0.07142857142857142,0.7142857142857143,1.0,1.0,14,7.5,0.23225445189730906,0.07142857142857142,0.7142857142857143,9.0,0.12186671353338019,0.0,0.6666666666666666,1.0,1.0,1.0,1.0
COCONUT+train,T1_np,MALFODICFSIXPO,16,9.5,0.13433778523064235,0.13433778523064235,0.0,0.5714285714285714,1.0,1.0,16,8.5,0.2112955620768121,0.0625,0.625,10.5,0.103489565989566,0.0,0.5,1.0,1.0,1.0,1.0
COCONUT,T1_np,MATGKVZWFZHCLI,271,146.0,0.009737063557772152,0.0,0.0,0.0,0.1037344398340249,0.3112033195020747,271,136.0,0.014081026486175303,0.0036900369003690036,0.03690036900369004,148.0,0.0,0.0,0.0,1.0,1.0,1.0,1.0
COCONUT+train,T1_np,MATGKVZWFZHCLI,288,158.0,0.008319701401032808,0.0,0.0,0.0,0.05394190871369295,0.26141078838174275,288,144.5,0.013249854783866345,0.003472222222222222,0.034722222222222224,153.5,0.0,0.0,0.0,1.0,1.0,1.0,1.0
COCONUT,T1_np,MBNGWHIJMBWFHU,250,134.5,0.010456697695718678,0.00018181818181818183,0.0,0.0,0.11818181818181818,0.34545454545454546,250,125.5,0.015263832711014029,0.004,0.04,100.0,0.014294203947987343,0.0,0.04568527918781726,2.0,0.5,0.0,1.0
COCONUT+train,T1_np,MBNGWHIJMBWFHU,255,139.5,0.009704642962934188,0.0,0.0,0.0,0.09545454545454546,0.32272727272727275,255,128.0,0.014964541873543166,0.00392156862745098,0.0392156862745098,101.5,0.014079790888767534,0.0,0.045,2.0,0.5,0.0,1.0
COCONUT,T1_np,MBRLOUHOWLUMFF,169,85.0,0.02367410517781421,0.012163342603804745,0.0,0.04294478527607362,0.2883435582822086,0.5950920245398773,169,85.0,0.022579634187890576,0.005917159763313609,0.05917159763313609,85.0,0.022579634187890576,0.005917159763313609,0.05917159763313609,2.0,0.5,0.0,1.0
COCONUT+train,T1_np,MBRLOUHOWLUMFF,174,90.0,0.0184290994189279,0.006736816165008369,0.0,0.012269938650306749,0.25766871165644173,0.5644171779141104,174,87.5,0.021930794125020157,0.005747126436781609,0.05747126436781609,87.5,0.021930794125020157,0.005747126436781609,0.05747126436781609,2.0,0.5,0.0,1.0
COCONUT,T1_np,MFWNKCLOYSRHCJ,25,14.5,0.0901193111100079,0.0901193111100079,0.0,0.3181818181818182,1.0,1.0,25,13.0,0.15263832711014028,0.04,0.4,12.0,0.11291361604014365,0.0,0.42105263157894735,1.0,1.0,1.0,1.0
COCONUT+train,T1_np,MFWNKCLOYSRHCJ,248,208.0,0.004813483290904044,0.0,0.0,0.0,0.0,0.0,248,124.5,0.015386928136102852,0.004032258064516129,0.04032258064516129,119.0,0.009939734668469986,0.0,0.034334763948497854,2.0,0.5,0.0,1.0
COCONUT,T1_np,MGJLSBDCWOSMHL,80,48.0,0.02534231208794651,0.007657372069607902,0.0,0.0,0.5384615384615384,1.0,80,40.5,0.04769947722191884,0.0125,0.125,36.0,0.01624654760971759,0.0,0.0,1.0,1.0,1.0,1.0
COCONUT+train,T1_np,MGJLSBDCWOSMHL,85,52.0,0.02255743657601917,0.004126438778612692,0.0,0.0,0.47692307692307695,1.0,85,43.0,0.0448936256206295,0.011764705882352941,0.11764705882352941,38.0,0.012976008624892893,0.0,0.0,1.0,1.0,1.0,1.0
COCONUT,T1_np,MKUXAQIIEYXACX,1,1.0,1.0,1.0,1.0,1.0,1.0,1.0,1,1.0,1.0,1.0,1.0,1.0,1.0,1.0,1.0,1.0,1.0,1.0,1.0
COCONUT+train,T1_np,MKUXAQIIEYXACX,1,1.0,1.0,1.0,1.0,1.0,1.0,1.0,1,1.0,1.0,1.0,1.0,1.0,1.0,1.0,1.0,1.0,1.0,1.0,1.0
COCONUT,T1_np,MPDGHEJMBKOTSU,311,160.5,0.011555123107849369,0.0032681785555803075,0.0,0.0033112582781456954,0.1357615894039735,0.30132450331125826,311,156.0,0.012269961986345682,0.003215434083601286,0.03215434083601286,151.0,0.0028533363185525517,0.0,0.0,18.0,0.05555555555555555,0.0,0.0
COCONUT+train,T1_np,MPDGHEJMBKOTSU,315,164.5,0.010434572881918706,0.0021053788828468605,0.0,0.0,0.12251655629139073,0.28807947019867547,315,158.0,0.01211415294524923,0.0031746031746031746,0.031746031746031744,152.0,0.002833027875004135,0.0,0.0,18.0,0.05555555555555555,0.0,0.0
COCONUT,T1_np,MXYUKLILVYORSK,8,4.0,0.37040816326530607,0.37040816326530607,0.14285714285714285,1.0,1.0,1.0,8,4.5,0.3397321428571428,0.125,1.0,3.5,0.40833333333333327,0.16666666666666666,1.0,1.0,1.0,1.0,1.0
COCONUT+train,T1_np,MXYUKLILVYORSK,20,13.0,0.07882296275153418,0.07882296275153418,0.0,0.14285714285714285,1.0,1.0,20,10.5,0.1798869828571841,0.05,0.5,7.5,0.23225445189730906,0.07142857142857142,0.7142857142857143,1.0,1.0,1.0,1.0
COCONUT,T1_np,NGOLMNWQNHWEKU,84,45.5,0.03170014644503979,0.016093434669689,0.0,0.039473684210526314,0.5657894736842105,1.0,84,42.5,0.04542807354468461,0.011904761904761904,0.11904761904761904,37.0,0.011575097314523573,0.0,0.0,1.0,1.0,1.0,1.0
COCONUT+train,T1_np,NGOLMNWQNHWEKU,88,49.5,0.026697138887371626,0.01047474780100213,0.0,0.0,0.5131578947368421,1.0,88,44.5,0.04336316111083531,0.011363636363636364,0.11363636363636363,37.5,0.011312026921011674,0.0,0.0,1.0,1.0,1.0,1.0
COCONUT,T1_np,NGSWKAQJJWESNS,43,26.5,0.044736187253928625,0.029029115405448613,0.0,0.029411764705882353,1.0,1.0,43,22.0,0.08874321343612808,0.023255813953488372,0.23255813953488372,20.5,0.09539895444383768,0.025,0.25,1.0,1.0,1.0,1.0
COCONUT+train,T1_np,NGSWKAQJJWESNS,46,29.5,0.03863166375810077,0.020963161751259667,0.0,0.0,1.0,1.0,46,23.5,0.08295561255985885,0.021739130434782608,0.21739130434782608,21.5,0.09085614708936922,0.023809523809523808,0.23809523809523808,1.0,1.0,1.0,1.0
COCONUT,T1_np,NODILNFGTFIURN,24,13.0,0.12069383381536986,0.12069383381536986,0.0,0.391304347826087,1.0,1.0,24,12.5,0.15733159073972947,0.041666666666666664,0.4166666666666667,11.0,0.17358850975060616,0.047619047619047616,0.47619047619047616,2.5,0.41666666666666663,0.0,1.0
COCONUT+train,T1_np,NODILNFGTFIURN,25,14.0,0.10069383381536987,0.10069383381536987,0.0,0.34782608695652173,1.0,1.0,25,13.0,0.15263832711014028,0.04,0.4,11.5,0.16776423864623977,0.045454545454545456,0.45454545454545453,2.5,0.41666666666666663,0.0,1.0
COCONUT,T1_np,NTBUBTCXACOEEC,144,84.5,0.014501206899059644,0.0,0.0,0.0,0.20689655172413793,0.6379310344827587,144,72.5,0.02649970956773269,0.006944444444444444,0.06944444444444445,73.0,0.0196920152290455,0.0,0.06293706293706294,75.0,0.0,0.0,0.0
COCONUT+train,T1_np,NTBUBTCXACOEEC,145,85.5,0.014242206640059388,0.0,0.0,0.0,0.19827586206896552,0.6293103448275862,145,73.0,0.02631695295002419,0.006896551724137931,0.06896551724137931,73.5,0.019555265123288243,0.0,0.0625,75.0,0.0,0.0,0.0
COCONUT,T1_np,NWBJYWHLCVSVIJ,7,4.5,0.2654761904761905,0.2654761904761905,0.0,1.0,1.0,1.0,7,4.0,0.37040816326530607,0.14285714285714285,1.0,3.5,0.40833333333333327,0.16666666666666666,1.0,1.0,1.0,1.0,1.0
COCONUT+train,T1_np,NWBJYWHLCVSVIJ,8,5.5,0.20297619047619045,0.20297619047619045,0.0,1.0,1.0,1.0,8,4.5,0.3397321428571428,0.125,1.0,3.5,0.40833333333333327,0.16666666666666666,1.0,1.0,1.0,1.0,1.0
COCONUT,T1_np,NYHBQMYGNKIUIF,10,6.5,0.17862103174603172,0.17862103174603172,0.0,1.0,1.0,1.0,10,5.5,0.2928968253968254,0.1,1.0,5.5,0.2928968253968254,0.1,1.0,2.0,0.5,0.0,1.0
COCONUT+train,T1_np,NYHBQMYGNKIUIF,10,6.5,0.17862103174603172,0.17862103174603172,0.0,1.0,1.0,1.0,10,5.5,0.2928968253968254,0.1,1.0,5.5,0.2928968253968254,0.1,1.0,2.0,0.5,0.0,1.0
COCONUT,T1_np,OGWKCGZFUXNPDA,8,5.0,0.2454081632653061,0.2454081632653061,0.0,1.0,1.0,1.0,8,4.5,0.3397321428571428,0.125,1.0,4.0,0.37040816326530607,0.14285714285714285,1.0,1.0,1.0,1.0,1.0
COCONUT+train,T1_np,OGWKCGZFUXNPDA,9,6.0,0.18985260770975057,0.18985260770975057,0.0,1.0,1.0,1.0,9,5.0,0.31432980599647264,0.1111111111111111,1.0,4.5,0.3397321428571428,0.125,1.0,2.0,0.5,0.0,1.0
COCONUT,T1_np,OIGNJSKKLXVSLS,192,104.0,0.014232112710801003,0.002812029291098947,0.0,0.0,0.1977401129943503,0.480225988700565,192,96.5,0.019874782175799518,0.005208333333333333,0.052083333333333336,152.0,0.0,0.0,0.0,1.0,1.0,1.0,1.0
COCONUT+train,T1_np,OIGNJSKKLXVSLS,226,138.0,0.008591842280635755,0.0,0.0,0.0,0.005649717514124294,0.288135593220339,226,113.5,0.016884770698024368,0.004424778761061947,0.04424778761061947,152.5,0.0,0.0,0.0,1.0,1.0,1.0,1.0
COCONUT,T1_np,OQIQSTLJSLGHID,91,47.5,0.03704802591482038,0.02252982777750197,0.0,0.07954545454545454,0.5340909090909091,1.0,91,46.0,0.04193360634893964,0.01098901098901099,0.10989010989010989,73.5,0.0,0.0,0.0,48.0,0.0,0.0,0.0
COCONUT+train,T1_np,OQIQSTLJSLGHID,92,48.5,0.034330634610472546,0.01968891868659288,0.0,0.06818181818181818,0.5227272727272727,1.0,92,46.5,0.041477806279929426,0.010869565217391304,0.10869565217391304,74.5,0.0,0.0,0.0,48.0,0.0,0.0,0.0
COCONUT,T1_np,ORJVQPIHKOARKV,39,21.5,0.0672280473778623,0.05507291234500482,0.0,0.19444444444444445,1.0,1.0,39,20.0,0.09784508148085916,0.02564102564102564,0.2564102564102564,17.5,0.11223406405157374,0.029411764705882353,0.29411764705882354,1.0,1.0,1.0,1.0
COCONUT+train,T1_np,ORJVQPIHKOARKV,70,45.5,0.02324469862371352,0.0,0.0,0.0,0.6388888888888888,1.0,70,35.5,0.05451368825362153,0.014285714285714285,0.14285714285714285,22.0,0.08874321343612808,0.023255813953488372,0.23255813953488372,1.0,1.0,1.0,1.0
COCONUT,T1_np,OZWKMVRBQXNZKK,41,23.0,0.05998918782447247,0.046827698497842525,0.0,0.16216216216216217,1.0,1.0,41,21.0,0.09307215067691481,0.024390243902439025,0.24390243902439024,21.0,0.09307215067691481,0.024390243902439025,0.24390243902439024,5.0,0.2,0.0,1.0
COCONUT+train,T1_np,OZWKMVRBQXNZKK,45,27.0,0.045326783045788625,0.02967840634855038,0.0,0.05405405405405406,1.0,1.0,45,23.0,0.0847990706167446,0.022222222222222223,0.2222222222222222,24.5,0.047205353438575556,0.0,0.16666666666666666,7.0,0.14285714285714285,0.0,1.0
COCONUT,T1_np,PCZOHLXUXFIOCF,107,59.5,0.02327950805301936,0.008292508675793354,0.0,0.0,0.40625,0.9270833333333334,107,54.0,0.0356631605397524,0.009345794392523364,0.09345794392523364,65.5,0.0,0.0,0.0,1.0,1.0,1.0,1.0
COCONUT+train,T1_np,PCZOHLXUXFIOCF,111,63.5,0.020552235562749932,0.0051846790054636835,0.0,0.0,0.3645833333333333,0.8854166666666666,111,56.0,0.03437800160138295,0.009009009009009009,0.09009009009009009,66.5,0.0,0.0,0.0,1.0,1.0,1.0,1.0
COCONUT,T1_np,PFTAWBLQPZVEMU,117,61.0,0.02749348355427023,0.013807431030812374,0.0,0.04504504504504504,0.40540540540540543,0.8558558558558559,117,59.0,0.032615027160286386,0.008547008547008548,0.08547008547008547,55.0,0.03500879062159181,0.009174311926605505,0.09174311926605505,1.0,1.0,1.0,1.0
COCONUT+train,T1_np,PFTAWBLQPZVEMU,119,63.0,0.024858328376742168,0.011018928242309583,0.0,0.02702702702702703,0.38738738738738737,0.8378378378378378,119,60.0,0.03206687544330678,0.008403361344537815,0.08403361344537816,55.5,0.03469052888866825,0.00909090909090909,0.09090909090909091,1.0,1.0,1.0,1.0
COCONUT,T1_np,PHLBKPHSAVXXEF,44,42.5,0.023545713598180987,0.0,0.0,0.0,1.0,1.0,44,22.5,0.08672632222167062,0.022727272727272728,0.22727272727272727,43.5,0.0,0.0,0.0,7.0,0.14285714285714285,0.0,1.0
COCONUT+train,T1_np,PHLBKPHSAVXXEF,71,67.5,0.014818881065493275,0.0,0.0,0.0,0.0,1.0,71,36.0,0.05374588982751419,0.014084507042253521,0.14084507042253522,51.5,0.0,0.0,0.0,19.0,0.05263157894736842,0.0,0.0
COCONUT,T1_np,PLAPMLGJVGLZOV,145,85.0,0.01472260778441361,0.00033057851239669424,0.0,0.0,0.21487603305785125,0.628099173553719,145,73.0,0.02631695295002419,0.006896551724137931,0.06896551724137931,75.0,0.008256398758619278,0.0,0.015037593984962405,2.0,0.5,0.0,1.0
COCONUT+train,T1_np,PLAPMLGJVGLZOV,148,88.0,0.013936741812637658,0.0,0.0,0.0,0.19008264462809918,0.6033057851239669,148,74.5,0.02578350120103721,0.006756756756756757,0.06756756756756757,75.0,0.008256398758619278,0.0,0.015037593984962405,2.0,0.5,0.0,1.0
COCONUT,T1_np,PMTMAFAPLCGXGK,90,3.0,0.3333333333333333,0.3333333333333333,0.0,1.0,1.0,1.0,90,45.5,0.0423995353083723,0.011111111111111112,0.1111111111111111,45.5,0.0423995353083723,0.011111111111111112,0.1111111111111111,19.0,0.05263157894736842,0.0,0.0
COCONUT+train,T1_np,PMTMAFAPLCGXGK,93,4.0,0.25,0.25,0.0,1.0,1.0,1.0,93,47.0,0.04103180836294094,0.010752688172043012,0.10752688172043011,47.0,0.04103180836294094,0.010752688172043012,0.10752688172043011,20.0,0.05,0.0,0.0
COCONUT,T1_np,PNVNVHUZROJLTJ,36,20.0,0.07094623828670624,0.06007954074000526,0.0,0.21212121212121213,1.0,1.0,36,18.5,0.10599883827093076,0.027777777777777776,0.2777777777777778,18.5,0.10599883827093076,0.027777777777777776,0.2777777777777778,2.0,0.5,0.0,1.0
COCONUT+train,T1_np,PNVNVHUZROJLTJ,59,37.0,0.029065824790365735,0.006612682442721968,0.0,0.0,0.9090909090909091,1.0,59,30.0,0.06467725725005945,0.01694915254237288,0.1694915254237288,30.0,0.06467725725005945,0.01694915254237288,0.1694915254237288,3.0,0.3333333333333333,0.0,1.0
COCONUT,T1_np,PRAUVHZJPXOEIF,108,54.5,0.03335879439193329,0.019437498474707583,0.0,0.06862745098039216,0.46078431372549017,0.9509803921568627,108,54.5,0.03533294609031025,0.009259259259259259,0.09259259259259259,17.5,0.0666394170930836,0.0,0.23076923076923078,6.0,0.16666666666666666,0.0,1.0
COCONUT+train,T1_np,PRAUVHZJPXOEIF,115,61.5,0.02324709730111083,0.00869597964495346,0.0,0.0,0.39215686274509803,0.8823529411764706,115,58.0,0.03318224502394354,0.008695652173913044,0.08695652173913043,20.5,0.05414452638813042,0.0,0.1875,6.0,0.16666666666666666,0.0,1.0
COCONUT,T1_np,PSGAAPLEWMOORI,80,45.0,0.030091704577144548,0.01390126653218666,0.0,0.014084507042253521,0.5774647887323944,1.0,80,40.5,0.04769947722191884,0.0125,0.125,10.5,0.1798869828571841,0.05,0.5,3.0,0.3333333333333333,0.0,1.0
COCONUT+train,T1_np,PSGAAPLEWMOORI,81,46.0,0.02885713667590998,0.012492815827961308,0.0,0.0,0.5633802816901409,1.0,81,41.0,0.04711059478708034,0.012345679012345678,0.12345679012345678,11.0,0.17358850975060616,0.047619047619047616,0.47619047619047616,3.0,0.3333333333333333,0.0,1.0
COCONUT,T1_np,PSIFNNKUMBGKDQ,16,11.0,0.09090909090909091,0.09090909090909091,0.0,0.0,1.0,1.0,16,8.5,0.2112955620768121,0.0625,0.625,1.0,1.0,1.0,1.0,1.0,1.0,1.0,1.0
COCONUT+train,T1_np,PSIFNNKUMBGKDQ,21,16.0,0.0625,0.0625,0.0,0.0,1.0,1.0,21,11.0,0.17358850975060616,0.047619047619047616,0.47619047619047616,2.0,0.5,0.0,1.0,1.0,1.0,1.0,1.0
COCONUT,T1_np,PZPPOCZWRGNKIR,4,2.0,0.611111111111111,0.611111111111111,0.3333333333333333,1.0,1.0,1.0,4,2.5,0.5208333333333333,0.25,1.0,2.5,0.41666666666666663,0.0,1.0,1.0,1.0,1.0,1.0
COCONUT+train,T1_np,PZPPOCZWRGNKIR,4,2.0,0.611111111111111,0.611111111111111,0.3333333333333333,1.0,1.0,1.0,4,2.5,0.5208333333333333,0.25,1.0,2.5,0.41666666666666663,0.0,1.0,1.0,1.0,1.0,1.0
COCONUT,T1_np,QAIPRVGONGVQAS,66,37.5,0.035458101575599255,0.018932776463730414,0.0,0.034482758620689655,0.7241379310344828,1.0,66,33.5,0.05781754814778041,0.015151515151515152,0.15151515151515152,31.5,0.06154771254441141,0.016129032258064516,0.16129032258064516,1.0,1.0,1.0,1.0
COCONUT+train,T1_np,QAIPRVGONGVQAS,68,39.5,0.032329138547601985,0.015292929720435394,0.0,0.0,0.6896551724137931,1.0,68,34.5,0.05611703202578687,0.014705882352941176,0.14705882352941177,32.5,0.05962434652739855,0.015625,0.15625,1.0,1.0,1.0,1.0
COCONUT,T1_np,QANMHLXAZMSUEX,7,4.5,0.2654761904761905,0.2654761904761905,0.0,1.0,1.0,1.0,7,4.0,0.37040816326530607,0.14285714285714285,1.0,4.5,0.2654761904761905,0.0,1.0,2.0,0.5,0.0,1.0
COCONUT+train,T1_np,QANMHLXAZMSUEX,7,4.5,0.2654761904761905,0.2654761904761905,0.0,1.0,1.0,1.0,7,4.0,0.37040816326530607,0.14285714285714285,1.0,4.5,0.2654761904761905,0.0,1.0,2.0,0.5,0.0,1.0
COCONUT,T1_np,QCHFTSOMWOSFHM,15,8.5,0.16558778523064244,0.16558778523064244,0.0,0.6428571428571429,1.0,1.0,15,8.0,0.22121526621526624,0.06666666666666667,0.6666666666666666,8.0,0.22121526621526624,0.06666666666666667,0.6666666666666666,1.0,1.0,1.0,1.0
COCONUT+train,T1_np,QCHFTSOMWOSFHM,23,14.5,0.07517868299325621,0.07517868299325621,0.0,0.21428571428571427,1.0,1.0,23,12.0,0.16236050048203654,0.043478260869565216,0.43478260869565216,12.0,0.16236050048203654,0.043478260869565216,0.43478260869565216,7.0,0.14285714285714285,0.0,1.0
COCONUT,T1_np,QEVHRUUCFGRFIF,8,6.5,0.15863095238095237,0.15863095238095237,0.0,1.0,1.0,1.0,8,4.5,0.3397321428571428,0.125,1.0,4.0,0.26111111111111107,0.0,1.0,1.0,1.0,1.0,1.0
COCONUT+train,T1_np,QEVHRUUCFGRFIF,8,6.5,0.15863095238095237,0.15863095238095237,0.0,1.0,1.0,1.0,8,4.5,0.3397321428571428,0.125,1.0,4.0,0.26111111111111107,0.0,1.0,1.0,1.0,1.0,1.0
COCONUT,T1_np,QFJCIRLUMZQUOT,2,1.5,0.75,0.75,0.5,1.0,1.0,1.0,2,1.5,0.75,0.5,1.0,1.5,0.75,0.5,1.0,1.0,1.0,1.0,1.0
COCONUT+train,T1_np,QFJCIRLUMZQUOT,4,3.5,0.29166666666666663,0.29166666666666663,0.0,1.0,1.0,1.0,4,2.5,0.5208333333333333,0.25,1.0,2.5,0.5208333333333333,0.25,1.0,2.0,0.5,0.0,1.0
COCONUT,T1_np,QGXBDMJGAMFCBF,80,42.5,0.03792297296858136,0.022797695321318073,0.0,0.07894736842105263,0.6052631578947368,1.0,80,40.5,0.04769947722191884,0.0125,0.125,40.5,0.04769947722191884,0.0125,0.125,2.0,0.5,0.0,1.0
COCONUT+train,T1_np,QGXBDMJGAMFCBF,80,42.5,0.03792297296858136,0.022797695321318073,0.0,0.07894736842105263,0.6052631578947368,1.0,80,40.5,0.04769947722191884,0.0125,0.125,40.5,0.04769947722191884,0.0125,0.125,2.0,0.5,0.0,1.0
COCONUT,T1_np,QIVBCDIJIAJPQS,32,17.5,0.07835399507511379,0.07080803015786334,0.0,0.25,1.0,1.0,32,16.5,0.1192486930547971,0.03125,0.3125,16.5,0.1192486930547971,0.03125,0.3125,1.0,1.0,1.0,1.0
COCONUT+train,T1_np,QIVBCDIJIAJPQS,43,28.5,0.038399302860214715,0.020156994685399297,0.0,0.0,1.0,1.0,43,22.0,0.08874321343612808,0.023255813953488372,0.23255813953488372,22.0,0.08874321343612808,0.023255813953488372,0.23255813953488372,1.0,1.0,1.0,1.0
COCONUT,T1_np,QJPCKAJTLHDNCS,140,78.0,0.01763357016939427,0.003981833476196109,0.0,0.0,0.28,0.68,140,70.5,0.027256844126810766,0.007142857142857143,0.07142857142857142,95.0,0.0,0.0,0.0,18.0,0.05555555555555555,0.0,0.0
COCONUT+train,T1_np,QJPCKAJTLHDNCS,152,87.0,0.014468445953789644,0.00032,0.0,0.0,0.208,0.608,152,76.5,0.025104988011536232,0.006578947368421052,0.06578947368421052,95.0,0.0,0.0,0.0,18.0,0.05555555555555555,0.0,0.0
COCONUT,T1_np,QKXGRPHIBLICSC,119,67.5,0.019637557315298735,0.004785857543504939,0.0,0.0,0.33653846153846156,0.8173076923076923,119,60.0,0.03206687544330678,0.008403361344537815,0.08403361344537816,82.0,0.0,0.0,0.0,2.0,0.5,0.0,1.0
COCONUT+train,T1_np,QKXGRPHIBLICSC,129,75.5,0.016260029629830117,0.0007852564102564102,0.0,0.0,0.25961538461538464,0.7403846153846154,129,65.0,0.029581071145376024,0.007751937984496124,0.07751937984496124,83.0,0.0,0.0,0.0,2.0,0.5,0.0,1.0
COCONUT,T1_np,QPCYNIYZPDJCMB,132,71.5,0.02030289650979076,0.006634006940634683,0.0,0.0,0.325,0.7416666666666667,132,66.5,0.028908774073890205,0.007575757575757576,0.07575757575757576,31.0,0.06255669143858208,0.01639344262295082,0.16393442622950818,9.0,0.1111111111111111,0.0,1.0
COCONUT+train,T1_np,QPCYNIYZPDJCMB,158,91.5,0.013087982581363752,0.0,0.0,0.0,0.15833333333333333,0.575,158,79.5,0.024151634036414602,0.006329113924050633,0.06329113924050633,32.0,0.04616324881563126,0.0,0.14754098360655737,9.0,0.1111111111111111,0.0,1.0
COCONUT,T1_np,QQTZGKRXYRFKIF,124,76.5,0.015357844061856927,0.0,0.0,0.0,0.22916666666666666,0.75,124,62.5,0.030773856272205705,0.008064516129032258,0.08064516129032258,83.0,0.0,0.0,0.0,1.0,1.0,1.0,1.0
COCONUT+train,T1_np,QQTZGKRXYRFKIF,131,82.5,0.013858139039797329,0.0,0.0,0.0,0.16666666666666666,0.6875,131,66.0,0.02912945173857639,0.007633587786259542,0.07633587786259542,84.5,0.0,0.0,0.0,1.0,1.0,1.0,1.0
COCONUT,T1_np,QXKHYNVANLEOEG,23,13.5,0.09504790888767535,0.09504790888767535,0.0,0.35,1.0,1.0,23,12.0,0.16236050048203654,0.043478260869565216,0.43478260869565216,12.0,0.16236050048203654,0.043478260869565216,0.43478260869565216,7.0,0.14285714285714285,0.0,1.0
COCONUT+train,T1_np,QXKHYNVANLEOEG,23,13.5,0.09504790888767535,0.09504790888767535,0.0,0.35,1.0,1.0,23,12.0,0.16236050048203654,0.043478260869565216,0.43478260869565216,12.0,0.16236050048203654,0.043478260869565216,0.43478260869565216,7.0,0.14285714285714285,0.0,1.0
COCONUT,T1_np,QYIYFLOTGYLRGG,2,1.0,1.0,1.0,1.0,1.0,1.0,1.0,2,1.5,0.75,0.5,1.0,1.0,1.0,1.0,1.0,1.0,1.0,1.0,1.0
COCONUT+train,T1_np,QYIYFLOTGYLRGG,7,4.0,0.25,0.25,0.0,1.0,1.0,1.0,7,4.0,0.37040816326530607,0.14285714285714285,1.0,1.0,1.0,1.0,1.0,2.0,0.5,0.0,1.0
COCONUT,T1_np,RCFGIEPQSDGMJJ,159,81.5,0.02120182250725332,0.009106387851690045,0.0,0.02666666666666667,0.29333333333333333,0.6266666666666667,159,80.0,0.02399973696700319,0.006289308176100629,0.06289308176100629,107.0,0.0,0.0,0.0,1.0,1.0,1.0,1.0
COCONUT+train,T1_np,RCFGIEPQSDGMJJ,164,85.5,0.01817695313980992,0.005913266158568352,0.0,0.0,0.26666666666666666,0.6,164,82.5,0.023268037669228702,0.006097560975609756,0.06097560975609756,112.0,0.0,0.0,0.0,1.0,1.0,1.0,1.0
COCONUT,T1_np,RCINICONZNJXQF,3,2.0,0.611111111111111,0.611111111111111,0.3333333333333333,1.0,1.0,1.0,3,2.0,0.611111111111111,0.3333333333333333,1.0,1.5,0.75,0.5,1.0,1.0,1.0,1.0,1.0
COCONUT+train,T1_np,RCINICONZNJXQF,4,3.0,0.3611111111111111,0.3611111111111111,0.0,1.0,1.0,1.0,4,2.5,0.5208333333333333,0.25,1.0,2.0,0.611111111111111,0.3333333333333333,1.0,1.0,1.0,1.0,1.0
COCONUT,T1_np,RFDAIACWWDREDC,11,7.5,0.14831800144300145,0.14831800144300145,0.0,0.875,1.0,1.0,11,6.0,0.2745343040797586,0.09090909090909091,0.9090909090909091,7.5,0.14831800144300145,0.0,0.875,1.0,1.0,1.0,1.0
COCONUT+train,T1_np,RFDAIACWWDREDC,15,11.5,0.0906714812964813,0.0906714812964813,0.0,0.375,1.0,1.0,15,8.0,0.22121526621526624,0.06666666666666667,0.6666666666666666,9.5,0.12374130499130498,0.0,0.5833333333333334,1.0,1.0,1.0,1.0
COCONUT,T1_np,RGNXWPVNPFAADO,132,79.0,0.015117811504989257,0.0,0.0,0.0,0.22330097087378642,0.7087378640776699,132,66.5,0.028908774073890205,0.007575757575757576,0.07575757575757576,43.5,0.04437160671806404,0.011627906976744186,0.11627906976744186,46.0,0.0,0.0,0.0
COCONUT+train,T1_np,RGNXWPVNPFAADO,134,81.0,0.014583950349911994,0.0,0.0,0.0,0.20388349514563106,0.6893203883495146,134,67.5,0.028477299833981395,0.007462686567164179,0.07462686567164178,44.0,0.043861588250040315,0.011494252873563218,0.11494252873563218,47.0,0.0,0.0,0.0
COCONUT,T1_np,RHMXXJGYXNZAPX,132,78.0,0.015402711789889544,0.0,0.0,0.0,0.23300970873786409,0.7184466019417476,132,66.5,0.028908774073890205,0.007575757575757576,0.07575757575757576,43.5,0.04437160671806404,0.011627906976744186,0.11627906976744186,85.0,0.0,0.0,0.0
COCONUT+train,T1_np,RHMXXJGYXNZAPX,135,80.0,0.014845183369765706,0.0,0.0,0.0,0.21359223300970873,0.6990291262135923,135,68.0,0.0282663568722482,0.007407407407407408,0.07407407407407407,44.0,0.043861588250040315,0.011494252873563218,0.11494252873563218,87.0,0.0,0.0,0.0
COCONUT,T1_np,RKUNBYITZUJHSG,45,26.5,0.047423446649846816,0.032186869339378,0.0,0.07894736842105263,1.0,1.0,45,23.0,0.0847990706167446,0.022222222222222223,0.2222222222222222,21.5,0.09085614708936922,0.023809523809523808,0.23809523809523808,2.0,0.5,0.0,1.0
COCONUT+train,T1_np,RKUNBYITZUJHSG,125,105.0,0.009635546883009029,0.0,0.0,0.0,0.0,0.38461538461538464,125,63.0,0.030527665422028057,0.008,0.08,61.5,0.03127834571929104,0.00819672131147541,0.08196721311475409,2.0,0.5,0.0,1.0
COCONUT,T1_np,RMMXLENWKUUMAY,9,5.0,0.31432980599647264,0.31432980599647264,0.1111111111111111,1.0,1.0,1.0,9,5.0,0.31432980599647264,0.1111111111111111,1.0,1.5,0.75,0.5,1.0,6.0,0.16666666666666666,0.0,1.0
COCONUT+train,T1_np,RMMXLENWKUUMAY,10,5.0,0.31432980599647264,0.31432980599647264,0.1111111111111111,1.0,1.0,1.0,10,5.5,0.2928968253968254,0.1,1.0,1.5,0.75,0.5,1.0,7.0,0.14285714285714285,0.0,1.0
COCONUT,T1_np,RNKMOGIPOMVCHO,22,13.0,0.09776210088862851,0.09776210088862851,0.0,0.3684210526315789,1.0,1.0,22,11.5,0.16776423864623977,0.045454545454545456,0.45454545454545453,10.5,0.1798869828571841,0.05,0.5,4.0,0.25,0.0,1.0
COCONUT+train,T1_np,RNKMOGIPOMVCHO,22,13.0,0.09776210088862851,0.09776210088862851,0.0,0.3684210526315789,1.0,1.0,22,11.5,0.16776423864623977,0.045454545454545456,0.45454545454545453,10.5,0.1798869828571841,0.05,0.5,4.0,0.25,0.0,1.0
COCONUT,T1_np,RODXRVNMMDRFIK,68,41.0,0.029014907185167946,0.010648978324361893,0.0,0.0,0.6792452830188679,1.0,68,34.5,0.05611703202578687,0.014705882352941176,0.14705882352941177,36.0,0.030501920683387286,0.0,0.1076923076923077,1.0,1.0,1.0,1.0
COCONUT+train,T1_np,RODXRVNMMDRFIK,71,44.0,0.026288381792402147,0.007101993492693376,0.0,0.0,0.6226415094339622,1.0,71,36.0,0.05374588982751419,0.014084507042253521,0.14084507042253522,38.0,0.02586007230477871,0.0,0.08955223880597014,1.0,1.0,1.0,1.0
COCONUT,T1_np,RONZAEMNMFQXRA,6,4.0,0.29,0.29,0.0,1.0,1.0,1.0,6,3.5,0.40833333333333327,0.16666666666666666,1.0,3.5,0.40833333333333327,0.16666666666666666,1.0,1.0,1.0,1.0,1.0
COCONUT+train,T1_np,RONZAEMNMFQXRA,15,12.0,0.08451881451881452,0.08451881451881452,0.0,0.2,1.0,1.0,15,8.0,0.22121526621526624,0.06666666666666667,0.6666666666666666,11.0,0.09410074052931197,0.0,0.42857142857142855,7.0,0.14285714285714285,0.0,1.0
COCONUT,T1_np,RTIXKCRFFJGDFG,97,62.0,0.017780868830263016,0.0,0.0,0.0,0.31746031746031744,1.0,97,49.0,0.039339775028386675,0.010309278350515464,0.10309278350515463,47.5,0.04059529976333518,0.010638297872340425,0.10638297872340426,3.0,0.3333333333333333,0.0,1.0
COCONUT+train,T1_np,RTIXKCRFFJGDFG,100,65.0,0.01679309399707764,0.0,0.0,0.0,0.2698412698412698,1.0,100,50.5,0.03815958177753507,0.01,0.1,49.0,0.039339775028386675,0.010309278350515464,0.10309278350515463,3.0,0.3333333333333333,0.0,1.0
COCONUT,T1_np,RUDATBOHQWOJDD,44,23.5,0.06291663218171235,0.04956562111050434,0.0,0.175,1.0,1.0,44,22.5,0.08672632222167062,0.022727272727272728,0.22727272727272727,3.5,0.40833333333333327,0.16666666666666666,1.0,2.0,0.5,0.0,1.0
COCONUT+train,T1_np,RUDATBOHQWOJDD,50,29.5,0.041255927109029276,0.02467474809463132,0.0,0.025,1.0,1.0,50,25.5,0.07631916355507014,0.02,0.2,6.0,0.2745343040797586,0.09090909090909091,0.9090909090909091,2.0,0.5,0.0,1.0
COCONUT,T1_np,RWQKHEORZBHNRI,6,3.0,0.45666666666666667,0.45666666666666667,0.2,1.0,1.0,1.0,6,3.5,0.40833333333333327,0.16666666666666666,1.0,6.0,0.16666666666666666,0.0,1.0,1.0,1.0,1.0,1.0
COCONUT+train,T1_np,RWQKHEORZBHNRI,10,7.0,0.14912698412698414,0.14912698412698414,0.0,1.0,1.0,1.0,10,5.5,0.2928968253968254,0.1,1.0,10.0,0.1,0.0,1.0,1.0,1.0,1.0,1.0
COCONUT,T1_np,RXGUTQNKCXHALN,69,38.0,0.037596048307180274,0.02168187583735725,0.0,0.06349206349206349,0.6984126984126984,1.0,69,35.0,0.05530374170657257,0.014492753623188406,0.14492753623188406,35.0,0.05530374170657257,0.014492753623188406,0.14492753623188406,18.0,0.05555555555555555,0.0,0.0
COCONUT+train,T1_np,RXGUTQNKCXHALN,102,71.0,0.015135545878902881,0.0,0.0,0.0,0.1746031746031746,0.9682539682539683,102,51.5,0.037411354683857916,0.00980392156862745,0.09803921568627451,55.0,0.012874747735751198,0.0,0.031578947368421054,38.0,0.0,0.0,0.0
COCONUT,T1_np,RXPRRQLKFXBCSJ,141,77.0,0.01810976064558475,0.004515166809529443,0.0,0.0,0.288,0.688,141,71.0,0.02706353317555679,0.0070921985815602835,0.07092198581560284,123.5,0.0,0.0,0.0,1.0,1.0,1.0,1.0
COCONUT+train,T1_np,RXPRRQLKFXBCSJ,205,134.0,0.00808766328504395,0.0,0.0,0.0,0.0,0.232,205,103.0,0.018614430135382963,0.004878048780487805,0.04878048780487805,187.5,0.0,0.0,0.0,1.0,1.0,1.0,1.0
COCONUT,T1_np,RYMZZMVNJRMUDD,83,44.5,0.034855576145472224,0.019649036466925302,0.0,0.0641025641025641,0.5769230769230769,1.0,83,42.0,0.045975399731969964,0.012048192771084338,0.12048192771084337,51.0,0.002195525044495296,0.0,0.0,59.0,0.0,0.0,0.0
COCONUT+train,T1_np,RYMZZMVNJRMUDD,86,47.5,0.029737288520344646,0.01407821839610723,0.0,0.02564102564102564,0.5384615384615384,1.0,86,43.5,0.04437160671806404,0.011627906976744186,0.11627906976744186,53.5,0.0006896551724137932,0.0,0.0,60.0,0.0,0.0,0.0
COCONUT,T1_np,RYYVLZVUVIJVGH,13,7.5,0.18167781292781296,0.18167781292781296,0.0,0.75,1.0,1.0,13,7.0,0.24462567347182732,0.07692307692307693,0.7692307692307693,7.0,0.24462567347182732,0.07692307692307693,0.7692307692307693,2.0,0.5,0.0,1.0
COCONUT+train,T1_np,RYYVLZVUVIJVGH,15,9.5,0.12374130499130498,0.12374130499130498,0.0,0.5833333333333334,1.0,1.0,15,8.0,0.22121526621526624,0.06666666666666667,0.6666666666666666,8.0,0.22121526621526624,0.06666666666666667,0.6666666666666666,2.0,0.5,0.0,1.0
COCONUT,T1_np,RZGFUGXQKMEMOO,84,43.5,0.042853329690060095,0.02824339241162813,0.0,0.0975609756097561,0.5853658536585366,1.0,84,42.5,0.04542807354468461,0.011904761904761904,0.11904761904761904,42.0,0.045975399731969964,0.012048192771084338,0.12048192771084337,54.0,0.0,0.0,0.0
COCONUT+train,T1_np,RZGFUGXQKMEMOO,87,46.5,0.033725933743710426,0.01869054688317285,0.0,0.06097560975609756,0.5487804878048781,1.0,87,44.0,0.043861588250040315,0.011494252873563218,0.11494252873563218,43.5,0.04437160671806404,0.011627906976744186,0.11627906976744186,56.0,0.0,0.0,0.0
COCONUT,T1_np,RZJQGNCSTQAWON,8,5.0,0.2454081632653061,0.2454081632653061,0.0,1.0,1.0,1.0,8,4.5,0.3397321428571428,0.125,1.0,5.0,0.2454081632653061,0.0,1.0,4.0,0.25,0.0,1.0
COCONUT+train,T1_np,RZJQGNCSTQAWON,27,21.0,0.04805795073039271,0.04805795073039271,0.0,0.0,1.0,1.0,27,14.0,0.141331784361241,0.037037037037037035,0.37037037037037035,5.0,0.2454081632653061,0.0,1.0,10.0,0.1,0.0,1.0
COCONUT,T1_np,SDIVYZXRQHWCKF,38,21.0,0.06841624799891477,0.05664642412629067,0.0,0.2,1.0,1.0,38,19.5,0.10041995204614493,0.02631578947368421,0.2631578947368421,19.5,0.10041995204614493,0.02631578947368421,0.2631578947368421,7.0,0.14285714285714285,0.0,1.0
COCONUT+train,T1_np,SDIVYZXRQHWCKF,78,61.0,0.016866355157016802,0.0,0.0,0.0,0.2,1.0,78,39.5,0.04892254074042958,0.01282051282051282,0.1282051282051282,39.5,0.04892254074042958,0.01282051282051282,0.1282051282051282,42.0,0.0,0.0,0.0
COCONUT,T1_np,SEEGHKWOBVVBTQ,192,105.0,0.013701488116571502,0.0021508894577871368,0.0,0.0,0.18857142857142858,0.4742857142857143,192,96.5,0.019874782175799518,0.005208333333333333,0.052083333333333336,21.0,0.09307215067691481,0.024390243902439025,0.24390243902439024,2.0,0.5,0.0,1.0
COCONUT+train,T1_np,SEEGHKWOBVVBTQ,216,126.0,0.009788293704970625,0.0,0.0,0.0,0.06857142857142857,0.35428571428571426,216,108.5,0.017666473045155125,0.004629629629629629,0.046296296296296294,21.0,0.09307215067691481,0.024390243902439025,0.24390243902439024,2.0,0.5,0.0,1.0
COCONUT,T1_np,SGEWCQFRYRRZDC,135,78.5,0.016147639209055407,0.0014964866051822572,0.0,0.0,0.2543859649122807,0.6929824561403509,135,68.0,0.0282663568722482,0.007407407407407408,0.07407407407407407,63.0,0.013327172560175422,0.0,0.043478260869565216,2.0,0.5,0.0,1.0
COCONUT+train,T1_np,SGEWCQFRYRRZDC,140,83.5,0.014631627615686243,0.0,0.0,0.0,0.21052631578947367,0.6491228070175439,140,70.5,0.027256844126810766,0.007142857142857143,0.07142857142857142,64.5,0.011775501532357817,0.0,0.034482758620689655,2.0,0.5,0.0,1.0
COCONUT,T1_np,SHIBSTMRCDJXLN,140,78.0,0.01763357016939427,0.003981833476196109,0.0,0.0,0.28,0.68,140,70.5,0.027256844126810766,0.007142857142857143,0.07142857142857142,95.0,0.0,0.0,0.0,5.0,0.2,0.0,1.0
COCONUT+train,T1_np,SHIBSTMRCDJXLN,151,89.0,0.013947067111881,0.0,0.0,0.0,0.192,0.592,151,76.0,0.025271246210288128,0.006622516556291391,0.06622516556291391,95.0,0.0,0.0,0.0,5.0,0.2,0.0,1.0
COCONUT,T1_np,SLYDIPAXCVVRNY,26,8.5,0.2112955620768121,0.2112955620768121,0.0625,0.625,1.0,1.0,26,13.5,0.14676762222128875,0.038461538461538464,0.38461538461538464,7.0,0.14912698412698414,0.0,1.0,13.0,0.07692307692307693,0.0,0.0
COCONUT+train,T1_np,SLYDIPAXCVVRNY,32,14.5,0.07755082813857969,0.07755082813857969,0.0,0.25,1.0,1.0,32,16.5,0.1192486930547971,0.03125,0.3125,7.0,0.14912698412698414,0.0,1.0,17.0,0.058823529411764705,0.0,0.0
COCONUT,T1_np,SNGHLUWTFLYPMT,23,15.5,0.07133964801435608,0.07133964801435608,0.0,0.1875,1.0,1.0,23,12.0,0.16236050048203654,0.043478260869565216,0.43478260869565216,4.5,0.3397321428571428,0.125,1.0,1.0,1.0,1.0,1.0
COCONUT+train,T1_np,SNGHLUWTFLYPMT,27,18.5,0.05784071639042446,0.055436870236578305,0.0,0.0,1.0,1.0,27,14.0,0.141331784361241,0.037037037037037035,0.37037037037037035,5.0,0.31432980599647264,0.1111111111111111,1.0,1.0,1.0,1.0,1.0
COCONUT,T1_np,SPJFYYJXNPEZDW,2,2.0,0.5,0.5,0.0,1.0,1.0,1.0,2,1.5,0.75,0.5,1.0,1.5,0.75,0.5,1.0,2.0,0.5,0.0,1.0
COCONUT+train,T1_np,SPJFYYJXNPEZDW,4,3.5,0.29166666666666663,0.29166666666666663,0.0,1.0,1.0,1.0,4,2.5,0.5208333333333333,0.25,1.0,2.5,0.5208333333333333,0.25,1.0,2.0,0.5,0.0,1.0
COCONUT,T1_np,SQFSKOYWJBQGKQ,249,135.0,0.010321796771954836,0.0,0.0,0.0,0.1141552511415525,0.3424657534246575,249,125.0,0.01532513324398999,0.004016064257028112,0.040160642570281124,101.0,0.011756132881997497,0.0,0.04060913705583756,21.0,0.047619047619047616,0.0,0.0
COCONUT+train,T1_np,SQFSKOYWJBQGKQ,253,137.0,0.010014253839557084,0.0,0.0,0.0,0.1050228310502283,0.3333333333333333,253,127.0,0.015082838647247064,0.003952569169960474,0.039525691699604744,102.5,0.011579790888767533,0.0,0.04,21.0,0.047619047619047616,0.0,0.0
COCONUT,T1_np,SQOJOAFXDQDRGF,30,21.0,0.050496654080963495,0.04192632350251933,0.0,0.0,1.0,1.0,30,15.5,0.12719860592511692,0.03333333333333333,0.3333333333333333,1.5,0.75,0.5,1.0,23.0,0.043478260869565216,0.0,0.0
COCONUT+train,T1_np,SQOJOAFXDQDRGF,34,25.0,0.041651131324150416,0.025601716736736096,0.0,0.0,1.0,1.0,34,17.5,0.11223406405157374,0.029411764705882353,0.29411764705882354,2.5,0.41666666666666663,0.0,1.0,23.0,0.043478260869565216,0.0,0.0
COCONUT,T1_np,STECJAGHUSJQJN,71,40.5,0.032547629205033415,0.01591919231911698,0.0,0.016129032258064516,0.6612903225806451,1.0,71,36.0,0.05374588982751419,0.014084507042253521,0.14084507042253522,38.5,0.0183016839149394,0.0,0.03333333333333333,1.0,1.0,1.0,1.0
COCONUT+train,T1_np,STECJAGHUSJQJN,188,150.0,0.006767317313713136,0.0,0.0,0.0,0.0,0.0,188,94.5,0.02029764988166759,0.005319148936170213,0.05319148936170213,101.0,0.0025753206184882466,0.0,0.0,1.0,1.0,1.0,1.0
COCONUT,T1_np,STZYTFJPGGDRJD,1,1.0,1.0,1.0,1.0,1.0,1.0,1.0,1,1.0,1.0,1.0,1.0,1.0,1.0,1.0,1.0,1.0,1.0,1.0,1.0
COCONUT+train,T1_np,STZYTFJPGGDRJD,1,1.0,1.0,1.0,1.0,1.0,1.0,1.0,1,1.0,1.0,1.0,1.0,1.0,1.0,1.0,1.0,1.0,1.0,1.0,1.0
COCONUT,T1_np,SUBDBMMJDZJVOS,6,4.5,0.23749999999999996,0.23749999999999996,0.0,1.0,1.0,1.0,6,3.5,0.40833333333333327,0.16666666666666666,1.0,3.0,0.45666666666666667,0.2,1.0,4.0,0.25,0.0,1.0
COCONUT+train,T1_np,SUBDBMMJDZJVOS,125,114.5,0.008735568191891788,0.0,0.0,0.0,0.0,0.0,125,63.0,0.030527665422028057,0.008,0.08,44.5,0.04336316111083531,0.011363636363636364,0.11363636363636363,117.0,0.0,0.0,0.0
COCONUT,T1_np,TWDKBDSVUUKABK,6,4.5,0.23749999999999996,0.23749999999999996,0.0,1.0,1.0,1.0,6,3.5,0.40833333333333327,0.16666666666666666,1.0,1.0,1.0,1.0,1.0,3.0,0.3333333333333333,0.0,1.0
COCONUT+train,T1_np,TWDKBDSVUUKABK,13,9.5,0.10675505050505052,0.10675505050505052,0.0,0.75,1.0,1.0,13,7.0,0.24462567347182732,0.07692307692307693,0.7692307692307693,5.5,0.18333333333333335,0.0,1.0,8.0,0.125,0.0,1.0
COCONUT,T1_np,TZBJGXHYKVUXJN,132,80.0,0.014845183369765706,0.0,0.0,0.0,0.21359223300970873,0.6990291262135923,132,66.5,0.028908774073890205,0.007575757575757576,0.07575757575757576,43.5,0.04437160671806404,0.011627906976744186,0.11627906976744186,24.0,0.041666666666666664,0.0,0.0
COCONUT+train,T1_np,TZBJGXHYKVUXJN,134,82.0,0.014333323783495954,0.0,0.0,0.0,0.1941747572815534,0.6796116504854369,134,67.5,0.028477299833981395,0.007462686567164179,0.07462686567164178,44.0,0.043861588250040315,0.011494252873563218,0.11494252873563218,24.0,0.041666666666666664,0.0,0.0
COCONUT,T1_np,TZJALUIVHRYQQB,17,9.5,0.13433778523064235,0.13433778523064235,0.0,0.5714285714285714,1.0,1.0,17,9.0,0.20232661897886814,0.058823529411764705,0.5882352941176471,15.5,0.0648546918767507,0.0,0.0,1.0,1.0,1.0,1.0
COCONUT+train,T1_np,TZJALUIVHRYQQB,17,9.5,0.13433778523064235,0.13433778523064235,0.0,0.5714285714285714,1.0,1.0,17,9.0,0.20232661897886814,0.058823529411764705,0.5882352941176471,15.5,0.0648546918767507,0.0,0.0,1.0,1.0,1.0,1.0
COCONUT,T1_np,UEDUENGHJMELGK,9,6.5,0.16593915343915344,0.16593915343915344,0.0,1.0,1.0,1.0,9,5.0,0.31432980599647264,0.1111111111111111,1.0,4.5,0.2654761904761905,0.0,1.0,2.0,0.5,0.0,1.0
COCONUT+train,T1_np,UEDUENGHJMELGK,9,6.5,0.16593915343915344,0.16593915343915344,0.0,1.0,1.0,1.0,9,5.0,0.31432980599647264,0.1111111111111111,1.0,4.5,0.2654761904761905,0.0,1.0,2.0,0.5,0.0,1.0
COCONUT,T1_np,UIDGLYUNOUKLBM,107,56.5,0.027953643235746804,0.013659581777535068,0.0,0.04,0.44,0.94,107,54.0,0.0356631605397524,0.009345794392523364,0.09345794392523364,78.0,0.0,0.0,0.0,7.0,0.14285714285714285,0.0,1.0
COCONUT+train,T1_np,UIDGLYUNOUKLBM,108,57.5,0.026618529751100614,0.012231010348963638,0.0,0.03,0.43,0.93,108,54.5,0.03533294609031025,0.009259259259259259,0.09259259259259259,78.5,0.0,0.0,0.0,7.0,0.14285714285714285,0.0,1.0
COCONUT,T1_np,ULGZDMOVFRHVEP,8,7.0,0.14484126984126985,0.14484126984126985,0.0,1.0,1.0,1.0,8,4.5,0.3397321428571428,0.125,1.0,5.5,0.18988095238095237,0.0,1.0,1.0,1.0,1.0,1.0
COCONUT+train,T1_np,ULGZDMOVFRHVEP,8,7.0,0.14484126984126985,0.14484126984126985,0.0,1.0,1.0,1.0,8,4.5,0.3397321428571428,0.125,1.0,5.5,0.18988095238095237,0.0,1.0,1.0,1.0,1.0,1.0
COCONUT,T1_np,UPALKCDWIDYZDP,3,2.0,0.611111111111111,0.611111111111111,0.3333333333333333,1.0,1.0,1.0,3,2.0,0.611111111111111,0.3333333333333333,1.0,2.0,0.611111111111111,0.3333333333333333,1.0,2.0,0.5,0.0,1.0
COCONUT+train,T1_np,UPALKCDWIDYZDP,3,2.0,0.611111111111111,0.611111111111111,0.3333333333333333,1.0,1.0,1.0,3,2.0,0.611111111111111,0.3333333333333333,1.0,2.0,0.611111111111111,0.3333333333333333,1.0,2.0,0.5,0.0,1.0
COCONUT,T1_np,URFCJEUYXNAHFI,140,70.5,0.021534890754786738,0.008090081342502073,0.0,0.00819672131147541,0.3360655737704918,0.7459016393442623,140,70.5,0.027256844126810766,0.007142857142857143,0.07142857142857142,71.5,0.014578123856030687,0.0,0.051470588235294115,18.0,0.05555555555555555,0.0,0.0
COCONUT+train,T1_np,URFCJEUYXNAHFI,144,74.5,0.018902096880830253,0.005211675595243867,0.0,0.0,0.30327868852459017,0.7131147540983607,144,72.5,0.02649970956773269,0.006944444444444444,0.06944444444444445,74.0,0.01246492693827463,0.0,0.04316546762589928,18.0,0.05555555555555555,0.0,0.0
COCONUT,T1_np,UYRHHBXYXSYGHA,16,9.0,0.15871526621526627,0.15871526621526627,0.0,0.6,1.0,1.0,16,8.5,0.2112955620768121,0.0625,0.625,8.5,0.2112955620768121,0.0625,0.625,3.0,0.3333333333333333,0.0,1.0
COCONUT+train,T1_np,UYRHHBXYXSYGHA,17,10.0,0.12930350150938383,0.12930350150938383,0.0,0.5333333333333333,1.0,1.0,17,9.0,0.20232661897886814,0.058823529411764705,0.5882352941176471,9.0,0.20232661897886814,0.058823529411764705,0.5882352941176471,3.0,0.3333333333333333,0.0,1.0
COCONUT,T1_np,UZKQTCBAMSWPJD,5,3.5,0.3208333333333333,0.3208333333333333,0.0,1.0,1.0,1.0,5,3.0,0.45666666666666667,0.2,1.0,2.5,0.5208333333333333,0.25,1.0,4.0,0.25,0.0,1.0
COCONUT+train,T1_np,UZKQTCBAMSWPJD,5,3.5,0.3208333333333333,0.3208333333333333,0.0,1.0,1.0,1.0,5,3.0,0.45666666666666667,0.2,1.0,2.5,0.5208333333333333,0.25,1.0,4.0,0.25,0.0,1.0
COCONUT,T1_np,VAOCPAMSLUNLGC,4,3.0,0.3611111111111111,0.3611111111111111,0.0,1.0,1.0,1.0,4,2.5,0.5208333333333333,0.25,1.0,2.5,0.5208333333333333,0.25,1.0,1.0,1.0,1.0,1.0
COCONUT+train,T1_np,VAOCPAMSLUNLGC,6,3.0,0.3611111111111111,0.3611111111111111,0.0,1.0,1.0,1.0,6,3.5,0.40833333333333327,0.16666666666666666,1.0,3.5,0.40833333333333327,0.16666666666666666,1.0,1.0,1.0,1.0,1.0
COCONUT,T1_np,VGEREEWJJVICBM,171,90.5,0.016672706435966973,0.004568894227838645,0.0,0.0,0.24358974358974358,0.5641025641025641,171,86.0,0.02231554489914332,0.005847953216374269,0.05847953216374269,131.5,0.0,0.0,0.0,1.0,1.0,1.0,1.0
COCONUT+train,T1_np,VGEREEWJJVICBM,176,95.5,0.014704116191094964,0.002412856763543262,0.0,0.0,0.21153846153846154,0.532051282051282,176,88.5,0.021681580555417655,0.005681818181818182,0.056818181818181816,135.5,0.0,0.0,0.0,1.0,1.0,1.0,1.0
COCONUT,T1_np,VHBFFQKBGNRLFZ,18,11.5,0.10084105320449857,0.10084105320449857,0.0,0.42857142857142855,1.0,1.0,18,9.5,0.1941726710109063,0.05555555555555555,0.5555555555555556,9.5,0.1941726710109063,0.05555555555555555,0.5555555555555556,16.0,0.0625,0.0,0.0
COCONUT+train,T1_np,VHBFFQKBGNRLFZ,21,13.5,0.08198140408169155,0.08198140408169155,0.0,0.2857142857142857,1.0,1.0,21,11.0,0.17358850975060616,0.047619047619047616,0.47619047619047616,10.5,0.1415410920635379,0.0,0.5,16.0,0.0625,0.0,0.0
COCONUT,T1_np,VHRSUDSXCMQTMA,237,122.5,0.015019682105241834,0.00531783058650593,0.0,0.013043478260869565,0.18695652173913044,0.4043478260869565,237,119.0,0.016101089357609736,0.004219409282700422,0.04219409282700422,73.5,0.0038177998642501196,0.0,0.0,1.0,1.0,1.0,1.0
COCONUT+train,T1_np,VHRSUDSXCMQTMA,257,142.5,0.009725127218038502,0.0,0.0,0.0,0.1,0.3173913043478261,257,129.0,0.014848086294760728,0.0038910505836575876,0.038910505836575876,74.0,0.0037846016045609884,0.0,0.0,1.0,1.0,1.0,1.0
COCONUT,T1_np,VMXUWOKSQNHOCA,6,3.5,0.40833333333333327,0.40833333333333327,0.16666666666666666,1.0,1.0,1.0,6,3.5,0.40833333333333327,0.16666666666666666,1.0,6.0,0.16666666666666666,0.0,1.0,1.0,1.0,1.0,1.0
COCONUT+train,T1_np,VMXUWOKSQNHOCA,78,47.0,0.021315245389656838,0.0,0.0,0.0,1.0,1.0,78,39.5,0.04892254074042958,0.01282051282051282,0.1282051282051282,75.0,0.0,0.0,0.0,1.0,1.0,1.0,1.0
COCONUT,T1_np,VNONINPVFQTJOC,25,13.5,0.09504790888767535,0.09504790888767535,0.0,0.35,1.0,1.0,25,13.0,0.15263832711014028,0.04,0.4,7.0,0.1912009707464253,0.0,0.8181818181818182,1.0,1.0,1.0,1.0
COCONUT+train,T1_np,VNONINPVFQTJOC,25,13.5,0.09504790888767535,0.09504790888767535,0.0,0.35,1.0,1.0,25,13.0,0.15263832711014028,0.04,0.4,7.0,0.1912009707464253,0.0,0.8181818181818182,1.0,1.0,1.0,1.0
COCONUT,T1_np,VRSRXLJTYQVOHC,48,25.0,0.0735914292566834,0.05991400378198951,0.0,0.19148936170212766,1.0,1.0,48,24.5,0.07949912870319807,0.020833333333333332,0.20833333333333334,3.5,0.3208333333333333,0.0,1.0,2.0,0.5,0.0,1.0
COCONUT+train,T1_np,VRSRXLJTYQVOHC,61,36.0,0.03319134187392325,0.015164840415804865,0.0,0.0,0.8085106382978723,1.0,61,31.0,0.06255669143858208,0.01639344262295082,0.16393442622950818,4.5,0.23749999999999996,0.0,1.0,2.0,0.5,0.0,1.0
COCONUT,T1_np,WCGUUGGRBIKTOS,385,199.0,0.00919181356586961,0.001910851205208656,0.0,0.0,0.10187667560321716,0.2359249329758713,385,193.0,0.009911579682476641,0.0025974025974025974,0.025974025974025976,209.0,0.0,0.0,0.0,3.0,0.3333333333333333,0.0,1.0
COCONUT+train,T1_np,WCGUUGGRBIKTOS,385,199.0,0.00919181356586961,0.001910851205208656,0.0,0.0,0.10187667560321716,0.2359249329758713,385,193.0,0.009911579682476641,0.0025974025974025974,0.025974025974025976,209.0,0.0,0.0,0.0,3.0,0.3333333333333333,0.0,1.0
COCONUT,T1_np,WIONIXOBNMDJFJ,9,5.0,0.31432980599647264,0.31432980599647264,0.1111111111111111,1.0,1.0,1.0,9,5.0,0.31432980599647264,0.1111111111111111,1.0,5.0,0.31432980599647264,0.1111111111111111,1.0,1.0,1.0,1.0,1.0
COCONUT+train,T1_np,WIONIXOBNMDJFJ,10,6.0,0.21432980599647267,0.21432980599647267,0.0,1.0,1.0,1.0,10,5.5,0.2928968253968254,0.1,1.0,5.5,0.2928968253968254,0.1,1.0,1.0,1.0,1.0,1.0
COCONUT,T1_np,WJXSWCUQABXPFS,33,21.5,0.052492915490470686,0.04112458015771887,0.0,0.041666666666666664,1.0,1.0,33,17.0,0.11563509629556082,0.030303030303030304,0.30303030303030304,17.0,0.11563509629556082,0.030303030303030304,0.30303030303030304,3.0,0.3333333333333333,0.0,1.0
COCONUT+train,T1_np,WJXSWCUQABXPFS,52,39.5,0.02613985117560823,0.0,0.0,0.0,0.9583333333333334,1.0,52,26.5,0.07338381111064438,0.019230769230769232,0.19230769230769232,26.5,0.07338381111064438,0.019230769230769232,0.19230769230769232,3.0,0.3333333333333333,0.0,1.0
COCONUT,T1_np,WMBWREPUVVBILR,21,11.0,0.17358850975060616,0.17358850975060616,0.047619047619047616,0.47619047619047616,1.0,1.0,21,11.0,0.17358850975060616,0.047619047619047616,0.47619047619047616,8.5,0.16558778523064244,0.0,0.6428571428571429,1.0,1.0,1.0,1.0
COCONUT+train,T1_np,WMBWREPUVVBILR,23,13.0,0.1063948338612781,0.1063948338612781,0.0,0.38095238095238093,1.0,1.0,23,12.0,0.16236050048203654,0.043478260869565216,0.43478260869565216,10.0,0.12930350150938383,0.0,0.5333333333333333,1.0,1.0,1.0,1.0
COCONUT,T1_np,WOXKDUGGOYFFRN,37,20.0,0.07094623828670624,0.06007954074000526,0.0,0.21212121212121213,1.0,1.0,37,19.0,0.10313400480414885,0.02702702702702703,0.2702702702702703,14.0,0.08279293628729067,0.0,0.29411764705882354,4.0,0.25,0.0,1.0
COCONUT+train,T1_np,WOXKDUGGOYFFRN,48,29.0,0.039143558707292234,0.021598409077055413,0.0,0.0,1.0,1.0,48,24.5,0.07949912870319807,0.020833333333333332,0.20833333333333334,15.5,0.07366434320852816,0.0,0.2222222222222222,6.0,0.16666666666666666,0.0,1.0
COCONUT,T1_np,WQMLFJWIKARBFW,42,27.0,0.04215695037970947,0.025680026866972967,0.0,0.0,1.0,1.0,42,21.5,0.09085614708936922,0.023809523809523808,0.23809523809523808,21.5,0.042234655188321694,0.0,0.07692307692307693,1.0,1.0,1.0,1.0
COCONUT+train,T1_np,WQMLFJWIKARBFW,43,28.0,0.04021896588358544,0.022991854823962217,0.0,0.0,1.0,1.0,43,22.0,0.08874321343612808,0.023255813953488372,0.23255813953488372,22.5,0.037961150914817415,0.0,0.038461538461538464,1.0,1.0,1.0,1.0
COCONUT,T1_np,WSQWAMGRHJQANC,292,155.0,0.010099443526926455,0.0011752750899530892,0.0,0.0,0.11721611721611722,0.30036630036630035,292,146.5,0.013068349923813382,0.003424657534246575,0.03424657534246575,53.5,0.03599960545050478,0.009433962264150943,0.09433962264150944,20.0,0.05,0.0,0.0
COCONUT+train,T1_np,WSQWAMGRHJQANC,297,160.0,0.009285611158274684,0.00029914529914529915,0.0,0.0,0.0989010989010989,0.28205128205128205,297,149.0,0.012848344032840091,0.003367003367003367,0.03367003367003367,57.0,0.018529204153459565,0.0,0.06542056074766354,20.0,0.05,0.0,0.0
COCONUT,T1_np,WTDRDQBEARUVNC,28,16.0,0.08375350822532138,0.07930499377680694,0.0,0.28,1.0,1.0,28,14.5,0.13628422063405382,0.03571428571428571,0.35714285714285715,14.5,0.13628422063405382,0.03571428571428571,0.35714285714285715,1.0,1.0,1.0,1.0
COCONUT+train,T1_np,WTDRDQBEARUVNC,29,17.0,0.07513281857014897,0.06930499377680693,0.0,0.24,1.0,1.0,29,15.0,0.13158476475012093,0.034482758620689655,0.3448275862068966,15.0,0.13158476475012093,0.034482758620689655,0.3448275862068966,1.0,1.0,1.0,1.0
COCONUT,T1_np,WYJAPUKIYAZSEM,55,32.0,0.039909682320615855,0.023363851806305617,0.0,0.0425531914893617,0.8936170212765957,1.0,55,28.0,0.0693810577773365,0.01818181818181818,0.18181818181818182,33.0,0.01971088719522784,0.0,0.0,15.0,0.06666666666666667,0.0,0.0
COCONUT+train,T1_np,WYJAPUKIYAZSEM,118,87.5,0.0117287021572337,0.0,0.0,0.0,0.0,0.7708333333333334,118,59.5,0.032338628625029724,0.00847457627118644,0.0847457627118644,85.0,0.0,0.0,0.0,15.0,0.06666666666666667,0.0,0.0
COCONUT,T1_np,XEVQXKKKAVVSMW,87,44.5,0.04707976628276265,0.03274369974131985,0.0,0.10465116279069768,0.5697674418604651,1.0,87,44.0,0.043861588250040315,0.011494252873563218,0.11494252873563218,44.0,0.043861588250040315,0.011494252873563218,0.11494252873563218,2.0,0.5,0.0,1.0
COCONUT+train,T1_np,XEVQXKKKAVVSMW,87,44.5,0.04707976628276265,0.03274369974131985,0.0,0.10465116279069768,0.5697674418604651,1.0,87,44.0,0.043861588250040315,0.011494252873563218,0.11494252873563218,44.0,0.043861588250040315,0.011494252873563218,0.11494252873563218,2.0,0.5,0.0,1.0
COCONUT,T1_np,XFZJEEAOWLFHDH,59,31.5,0.047461504822395646,0.03208564526704025,0.0,0.1111111111111111,0.8518518518518519,1.0,59,30.0,0.06467725725005945,0.01694915254237288,0.1694915254237288,23.5,0.08295561255985885,0.021739130434782608,0.21739130434782608,1.0,1.0,1.0,1.0
COCONUT+train,T1_np,XFZJEEAOWLFHDH,60,32.5,0.04407167431392107,0.02838194156333655,0.0,0.09259259259259259,0.8333333333333334,1.0,60,30.5,0.06359930296255846,0.016666666666666666,0.16666666666666666,23.5,0.08295561255985885,0.021739130434782608,0.21739130434782608,1.0,1.0,1.0,1.0
COCONUT,T1_np,XGYIMTFOTBMPFP,10,7.5,0.14093915343915345,0.14093915343915345,0.0,1.0,1.0,1.0,10,5.5,0.2928968253968254,0.1,1.0,6.0,0.21432980599647267,0.0,1.0,5.0,0.2,0.0,1.0
COCONUT+train,T1_np,XGYIMTFOTBMPFP,14,10.5,0.0978794353794354,0.0978794353794354,0.0,0.5,1.0,1.0,14,7.5,0.23225445189730906,0.07142857142857142,0.7142857142857143,8.0,0.17319710204325595,0.0,0.6923076923076923,5.0,0.2,0.0,1.0
COCONUT,T1_np,XHCADAYNFIFUHF,26,16.0,0.07481363728008153,0.07298213544857969,0.0,0.23809523809523808,1.0,1.0,26,13.5,0.14676762222128875,0.038461538461538464,0.38461538461538464,15.0,0.08620108019218146,0.0,0.30434782608695654,4.0,0.25,0.0,1.0
COCONUT+train,T1_np,XHCADAYNFIFUHF,116,101.0,0.009936809733546239,0.0,0.0,0.0,0.0,0.47619047619047616,116,58.5,0.03289619118753023,0.008620689655172414,0.08620689655172414,25.0,0.02764454011390225,0.0,0.0,4.0,0.25,0.0,1.0
COCONUT,T1_np,XJLATMLVMSFZBN,3,1.5,0.75,0.75,0.5,1.0,1.0,1.0,3,2.0,0.611111111111111,0.3333333333333333,1.0,2.5,0.41666666666666663,0.0,1.0,1.0,1.0,1.0,1.0
COCONUT+train,T1_np,XJLATMLVMSFZBN,15,13.5,0.07417582417582418,0.07417582417582418,0.0,0.0,1.0,1.0,15,8.0,0.22121526621526624,0.06666666666666667,0.6666666666666666,14.5,0.06904761904761905,0.0,0.0,2.0,0.5,0.0,1.0
COCONUT,T1_np,XJQPQKLURWNAAH,39,22.5,0.05794734428244243,0.04507720130647569,0.0,0.14705882352941177,1.0,1.0,39,20.0,0.09784508148085916,0.02564102564102564,0.2564102564102564,19.0,0.10313400480414885,0.02702702702702703,0.2702702702702703,2.0,0.5,0.0,1.0
COCONUT+train,T1_np,XJQPQKLURWNAAH,51,34.5,0.031742960553703584,0.011070754562139674,0.0,0.0,0.9705882352941176,1.0,51,26.0,0.07482270936771583,0.0196078431372549,0.19607843137254902,24.0,0.08119059952667036,0.02127659574468085,0.2127659574468085,2.0,0.5,0.0,1.0
COCONUT,T1_np,XKLMZUWKNUAPSZ,29,16.0,0.08375350822532138,0.07930499377680694,0.0,0.28,1.0,1.0,29,15.0,0.13158476475012093,0.034482758620689655,0.3448275862068966,9.5,0.1941726710109063,0.05555555555555555,0.5555555555555556,3.0,0.3333333333333333,0.0,1.0
COCONUT+train,T1_np,XKLMZUWKNUAPSZ,32,19.0,0.0630898078174608,0.05463832711014027,0.0,0.16,1.0,1.0,32,16.5,0.1192486930547971,0.03125,0.3125,10.0,0.18672313984966749,0.05263157894736842,0.5263157894736842,5.0,0.2,0.0,1.0
COCONUT,T1_np,XNXXZRQPTAQILV,22,12.0,0.1281339642960607,0.1281339642960607,0.0,0.42857142857142855,1.0,1.0,22,11.5,0.16776423864623977,0.045454545454545456,0.45454545454545453,15.5,0.06803253756620631,0.0,0.08333333333333333,18.0,0.05555555555555555,0.0,0.0
COCONUT+train,T1_np,XNXXZRQPTAQILV,23,13.0,0.1063948338612781,0.1063948338612781,0.0,0.38095238095238093,1.0,1.0,23,12.0,0.16236050048203654,0.043478260869565216,0.43478260869565216,16.5,0.06348708302075175,0.0,0.0,19.0,0.05263157894736842,0.0,0.0
COCONUT,T1_np,XOJVHLIYNSOZOO,43,23.5,0.05903709140302645,0.045595390642636145,0.0,0.15789473684210525,1.0,1.0,43,22.0,0.08874321343612808,0.023255813953488372,0.23255813953488372,33.0,0.00595928226363009,0.0,0.0,1.5,0.75,0.5,1.0
COCONUT+train,T1_np,XOJVHLIYNSOZOO,44,24.5,0.05438592861232877,0.0403322327478993,0.0,0.13157894736842105,1.0,1.0,44,22.5,0.08672632222167062,0.022727272727272728,0.22727272727272727,34.0,0.0038888888888888888,0.0,0.0,1.5,0.75,0.5,1.0
COCONUT,T1_np,XQCGNURMLWFQJR,49,29.5,0.041255927109029276,0.02467474809463132,0.0,0.025,1.0,1.0,49,25.0,0.07787669750517362,0.02040816326530612,0.20408163265306123,41.5,0.0,0.0,0.0,1.0,1.0,1.0,1.0
COCONUT+train,T1_np,XQCGNURMLWFQJR,50,30.5,0.039255927109029275,0.02217474809463132,0.0,0.0,1.0,1.0,50,25.5,0.07631916355507014,0.02,0.2,42.5,0.0,0.0,0.0,1.0,1.0,1.0,1.0
COCONUT,T1_np,XQYZDYMELSJDRZ,103,56.5,0.025402371417054054,0.010499892806226095,0.0,0.010638297872340425,0.43617021276595747,0.9680851063829787,103,52.0,0.037048137648092304,0.009708737864077669,0.0970873786407767,63.5,0.0005128205128205128,0.0,0.0,61.0,0.0,0.0,0.0
COCONUT+train,T1_np,XQYZDYMELSJDRZ,183,133.0,0.007865368222039131,0.0,0.0,0.0,0.0,0.15789473684210525,183,92.0,0.02085223047952736,0.00546448087431694,0.0546448087431694,98.0,0.0,0.0,0.0,104.0,0.0,0.0,0.0
COCONUT,T1_np,XRWQBDJPMXRDOQ,61,30.0,0.0639693788375912,0.04940277504830714,0.0,0.15789473684210525,0.8596491228070176,1.0,61,31.0,0.06255669143858208,0.01639344262295082,0.16393442622950818,50.5,0.0,0.0,0.0,6.0,0.16666666666666666,0.0,1.0
COCONUT+train,T1_np,XRWQBDJPMXRDOQ,63,32.0,0.0499392470108492,0.03478289200737147,0.0,0.12280701754385964,0.8245614035087719,1.0,63,32.0,0.060570764726246146,0.015873015873015872,0.15873015873015872,52.0,0.0,0.0,0.0,6.0,0.16666666666666666,0.0,1.0
COCONUT,T1_np,XUCIJNAGGSZNQT,10,7.0,0.15651927437641724,0.15651927437641724,0.0,1.0,1.0,1.0,10,5.5,0.2928968253968254,0.1,1.0,4.0,0.29,0.0,1.0,6.0,0.16666666666666666,0.0,1.0
COCONUT+train,T1_np,XUCIJNAGGSZNQT,12,9.0,0.11712533498247786,0.11712533498247786,0.0,0.7142857142857143,1.0,1.0,12,6.5,0.25860088985088986,0.08333333333333333,0.8333333333333334,4.0,0.29,0.0,1.0,6.0,0.16666666666666666,0.0,1.0
COCONUT,T1_np,XUFQPHANEAPEMJ,3,2.5,0.41666666666666663,0.41666666666666663,0.0,1.0,1.0,1.0,3,2.0,0.611111111111111,0.3333333333333333,1.0,3.0,0.3333333333333333,0.0,1.0,2.0,0.5,0.0,1.0
COCONUT+train,T1_np,XUFQPHANEAPEMJ,4,3.5,0.29166666666666663,0.29166666666666663,0.0,1.0,1.0,1.0,4,2.5,0.5208333333333333,0.25,1.0,4.0,0.25,0.0,1.0,2.0,0.5,0.0,1.0
COCONUT,T1_np,XVPBINOPNYFXID,40,22.5,0.06097804737786229,0.04812846790056038,0.0,0.16666666666666666,1.0,1.0,40,20.5,0.09539895444383768,0.025,0.25,20.0,0.09784508148085916,0.02564102564102564,0.2564102564102564,26.0,0.0,0.0,0.0
COCONUT+train,T1_np,XVPBINOPNYFXID,71,47.0,0.02248931027362206,0.0,0.0,0.0,0.5945945945945946,1.0,71,36.0,0.05374588982751419,0.014084507042253521,0.14084507042253522,35.5,0.05451368825362153,0.014285714285714285,0.14285714285714285,41.0,0.0,0.0,0.0
COCONUT,T1_np,XYYAFLHHHZVPRN,113,59.0,0.029593471585966504,0.015895640774497004,0.0,0.05504587155963303,0.42201834862385323,0.8807339449541285,113,57.0,0.033769541396048736,0.008849557522123894,0.08849557522123894,57.0,0.033769541396048736,0.008849557522123894,0.08849557522123894,7.0,0.14285714285714285,0.0,1.0
COCONUT+train,T1_np,XYYAFLHHHZVPRN,116,62.0,0.02515828316513932,0.011221110411893246,0.0,0.027522935779816515,0.3944954128440367,0.8532110091743119,116,58.5,0.03289619118753023,0.008620689655172414,0.08620689655172414,58.5,0.03289619118753023,0.008620689655172414,0.08620689655172414,7.0,0.14285714285714285,0.0,1.0
COCONUT,T1_np,XZTUSOXSLKTKJQ,99,50.5,0.03820079695352719,0.02412456435159903,0.0,0.08333333333333333,0.5,1.0,99,50.0,0.038545032098520275,0.010101010101010102,0.10101010101010101,66.0,0.0,0.0,0.0,1.0,1.0,1.0,1.0
COCONUT+train,T1_np,XZTUSOXSLKTKJQ,99,50.5,0.03820079695352719,0.02412456435159903,0.0,0.08333333333333333,0.5,1.0,99,50.0,0.038545032098520275,0.010101010101010102,0.10101010101010101,66.0,0.0,0.0,0.0,1.0,1.0,1.0,1.0
COCONUT,T1_np,YGPSJZOEDVAXAB,25,14.0,0.10069383381536987,0.10069383381536987,0.0,0.34782608695652173,1.0,1.0,25,13.0,0.15263832711014028,0.04,0.4,13.0,0.15263832711014028,0.04,0.4,5.0,0.2,0.0,1.0
COCONUT+train,T1_np,YGPSJZOEDVAXAB,32,19.0,0.060962173394054284,0.053178305865059304,0.0,0.13043478260869565,1.0,1.0,32,16.5,0.1192486930547971,0.03125,0.3125,16.5,0.1192486930547971,0.03125,0.3125,5.0,0.2,0.0,1.0
COCONUT,T1_np,YHKYFYCSTJGMID,37,20.0,0.07718817782347617,0.06617023365010019,0.0,0.22857142857142856,1.0,1.0,37,19.0,0.10313400480414885,0.02702702702702703,0.2702702702702703,18.0,0.07470832831462924,0.0,0.25806451612903225,16.0,0.0625,0.0,0.0
COCONUT+train,T1_np,YHKYFYCSTJGMID,45,28.0,0.04188513890237337,0.025342569251007224,0.0,0.0,1.0,1.0,45,23.0,0.0847990706167446,0.022222222222222223,0.2222222222222222,22.0,0.05358445525459928,0.0,0.1891891891891892,22.0,0.045454545454545456,0.0,0.0
COCONUT,T1_np,YKJYKKNCCRKFSL,50,26.5,0.053987814584790586,0.03937783737318576,0.0,0.13636363636363635,1.0,1.0,50,25.5,0.07631916355507014,0.02,0.2,25.0,0.07787669750517362,0.02040816326530612,0.20408163265306123,7.0,0.14285714285714285,0.0,1.0
COCONUT+train,T1_np,YKJYKKNCCRKFSL,121,84.5,0.012140136138967719,0.0,0.0,0.0,0.0,0.8478260869565217,121,61.0,0.03153684444424386,0.008264462809917356,0.08264462809917356,57.0,0.033769541396048736,0.008849557522123894,0.08849557522123894,21.0,0.047619047619047616,0.0,0.0
COCONUT,T1_np,YKPUWZUDDOIDPM,38,20.0,0.08724059495392837,0.0761069777771218,0.0,0.24324324324324326,1.0,1.0,38,19.5,0.10041995204614493,0.02631578947368421,0.2631578947368421,18.5,0.10599883827093076,0.027777777777777776,0.2777777777777778,2.0,0.5,0.0,1.0
COCONUT+train,T1_np,YKPUWZUDDOIDPM,95,71.0,0.014455318496970144,0.0,0.0,0.0,0.0,1.0,95,48.0,0.040167980818457974,0.010526315789473684,0.10526315789473684,44.0,0.043861588250040315,0.011494252873563218,0.11494252873563218,38.0,0.0,0.0,0.0
COCONUT,T1_np,YKRGDOXKVOZESV,50,27.5,0.047828504168193314,0.03252281375603588,0.0,0.09523809523809523,1.0,1.0,50,25.5,0.07631916355507014,0.02,0.2,24.5,0.03794328271537519,0.0,0.1111111111111111,3.0,0.3333333333333333,0.0,1.0
COCONUT+train,T1_np,YKRGDOXKVOZESV,51,28.5,0.04491305227314958,0.029121453211818187,0.0,0.07142857142857142,1.0,1.0,51,26.0,0.07482270936771583,0.0196078431372549,0.19607843137254902,25.5,0.033975028747121216,0.0,0.08333333333333333,3.0,0.3333333333333333,0.0,1.0
COCONUT,T1_np,YRRAGUMVDQQZIY,37,18.5,0.06707353315781489,0.0589471094007759,0.0,0.19230769230769232,1.0,1.0,37,19.0,0.10313400480414885,0.02702702702702703,0.2702702702702703,15.5,0.12719860592511692,0.03333333333333333,0.3333333333333333,4.0,0.25,0.0,1.0
COCONUT+train,T1_np,YRRAGUMVDQQZIY,44,24.5,0.0454503414978585,0.030618493572160073,0.0,0.0,1.0,1.0,44,22.5,0.08672632222167062,0.022727272727272728,0.22727272727272727,16.5,0.1192486930547971,0.03125,0.3125,4.0,0.25,0.0,1.0
COCONUT,T1_np,YWJXCIXBAKGUKZ,14,8.0,0.1527394322848868,0.1527394322848868,0.0,0.7272727272727273,1.0,1.0,14,7.5,0.23225445189730906,0.07142857142857142,0.7142857142857143,3.0,0.3611111111111111,0.0,1.0,1.0,1.0,1.0,1.0
COCONUT+train,T1_np,YWJXCIXBAKGUKZ,34,28.0,0.036180452320206856,0.011376811594202898,0.0,0.0,1.0,1.0,34,17.5,0.11223406405157374,0.029411764705882353,0.29411764705882354,9.5,0.10675505050505052,0.0,0.75,1.0,1.0,1.0,1.0
COCONUT,T1_np,YZMKFMIZNSOPSN,52,33.0,0.033742181288583764,0.014220833843557533,0.0,0.0,1.0,1.0,52,26.5,0.07338381111064438,0.019230769230769232,0.19230769230769232,14.0,0.07969058031751529,0.0,0.26666666666666666,1.0,1.0,1.0,1.0
COCONUT+train,T1_np,YZMKFMIZNSOPSN,52,33.0,0.033742181288583764,0.014220833843557533,0.0,0.0,1.0,1.0,52,26.5,0.07338381111064438,0.019230769230769232,0.19230769230769232,14.0,0.07969058031751529,0.0,0.26666666666666666,1.0,1.0,1.0,1.0
COCONUT,T1_np,ZBHUUXLHDOUMKM,57,30.5,0.051771849649981855,0.036715274896669876,0.0,0.12962962962962962,0.8703703703703703,1.0,57,29.0,0.06694663469742995,0.017543859649122806,0.17543859649122806,27.5,0.0706658921806205,0.018518518518518517,0.18518518518518517,2.0,0.5,0.0,1.0
COCONUT+train,T1_np,ZBHUUXLHDOUMKM,73,44.5,0.026062384111843837,0.006970475094680535,0.0,0.0,0.6111111111111112,1.0,73,37.0,0.05227339969525353,0.0136986301369863,0.136986301369863,27.5,0.0706658921806205,0.018518518518518517,0.18518518518518517,2.0,0.5,0.0,1.0
COCONUT,T1_np,ZFXYFBGIUFBOJW,8,6.0,0.1769047619047619,0.1769047619047619,0.0,1.0,1.0,1.0,8,4.5,0.3397321428571428,0.125,1.0,5.0,0.2454081632653061,0.0,1.0,6.0,0.16666666666666666,0.0,1.0
COCONUT+train,T1_np,ZFXYFBGIUFBOJW,8,6.0,0.1769047619047619,0.1769047619047619,0.0,1.0,1.0,1.0,8,4.5,0.3397321428571428,0.125,1.0,5.0,0.2454081632653061,0.0,1.0,6.0,0.16666666666666666,0.0,1.0
COCONUT,T1_np,ZGLXUQQMLLIKAN,157,94.0,0.012926422613537004,0.0,0.0,0.0,0.15748031496062992,0.5511811023622047,157,79.0,0.02430546610034081,0.006369426751592357,0.06369426751592357,99.0,0.0,0.0,0.0,150.0,0.0,0.0,0.0
COCONUT+train,T1_np,ZGLXUQQMLLIKAN,179,111.0,0.010245495536673766,0.0,0.0,0.0,0.023622047244094488,0.41732283464566927,179,90.0,0.02131820211035479,0.00558659217877095,0.055865921787709494,110.5,0.0,0.0,0.0,172.0,0.0,0.0,0.0
COCONUT,T1_np,ZHSOTLOTTDYIIK,3,2.5,0.41666666666666663,0.41666666666666663,0.0,1.0,1.0,1.0,3,2.0,0.611111111111111,0.3333333333333333,1.0,2.0,0.611111111111111,0.3333333333333333,1.0,3.0,0.3333333333333333,0.0,1.0
COCONUT+train,T1_np,ZHSOTLOTTDYIIK,3,2.5,0.41666666666666663,0.41666666666666663,0.0,1.0,1.0,1.0,3,2.0,0.611111111111111,0.3333333333333333,1.0,2.0,0.611111111111111,0.3333333333333333,1.0,3.0,0.3333333333333333,0.0,1.0
COCONUT,T1_np,ZJTJUVIJVLLGSP,3,2.0,0.611111111111111,0.611111111111111,0.3333333333333333,1.0,1.0,1.0,3,2.0,0.611111111111111,0.3333333333333333,1.0,2.0,0.611111111111111,0.3333333333333333,1.0,2.0,0.5,0.0,1.0
COCONUT+train,T1_np,ZJTJUVIJVLLGSP,9,8.0,0.1263227513227513,0.1263227513227513,0.0,1.0,1.0,1.0,9,5.0,0.31432980599647264,0.1111111111111111,1.0,5.0,0.31432980599647264,0.1111111111111111,1.0,6.0,0.16666666666666666,0.0,1.0
COCONUT,T1_np,ZKLPARSLTMPFCP,19,15.5,0.06598278903329213,0.06598278903329213,0.0,0.0,1.0,1.0,19,10.0,0.18672313984966749,0.05263157894736842,0.5263157894736842,4.0,0.26111111111111107,0.0,1.0,1.0,1.0,1.0,1.0
COCONUT+train,T1_np,ZKLPARSLTMPFCP,53,47.5,0.021101820108106597,0.0,0.0,0.0,0.875,1.0,53,27.0,0.07199921090100957,0.018867924528301886,0.18867924528301888,8.5,0.14596352721352718,0.0,0.6666666666666666,1.0,1.0,1.0,1.0
COCONUT,T1_np,ZNJFBWYDHIGLCU,114,58.0,0.03821056341617914,0.02491998387392484,0.0,0.07964601769911504,0.4336283185840708,0.8761061946902655,114,57.5,0.033473317348714976,0.008771929824561403,0.08771929824561403,57.5,0.033473317348714976,0.008771929824561403,0.08771929824561403,5.0,0.2,0.0,1.0
COCONUT+train,T1_np,ZNJFBWYDHIGLCU,114,58.0,0.03821056341617914,0.02491998387392484,0.0,0.07964601769911504,0.4336283185840708,0.8761061946902655,114,57.5,0.033473317348714976,0.008771929824561403,0.08771929824561403,57.5,0.033473317348714976,0.008771929824561403,0.08771929824561403,5.0,0.2,0.0,1.0
COCONUT,T1_np,ZRJBHWIHUMBLCN,29,16.0,0.09117236287359473,0.08577622880568543,0.0,0.2962962962962963,1.0,1.0,29,15.0,0.13158476475012093,0.034482758620689655,0.3448275862068966,15.0,0.13158476475012093,0.034482758620689655,0.3448275862068966,26.0,0.0,0.0,0.0
COCONUT+train,T1_np,ZRJBHWIHUMBLCN,48,35.0,0.030127350751903315,0.006318498999658419,0.0,0.0,1.0,1.0,48,24.5,0.07949912870319807,0.020833333333333332,0.20833333333333334,24.5,0.07949912870319807,0.020833333333333332,0.20833333333333334,42.0,0.0,0.0,0.0
COCONUT,T1_np,ZZVUWRFHKOJYTH,13,9.0,0.12186671353338019,0.12186671353338019,0.0,0.6666666666666666,1.0,1.0,13,7.0,0.24462567347182732,0.07692307692307693,0.7692307692307693,7.0,0.24462567347182732,0.07692307692307693,0.7692307692307693,1.0,1.0,1.0,1.0
COCONUT+train,T1_np,ZZVUWRFHKOJYTH,18,14.0,0.07401553602533996,0.07401553602533996,0.0,0.1111111111111111,1.0,1.0,18,9.5,0.1941726710109063,0.05555555555555555,0.5555555555555556,9.5,0.1941726710109063,0.05555555555555555,0.5555555555555556,1.0,1.0,1.0,1.0
COCONUT+train,T2_tims,QTXKGCJNMKPGAS,56,48.5,0.020644177652559634,0.0,0.0,0.0,0.8333333333333334,1.0,56,28.5,0.06814211031702691,0.017857142857142856,0.17857142857142858,21.5,0.042234655188321694,0.0,0.07692307692307693,1.0,1.0,1.0,1.0
COCONUT+train,T2_tims,QQNSEWNMSRMIRV,38,26.5,0.03818864906737905,0.017059947299077734,0.0,0.0,1.0,1.0,38,19.5,0.10041995204614493,0.02631578947368421,0.2631578947368421,33.5,0.0,0.0,0.0,2.0,0.5,0.0,1.0
COCONUT+train,T2_tims,YOHFJTWJTKAFFB,116,63.5,0.015749007936507936,0.0,0.0,0.0,0.0,1.0,116,58.5,0.03289619118753023,0.008620689655172414,0.08620689655172414,13.5,0.07417582417582418,0.0,0.0,6.0,0.16666666666666666,0.0,1.0
COCONUT+train,T2_tims,IMZDVXRPWHOBJR,39,28.5,0.03699956892252809,0.017109347959670406,0.0,0.0,1.0,1.0,39,20.0,0.09784508148085916,0.02564102564102564,0.2564102564102564,26.0,0.025432976904790072,0.0,0.0,1.0,1.0,1.0,1.0
COCONUT+train,T2_tims,AGJHZUHVAREFTI,113,95.5,0.010509631042162425,0.0,0.0,0.0,0.0,0.75,113,57.0,0.033769541396048736,0.008849557522123894,0.08849557522123894,12.0,0.1281339642960607,0.0,0.42857142857142855,1.0,1.0,1.0,1.0
COCONUT+train,T2_tims,LWLFXVFXCSQPIM,100,74.0,0.013513513513513514,0.0,0.0,0.0,0.0,1.0,100,50.5,0.03815958177753507,0.01,0.1,32.5,0.0,0.0,0.0,6.0,0.16666666666666666,0.0,1.0
COCONUT+train,T2_tims,YFFLXFWYYNOYBP,29,20.5,0.05149752254723061,0.04454671872142679,0.0,0.0,1.0,1.0,29,15.0,0.13158476475012093,0.034482758620689655,0.3448275862068966,24.0,0.041714975845410625,0.0,0.0,2.0,0.5,0.0,1.0
COCONUT+train,T2_tims,GGGHMTGGWJRLLG,95,60.0,0.019160398635708002,0.0005633802816901409,0.0,0.0,0.36619718309859156,1.0,95,48.0,0.040167980818457974,0.010526315789473684,0.10526315789473684,87.5,0.0,0.0,0.0,2.0,0.5,0.0,1.0
COCONUT+train,T2_tims,PEGDPSURBWSJSQ,39,31.5,0.03183982524651078,0.0,0.0,0.0,1.0,1.0,39,20.0,0.09784508148085916,0.02564102564102564,0.2564102564102564,25.0,0.030585859440870788,0.0,0.0,2.0,0.5,0.0,1.0
COCONUT+train,T2_tims,MSZJKXDQTFAAGO,99,92.0,0.01087213467237937,0.0,0.0,0.0,0.0,1.0,99,50.0,0.038545032098520275,0.010101010101010102,0.10101010101010101,51.0,0.011891444864882564,0.0,0.012048192771084338,2.0,0.5,0.0,1.0
COCONUT+train,T2_tims,VGARYPAFKFXOCJ,23,17.0,0.059657986001418105,0.059657986001418105,0.0,0.0,1.0,1.0,23,12.0,0.16236050048203654,0.043478260869565216,0.43478260869565216,12.0,0.11291361604014365,0.0,0.42105263157894735,1.0,1.0,1.0,1.0
COCONUT+train,T2_tims,XXYCYUWBVQMFRP,93,56.5,0.01788698941278974,0.0,0.0,0.0,0.2,1.0,93,47.0,0.04103180836294094,0.010752688172043012,0.10752688172043011,30.0,0.06467725725005945,0.01694915254237288,0.1694915254237288,7.0,0.14285714285714285,0.0,1.0
COCONUT+train,T2_tims,GDGHGYXHPXUULN,231,189.0,0.005358282064004116,0.0,0.0,0.0,0.0,0.0,231,116.0,0.016519299470794405,0.004329004329004329,0.04329004329004329,23.0,0.04353315766359245,0.0,0.0,8.0,0.125,0.0,1.0
COCONUT+train,T2_tims,NPIRZHXQNMGHHT,22,13.0,0.09188384537819977,0.09188384537819977,0.0,0.35294117647058826,1.0,1.0,22,11.5,0.16776423864623977,0.045454545454545456,0.45454545454545453,2.5,0.41666666666666663,0.0,1.0,3.0,0.3333333333333333,0.0,1.0
COCONUT+train,T2_tims,KDUWTXYAVFTJAR,58,51.0,0.01968374902108259,0.0,0.0,0.0,0.45454545454545453,1.0,58,29.5,0.06579238237506047,0.017241379310344827,0.1724137931034483,25.5,0.024886459226225684,0.0,0.0,1.0,1.0,1.0,1.0
COCONUT+train,T2_tims,MJGRYXZSQLEYFL,25,23.0,0.04353315766359245,0.04353315766359245,0.0,0.0,1.0,1.0,25,13.0,0.15263832711014028,0.04,0.4,19.0,0.052925942306747256,0.0,0.0,1.0,1.0,1.0,1.0
COCONUT+train,T2_tims,PUSZBYZNVRSRII,40,36.0,0.027820757511159987,0.0,0.0,0.0,1.0,1.0,40,20.5,0.09539895444383768,0.025,0.25,12.0,0.08754131670798337,0.0,0.3333333333333333,23.0,0.043478260869565216,0.0,0.0
COCONUT+train,T2_tims,LXIDWCBHIYMGFI,15,11.5,0.08895086395086395,0.08895086395086395,0.0,0.3333333333333333,1.0,1.0,15,8.0,0.22121526621526624,0.06666666666666667,0.6666666666666666,7.0,0.16887526054192717,0.0,0.8888888888888888,4.0,0.25,0.0,1.0
COCONUT+train,T2_tims,OAABPIOIMSJLEN,172,151.5,0.006608417135209864,0.0,0.0,0.0,0.0,0.0,172,86.5,0.02218580335903202,0.005813953488372093,0.05813953488372093,92.5,0.002509371034084993,0.0,0.0,2.0,0.5,0.0,1.0
COCONUT+train,T2_tims,AARWKOGHWSILMA,94,65.0,0.015520249371846559,0.0,0.0,0.0,0.0,1.0,94,47.5,0.04059529976333518,0.010638297872340425,0.10638297872340426,30.5,0.02094949560200426,0.0,0.0,1.0,1.0,1.0,1.0
COCONUT+train,T2_tims,LCNVQHHTYOIFDZ,240,207.5,0.004834275321357049,0.0,0.0,0.0,0.0,0.0,240,120.5,0.015899825740639615,0.004166666666666667,0.041666666666666664,119.0,0.0,0.0,0.0,3.0,0.3333333333333333,0.0,1.0
COCONUT+train,T2_tims,WJHWFROJEKREMO,152,128.0,0.007887199962849575,0.0,0.0,0.0,0.0,0.0,152,76.5,0.025104988011536232,0.006578947368421052,0.06578947368421052,34.5,0.017306105062525258,0.0,0.0,5.0,0.2,0.0,1.0
COCONUT+train,T2_tims,YQYPVOYNGTUVMX,161,116.5,0.008593990258752298,0.0,0.0,0.0,0.0,0.0,161,81.0,0.0237016035885311,0.006211180124223602,0.062111801242236024,56.5,0.00884534258751291,0.0,0.0,4.0,0.25,0.0,1.0
COCONUT+train,T2_tims,TYRQBFAXINPIBQ,146,67.5,0.01537525854968369,0.0,0.0,0.0,0.11363636363636363,1.0,146,73.5,0.026136699847626763,0.00684931506849315,0.0684931506849315,81.0,0.0,0.0,0.0,87.0,0.0,0.0,0.0
COCONUT+train,T2_tims,SLVMETHYQQJELS,85,73.5,0.013635572630774051,0.0,0.0,0.0,0.0,1.0,85,43.0,0.0448936256206295,0.011764705882352941,0.11764705882352941,40.0,0.027159244444111965,0.0,0.0958904109589041,2.0,0.5,0.0,1.0
COCONUT+train,T2_tims,WLZWNNSWXNPSOU,173,168.0,0.005952802798901802,0.0,0.0,0.0,0.0,0.0,173,87.0,0.02205756172111854,0.005780346820809248,0.057803468208092484,96.0,0.0,0.0,0.0,6.0,0.16666666666666666,0.0,1.0
COCONUT+train,T2_tims,RRHGOFQRJQXAJQ,70,44.5,0.023832588100491884,0.0,0.0,0.0,0.6666666666666666,1.0,70,35.5,0.05451368825362153,0.014285714285714285,0.14285714285714285,41.0,0.006237640014181977,0.0,0.0,3.0,0.3333333333333333,0.0,1.0
COCONUT+train,T2_tims,PGDIAPNBAJWEFP,98,83.0,0.01209043038928309,0.0,0.0,0.0,0.0,1.0,98,49.5,0.03893834875258681,0.01020408163265306,0.10204081632653061,80.0,0.0,0.0,0.0,14.0,0.07142857142857142,0.0,0.0
COCONUT+train,T2_tims,FDDVOPGFJJRLAH,50,47.0,0.02127659574468085,0.0,0.0,0.0,1.0,1.0,50,25.5,0.07631916355507014,0.02,0.2,23.5,0.08295561255985885,0.021739130434782608,0.21739130434782608,2.0,0.5,0.0,1.0
COCONUT+train,T2_tims,QVFPOBYRKSJEMP,16,12.5,0.08154345654345653,0.08154345654345653,0.0,0.16666666666666666,1.0,1.0,16,8.5,0.2112955620768121,0.0625,0.625,2.5,0.5208333333333333,0.25,1.0,6.0,0.16666666666666666,0.0,1.0
COCONUT+train,T2_tims,FJBBMXUKYRDFPU,191,155.0,0.006454300269320886,0.0,0.0,0.0,0.0,0.0,191,96.0,0.019978838626981712,0.005235602094240838,0.05235602094240838,81.0,0.011324345388367147,0.0,0.0392156862745098,34.0,0.0,0.0,0.0
COCONUT+train,T2_tims,UDHJVIATCWGYND,106,101.5,0.009852455833818677,0.0,0.0,0.0,0.0,0.0,106,53.5,0.03599960545050478,0.009433962264150943,0.09433962264150944,84.0,0.0,0.0,0.0,63.0,0.0,0.0,0.0
COCONUT+train,T2_tims,GAHCQOOQPIPQBC,183,171.0,0.005853964026159622,0.0,0.0,0.0,0.0,0.0,183,92.0,0.02085223047952736,0.00546448087431694,0.0546448087431694,104.0,0.00025157232704402514,0.0,0.0,2.0,0.5,0.0,1.0
COCONUT+train,T2_tims,YVFIXFXICKQQPM,92,75.5,0.01324561403508772,0.0,0.0,0.0,0.0,1.0,92,46.5,0.041477806279929426,0.010869565217391304,0.10869565217391304,50.0,0.004397024928029918,0.0,0.0,1.0,1.0,1.0,1.0
COCONUT+train,T2_tims,NUCDTYTVZLYJSF,14,11.0,0.09245532245532245,0.09245532245532245,0.0,0.4,1.0,1.0,14,7.5,0.23225445189730906,0.07142857142857142,0.7142857142857143,8.0,0.17319710204325595,0.0,0.6923076923076923,1.0,1.0,1.0,1.0
COCONUT+train,T2_tims,JNCYQEIQNSZTKA,219,170.5,0.005914862850811619,0.0,0.0,0.0,0.0,0.0,219,110.0,0.017424466565084507,0.0045662100456621,0.045662100456621,22.5,0.0670466232798454,0.0,0.21428571428571427,122.0,0.0,0.0,0.0
COCONUT+train,T2_tims,SZFKHWLSFSALOQ,76,53.5,0.019136048872851856,0.0,0.0,0.0,0.39285714285714285,1.0,76,38.5,0.050209976023072464,0.013157894736842105,0.13157894736842105,39.0,0.0,0.0,0.0,2.0,0.5,0.0,1.0
COCONUT+train,T2_tims,LXMRADSGASRLML,26,24.5,0.040901616499442586,0.03128623188405797,0.0,0.0,1.0,1.0,26,13.5,0.14676762222128875,0.038461538461538464,0.38461538461538464,19.5,0.0514515455304929,0.0,0.0,2.0,0.5,0.0,1.0
COCONUT+train,T2_tims,RQXWZZIZJYDKDJ,113,76.0,0.013212978071100005,0.0,0.0,0.0,0.0,1.0,113,57.0,0.033769541396048736,0.008849557522123894,0.08849557522123894,48.0,0.030279120190897922,0.0,0.0967741935483871,1.0,1.0,1.0,1.0
COCONUT+train,T2_tims,YOPAAHOXSFLEFT,91,58.0,0.01931809167495808,0.0,0.0,0.0,0.38095238095238093,1.0,91,46.0,0.04193360634893964,0.01098901098901099,0.10989010989010989,41.0,0.016893862075328676,0.0,0.03076923076923077,1.0,1.0,1.0,1.0
COCONUT+train,T2_tims,AWRMQPQPCDADFW,14,8.0,0.1263227513227513,0.1263227513227513,0.0,1.0,1.0,1.0,14,7.5,0.23225445189730906,0.07142857142857142,0.7142857142857143,6.0,0.21432980599647267,0.0,1.0,1.0,1.0,1.0,1.0
COCONUT+train,T2_tims,NBDPRXAHSDXUHT,22,16.5,0.06088643790849673,0.06088643790849673,0.0,0.0,1.0,1.0,22,11.5,0.16776423864623977,0.045454545454545456,0.45454545454545453,5.0,0.31432980599647264,0.1111111111111111,1.0,1.0,1.0,1.0,1.0
COCONUT+train,T2_tims,OAOTXBJUGYQBFQ,23,22.0,0.045454545454545456,0.045454545454545456,0.0,0.0,1.0,1.0,23,12.0,0.16236050048203654,0.043478260869565216,0.43478260869565216,6.5,0.16593915343915344,0.0,1.0,1.0,1.0,1.0,1.0
COCONUT+train,T2_tims,HCBJSZJCAPPTIN,149,105.5,0.010004294280857046,0.0,0.0,0.0,0.0,0.43902439024390244,149,75.0,0.025610457568815484,0.006711409395973154,0.06711409395973154,92.5,0.0,0.0,0.0,6.0,0.16666666666666666,0.0,1.0
COCONUT+train,T2_tims,GGPNZJYRFMWTED,70,48.5,0.020644177652559634,0.0,0.0,0.0,0.8333333333333334,1.0,70,35.5,0.05451368825362153,0.014285714285714285,0.14285714285714285,22.0,0.04217589775504703,0.0,0.10344827586206896,13.0,0.07692307692307693,0.0,0.0
COCONUT+train,T2_tims,RFXPDFROBZNLEF,15,12.5,0.08012820512820512,0.08012820512820512,0.0,0.0,1.0,1.0,15,8.0,0.22121526621526624,0.06666666666666667,0.6666666666666666,4.0,0.26111111111111107,0.0,1.0,1.0,1.0,1.0,1.0
COCONUT+train,T2_tims,MYVRZEDQKDFZHW,117,95.0,0.010527093442826924,0.0,0.0,0.0,0.0,1.0,117,59.0,0.032615027160286386,0.008547008547008548,0.08547008547008547,16.0,0.12309542508882282,0.03225806451612903,0.3225806451612903,3.0,0.3333333333333333,0.0,1.0
COCONUT+train,T2_tims,JVGVGPIQNBJFAK,147,118.0,0.00861026557733438,0.0,0.0,0.0,0.0,0.1568627450980392,147,74.0,0.025958899168391204,0.006802721088435374,0.06802721088435375,122.5,0.0,0.0,0.0,117.0,0.0,0.0,0.0
COCONUT+train,T2_tims,LNGSAOHJWZGOPY,43,32.5,0.030805714881260424,0.0,0.0,0.0,1.0,1.0,43,22.0,0.08874321343612808,0.023255813953488372,0.23255813953488372,35.0,0.0,0.0,0.0,1.0,1.0,1.0,1.0
COCONUT+train,T2_tims,MQRABUUOQGNVHA,78,51.5,0.019426634224081505,0.0,0.0,0.0,0.25,1.0,78,39.5,0.04892254074042958,0.01282051282051282,0.1282051282051282,62.0,0.0,0.0,0.0,5.0,0.2,0.0,1.0
COCONUT+train,T2_tims,ARYQFVYDKMVGJJ,193,169.5,0.005915161521415113,0.0,0.0,0.0,0.0,0.0,193,97.0,0.019771804029810918,0.0051813471502590676,0.05181347150259067,59.5,0.0,0.0,0.0,3.0,0.3333333333333333,0.0,1.0
COCONUT+train,T2_tims,PXJLIDMUMXDFGE,145,101.0,0.01017699784218341,0.0,0.0,0.0,0.0,0.49122807017543857,145,73.0,0.02631695295002419,0.006896551724137931,0.06896551724137931,67.0,0.009385478930738154,0.0,0.017094017094017096,15.0,0.06666666666666667,0.0,0.0
COCONUT+train,T2_tims,VWAKQBWFJCSJNU,149,111.5,0.008969511762653357,0.0,0.0,0.0,0.0,0.0,149,75.0,0.025610457568815484,0.006711409395973154,0.06711409395973154,12.5,0.10954066251086374,0.0,0.4,1.0,1.0,1.0,1.0
COCONUT+train,T2_tims,HHYAANJHKPKQMF,16,13.0,0.07722832722832722,0.07722832722832722,0.0,0.0,1.0,1.0,16,8.5,0.2112955620768121,0.0625,0.625,8.5,0.2112955620768121,0.0625,0.625,6.0,0.16666666666666666,0.0,1.0
COCONUT+train,T2_tims,YLHHZOXAJQBMLJ,95,62.5,0.017323472208585794,0.0,0.0,0.0,0.29310344827586204,1.0,95,48.0,0.040167980818457974,0.010526315789473684,0.10526315789473684,48.5,0.029957001890994754,0.0,0.09574468085106383,1.0,1.0,1.0,1.0
COCONUT+train,T2_tims,UGIJVFTVYQYZHZ,191,159.5,0.006285747456572087,0.0,0.0,0.0,0.0,0.0,191,96.0,0.019978838626981712,0.005235602094240838,0.05235602094240838,136.5,0.0,0.0,0.0,65.0,0.0,0.0,0.0
COCONUT+train,T2_tims,OKCXAKIRMMCGTH,101,98.0,0.010206207350169059,0.0,0.0,0.0,0.0,1.0,101,51.0,0.03778176413617334,0.009900990099009901,0.09900990099009901,51.0,0.011891444864882564,0.0,0.012048192771084338,1.0,1.0,1.0,1.0
COCONUT+train,T2_tims,DNINQCNFRRXCBB,134,129.5,0.007724426464480196,0.0,0.0,0.0,0.0,0.0,134,67.5,0.028477299833981395,0.007462686567164179,0.07462686567164178,74.0,0.0,0.0,0.0,2.0,0.5,0.0,1.0
COCONUT+train,T2_tims,XRGWNCCNTMRCOU,47,39.5,0.02558514646782747,0.0,0.0,0.0,1.0,1.0,47,24.0,0.08119059952667036,0.02127659574468085,0.2127659574468085,37.5,0.0,0.0,0.0,2.0,0.5,0.0,1.0
COCONUT+train,T2_tims,FBPQNXVNDMESCF,43,36.5,0.027568808740229496,0.0,0.0,0.0,1.0,1.0,43,22.0,0.08874321343612808,0.023255813953488372,0.23255813953488372,37.5,0.0,0.0,0.0,5.0,0.2,0.0,1.0
COCONUT+train,T2_tims,ISQSNWAAYWYKAY,28,21.5,0.04663796348578957,0.04663796348578957,0.0,0.0,1.0,1.0,28,14.5,0.13628422063405382,0.03571428571428571,0.35714285714285715,11.5,0.16776423864623977,0.045454545454545456,0.45454545454545453,1.0,1.0,1.0,1.0
COCONUT+train,T2_tims,VGVHVZGCRZMMIJ,108,99.0,0.010105135488354665,0.0,0.0,0.0,0.0,0.7142857142857143,108,54.5,0.03533294609031025,0.009259259259259259,0.09259259259259259,49.0,0.019467694881125545,0.0,0.06741573033707865,6.0,0.16666666666666666,0.0,1.0
COCONUT+train,T2_tims,ICQIFASWGGFKKE,76,68.5,0.014614906232930647,0.0,0.0,0.0,0.0,1.0,76,38.5,0.050209976023072464,0.013157894736842105,0.13157894736842105,71.0,0.0,0.0,0.0,9.0,0.1111111111111111,0.0,1.0
COCONUT+train,T2_tims,BVHNWPXOEPJWJD,69,56.5,0.01772830778178608,0.0,0.0,0.0,0.0,1.0,69,35.0,0.05530374170657257,0.014492753623188406,0.14492753623188406,12.5,0.08709233984969278,0.0,0.3333333333333333,5.0,0.2,0.0,1.0
COCONUT+train,T2_tims,VUQFXFNZXIOOOM,151,90.0,0.013152613568590975,0.0,0.0,0.0,0.1565217391304348,0.591304347826087,151,76.0,0.025271246210288128,0.006622516556291391,0.06622516556291391,99.5,0.0,0.0,0.0,3.0,0.3333333333333333,0.0,1.0
COCONUT+train,T2_tims,MNVHXKRJRZDZRG,319,298.5,0.0033529047477846223,0.0,0.0,0.0,0.0,0.0,319,160.0,0.011962251340920086,0.003134796238244514,0.03134796238244514,141.0,0.0009054710398747924,0.0,0.0,20.0,0.05,0.0,0.0
COCONUT+train,T2_tims,RWEHHTOXSZVZBK,41,37.0,0.027040198092829672,0.0,0.0,0.0,1.0,1.0,41,21.0,0.09307215067691481,0.024390243902439025,0.24390243902439024,12.0,0.11291361604014365,0.0,0.42105263157894735,12.0,0.08333333333333333,0.0,0.0
COCONUT+train,T2_tims,WCRMSKWIXZGLKJ,10,6.5,0.17862103174603172,0.17862103174603172,0.0,1.0,1.0,1.0,10,5.5,0.2928968253968254,0.1,1.0,6.5,0.17862103174603172,0.0,1.0,1.0,1.0,1.0,1.0
COCONUT+train,T2_tims,VFQOFNBXEZURQB,45,33.5,0.029884055895085308,0.0,0.0,0.0,1.0,1.0,45,23.0,0.0847990706167446,0.022222222222222223,0.2222222222222222,19.5,0.05091053568163061,0.0,0.0,1.0,1.0,1.0,1.0
COCONUT+train,T2_tims,FVDUFVOLBMVLOR,567,538.5,0.001857011814526419,0.0,0.0,0.0,0.0,0.0,567,284.0,0.006730084969582905,0.001763668430335097,0.01763668430335097,68.0,0.0,0.0,0.0,3.0,0.3333333333333333,0.0,1.0
COCONUT+train,T2_tims,SZJPSLQMJNLSKZ,93,61.0,0.018277089665547582,0.0,0.0,0.0,0.3384615384615385,1.0,93,47.0,0.04103180836294094,0.010752688172043012,0.10752688172043011,78.0,0.0,0.0,0.0,2.0,0.5,0.0,1.0
COCONUT+train,T2_tims,DURNZZZGKLYKPU,18,17.0,0.05895969498910675,0.05895969498910675,0.0,0.0,1.0,1.0,18,9.5,0.1941726710109063,0.05555555555555555,0.5555555555555556,3.5,0.3208333333333333,0.0,1.0,1.0,1.0,1.0,1.0
COCONUT+train,T2_tims,SETNACHGRHLFNT,63,53.5,0.018710669408967595,0.0,0.0,0.0,0.0,1.0,63,32.0,0.060570764726246146,0.015873015873015872,0.15873015873015872,13.5,0.10345264444334122,0.0,0.36363636363636365,1.0,1.0,1.0,1.0
COCONUT+train,T2_tims,NSZFTRHZZIGTGU,283,251.0,0.003996784090967647,0.0,0.0,0.0,0.0,0.0,283,142.0,0.013483951158139601,0.0035335689045936395,0.0353356890459364,146.0,0.0,0.0,0.0,151.0,0.0,0.0,0.0
COCONUT+train,T2_tims,QJYZUJGZAYGNGL,7,5.0,0.2,0.2,0.0,1.0,1.0,1.0,7,4.0,0.37040816326530607,0.14285714285714285,1.0,6.0,0.16666666666666666,0.0,1.0,1.0,1.0,1.0,1.0
COCONUT+train,T2_tims,MOJKYUYPUVLNFC,7,5.0,0.2,0.2,0.0,1.0,1.0,1.0,7,4.0,0.37040816326530607,0.14285714285714285,1.0,3.0,0.3611111111111111,0.0,1.0,2.0,0.5,0.0,1.0
COCONUT+train,T2_tims,OHYHUQXKVZTHGJ,245,228.5,0.0043844620180086506,0.0,0.0,0.0,0.0,0.0,245,123.0,0.015575339501034723,0.004081632653061225,0.04081632653061224,154.5,0.0,0.0,0.0,128.0,0.0,0.0,0.0
COCONUT+train,T2_tims,UCXLITACOMDWGO,19,15.5,0.06458333333333333,0.06458333333333333,0.0,0.0,1.0,1.0,19,10.0,0.18672313984966749,0.05263157894736842,0.5263157894736842,13.0,0.07692307692307693,0.0,0.0,4.0,0.25,0.0,1.0
COCONUT+train,T2_tims,RSTOZSJHYYTTFQ,278,205.5,0.0048816221354629225,0.0,0.0,0.0,0.0,0.0,278,139.5,0.013726468265300386,0.0035971223021582736,0.03597122302158273,32.0,0.017184443854587887,0.0,0.0,2.0,0.5,0.0,1.0
COCONUT+train,T2_tims,KVJVVWMQTRCQOY,95,78.5,0.012749722836170964,0.0,0.0,0.0,0.0,1.0,95,48.0,0.040167980818457974,0.010526315789473684,0.10526315789473684,48.5,0.029957001890994754,0.0,0.09574468085106383,1.0,1.0,1.0,1.0
COCONUT+train,T2_tims,LHQJVSVEDWSORV,284,240.0,0.004181225308622973,0.0,0.0,0.0,0.0,0.0,284,142.5,0.013436472456878547,0.0035211267605633804,0.035211267605633804,147.0,0.0,0.0,0.0,125.0,0.0,0.0,0.0
COCONUT+train,T2_tims,HUIXMRUTYSOZGK,35,19.0,0.05272904483430799,0.05272904483430799,0.0,0.0,1.0,1.0,35,18.0,0.10902737650724306,0.02857142857142857,0.2857142857142857,6.0,0.2745343040797586,0.09090909090909091,0.9090909090909091,2.0,0.5,0.0,1.0
COCONUT+train,T2_tims,DBFVKQIEXMRYMO,45,40.0,0.025158011373262668,0.0,0.0,0.0,1.0,1.0,45,23.0,0.0847990706167446,0.022222222222222223,0.2222222222222222,26.5,0.027718435118289152,0.0,0.0,7.0,0.14285714285714285,0.0,1.0
COCONUT+train,T2_tims,WLPMQHDBJSVITA,39,24.0,0.041666666666666664,0.041666666666666664,0.0,0.0,1.0,1.0,39,20.0,0.09784508148085916,0.02564102564102564,0.2564102564102564,8.5,0.11974206349206348,0.0,1.0,1.0,1.0,1.0,1.0
COCONUT+train,T2_tims,BFBQKBANIHEQIT,52,44.0,0.022750792629457946,0.0,0.0,0.0,1.0,1.0,52,26.5,0.07338381111064438,0.019230769230769232,0.19230769230769232,24.5,0.06121648212507624,0.0,0.1956521739130435,3.0,0.3333333333333333,0.0,1.0
COCONUT+train,T2_tims,MKZAKYKZYSXQGM,135,126.5,0.007909217588892346,0.0,0.0,0.0,0.0,0.0,135,68.0,0.0282663568722482,0.007407407407407408,0.07407407407407407,49.0,0.024902776104876418,0.0,0.08602150537634409,11.0,0.09090909090909091,0.0,0.0
COCONUT+train,T2_tims,WZXFPMLAZQXDJY,182,167.0,0.0060031217541675905,0.0,0.0,0.0,0.0,0.0,182,91.5,0.02096680317446982,0.005494505494505495,0.054945054945054944,23.5,0.08295561255985885,0.021739130434782608,0.21739130434782608,1.0,1.0,1.0,1.0
COCONUT+train,T2_tims,NBEZRIQJKZYAMN,201,118.5,0.008438968807862128,0.0,0.0,0.0,0.0,0.0,201,101.0,0.0189848665559876,0.004975124378109453,0.04975124378109453,40.5,0.00729204771720894,0.0,0.0,5.0,0.2,0.0,1.0
COCONUT+train,T2_tims,ZWUCSQDLAHTRID,156,136.0,0.007362504432602552,0.0,0.0,0.0,0.0,0.0,156,78.5,0.02446127037021479,0.00641025641025641,0.0641025641025641,82.5,0.0061596522485087,0.0,0.0,1.0,1.0,1.0,1.0
COCONUT+train,T2_tims,LROHLLCTROZRAD,123,117.0,0.008549507307101856,0.0,0.0,0.0,0.0,0.0,123,62.0,0.03102405022563827,0.008130081300813009,0.08130081300813008,81.0,0.0,0.0,0.0,9.0,0.1111111111111111,0.0,1.0
COCONUT+train,T2_tims,MTEXJUPXAGTIMI,24,19.0,0.05363657605827929,0.05363657605827929,0.0,0.0,1.0,1.0,24,12.5,0.15733159073972947,0.041666666666666664,0.4166666666666667,10.0,0.10207070707070709,0.0,0.6,1.0,1.0,1.0,1.0
COCONUT+train,T2_tims,LESRXKQIIBPRGN,12,8.0,0.1337920016491445,0.1337920016491445,0.0,0.8571428571428571,1.0,1.0,12,6.5,0.25860088985088986,0.08333333333333333,0.8333333333333334,5.0,0.2,0.0,1.0,1.0,1.0,1.0,1.0
COCONUT+train,T2_tims,ITMBZOHDIDYRHG,106,104.0,0.009615384615384616,0.0,0.0,0.0,0.0,0.0,106,53.5,0.03599960545050478,0.009433962264150943,0.09433962264150944,19.5,0.05131578947368421,0.0,0.0,2.0,0.5,0.0,1.0
COCONUT+train,T2_tims,KWURMHQNKWQUQG,30,23.0,0.043478260869565216,0.043478260869565216,0.0,0.0,1.0,1.0,30,15.5,0.12719860592511692,0.03333333333333333,0.3333333333333333,24.5,0.02727731507622812,0.0,0.0,1.0,1.0,1.0,1.0
COCONUT+train,T2_tims,BBEMVEIKRJPHHO,81,75.0,0.013338076941537649,0.0,0.0,0.0,0.0,1.0,81,41.0,0.04711059478708034,0.012345679012345678,0.12345679012345678,42.5,0.0,0.0,0.0,2.0,0.5,0.0,1.0
COCONUT+train,T2_tims,WKIGVLVWQBDSKX,12,11.0,0.09090909090909091,0.09090909090909091,0.0,0.0,1.0,1.0,12,6.5,0.25860088985088986,0.08333333333333333,0.8333333333333334,6.0,0.21432980599647267,0.0,1.0,1.0,1.0,1.0,1.0
COCONUT+train,T2_tims,HMEAQTWVIQVZKH,135,48.5,0.020620748299319726,0.0,0.0,0.0,1.0,1.0,135,68.0,0.0282663568722482,0.007407407407407408,0.07407407407407407,1.0,1.0,1.0,1.0,1.0,1.0,1.0,1.0
COCONUT+train,T2_tims,LXAZUPXUMLUWRA,30,27.0,0.037037037037037035,0.0,0.0,0.0,1.0,1.0,30,15.5,0.12719860592511692,0.03333333333333333,0.3333333333333333,15.5,0.06458333333333333,0.0,0.0,1.0,1.0,1.0,1.0
COCONUT+train,T2_tims,FPMBXEVSNZADPY,85,66.5,0.015038444142921756,0.0,0.0,0.0,0.0,1.0,85,43.0,0.0448936256206295,0.011764705882352941,0.11764705882352941,26.0,0.04405832987600385,0.0,0.15555555555555556,58.0,0.0,0.0,0.0
COCONUT+train,T2_tims,WWWNVDFXVOPVMS,21,20.0,0.05008354218880534,0.05008354218880534,0.0,0.0,1.0,1.0,21,11.0,0.17358850975060616,0.047619047619047616,0.47619047619047616,9.0,0.20232661897886814,0.058823529411764705,0.5882352941176471,11.0,0.09090909090909091,0.0,0.0
COCONUT+train,T2_tims,FHVUKSNITNZJFV,8,8.0,0.125,0.125,0.0,1.0,1.0,1.0,8,4.5,0.3397321428571428,0.125,1.0,3.0,0.45666666666666667,0.2,1.0,3.0,0.3333333333333333,0.0,1.0
COCONUT+train,T2_tims,XBGNORKFCQXOJW,72,61.0,0.01639344262295082,0.0,0.0,0.0,0.0,1.0,72,36.5,0.05299941913546538,0.013888888888888888,0.1388888888888889,28.5,0.017109347959670406,0.0,0.0,8.0,0.125,0.0,1.0
COCONUT+train,T2_tims,PMPRQQLVVNFCDL,60,35.5,0.030674584485327516,0.0094367676340351,0.0,0.0,0.9411764705882353,1.0,60,30.5,0.06359930296255846,0.016666666666666666,0.16666666666666666,35.5,0.0,0.0,0.0,45.0,0.0,0.0,0.0
COCONUT+train,T2_tims,BGBLITNCPUGYMV,42,38.5,0.025978407557354925,0.0,0.0,0.0,1.0,1.0,42,21.5,0.09085614708936922,0.023809523809523808,0.23809523809523808,18.5,0.05425266597867216,0.0,0.0,7.0,0.14285714285714285,0.0,1.0
COCONUT+train,T2_tims,UOJVAFSQUNTMCW,22,18.5,0.05425266597867216,0.05425266597867216,0.0,0.0,1.0,1.0,22,11.5,0.16776423864623977,0.045454545454545456,0.45454545454545453,9.0,0.20232661897886814,0.058823529411764705,0.5882352941176471,1.0,1.0,1.0,1.0
COCONUT+train,T2_tims,QMVHFUCZSWBHOT,24,23.0,0.043478260869565216,0.043478260869565216,0.0,0.0,1.0,1.0,24,12.5,0.15733159073972947,0.041666666666666664,0.4166666666666667,14.5,0.0733235428572116,0.0,0.16666666666666666,1.0,1.0,1.0,1.0
COCONUT+train,T2_tims,YJTVEDMKCNXBBY,194,122.5,0.008194072516999138,0.0,0.0,0.0,0.0,0.0,194,97.5,0.019669887514193338,0.005154639175257732,0.05154639175257732,106.5,0.001823011929302235,0.0,0.0,76.0,0.0,0.0,0.0
COCONUT+train,T2_tims,UFMCOCHFYQKSRC,178,145.0,0.006930304342313312,0.0,0.0,0.0,0.0,0.0,178,89.5,0.02143796729075004,0.0056179775280898875,0.056179775280898875,117.5,0.0,0.0,0.0,123.0,0.0,0.0,0.0
COCONUT+train,T2_tims,XYPPVTHMEZYFNE,18,16.5,0.06066176470588235,0.06066176470588235,0.0,0.0,1.0,1.0,18,9.5,0.1941726710109063,0.05555555555555555,0.5555555555555556,11.0,0.10432455302364804,0.0,0.46153846153846156,4.0,0.25,0.0,1.0
COCONUT+train,T2_tims,JCJLOFRYGSSWNT,70,39.0,0.02564102564102564,0.0,0.0,0.0,1.0,1.0,70,35.5,0.05451368825362153,0.014285714285714285,0.14285714285714285,8.5,0.11805555555555555,0.0,1.0,1.0,1.0,1.0,1.0
COCONUT+train,T2_tims,VFTNDVOWDUYVGO,41,29.5,0.03394711054610943,0.0,0.0,0.0,1.0,1.0,41,21.0,0.09307215067691481,0.024390243902439025,0.24390243902439024,10.5,0.1798869828571841,0.05,0.5,1.0,1.0,1.0,1.0
COCONUT+train,T2_tims,CXTKSKZCWXKKAF,156,101.5,0.010094903617952932,0.0,0.0,0.0,0.0,0.48148148148148145,156,78.5,0.02446127037021479,0.00641025641025641,0.0641025641025641,69.5,0.0036192851453148937,0.0,0.0,10.0,0.1,0.0,1.0
COCONUT+train,T2_tims,DROPBAOOFJYOKJ,88,73.5,0.013618686865568119,0.0,0.0,0.0,0.0,1.0,88,44.5,0.04336316111083531,0.011363636363636364,0.11363636363636363,31.0,0.06255669143858208,0.01639344262295082,0.16393442622950818,33.0,0.0,0.0,0.0
COCONUT+train,T2_tims,WTZYHJUVWPUSGR,60,47.0,0.02127659574468085,0.0,0.0,0.0,1.0,1.0,60,30.5,0.06359930296255846,0.016666666666666666,0.16666666666666666,25.0,0.02509371034084993,0.0,0.0,1.0,1.0,1.0,1.0
COCONUT+train,T2_tims,KUPHTVBSFCGWBH,23,21.0,0.047691197691197694,0.047691197691197694,0.0,0.0,1.0,1.0,23,12.0,0.16236050048203654,0.043478260869565216,0.43478260869565216,2.0,0.611111111111111,0.3333333333333333,1.0,5.0,0.2,0.0,1.0
COCONUT+train,T2_tims,YHXLMCFUYZUKAP,3,3.0,0.3333333333333333,0.3333333333333333,0.0,1.0,1.0,1.0,3,2.0,0.611111111111111,0.3333333333333333,1.0,2.0,0.5,0.0,1.0,1.0,1.0,1.0,1.0
COCONUT+train,T2_tims,BHZOVZZWKBFUCZ,61,51.5,0.019478210879712587,0.0,0.0,0.0,0.4,1.0,61,31.0,0.06255669143858208,0.01639344262295082,0.16393442622950818,6.0,0.18985260770975057,0.0,1.0,1.0,1.0,1.0,1.0
COCONUT+train,T2_tims,YNEDIYYLNYUQOT,46,36.5,0.02764630631066232,0.0,0.0,0.0,1.0,1.0,46,23.5,0.08295561255985885,0.021739130434782608,0.21739130434782608,23.0,0.036555182362416776,0.0,0.037037037037037035,7.0,0.14285714285714285,0.0,1.0
COCONUT+train,T2_tims,AYUUCEPMVCXFST,13,11.0,0.09090909090909091,0.09090909090909091,0.0,0.0,1.0,1.0,13,7.0,0.24462567347182732,0.07692307692307693,0.7692307692307693,10.5,0.0978794353794354,0.0,0.5,1.0,1.0,1.0,1.0
COCONUT+train,T2_tims,KCNJGYVLECIPMT,111,97.5,0.010317752448424986,0.0,0.0,0.0,0.0,0.6153846153846154,111,56.0,0.03437800160138295,0.009009009009009009,0.09009009009009009,52.0,0.037048137648092304,0.009708737864077669,0.0970873786407767,2.0,0.5,0.0,1.0
COCONUT+train,T2_tims,ADEWVFWPZXOATM,148,129.5,0.007725809828300574,0.0,0.0,0.0,0.0,0.0,148,74.5,0.02578350120103721,0.006756756756756757,0.06756756756756757,131.0,0.0,0.0,0.0,2.0,0.5,0.0,1.0
COCONUT+train,T2_tims,VQZGEFSDJVPKMZ,186,134.0,0.007496204171022206,0.0,0.0,0.0,0.0,0.0,186,93.5,0.02051590418147047,0.005376344086021506,0.053763440860215055,36.0,0.018622451392174583,0.0,0.018867924528301886,5.0,0.2,0.0,1.0
COCONUT+train,T2_tims,OODKOBVAGXYNOJ,15,14.0,0.07142857142857142,0.07142857142857142,0.0,0.0,1.0,1.0,15,8.0,0.22121526621526624,0.06666666666666667,0.6666666666666666,8.0,0.1263227513227513,0.0,1.0,1.0,1.0,1.0,1.0
COCONUT+train,T2_tims,WSPLZKIWKGUHJK,27,26.0,0.03849952516619184,0.013333333333333334,0.0,0.0,1.0,1.0,27,14.0,0.141331784361241,0.037037037037037035,0.37037037037037035,18.0,0.05737098480692381,0.0,0.0,9.0,0.1111111111111111,0.0,1.0
COCONUT+train,T2_tims,MYGYBYUDZGWFAW,49,37.5,0.02667140825035562,0.0,0.0,0.0,1.0,1.0,49,25.0,0.07787669750517362,0.02040816326530612,0.20408163265306123,8.5,0.2112955620768121,0.0625,0.625,7.0,0.14285714285714285,0.0,1.0
COCONUT+train,T2_tims,WOCFKZRZXVOZED,388,269.0,0.003726173709603371,0.0,0.0,0.0,0.0,0.0,388,194.5,0.009834943757096669,0.002577319587628866,0.02577319587628866,71.5,0.011610794275910406,0.0,0.03787878787878788,16.0,0.0625,0.0,0.0
COCONUT+train,T2_tims,UCHVDWMFIHVVCK,97,94.5,0.010583492125130945,0.0,0.0,0.0,0.0,1.0,97,49.0,0.039339775028386675,0.010309278350515464,0.10309278350515463,16.5,0.1192486930547971,0.03125,0.3125,2.0,0.5,0.0,1.0
COCONUT+train,T2_tims,VBKILNGHFADEMJ,119,74.0,0.015073566402003151,0.0,0.0,0.0,0.20253164556962025,0.8354430379746836,119,60.0,0.03206687544330678,0.008403361344537815,0.08403361344537816,63.5,0.006358244226197518,0.0,0.0,1.0,1.0,1.0,1.0
COCONUT+train,T2_tims,OYWPTMJSGOEGMG,225,92.0,0.010869565217391304,0.0,0.0,0.0,0.0,1.0,225,113.0,0.01695981412334892,0.0044444444444444444,0.044444444444444446,20.5,0.04878422063405381,0.0,0.14285714285714285,1.0,1.0,1.0,1.0
COCONUT+train,T2_tims,BPPDVNBLZLJNEC,18,14.5,0.06937957875457876,0.06937957875457876,0.0,0.0,1.0,1.0,18,9.5,0.1941726710109063,0.05555555555555555,0.5555555555555556,9.0,0.12186671353338019,0.0,0.6666666666666666,2.0,0.5,0.0,1.0
COCONUT+train,T2_tims,HXLRQOOILRHHFD,54,43.0,0.023564893589485127,0.0,0.0,0.0,0.9411764705882353,1.0,54,27.5,0.0706658921806205,0.018518518518518517,0.18518518518518517,30.0,0.018206317780360654,0.0,0.0,1.0,1.0,1.0,1.0
COCONUT+train,T2_tims,XYCSZWNHTDFEOQ,22,15.0,0.06789010475985266,0.06789010475985266,0.0,0.0,1.0,1.0,22,11.5,0.16776423864623977,0.045454545454545456,0.45454545454545453,5.5,0.18988095238095237,0.0,1.0,4.0,0.25,0.0,1.0
COCONUT+train,T2_tims,KNDPKKJRSLRZKV,191,166.5,0.006020202464014538,0.0,0.0,0.0,0.0,0.0,191,96.0,0.019978838626981712,0.005235602094240838,0.05235602094240838,136.5,0.0,0.0,0.0,2.0,0.5,0.0,1.0
COCONUT+train,T2_tims,XLCAVUJXAKZIHP,50,40.5,0.02471019833824712,0.0,0.0,0.0,1.0,1.0,50,25.5,0.07631916355507014,0.02,0.2,25.0,0.024680776889014874,0.0,0.0,1.0,1.0,1.0,1.0
COCONUT+train,T2_tims,DCBMIFSRQISGNS,79,71.5,0.01400040289710243,0.0,0.0,0.0,0.0,1.0,79,40.0,0.048303268072829204,0.012658227848101266,0.12658227848101267,40.0,0.048303268072829204,0.012658227848101266,0.12658227848101267,6.0,0.16666666666666666,0.0,1.0
COCONUT+train,T2_tims,PKRCSPQZJXACLK,57,50.5,0.019811693908332564,0.0,0.0,0.0,0.5,1.0,57,29.0,0.06694663469742995,0.017543859649122806,0.17543859649122806,29.5,0.017776042304446914,0.0,0.0,1.0,1.0,1.0,1.0
COCONUT+train,T2_tims,GAROVNPAPQVXEN,32,27.0,0.037037037037037035,0.0,0.0,0.0,1.0,1.0,32,16.5,0.1192486930547971,0.03125,0.3125,14.0,0.09250594497238922,0.0,0.3333333333333333,29.0,0.0,0.0,0.0
COCONUT+train,T2_tims,AKAYPNUDJQTQAD,61,48.0,0.020869612591082862,0.0,0.0,0.0,0.8571428571428571,1.0,61,31.0,0.06255669143858208,0.01639344262295082,0.16393442622950818,21.0,0.04291260538196751,0.0,0.043478260869565216,1.0,1.0,1.0,1.0
COCONUT+train,T2_tims,VXMHLZPVHRKDTC,87,62.0,0.01714315104946959,0.0,0.0,0.0,0.27450980392156865,1.0,87,44.0,0.043861588250040315,0.011494252873563218,0.11494252873563218,41.0,0.005322402941703048,0.0,0.0,1.0,1.0,1.0,1.0
COCONUT+train,T2_tims,FSEFBLGHDBJHMX,13,12.0,0.08333333333333333,0.08333333333333333,0.0,0.0,1.0,1.0,13,7.0,0.24462567347182732,0.07692307692307693,0.7692307692307693,7.0,0.24462567347182732,0.07692307692307693,0.7692307692307693,2.0,0.5,0.0,1.0
COCONUT+train,T2_tims,WNFVPVMLNRBLKD,26,20.5,0.0494036480655642,0.0494036480655642,0.0,0.0,1.0,1.0,26,13.5,0.14676762222128875,0.038461538461538464,0.38461538461538464,13.0,0.15263832711014028,0.04,0.4,1.0,1.0,1.0,1.0
COCONUT+train,T2_tims,BCQQWTPZVVKWPK,10,8.0,0.125,0.125,0.0,1.0,1.0,1.0,10,5.5,0.2928968253968254,0.1,1.0,4.0,0.29,0.0,1.0,1.0,1.0,1.0,1.0
COCONUT+train,T2_tims,ZFHMMWNESQHDBJ,114,92.0,0.010870421459481769,0.0,0.0,0.0,0.0,1.0,114,57.5,0.033473317348714976,0.008771929824561403,0.08771929824561403,24.5,0.03794328271537519,0.0,0.1111111111111111,13.0,0.07692307692307693,0.0,0.0
COCONUT+train,T2_tims,GJLYEAJLPVFSAP,128,101.0,0.009900990099009901,0.0,0.0,0.0,0.0,0.0,128,64.5,0.029812173263699275,0.0078125,0.078125,5.5,0.18988095238095237,0.0,1.0,18.0,0.05555555555555555,0.0,0.0
COCONUT+train,T2_tims,FISGQAGMFPRDRT,53,26.0,0.04077762874122123,0.023701389739262554,0.0,0.0,1.0,1.0,53,27.0,0.07199921090100957,0.018867924528301886,0.18867924528301888,30.0,0.021515698185842213,0.0,0.0,44.0,0.0,0.0,0.0
COCONUT+train,T2_tims,HKKWAKNLWOXRIF,19,18.5,0.054093567251461985,0.054093567251461985,0.0,0.0,1.0,1.0,19,10.0,0.18672313984966749,0.05263157894736842,0.5263157894736842,6.0,0.1769047619047619,0.0,1.0,3.0,0.3333333333333333,0.0,1.0
COCONUT+train,T2_tims,ATCSIIDSDRGLML,76,56.0,0.01787997079823171,0.0,0.0,0.0,0.0,1.0,76,38.5,0.050209976023072464,0.013157894736842105,0.13157894736842105,18.5,0.0589471094007759,0.0,0.19230769230769232,53.0,0.0,0.0,0.0
COCONUT+train,T2_tims,RBVBLRQHBCWJKK,10,6.0,0.16666666666666666,0.16666666666666666,0.0,1.0,1.0,1.0,10,5.5,0.2928968253968254,0.1,1.0,1.0,1.0,1.0,1.0,1.0,1.0,1.0,1.0
COCONUT+train,T2_tims,XZPNMFILRLVECU,12,9.0,0.11397546897546898,0.11397546897546898,0.0,0.8,1.0,1.0,12,6.5,0.25860088985088986,0.08333333333333333,0.8333333333333334,6.5,0.25860088985088986,0.08333333333333333,0.8333333333333334,2.0,0.5,0.0,1.0
COCONUT+train,T2_tims,BMFNILKXYQZAOX,116,89.0,0.011236900843642416,0.0,0.0,0.0,0.0,1.0,116,58.5,0.03289619118753023,0.008620689655172414,0.08620689655172414,23.0,0.0654873994826397,0.0,0.20930232558139536,2.0,0.5,0.0,1.0
COCONUT+train,T2_tims,YKQHYOFINIIFNZ,70,56.5,0.017715311843220012,0.0,0.0,0.0,0.0,1.0,70,35.5,0.05451368825362153,0.014285714285714285,0.14285714285714285,37.0,0.029591415588360797,0.0,0.1044776119402985,3.0,0.3333333333333333,0.0,1.0
COCONUT+train,T2_tims,SIVQDKAJFXFLGU,146,88.0,0.011363636363636364,0.0,0.0,0.0,0.0,1.0,146,73.5,0.026136699847626763,0.00684931506849315,0.0684931506849315,55.5,0.0,0.0,0.0,4.0,0.25,0.0,1.0
COCONUT+train,T2_tims,RAFJMVSDJIAWPY,73,69.5,0.014397186554552438,0.0,0.0,0.0,0.0,1.0,73,37.0,0.05227339969525353,0.0136986301369863,0.136986301369863,61.5,0.0,0.0,0.0,1.0,1.0,1.0,1.0
COCONUT+train,T2_tims,NDYMXLKIVSDWFM,10,6.5,0.15863095238095237,0.15863095238095237,0.0,1.0,1.0,1.0,10,5.5,0.2928968253968254,0.1,1.0,1.0,1.0,1.0,1.0,1.0,1.0,1.0,1.0
COCONUT+train,T2_tims,PEZYLALYWKSROP,36,28.5,0.03514185367633643,0.0,0.0,0.0,1.0,1.0,36,18.5,0.10599883827093076,0.027777777777777776,0.2777777777777778,10.5,0.0978794353794354,0.0,0.5,2.0,0.5,0.0,1.0
COCONUT+train,T2_tims,QLSFHPVNJQASSQ,117,84.5,0.012497633862691778,0.0,0.0,0.0,0.0,0.7424242424242424,117,59.0,0.032615027160286386,0.008547008547008548,0.08547008547008547,57.5,0.021054165252304607,0.0,0.07272727272727272,3.0,0.3333333333333333,0.0,1.0
COCONUT+train,T2_tims,HAFVZYJZUFMQIL,226,206.0,0.004870479614136069,0.0,0.0,0.0,0.0,0.0,226,113.5,0.016884770698024368,0.004424778761061947,0.04424778761061947,71.5,0.026872944913757094,0.007042253521126761,0.07042253521126761,42.0,0.0,0.0,0.0
COCONUT+train,T2_tims,GXJAWIABOYNKGL,183,144.5,0.0070026542914454325,0.0,0.0,0.0,0.0,0.0,183,92.0,0.02085223047952736,0.00546448087431694,0.0546448087431694,37.0,0.05227339969525353,0.0136986301369863,0.136986301369863,1.0,1.0,1.0,1.0
COCONUT+train,T2_tims,WLBHRUREBPIOMQ,138,120.0,0.008354649957757513,0.0,0.0,0.0,0.0,0.0,138,69.5,0.027651870853286284,0.007246376811594203,0.07246376811594203,109.5,0.0,0.0,0.0,7.0,0.14285714285714285,0.0,1.0
COCONUT+train,T2_tims,GNZLRDUHPVTEQQ,43,37.0,0.02702702702702703,0.0,0.0,0.0,1.0,1.0,43,22.0,0.08874321343612808,0.023255813953488372,0.23255813953488372,17.5,0.05953451385079128,0.0,0.0,2.0,0.5,0.0,1.0
COCONUT+train,T2_tims,YZPHZUKKLWPKDD,101,82.0,0.012363666316612901,0.0,0.0,0.0,0.0,1.0,101,51.0,0.03778176413617334,0.009900990099009901,0.09900990099009901,68.5,0.0,0.0,0.0,2.0,0.5,0.0,1.0
COCONUT+train,T2_tims,OPZFYPYPBGXWRK,12,12.0,0.08333333333333333,0.08333333333333333,0.0,0.0,1.0,1.0,12,6.5,0.25860088985088986,0.08333333333333333,0.8333333333333334,8.5,0.11805555555555555,0.0,1.0,1.0,1.0,1.0,1.0
COCONUT+train,T2_tims,NAIFJEQNCRHIQV,69,63.0,0.01587568271036013,0.0,0.0,0.0,0.0,1.0,69,35.0,0.05530374170657257,0.014492753623188406,0.14492753623188406,22.0,0.045454545454545456,0.0,0.0,1.0,1.0,1.0,1.0
COCONUT+train,T2_tims,ALZPDIXYCRSHCZ,412,390.0,0.0025654524809852553,0.0,0.0,0.0,0.0,0.0,412,206.5,0.009262034412023076,0.0024271844660194173,0.024271844660194174,234.5,0.0,0.0,0.0,25.0,0.04,0.0,0.0
COCONUT+train,T2_tims,ZFTIPHVLCLPEOT,111,109.0,0.009174826758924618,0.0,0.0,0.0,0.0,0.0,111,56.0,0.03437800160138295,0.009009009009009009,0.09009009009009009,7.0,0.24462567347182732,0.07692307692307693,0.7692307692307693,39.0,0.0,0.0,0.0
COCONUT+train,T2_tims,DORNZTFBGKSLFM,152,143.0,0.006993006993006993,0.0,0.0,0.0,0.0,0.0,152,76.5,0.025104988011536232,0.006578947368421052,0.06578947368421052,131.0,0.0,0.0,0.0,12.0,0.08333333333333333,0.0,0.0
COCONUT+train,T2_tims,LAOBFTTVOXBHHI,96,90.0,0.011120269403557821,0.0,0.0,0.0,0.0,1.0,96,48.5,0.039749564351599036,0.010416666666666666,0.10416666666666667,34.0,0.05695459966796279,0.014925373134328358,0.14925373134328357,19.0,0.05263157894736842,0.0,0.0
COCONUT+train,T2_tims,MEFSPQNEPPBCLY,65,50.0,0.020032089891378047,0.0,0.0,0.0,0.5714285714285714,1.0,65,33.0,0.058707048888515495,0.015384615384615385,0.15384615384615385,9.5,0.11682289932289931,0.0,0.6,1.0,1.0,1.0,1.0
COCONUT+train,T2_tims,HOSADUVULRWIBB,57,34.0,0.03211069138450506,0.011406231973113605,0.0,0.0,1.0,1.0,57,29.0,0.06694663469742995,0.017543859649122806,0.17543859649122806,34.5,0.016198806807791562,0.0,0.0,7.0,0.14285714285714285,0.0,1.0
COCONUT+train,T2_tims,GDJBPJWZNRYXTN,338,311.0,0.0032226662113990744,0.0,0.0,0.0,0.0,0.0,338,169.5,0.011289817093945288,0.0029585798816568047,0.029585798816568046,225.5,0.0,0.0,0.0,4.0,0.25,0.0,1.0
COCONUT+train,T2_tims,JFFUWROQEQCKJS,179,144.0,0.007030733459728398,0.0,0.0,0.0,0.0,0.0,179,90.0,0.02131820211035479,0.00558659217877095,0.055865921787709494,59.5,0.024275501532357815,0.0,0.07758620689655173,5.0,0.2,0.0,1.0
COCONUT+train,T2_tims,LKZFHZFZEGGBQH,99,77.0,0.013307391978603084,0.0,0.0,0.0,0.0,1.0,99,50.0,0.038545032098520275,0.010101010101010102,0.10101010101010101,49.5,0.03893834875258681,0.01020408163265306,0.10204081632653061,1.0,1.0,1.0,1.0
COCONUT+train,T2_tims,HXYNSGQKHRWMKL,7,7.0,0.14285714285714285,0.14285714285714285,0.0,1.0,1.0,1.0,7,4.0,0.37040816326530607,0.14285714285714285,1.0,4.5,0.23749999999999996,0.0,1.0,2.0,0.5,0.0,1.0
COCONUT+train,T2_tims,QJMJKBDNQPYMFK,77,44.0,0.022727272727272728,0.0,0.0,0.0,1.0,1.0,77,39.0,0.049557898412383214,0.012987012987012988,0.12987012987012986,65.5,0.0,0.0,0.0,2.0,0.5,0.0,1.0
COCONUT+train,T2_tims,IJUYUIBQBVOHJI,94,52.5,0.019056263853711133,0.0,0.0,0.0,0.0,1.0,94,47.5,0.04059529976333518,0.010638297872340425,0.10638297872340426,75.5,0.0,0.0,0.0,1.0,1.0,1.0,1.0
COCONUT+train,T2_tims,LUGNFONQBVJYPT,21,17.5,0.057377665978672165,0.057377665978672165,0.0,0.0,1.0,1.0,21,11.0,0.17358850975060616,0.047619047619047616,0.47619047619047616,2.5,0.41666666666666663,0.0,1.0,1.0,1.0,1.0,1.0
COCONUT+train,T2_tims,XZRZCXKDPONLMR,39,37.0,0.02702702702702703,0.0,0.0,0.0,1.0,1.0,39,20.0,0.09784508148085916,0.02564102564102564,0.2564102564102564,13.0,0.08018837553151278,0.0,0.2222222222222222,11.0,0.09090909090909091,0.0,0.0
COCONUT+train,T2_tims,BTTGEBQMZMFYJO,4,3.0,0.3333333333333333,0.3333333333333333,0.0,1.0,1.0,1.0,4,2.5,0.5208333333333333,0.25,1.0,2.0,0.5,0.0,1.0,1.0,1.0,1.0,1.0
COCONUT+train,T2_tims,KIFFAWXKGNFRDH,17,12.0,0.0899593202400689,0.0899593202400689,0.0,0.36363636363636365,1.0,1.0,17,9.0,0.20232661897886814,0.058823529411764705,0.5882352941176471,13.5,0.07458791208791209,0.0,0.0,3.0,0.3333333333333333,0.0,1.0
COCONUT+train,T2_tims,UBQAXIXEBUHRJF,17,16.0,0.0625,0.0625,0.0,0.0,1.0,1.0,17,9.0,0.20232661897886814,0.058823529411764705,0.5882352941176471,4.5,0.3397321428571428,0.125,1.0,4.0,0.25,0.0,1.0
COCONUT+train,T2_tims,IOCSHKUMPJRNEW,27,24.5,0.04101634141489214,0.028433245498462892,0.0,0.0,1.0,1.0,27,14.0,0.141331784361241,0.037037037037037035,0.37037037037037035,10.5,0.11472994209338747,0.0,0.5,1.0,1.0,1.0,1.0
COCONUT+train,T2_tims,OIWPROONIJBERV,74,67.5,0.014824308988717129,0.0,0.0,0.0,0.0,1.0,74,37.5,0.05156700240207442,0.013513513513513514,0.13513513513513514,25.5,0.05866579536986472,0.0,0.1875,6.0,0.16666666666666666,0.0,1.0
COCONUT+train,T2_tims,BAVUTQLIAYROQH,353,326.5,0.0030641649414378247,0.0,0.0,0.0,0.0,0.0,353,177.0,0.010810079823664326,0.0028328611898017,0.028328611898016998,192.0,0.0,0.0,0.0,23.0,0.043478260869565216,0.0,0.0
COCONUT+train,T2_tims,XNYPOROCFMQTDL,20,12.0,0.08333333333333333,0.08333333333333333,0.0,0.0,1.0,1.0,20,10.5,0.1798869828571841,0.05,0.5,7.0,0.14912698412698414,0.0,1.0,2.0,0.5,0.0,1.0
COCONUT+train,T2_tims,BEZRVUDDNRXYDV,113,110.0,0.009093916089857365,0.0,0.0,0.0,0.0,0.0,113,57.0,0.033769541396048736,0.008849557522123894,0.08849557522123894,56.5,0.034071055158513455,0.008928571428571428,0.08928571428571429,37.0,0.0,0.0,0.0
COCONUT+train,T2_tims,QCCPJYJHDIMHSS,260,221.5,0.00452254192420374,0.0,0.0,0.0,0.0,0.0,260,130.5,0.014676762222128874,0.0038461538461538464,0.038461538461538464,135.5,0.0,0.0,0.0,1.0,1.0,1.0,1.0
COCONUT+train,T2_tims,ASVNUBYXADXSDX,74,52.0,0.01924501108296891,0.0,0.0,0.0,0.2,1.0,74,37.5,0.05156700240207442,0.013513513513513514,0.13513513513513514,50.5,0.0,0.0,0.0,30.0,0.0,0.0,0.0
COCONUT+train,T2_tims,KEWVZMXYLCNVMS,43,29.0,0.0346481453832876,0.0,0.0,0.0,1.0,1.0,43,22.0,0.08874321343612808,0.023255813953488372,0.23255813953488372,16.0,0.0625,0.0,0.0,37.0,0.0,0.0,0.0
COCONUT+train,T2_tims,HIWLKARHKLCRQS,6,6.0,0.16666666666666666,0.16666666666666666,0.0,1.0,1.0,1.0,6,3.5,0.40833333333333327,0.16666666666666666,1.0,1.0,1.0,1.0,1.0,1.0,1.0,1.0,1.0
COCONUT+train,T2_tims,YRVROUYIJMVGNN,35,31.5,0.03191558322059737,0.0,0.0,0.0,1.0,1.0,35,18.0,0.10902737650724306,0.02857142857142857,0.2857142857142857,6.5,0.25860088985088986,0.08333333333333333,0.8333333333333334,1.0,1.0,1.0,1.0
COCONUT+train,T2_tims,RUWZKJVFKGMSJM,32,28.5,0.035098522167487683,0.0,0.0,0.0,1.0,1.0,32,16.5,0.1192486930547971,0.03125,0.3125,11.5,0.13226793523813646,0.0,0.45,3.0,0.3333333333333333,0.0,1.0
COCONUT+train,T2_tims,CTDCUPJZLFBKIT,148,147.0,0.006802721088435374,0.0,0.0,0.0,0.0,0.0,148,74.5,0.02578350120103721,0.006756756756756757,0.06756756756756757,3.5,0.40833333333333327,0.16666666666666666,1.0,4.0,0.25,0.0,1.0
COCONUT+train,T2_tims,AYZUMQYRPGTCTB,373,349.5,0.0028653695332417784,0.0,0.0,0.0,0.0,0.0,373,187.0,0.01023045087869573,0.002680965147453083,0.02680965147453083,13.0,0.15263832711014028,0.04,0.4,1.0,1.0,1.0,1.0
COCONUT+train,T2_tims,YRYBNMAQJKAWBX,11,10.5,0.09545454545454546,0.09545454545454546,0.0,0.5,1.0,1.0,11,6.0,0.2745343040797586,0.09090909090909091,0.9090909090909091,11.0,0.09090909090909091,0.0,0.0,1.0,1.0,1.0,1.0
COCONUT+train,T2_tims,LQJPDXVPZWOPMJ,19,15.5,0.06598278903329213,0.06598278903329213,0.0,0.0,1.0,1.0,19,10.0,0.18672313984966749,0.05263157894736842,0.5263157894736842,10.0,0.14677106342331256,0.0,0.5294117647058824,1.0,1.0,1.0,1.0
COCONUT+train,T2_tims,NHECEAVYEPDQKK,32,29.0,0.034482758620689655,0.0,0.0,0.0,1.0,1.0,32,16.5,0.1192486930547971,0.03125,0.3125,10.0,0.10207070707070709,0.0,0.6,1.0,1.0,1.0,1.0
COCONUT+train,T2_tims,SFPNVZKYOPNYRR,252,217.0,0.004618316067831145,0.0,0.0,0.0,0.0,0.0,252,126.5,0.015142691181561536,0.003968253968253968,0.03968253968253968,70.5,0.027256844126810766,0.007142857142857143,0.07142857142857142,8.0,0.125,0.0,1.0
COCONUT+train,T2_tims,DMDTXMGMYGHUBQ,53,32.0,0.0356505833296127,0.017184443854587887,0.0,0.0,1.0,1.0,53,27.0,0.07199921090100957,0.018867924528301886,0.18867924528301888,41.5,0.0,0.0,0.0,1.0,1.0,1.0,1.0
COCONUT+train,T2_tims,SRIUXBPMEPVZQR,156,132.0,0.007586218331039799,0.0,0.0,0.0,0.0,0.0,156,78.5,0.02446127037021479,0.00641025641025641,0.0641025641025641,82.5,0.0061596522485087,0.0,0.0,14.0,0.07142857142857142,0.0,0.0
COCONUT+train,T2_tims,CTBOFNRGHHJYDX,115,18.0,0.06032067424981126,0.05805823081089723,0.0,0.058823529411764705,1.0,1.0,115,58.0,0.03318224502394354,0.008695652173913044,0.08695652173913043,14.0,0.09250594497238922,0.0,0.3333333333333333,2.0,0.5,0.0,1.0
COCONUT+train,T2_tims,NQWLVXBZFPEMAO,51,50.0,0.02,0.0,0.0,0.0,1.0,1.0,51,26.0,0.07482270936771583,0.0196078431372549,0.19607843137254902,49.0,0.0,0.0,0.0,7.0,0.14285714285714285,0.0,1.0
COCONUT+train,T2_tims,QUDSMDUDVYAUFZ,53,47.0,0.02127659574468085,0.0,0.0,0.0,1.0,1.0,53,27.0,0.07199921090100957,0.018867924528301886,0.18867924528301888,27.5,0.05415304187987513,0.0,0.17307692307692307,3.0,0.3333333333333333,0.0,1.0
COCONUT+train,T2_tims,BODYBMTYVOCZSP,61,57.0,0.017543859649122806,0.0,0.0,0.0,0.0,1.0,61,31.0,0.06255669143858208,0.01639344262295082,0.16393442622950818,15.5,0.07366434320852816,0.0,0.2222222222222222,38.0,0.0,0.0,0.0
COCONUT+train,T2_tims,SYXNUTFLVSSNHF,11,9.0,0.1111111111111111,0.1111111111111111,0.0,1.0,1.0,1.0,11,6.0,0.2745343040797586,0.09090909090909091,0.9090909090909091,8.0,0.125,0.0,1.0,1.0,1.0,1.0,1.0
COCONUT+train,T2_tims,ZRMUUULRLFNPQO,52,39.0,0.026743917516442315,0.0,0.0,0.0,0.9259259259259259,1.0,52,26.5,0.07338381111064438,0.019230769230769232,0.19230769230769232,25.0,0.07787669750517362,0.02040816326530612,0.20408163265306123,1.0,1.0,1.0,1.0
COCONUT+train,T2_tims,GQPMRRAJVKSDLM,28,20.0,0.05085879828050152,0.05085879828050152,0.0,0.0,1.0,1.0,28,14.5,0.13628422063405382,0.03571428571428571,0.35714285714285715,8.5,0.11805555555555555,0.0,1.0,9.0,0.1111111111111111,0.0,1.0
COCONUT+train,T2_tims,BPKXUDFSXSXTSP,16,11.0,0.0964698881365548,0.0964698881365548,0.0,0.4444444444444444,1.0,1.0,16,8.5,0.2112955620768121,0.0625,0.625,2.5,0.5208333333333333,0.25,1.0,2.0,0.5,0.0,1.0
COCONUT+train,T2_tims,FEZGMOSJWHMOIV,89,82.0,0.012195121951219513,0.0,0.0,0.0,0.0,1.0,89,45.0,0.04287593458150008,0.011235955056179775,0.11235955056179775,74.0,0.0,0.0,0.0,1.0,1.0,1.0,1.0
COCONUT+train,T2_tims,JRIONJLRRRFQHS,128,86.5,0.01177343223331952,0.0,0.0,0.0,0.0,0.85,128,64.5,0.029812173263699275,0.0078125,0.078125,53.5,0.03599960545050478,0.009433962264150943,0.09433962264150944,6.0,0.16666666666666666,0.0,1.0
COCONUT+train,T2_tims,GKRRLACOLPHWEV,13,10.5,0.09545454545454546,0.09545454545454546,0.0,0.5,1.0,1.0,13,7.0,0.24462567347182732,0.07692307692307693,0.7692307692307693,5.5,0.18333333333333335,0.0,1.0,1.0,1.0,1.0,1.0
COCONUT+train,T2_tims,ABAWQKPDKUSIBA,64,48.0,0.021245415195236175,0.0,0.0,0.0,0.6086956521739131,1.0,64,32.5,0.05962434652739855,0.015625,0.15625,30.5,0.02349976009012507,0.0,0.023809523809523808,1.0,1.0,1.0,1.0
COCONUT+train,T2_tims,HNJHBLSQQURBJP,41,31.0,0.03274061892831994,0.003076923076923077,0.0,0.0,1.0,1.0,41,21.0,0.09307215067691481,0.024390243902439025,0.24390243902439024,15.0,0.10429474732420395,0.0,0.3333333333333333,2.0,0.5,0.0,1.0
COCONUT+train,T2_tims,DYYLPVOUWNBVHI,17,16.5,0.06066176470588235,0.06066176470588235,0.0,0.0,1.0,1.0,17,9.0,0.20232661897886814,0.058823529411764705,0.5882352941176471,2.0,0.611111111111111,0.3333333333333333,1.0,7.0,0.14285714285714285,0.0,1.0
COCONUT+train,T2_tims,VNLCYDNUHJOJNZ,69,56.5,0.01779004038402457,0.0,0.0,0.0,0.07142857142857142,1.0,69,35.0,0.05530374170657257,0.014492753623188406,0.14492753623188406,14.0,0.0729406098103577,0.0,0.0,6.0,0.16666666666666666,0.0,1.0
COCONUT+train,T2_tims,FGHTZZIDOCWHHB,157,150.5,0.0066460590048086484,0.0,0.0,0.0,0.0,0.0,157,79.0,0.02430546610034081,0.006369426751592357,0.06369426751592357,141.5,0.0,0.0,0.0,3.0,0.3333333333333333,0.0,1.0
COCONUT+train,T2_tims,ZHXPVYBGCDKHPR,18,14.5,0.06904761904761905,0.06904761904761905,0.0,0.0,1.0,1.0,18,9.5,0.1941726710109063,0.05555555555555555,0.5555555555555556,4.5,0.3397321428571428,0.125,1.0,4.0,0.25,0.0,1.0
COCONUT+train,T2_tims,ZJLNPGVQEHQALX,158,150.0,0.00667081942992515,0.0,0.0,0.0,0.0,0.0,158,79.5,0.024151634036414602,0.006329113924050633,0.06329113924050633,145.0,0.0,0.0,0.0,3.0,0.3333333333333333,0.0,1.0
COCONUT+train,T2_tims,PGYBTKNADXRVQM,260,199.0,0.005029786150958712,0.0,0.0,0.0,0.0,0.0,260,130.5,0.014676762222128874,0.0038461538461538464,0.038461538461538464,110.0,0.009308097861127575,0.0,0.03286384976525822,7.0,0.14285714285714285,0.0,1.0
COCONUT+train,T2_tims,SGULGIVXEYMSFA,20,19.0,0.05263157894736842,0.05263157894736842,0.0,0.0,1.0,1.0,20,10.5,0.1798869828571841,0.05,0.5,17.5,0.057377665978672165,0.0,0.0,15.0,0.06666666666666667,0.0,0.0
COCONUT+train,T2_tims,WRWNBEXMHYFXEK,274,195.0,0.005157728917299089,0.0,0.0,0.0,0.0,0.0,274,137.5,0.013926854663333968,0.0036496350364963502,0.0364963503649635,148.0,0.0,0.0,0.0,4.0,0.25,0.0,1.0
COCONUT+train,T2_tims,NSVMRWNXWCNYGE,95,70.0,0.01467318342071742,0.0,0.0,0.0,0.0,1.0,95,48.0,0.040167980818457974,0.010526315789473684,0.10526315789473684,44.0,0.043861588250040315,0.011494252873563218,0.11494252873563218,6.0,0.16666666666666666,0.0,1.0
COCONUT+train,T2_tims,VRWZUNRXNMUPKH,326,276.0,0.0036280515849020666,0.0,0.0,0.0,0.0,0.0,326,163.5,0.011705393183292967,0.003067484662576687,0.03067484662576687,133.0,0.003620367035858175,0.0,0.0,8.0,0.125,0.0,1.0
COCONUT+train,T2_tims,KGFMAIKPCYAEBE,50,41.0,0.024747655464288528,0.0,0.0,0.0,1.0,1.0,50,25.5,0.07631916355507014,0.02,0.2,23.5,0.08295561255985885,0.021739130434782608,0.21739130434782608,2.0,0.5,0.0,1.0
COCONUT+train,T2_tims,SSWXNTLRFYFGDR,347,285.5,0.0035164867458935506,0.0,0.0,0.0,0.0,0.0,347,174.0,0.010996997630413565,0.002881844380403458,0.02881844380403458,31.0,0.06255669143858208,0.01639344262295082,0.16393442622950818,94.0,0.0,0.0,0.0
COCONUT+train,T2_tims,GTNKDSOYYGQEJF,69,63.0,0.015929360659163602,0.0,0.0,0.0,0.0,1.0,69,35.0,0.05530374170657257,0.014492753623188406,0.14492753623188406,24.0,0.05385949250589551,0.0,0.18604651162790697,2.0,0.5,0.0,1.0
COCONUT+train,T2_tims,ZEZBIPDHMFCVQX,151,128.0,0.00784162210950349,0.0,0.0,0.0,0.0,0.0,151,76.0,0.025271246210288128,0.006622516556291391,0.06622516556291391,56.5,0.00422171183627886,0.0,0.0,3.0,0.3333333333333333,0.0,1.0
COCONUT+train,T2_tims,DRWHJIZRESUTTJ,66,65.5,0.015268065268065269,0.0,0.0,0.0,0.0,1.0,66,33.5,0.05781754814778041,0.015151515151515152,0.15151515151515152,32.5,0.026268426495259747,0.0,0.07692307692307693,2.0,0.5,0.0,1.0
COCONUT+train,T2_tims,ZMXORMWTZBMKOX,246,182.5,0.0054953696232334405,0.0,0.0,0.0,0.0,0.0,246,123.5,0.015512025112819135,0.0040650406504065045,0.04065040650406504,154.5,0.0,0.0,0.0,2.0,0.5,0.0,1.0
COCONUT+train,T2_tims,JURNAHYOFWRLTI,174,151.0,0.0066376820495675235,0.0,0.0,0.0,0.0,0.0,174,87.5,0.021930794125020157,0.005747126436781609,0.05747126436781609,103.0,0.0,0.0,0.0,2.0,0.5,0.0,1.0
COCONUT+train,T2_tims,QRWUVQRMQCNZKA,166,57.0,0.017543859649122806,0.0,0.0,0.0,0.0,1.0,166,83.5,0.022987699865984982,0.006024096385542169,0.060240963855421686,10.0,0.11226324180869635,0.0,0.5454545454545454,1.0,1.0,1.0,1.0
COCONUT+train,T2_tims,HOQHCCTZTFMXIY,83,80.0,0.012503908326435855,0.0,0.0,0.0,0.0,1.0,83,42.0,0.045975399731969964,0.012048192771084338,0.12048192771084337,51.5,0.0,0.0,0.0,1.0,1.0,1.0,1.0
COCONUT+train,T2_tims,QQKQXFRNXPSKID,131,93.5,0.010705297085738549,0.0,0.0,0.0,0.0,1.0,131,66.0,0.02912945173857639,0.007633587786259542,0.07633587786259542,51.5,0.0,0.0,0.0,98.0,0.0,0.0,0.0
COCONUT+train,T2_tims,HLDSLOSSRJDIEP,2,1.5,0.75,0.75,0.5,1.0,1.0,1.0,2,1.5,0.75,0.5,1.0,2.0,0.5,0.0,1.0,1.0,1.0,1.0,1.0
COCONUT+train,T2_tims,QNFXXAHGKYNEDO,17,14.5,0.06904761904761905,0.06904761904761905,0.0,0.0,1.0,1.0,17,9.0,0.20232661897886814,0.058823529411764705,0.5882352941176471,13.0,0.08018837553151278,0.0,0.2222222222222222,3.0,0.3333333333333333,0.0,1.0
COCONUT+train,T2_tims,FDWRXBHOSQKLLA,41,31.5,0.03213567050567994,0.0,0.0,0.0,1.0,1.0,41,21.0,0.09307215067691481,0.024390243902439025,0.24390243902439024,27.5,0.014216622749231444,0.0,0.0,2.0,0.5,0.0,1.0
COCONUT+train,T2_tims,MTFDKEVIXDNTEU,53,43.5,0.02299154334038055,0.0,0.0,0.0,1.0,1.0,53,27.0,0.07199921090100957,0.018867924528301886,0.18867924528301888,32.5,0.0,0.0,0.0,2.0,0.5,0.0,1.0
COCONUT+train,T2_tims,YJOYVWPGJYGZLQ,397,334.5,0.002994680222576764,0.0,0.0,0.0,0.0,0.0,397,199.0,0.009611985334391705,0.0025188916876574307,0.02518891687657431,266.0,0.0,0.0,0.0,75.0,0.0,0.0,0.0
COCONUT+train,T2_tims,JDIVQBZATSTPRV,137,108.5,0.009261010356712972,0.0,0.0,0.0,0.0,0.19230769230769232,137,69.0,0.027853709326667937,0.0072992700729927005,0.072992700729927,34.0,0.05695459966796279,0.014925373134328358,0.14925373134328357,1.0,1.0,1.0,1.0
COCONUT+train,T2_tims,PICNYVMZYCSASB,30,19.0,0.056616970546107544,0.052175877869720756,0.0,0.0,1.0,1.0,30,15.5,0.12719860592511692,0.03333333333333333,0.3333333333333333,25.0,0.04,0.0,0.0,28.0,0.0,0.0,0.0
COCONUT+train,T2_tims,NERZQYIXAXUSKO,24,17.5,0.05876025720065967,0.05876025720065967,0.0,0.0,1.0,1.0,24,12.5,0.15733159073972947,0.041666666666666664,0.4166666666666667,4.0,0.37040816326530607,0.14285714285714285,1.0,1.0,1.0,1.0,1.0
COCONUT+train,T2_tims,IWSMQTTVBATWGT,7,6.0,0.16984126984126982,0.16984126984126982,0.0,1.0,1.0,1.0,7,4.0,0.37040816326530607,0.14285714285714285,1.0,4.0,0.25,0.0,1.0,1.0,1.0,1.0,1.0
COCONUT+train,T2_tims,KMRNKCXFBBKKOF,14,8.5,0.11805555555555555,0.11805555555555555,0.0,1.0,1.0,1.0,14,7.5,0.23225445189730906,0.07142857142857142,0.7142857142857143,3.5,0.29166666666666663,0.0,1.0,1.0,1.0,1.0,1.0
COCONUT+train,T2_tims,OSWPGVNEEFBNPN,78,66.5,0.015047523274431414,0.0,0.0,0.0,0.0,1.0,78,39.5,0.04892254074042958,0.01282051282051282,0.1282051282051282,28.0,0.05313128637270768,0.0,0.16981132075471697,1.0,1.0,1.0,1.0
COCONUT+train,T2_tims,RFRFHMFPHWMJCE,67,65.5,0.015268065268065269,0.0,0.0,0.0,0.0,1.0,67,34.0,0.05695459966796279,0.014925373134328358,0.14925373134328357,8.5,0.16558778523064244,0.0,0.6428571428571429,5.0,0.2,0.0,1.0
COCONUT+train,T2_tims,JQYAWQSVQLQYCJ,8,7.0,0.14285714285714285,0.14285714285714285,0.0,1.0,1.0,1.0,8,4.5,0.3397321428571428,0.125,1.0,6.0,0.16984126984126982,0.0,1.0,2.0,0.5,0.0,1.0
COCONUT+train,T2_tims,DQVNREUNYBEKJO,186,168.0,0.005953224753069905,0.0,0.0,0.0,0.0,0.0,186,93.5,0.02051590418147047,0.005376344086021506,0.053763440860215055,73.0,0.0,0.0,0.0,34.0,0.0,0.0,0.0
COCONUT+train,T2_tims,MTDDOHOHKQIVHL,15,15.0,0.06666666666666667,0.06666666666666667,0.0,0.0,1.0,1.0,15,8.0,0.22121526621526624,0.06666666666666667,0.6666666666666666,8.5,0.11805555555555555,0.0,1.0,5.0,0.2,0.0,1.0
COCONUT+train,T2_tims,BOKNFGKBEQNJMF,200,156.0,0.0065115877349801775,0.0,0.0,0.0,0.0,0.0,200,100.5,0.019079790888767535,0.005,0.05,79.5,0.00935587792981854,0.0,0.0273972602739726,5.0,0.2,0.0,1.0
COCONUT+train,T2_tims,ZTZAGVCVDKXBIZ,34,33.0,0.030303030303030304,0.0,0.0,0.0,1.0,1.0,34,17.5,0.11223406405157374,0.029411764705882353,0.29411764705882354,32.0,0.0,0.0,0.0,23.0,0.043478260869565216,0.0,0.0
COCONUT+train,T2_tims,KEEHUNXTVYNQRL,6,5.0,0.2,0.2,0.0,1.0,1.0,1.0,6,3.5,0.40833333333333327,0.16666666666666666,1.0,3.0,0.3333333333333333,0.0,1.0,2.0,0.5,0.0,1.0
COCONUT+train,T2_tims,UKOZYVFBDKASST,162,118.5,0.008557073987638813,0.0,0.0,0.0,0.0,0.125,162,81.5,0.02355529739354017,0.006172839506172839,0.06172839506172839,67.0,0.02869141487032712,0.007518796992481203,0.07518796992481203,30.0,0.0,0.0,0.0
COCONUT+train,T2_tims,YYZXGPVADYVMIW,52,42.0,0.024001212003635197,0.0,0.0,0.0,1.0,1.0,52,26.5,0.07338381111064438,0.019230769230769232,0.19230769230769232,22.5,0.08672632222167062,0.022727272727272728,0.22727272727272727,7.0,0.14285714285714285,0.0,1.0
COCONUT+train,T2_tims,AALMRSDYFCTHAY,228,144.0,0.00735339500048286,0.0,0.0,0.0,0.0,0.12173913043478261,228,114.5,0.016736658674357488,0.0043859649122807015,0.043859649122807015,137.0,0.0,0.0,0.0,4.0,0.25,0.0,1.0
COCONUT+train,T2_tims,SBLOTLLQHGDPJU,134,120.5,0.008301757630913021,0.0,0.0,0.0,0.0,0.0,134,67.5,0.028477299833981395,0.007462686567164179,0.07462686567164178,85.0,0.0,0.0,0.0,27.0,0.0,0.0,0.0
COCONUT+train,T2_tims,BSKCXBMEHOLRHU,412,385.0,0.0025988058291753447,0.0,0.0,0.0,0.0,0.0,412,206.5,0.009262034412023076,0.0024271844660194173,0.024271844660194174,235.5,0.0,0.0,0.0,57.0,0.0,0.0,0.0
COCONUT+train,T2_tims,KQDKCTXKLYWCQA,100,54.0,0.018522753742879528,0.0,0.0,0.0,0.0,1.0,100,50.5,0.03815958177753507,0.01,0.1,50.0,0.0,0.0,0.0,2.0,0.5,0.0,1.0
COCONUT+train,T2_tims,PDRDPTJKVVLRQX,92,76.5,0.01308364067203779,0.0,0.0,0.0,0.0,1.0,92,46.5,0.041477806279929426,0.010869565217391304,0.10869565217391304,31.5,0.0,0.0,0.0,1.0,1.0,1.0,1.0
COCONUT+train,T2_tims,RKWDAFUPWHHUSZ,7,6.0,0.16984126984126982,0.16984126984126982,0.0,1.0,1.0,1.0,7,4.0,0.37040816326530607,0.14285714285714285,1.0,3.0,0.3611111111111111,0.0,1.0,1.0,1.0,1.0,1.0
COCONUT+train,T2_tims,AHITVGFDHYNQRO,54,53.0,0.018867924528301886,0.0,0.0,0.0,0.0,1.0,54,27.5,0.0706658921806205,0.018518518518518517,0.18518518518518517,30.0,0.02274333137910905,0.0,0.0,1.0,1.0,1.0,1.0
COCONUT+train,T2_tims,OCVXIMIYNKZKDF,155,122.5,0.008356889123843757,0.0,0.0,0.0,0.0,0.15625,155,78.0,0.024619085017764563,0.0064516129032258064,0.06451612903225806,78.0,0.024619085017764563,0.0064516129032258064,0.06451612903225806,123.0,0.0,0.0,0.0
COCONUT+train,T2_tims,MJWLOJMAKIHIOM,40,37.5,0.026690404979878665,0.0,0.0,0.0,1.0,1.0,40,20.5,0.09539895444383768,0.025,0.25,15.0,0.06988830937958436,0.0,0.09090909090909091,23.0,0.043478260869565216,0.0,0.0
COCONUT+train,T2_tims,LHOFXTUYJJQYSK,62,46.5,0.02155781646013578,0.0,0.0,0.0,1.0,1.0,62,31.5,0.06154771254441141,0.016129032258064516,0.16129032258064516,14.5,0.13628422063405382,0.03571428571428571,0.35714285714285715,1.0,1.0,1.0,1.0
COCONUT+train,T2_tims,DOGAEBBTDHTDLN,137,124.0,0.0080965625037234,0.0,0.0,0.0,0.0,0.0,137,69.0,0.027853709326667937,0.0072992700729927005,0.072992700729927,69.0,0.027853709326667937,0.0072992700729927005,0.072992700729927,3.0,0.3333333333333333,0.0,1.0
COCONUT+train,T2_tims,RVIMVUCSGASNER,38,26.0,0.03849952516619184,0.013333333333333334,0.0,0.0,1.0,1.0,38,19.5,0.10041995204614493,0.02631578947368421,0.2631578947368421,9.0,0.11712533498247786,0.0,0.7142857142857143,4.0,0.25,0.0,1.0
COCONUT+train,T2_tims,WGQSMROKTDHCQB,20,15.0,0.06988830937958436,0.06988830937958436,0.0,0.09090909090909091,1.0,1.0,20,10.5,0.1798869828571841,0.05,0.5,9.0,0.20232661897886814,0.058823529411764705,0.5882352941176471,2.0,0.5,0.0,1.0
COCONUT+train,T2_tims,CTULIQYSVMRMHW,171,88.0,0.01204810707152326,0.0,0.0,0.0,0.0,0.676056338028169,171,86.0,0.02231554489914332,0.005847953216374269,0.05847953216374269,6.0,0.2745343040797586,0.09090909090909091,0.9090909090909091,6.0,0.16666666666666666,0.0,1.0
COCONUT+train,T2_tims,ATJCRCFKBSDNMG,97,74.0,0.01351515899461105,0.0,0.0,0.0,0.0,1.0,97,49.0,0.039339775028386675,0.010309278350515464,0.10309278350515463,6.0,0.2745343040797586,0.09090909090909091,0.9090909090909091,1.0,1.0,1.0,1.0
COCONUT+train,T2_tims,ZQUDPVBFYDZCJX,84,61.0,0.017055656561499665,0.0,0.0,0.0,0.24390243902439024,1.0,84,42.5,0.04542807354468461,0.011904761904761904,0.11904761904761904,37.0,0.05227339969525353,0.0136986301369863,0.136986301369863,19.0,0.05263157894736842,0.0,0.0
COCONUT+train,T2_tims,DSABDVYDKWGOFV,43,39.5,0.02532051282051282,0.0,0.0,0.0,1.0,1.0,43,22.0,0.08874321343612808,0.023255813953488372,0.23255813953488372,14.5,0.10830608375975026,0.0,0.34615384615384615,31.0,0.0,0.0,0.0
COCONUT+train,T2_tims,ALWORZOEFFWKAC,51,48.5,0.020629523085830076,0.0,0.0,0.0,1.0,1.0,51,26.0,0.07482270936771583,0.0196078431372549,0.19607843137254902,26.0,0.07482270936771583,0.0196078431372549,0.19607843137254902,23.0,0.043478260869565216,0.0,0.0
COCONUT+train,T2_tims,FSLYCGJWVDOSRM,26,17.0,0.058823529411764705,0.058823529411764705,0.0,0.0,1.0,1.0,26,13.5,0.14676762222128875,0.038461538461538464,0.38461538461538464,21.0,0.047691197691197694,0.0,0.0,9.0,0.1111111111111111,0.0,1.0
COCONUT+train,T2_tims,ILEPRSLEDGBBJT,175,136.5,0.0073391228947452996,0.0,0.0,0.0,0.0,0.0,175,88.0,0.021805475301448614,0.005714285714285714,0.05714285714285714,88.0,0.021805475301448614,0.005714285714285714,0.05714285714285714,60.0,0.0,0.0,0.0
COCONUT+train,T2_tims,YKBJJKXHESLBEO,24,22.0,0.045454545454545456,0.045454545454545456,0.0,0.0,1.0,1.0,24,12.5,0.15733159073972947,0.041666666666666664,0.4166666666666667,2.5,0.41666666666666663,0.0,1.0,1.0,1.0,1.0,1.0
COCONUT+train,T2_tims,GGBJQNLPFHDSMP,8,8.0,0.125,0.125,0.0,1.0,1.0,1.0,8,4.5,0.3397321428571428,0.125,1.0,6.5,0.15476190476190477,0.0,1.0,1.0,1.0,1.0,1.0
COCONUT+train,T2_tims,GAKXAPLDPHJJNB,185,162.0,0.006175193198286111,0.0,0.0,0.0,0.0,0.0,185,93.0,0.020626800960829767,0.005405405405405406,0.05405405405405406,30.5,0.06359930296255846,0.016666666666666666,0.16666666666666666,10.0,0.1,0.0,1.0
COCONUT+train,T2_tims,ASUPOXHYEDVVNC,174,123.0,0.008130439580440225,0.0,0.0,0.0,0.0,0.0,174,87.5,0.021930794125020157,0.005747126436781609,0.05747126436781609,2.5,0.5208333333333333,0.25,1.0,81.0,0.0,0.0,0.0
COCONUT+train,T2_tims,HEPUDYGJJAHGTM,4,3.5,0.29166666666666663,0.29166666666666663,0.0,1.0,1.0,1.0,4,2.5,0.5208333333333333,0.25,1.0,3.0,0.3333333333333333,0.0,1.0,1.0,1.0,1.0,1.0
COCONUT+train,T2_tims,AKGVUVNCMAVAPI,15,14.5,0.06904761904761905,0.06904761904761905,0.0,0.0,1.0,1.0,15,8.0,0.22121526621526624,0.06666666666666667,0.6666666666666666,4.0,0.26111111111111107,0.0,1.0,1.0,1.0,1.0,1.0
COCONUT+train,T2_tims,QAFWLSUOXVRZFQ,143,128.5,0.007801154129821947,0.0,0.0,0.0,0.0,0.0,143,72.0,0.026685022222052497,0.006993006993006993,0.06993006993006994,85.5,0.0,0.0,0.0,7.0,0.14285714285714285,0.0,1.0
COCONUT+train,T2_tims,MHPMODFFRVOHSN,144,122.5,0.00816612302070214,0.0,0.0,0.0,0.0,0.0,144,72.5,0.02649970956773269,0.006944444444444444,0.06944444444444445,99.5,0.0,0.0,0.0,3.0,0.3333333333333333,0.0,1.0
COCONUT+train,T2_tims,VGWPJZGHYUYDJJ,206,167.5,0.006008083471082187,0.0,0.0,0.0,0.0,0.0,206,103.5,0.018524068824046152,0.0048543689320388345,0.04854368932038835,107.0,0.0021028248888980386,0.0,0.0,15.0,0.06666666666666667,0.0,0.0
COCONUT+train,T2_tims,JNWQLNZVLQDSSC,186,128.5,0.008234231644397455,0.0,0.0,0.0,0.0,0.22549019607843138,186,93.5,0.02051590418147047,0.005376344086021506,0.053763440860215055,91.0,0.0,0.0,0.0,2.0,0.5,0.0,1.0
COCONUT+train,T2_tims,GCUYWYMMRXLOFA,81,64.0,0.015650504827121995,0.0,0.0,0.0,0.0,1.0,81,41.0,0.04711059478708034,0.012345679012345678,0.12345679012345678,47.0,0.009489916755518683,0.0,0.0,4.0,0.25,0.0,1.0
COCONUT+train,T2_tims,XMNQWWQLQMEDFE,21,12.0,0.08576740719597863,0.08576740719597863,0.0,0.2857142857142857,1.0,1.0,21,11.0,0.17358850975060616,0.047619047619047616,0.47619047619047616,10.5,0.09633838383838383,0.0,0.5,9.0,0.1111111111111111,0.0,1.0
COCONUT+train,T2_tims,KVZGBDQPWAGPKL,11,7.0,0.14285714285714285,0.14285714285714285,0.0,1.0,1.0,1.0,11,6.0,0.2745343040797586,0.09090909090909091,0.9090909090909091,4.5,0.225,0.0,1.0,1.0,1.0,1.0,1.0
COCONUT+train,T2_tims,VEDBDYSSYFWIDV,5,4.5,0.225,0.225,0.0,1.0,1.0,1.0,5,3.0,0.45666666666666667,0.2,1.0,2.5,0.5208333333333333,0.25,1.0,2.0,0.5,0.0,1.0
COCONUT+train,T2_tims,GQJTYKAWUHSPER,53,42.5,0.023812209242749516,0.0,0.0,0.0,1.0,1.0,53,27.0,0.07199921090100957,0.018867924528301886,0.18867924528301888,11.5,0.10084105320449857,0.0,0.42857142857142855,1.0,1.0,1.0,1.0
COCONUT+train,T2_tims,QJSYGEWPUWZAIT,91,87.0,0.011497291430495295,0.0,0.0,0.0,0.0,1.0,91,46.0,0.04193360634893964,0.01098901098901099,0.10989010989010989,45.5,0.0423995353083723,0.011111111111111112,0.1111111111111111,2.0,0.5,0.0,1.0
COCONUT+train,T2_tims,QFBOGHGVBGYCHC,55,35.0,0.032235933346545544,0.012762286782679837,0.0,0.0,0.8974358974358975,1.0,55,28.0,0.0693810577773365,0.01818181818181818,0.18181818181818182,27.5,0.0706658921806205,0.018518518518518517,0.18518518518518517,2.0,0.5,0.0,1.0
COCONUT+train,T2_tims,SAODFNRKBAPPLE,12,11.0,0.09090909090909091,0.09090909090909091,0.0,0.0,1.0,1.0,12,6.5,0.25860088985088986,0.08333333333333333,0.8333333333333334,1.5,0.75,0.5,1.0,3.0,0.3333333333333333,0.0,1.0
COCONUT+train,T2_tims,UTQONYDJYMPERG,56,49.0,0.02040816326530612,0.0,0.0,0.0,1.0,1.0,56,28.5,0.06814211031702691,0.017857142857142856,0.17857142857142858,23.0,0.03421869591934081,0.0,0.0,11.0,0.09090909090909091,0.0,0.0
COCONUT+train,T2_tims,OJAOIJQTVFLLHL,138,125.5,0.007992502068367812,0.0,0.0,0.0,0.0,0.0,138,69.5,0.027651870853286284,0.007246376811594203,0.07246376811594203,69.5,0.027651870853286284,0.007246376811594203,0.07246376811594203,55.0,0.0,0.0,0.0
COCONUT+train,T2_tims,OYFTUZKCQHFRRZ,9,7.0,0.14285714285714285,0.14285714285714285,0.0,1.0,1.0,1.0,9,5.0,0.31432980599647264,0.1111111111111111,1.0,6.0,0.16666666666666666,0.0,1.0,1.0,1.0,1.0,1.0
COCONUT+train,T2_tims,NDVGSDBEMQSHEL,20,18.0,0.05555555555555555,0.05555555555555555,0.0,0.0,1.0,1.0,20,10.5,0.1798869828571841,0.05,0.5,10.0,0.1,0.0,1.0,1.0,1.0,1.0,1.0
COCONUT+train,T2_tims,GHHCQQWGNYQWEW,91,82.5,0.012135936204068585,0.0,0.0,0.0,0.0,1.0,91,46.0,0.04193360634893964,0.01098901098901099,0.10989010989010989,55.5,0.0006451612903225806,0.0,0.0,1.0,1.0,1.0,1.0
COCONUT+train,T2_tims,GCMCDYYHWXAOFI,20,12.0,0.09762708825402323,0.09762708825402323,0.0,0.4,1.0,1.0,20,10.5,0.1798869828571841,0.05,0.5,10.5,0.11472994209338747,0.0,0.5,1.0,1.0,1.0,1.0
COCONUT+train,T2_tims,LLRCMKSZGVTKRJ,20,18.0,0.05567022130489622,0.05567022130489622,0.0,0.0,1.0,1.0,20,10.5,0.1798869828571841,0.05,0.5,10.0,0.10430482216196503,0.0,0.5714285714285714,1.0,1.0,1.0,1.0
COCONUT+train,T2_tims,KSAGNJFXCBZTNX,160,136.5,0.007368886502749785,0.0,0.0,0.0,0.0,0.0,160,80.5,0.02384973861095942,0.00625,0.0625,81.0,0.01771042879090256,0.0,0.05660377358490566,64.0,0.0,0.0,0.0
COCONUT+train,T2_tims,PNVAODGDBYJZHT,274,244.0,0.0041133740540239185,0.0,0.0,0.0,0.0,0.0,274,137.5,0.013926854663333968,0.0036496350364963502,0.0364963503649635,40.0,0.048303268072829204,0.012658227848101266,0.12658227848101267,3.0,0.3333333333333333,0.0,1.0
COCONUT+train,T2_tims,SZZLOGAHBHLWTO,26,25.0,0.04,0.04,0.0,0.0,1.0,1.0,26,13.5,0.14676762222128875,0.038461538461538464,0.38461538461538464,13.5,0.07957354285721159,0.0,0.25,2.0,0.5,0.0,1.0
COCONUT+train,T2_tims,JPJHHRJYHBRUSD,49,38.0,0.026389041770483176,0.0,0.0,0.0,1.0,1.0,49,25.0,0.07787669750517362,0.02040816326530612,0.20408163265306123,34.0,0.009248914503787068,0.0,0.0,1.0,1.0,1.0,1.0
COCONUT+train,T2_tims,JTHCJSAANGILSP,18,16.0,0.06266339869281046,0.06266339869281046,0.0,0.0,1.0,1.0,18,9.5,0.1941726710109063,0.05555555555555555,0.5555555555555556,4.5,0.3397321428571428,0.125,1.0,3.0,0.3333333333333333,0.0,1.0
COCONUT+train,T2_tims,ONWRLVDILNWDKM,51,48.0,0.02085144455562058,0.0,0.0,0.0,1.0,1.0,51,26.0,0.07482270936771583,0.0196078431372549,0.19607843137254902,26.5,0.056319163555070134,0.0,0.18,2.0,0.5,0.0,1.0
COCONUT+train,T2_tims,LZIZOJWNSOZJQK,98,85.5,0.011715027907667501,0.0,0.0,0.0,0.0,1.0,98,49.5,0.03893834875258681,0.01020408163265306,0.10204081632653061,43.0,0.020434997925602313,0.0,0.06666666666666667,1.0,1.0,1.0,1.0
COCONUT+train,T2_tims,RUTBMALTGIHUCD,86,57.0,0.01754746060553683,0.0,0.0,0.0,0.0,1.0,86,43.5,0.04437160671806404,0.011627906976744186,0.11627906976744186,58.5,0.0,0.0,0.0,10.0,0.1,0.0,1.0
COCONUT+train,T2_tims,RKYKSTFVMXHKPG,11,7.0,0.14285714285714285,0.14285714285714285,0.0,1.0,1.0,1.0,11,6.0,0.2745343040797586,0.09090909090909091,0.9090909090909091,3.5,0.3208333333333333,0.0,1.0,1.0,1.0,1.0,1.0
COCONUT+train,T2_tims,BDVUSXSVIPQXTH,81,39.5,0.025451590288366716,0.0,0.0,0.0,1.0,1.0,81,41.0,0.04711059478708034,0.012345679012345678,0.12345679012345678,19.5,0.04991368340438018,0.0,0.09090909090909091,1.0,1.0,1.0,1.0
COCONUT+train,T2_tims,LFTJDUAUWKZKML,58,43.5,0.023003708178126782,0.0,0.0,0.0,1.0,1.0,58,29.5,0.06579238237506047,0.017241379310344827,0.1724137931034483,35.5,0.0,0.0,0.0,3.0,0.3333333333333333,0.0,1.0
COCONUT+train,T2_tims,OEQUCOSMVZLTAL,18,11.0,0.09090909090909091,0.09090909090909091,0.0,0.0,1.0,1.0,18,9.5,0.1941726710109063,0.05555555555555555,0.5555555555555556,9.5,0.10675505050505052,0.0,0.75,1.0,1.0,1.0,1.0
COCONUT+train,T2_tims,APCJHLULJIYZCW,44,40.0,0.02501042318115489,0.0,0.0,0.0,1.0,1.0,44,22.5,0.08672632222167062,0.022727272727272728,0.22727272727272727,13.5,0.07772509353391707,0.0,0.2,3.0,0.3333333333333333,0.0,1.0
COCONUT+train,T2_tims,YYMSPTPRRVQYOV,38,38.0,0.02631578947368421,0.0,0.0,0.0,1.0,1.0,38,19.5,0.10041995204614493,0.02631578947368421,0.2631578947368421,7.5,0.13392857142857142,0.0,1.0,1.0,1.0,1.0,1.0
COCONUT+train,T2_tims,IJMHZORSEYYUDS,30,21.0,0.047836686578105345,0.047836686578105345,0.0,0.0,1.0,1.0,30,15.5,0.12719860592511692,0.03333333333333333,0.3333333333333333,21.5,0.04663796348578957,0.0,0.0,2.0,0.5,0.0,1.0
COCONUT+train,T2_tims,JJFRFQFOUGXCGP,142,131.0,0.007653250542865336,0.0,0.0,0.0,0.0,0.0,142,71.5,0.026872944913757094,0.007042253521126761,0.07042253521126761,69.0,0.027853709326667937,0.0072992700729927005,0.072992700729927,8.0,0.125,0.0,1.0
COCONUT+train,T2_tims,BISVLYLADSXLDM,6,6.0,0.16666666666666666,0.16666666666666666,0.0,1.0,1.0,1.0,6,3.5,0.40833333333333327,0.16666666666666666,1.0,2.0,0.5,0.0,1.0,1.0,1.0,1.0,1.0
COCONUT+train,T2_tims,QHQLVWJGECHPCX,91,76.0,0.013242387064459082,0.0,0.0,0.0,0.0,1.0,91,46.0,0.04193360634893964,0.01098901098901099,0.10989010989010989,20.5,0.04434949618926264,0.0,0.0,1.0,1.0,1.0,1.0
COCONUT+train,T2_tims,LECWUMUGQDWPPJ,134,122.5,0.00816612302070214,0.0,0.0,0.0,0.0,0.0,134,67.5,0.028477299833981395,0.007462686567164179,0.07462686567164178,125.5,0.0,0.0,0.0,5.0,0.2,0.0,1.0
COCONUT+train,T2_tims,BOLOFZDLHPXFIP,201,158.5,0.006371237625372946,0.0,0.0,0.0,0.0,0.0,201,101.0,0.0189848665559876,0.004975124378109453,0.04975124378109453,65.5,0.029353524444257748,0.007692307692307693,0.07692307692307693,1.0,1.0,1.0,1.0
COCONUT+train,T2_tims,FPSVATQPOUOGOE,30,24.0,0.04181220229046316,0.03411989459815547,0.0,0.0,1.0,1.0,30,15.5,0.12719860592511692,0.03333333333333333,0.3333333333333333,18.0,0.05590213278293773,0.0,0.0,1.0,1.0,1.0,1.0
COCONUT+train,T2_tims,GCIIAJGGWHGRGZ,9,9.0,0.1111111111111111,0.1111111111111111,0.0,1.0,1.0,1.0,9,5.0,0.31432980599647264,0.1111111111111111,1.0,5.5,0.20297619047619045,0.0,1.0,1.0,1.0,1.0,1.0
COCONUT+train,T2_tims,JBDYCVKLHTZFAF,78,77.5,0.012903762903762904,0.0,0.0,0.0,0.0,1.0,78,39.5,0.04892254074042958,0.01282051282051282,0.1282051282051282,32.0,0.02678349368144131,0.0,0.0784313725490196,1.0,1.0,1.0,1.0
COCONUT+train,T2_tims,ZWFYVTWAKIHBJN,7,6.5,0.15476190476190477,0.15476190476190477,0.0,1.0,1.0,1.0,7,4.0,0.37040816326530607,0.14285714285714285,1.0,4.0,0.37040816326530607,0.14285714285714285,1.0,1.0,1.0,1.0,1.0
COCONUT+train,T2_tims,IBUIFUDIHNASAT,31,29.0,0.034482758620689655,0.0,0.0,0.0,1.0,1.0,31,16.0,0.12309542508882282,0.03225806451612903,0.3225806451612903,13.0,0.08202281230356097,0.0,0.2727272727272727,1.0,1.0,1.0,1.0
COCONUT+train,T2_tims,XJRFGPQFUNKKIA,64,41.0,0.02439992257065428,0.0,0.0,0.0,1.0,1.0,64,32.5,0.05962434652739855,0.015625,0.15625,50.0,0.0,0.0,0.0,1.0,1.0,1.0,1.0
COCONUT+train,T2_tims,RDZLHIRYMOWCLF,21,17.5,0.057377665978672165,0.057377665978672165,0.0,0.0,1.0,1.0,21,11.0,0.17358850975060616,0.047619047619047616,0.47619047619047616,9.0,0.11712533498247786,0.0,0.7142857142857143,4.0,0.25,0.0,1.0
COCONUT+train,T2_tims,ZIPOMLOYBOWIIQ,36,23.5,0.04257246376811594,0.04257246376811594,0.0,0.0,1.0,1.0,36,18.5,0.10599883827093076,0.027777777777777776,0.2777777777777778,9.5,0.15247203266504739,0.0,0.5625,1.0,1.0,1.0,1.0
COCONUT+train,T2_tims,CQKJEZMFDSERDS,30,28.5,0.035098522167487683,0.0,0.0,0.0,1.0,1.0,30,15.5,0.12719860592511692,0.03333333333333333,0.3333333333333333,24.5,0.04083333333333333,0.0,0.0,1.0,1.0,1.0,1.0
COCONUT+train,T2_tims,PXYKSCVVRYJSOY,177,159.0,0.0062967873812797,0.0,0.0,0.0,0.0,0.0,177,89.0,0.021559085750019816,0.005649717514124294,0.05649717514124294,90.0,0.013234046730020039,0.0,0.045714285714285714,1.0,1.0,1.0,1.0
COCONUT+train,T2_tims,HYGWEFKGRDHHGE,401,337.0,0.002974971247881739,0.0,0.0,0.0,0.0,0.0,401,201.0,0.009516105181430192,0.0024937655860349127,0.02493765586034913,172.0,0.0,0.0,0.0,234.0,0.0,0.0,0.0
COCONUT+train,T2_tims,IRCMUALLADSVFU,7,6.0,0.16666666666666666,0.16666666666666666,0.0,1.0,1.0,1.0,7,4.0,0.37040816326530607,0.14285714285714285,1.0,1.0,1.0,1.0,1.0,2.0,0.5,0.0,1.0
COCONUT+train,T2_tims,CKWNAXJEFHSKOC,218,180.5,0.005570432023562011,0.0,0.0,0.0,0.0,0.0,218,109.5,0.017504395310795905,0.0045871559633027525,0.045871559633027525,74.5,0.02578350120103721,0.006756756756756757,0.06756756756756757,11.0,0.09090909090909091,0.0,0.0
COCONUT+train,T2_tims,XYZUFTIKNOWRSR,60,50.0,0.020016021793332717,0.0,0.0,0.0,0.6,1.0,60,30.5,0.06359930296255846,0.016666666666666666,0.16666666666666666,30.5,0.06359930296255846,0.016666666666666666,0.16666666666666666,49.0,0.0,0.0,0.0
COCONUT+train,T2_tims,HMJSKZQILZRJLR,36,31.5,0.03183982524651078,0.0,0.0,0.0,1.0,1.0,36,18.5,0.10599883827093076,0.027777777777777776,0.2777777777777778,25.0,0.026196272869711244,0.0,0.0,3.0,0.3333333333333333,0.0,1.0
COCONUT+train,T2_tims,NLCMYXZAMDZNEK,32,13.5,0.07458791208791209,0.07458791208791209,0.0,0.0,1.0,1.0,32,16.5,0.1192486930547971,0.03125,0.3125,19.0,0.05263157894736842,0.0,0.0,1.0,1.0,1.0,1.0
COCONUT+train,T2_tims,YVWORIRIRHARST,84,79.0,0.012662286533594549,0.0,0.0,0.0,0.0,1.0,84,42.5,0.04542807354468461,0.011904761904761904,0.11904761904761904,3.0,0.3333333333333333,0.0,1.0,1.0,1.0,1.0,1.0
COCONUT+train,T2_tims,PQDRWRAPYBSKSG,34,18.0,0.05555555555555555,0.05555555555555555,0.0,0.0,1.0,1.0,34,17.5,0.11223406405157374,0.029411764705882353,0.29411764705882354,6.5,0.15476190476190477,0.0,1.0,3.0,0.3333333333333333,0.0,1.0
COCONUT+train,T2_tims,ZMYTXHQSWUYPJP,27,25.5,0.039230769230769236,0.02,0.0,0.0,1.0,1.0,27,14.0,0.141331784361241,0.037037037037037035,0.37037037037037035,4.5,0.3397321428571428,0.125,1.0,1.0,1.0,1.0,1.0
COCONUT+train,T2_tims,LPNCFMIQJFANLW,141,92.5,0.0108314126551671,0.0,0.0,0.0,0.0,1.0,141,71.0,0.02706353317555679,0.0070921985815602835,0.07092198581560284,101.5,0.0,0.0,0.0,1.0,1.0,1.0,1.0
COCONUT+train,T2_tims,KHXJYFJSOFCHEM,227,212.5,0.004707576909528172,0.0,0.0,0.0,0.0,0.0,227,114.0,0.016810388448253336,0.004405286343612335,0.04405286343612335,115.0,0.003132140012905181,0.0,0.0,8.0,0.125,0.0,1.0
COCONUT+train,T2_tims,CMUMLKZWEPGZEK,17,13.0,0.07692307692307693,0.07692307692307693,0.0,0.0,1.0,1.0,17,9.0,0.20232661897886814,0.058823529411764705,0.5882352941176471,8.0,0.14109748276414943,0.0,0.7777777777777778,4.0,0.25,0.0,1.0
COCONUT+train,T2_tims,HCIJJGFLZMUHOR,12,8.5,0.12275733525733527,0.12275733525733527,0.0,0.8333333333333334,1.0,1.0,12,6.5,0.25860088985088986,0.08333333333333333,0.8333333333333334,5.0,0.2454081632653061,0.0,1.0,2.0,0.5,0.0,1.0
COCONUT+train,T2_tims,YADODROWXGVUDK,22,15.0,0.07134627399273745,0.07134627399273745,0.0,0.15384615384615385,1.0,1.0,22,11.5,0.16776423864623977,0.045454545454545456,0.45454545454545453,2.5,0.41666666666666663,0.0,1.0,1.0,1.0,1.0,1.0
COCONUT+train,T2_tims,ANGDRPBZVOSNBR,10,10.0,0.1,0.1,0.0,1.0,1.0,1.0,10,5.5,0.2928968253968254,0.1,1.0,4.5,0.2654761904761905,0.0,1.0,2.0,0.5,0.0,1.0
COCONUT+train,T2_tims,VCSGPHBKSWKWLH,19,19.0,0.05263157894736842,0.05263157894736842,0.0,0.0,1.0,1.0,19,10.0,0.18672313984966749,0.05263157894736842,0.5263157894736842,10.0,0.18672313984966749,0.05263157894736842,0.5263157894736842,1.0,1.0,1.0,1.0
COCONUT+train,T2_tims,OHIDHWDMYPJNGJ,49,43.0,0.023264203496761632,0.0,0.0,0.0,1.0,1.0,49,25.0,0.07787669750517362,0.02040816326530612,0.20408163265306123,41.5,0.0,0.0,0.0,5.0,0.2,0.0,1.0
COCONUT+train,T2_tims,WCDNILMOLZFAQA,35,28.5,0.03521450294716887,0.0,0.0,0.0,1.0,1.0,35,18.0,0.10902737650724306,0.02857142857142857,0.2857142857142857,7.5,0.14831800144300145,0.0,0.875,2.0,0.5,0.0,1.0
COCONUT+train,T2_tims,MFBUYEXXINUOON,64,50.0,0.020016021793332717,0.0,0.0,0.0,0.6,1.0,64,32.5,0.05962434652739855,0.015625,0.15625,37.5,0.015309246786080036,0.0,0.0,6.0,0.16666666666666666,0.0,1.0
COCONUT+train,T2_tims,BKZTZPFTXAWTEZ,62,49.0,0.020615892676233965,0.0,0.0,0.0,0.5882352941176471,1.0,62,31.5,0.06154771254441141,0.016129032258064516,0.16129032258064516,40.0,0.0055953466823032046,0.0,0.0,2.0,0.5,0.0,1.0
COCONUT+train,T2_tims,ZUEAJEABUYXBNA,114,98.5,0.010160929994437443,0.0,0.0,0.0,0.0,0.7,114,57.5,0.033473317348714976,0.008771929824561403,0.08771929824561403,83.0,0.0,0.0,0.0,18.0,0.05555555555555555,0.0,0.0
COCONUT+train,T2_tims,LUNDKKOBQNOYQI,54,50.5,0.019803921568627453,0.0,0.0,0.0,0.5,1.0,54,27.5,0.0706658921806205,0.018518518518518517,0.18518518518518517,28.0,0.05313128637270768,0.0,0.16981132075471697,36.0,0.0,0.0,0.0
COCONUT+train,T2_tims,FHKGCZSXPDULLP,27,16.0,0.0625,0.0625,0.0,0.0,1.0,1.0,27,14.0,0.141331784361241,0.037037037037037035,0.37037037037037035,2.5,0.5208333333333333,0.25,1.0,16.0,0.0625,0.0,0.0
COCONUT+train,T2_tims,LOTWUQATNXHRLP,191,182.0,0.005496165155166039,0.0,0.0,0.0,0.0,0.0,191,96.0,0.019978838626981712,0.005235602094240838,0.05235602094240838,81.0,0.011324345388367147,0.0,0.0392156862745098,4.0,0.25,0.0,1.0
COCONUT+train,T2_tims,IWVZTMGTSVOVKB,52,49.0,0.020413832199546483,0.0,0.0,0.0,1.0,1.0,52,26.5,0.07338381111064438,0.019230769230769232,0.19230769230769232,28.5,0.03609635092542028,0.0,0.125,2.0,0.5,0.0,1.0
COCONUT+train,T2_tims,MDRBLCMLLUJXDH,53,48.5,0.020629523085830076,0.0,0.0,0.0,1.0,1.0,53,27.0,0.07199921090100957,0.018867924528301886,0.18867924528301888,31.0,0.017102904581550917,0.0,0.0,30.0,0.0,0.0,0.0
COCONUT+train,T2_tims,PVHHFNSYGUTZAT,134,114.5,0.008737124303943272,0.0,0.0,0.0,0.0,0.0,134,67.5,0.028477299833981395,0.007462686567164179,0.07462686567164178,71.5,0.0,0.0,0.0,61.0,0.0,0.0,0.0
COCONUT+train,T2_tims,BFONZSXLOIUSBI,11,7.0,0.14484126984126985,0.14484126984126985,0.0,1.0,1.0,1.0,11,6.0,0.2745343040797586,0.09090909090909091,0.9090909090909091,4.5,0.225,0.0,1.0,1.0,1.0,1.0,1.0
COCONUT+train,T2_tims,VFNMGNWOEBPVJQ,158,143.0,0.007001231647795971,0.0,0.0,0.0,0.0,0.0,158,79.5,0.024151634036414602,0.006329113924050633,0.06329113924050633,142.0,0.0,0.0,0.0,5.0,0.2,0.0,1.0
COCONUT+train,T2_tims,FTOHYWLSGRDEBV,31,26.0,0.038461538461538464,0.0,0.0,0.0,1.0,1.0,31,16.0,0.12309542508882282,0.03225806451612903,0.3225806451612903,20.0,0.05,0.0,0.0,1.0,1.0,1.0,1.0
COCONUT+train,T2_tims,WBPUPWQKCJEOAV,185,142.0,0.007161270638215785,0.0,0.0,0.0,0.0,0.0,185,93.0,0.020626800960829767,0.005405405405405406,0.05405405405405406,91.0,0.008082592767772229,0.0,0.023668639053254437,4.0,0.25,0.0,1.0
COCONUT+train,T2_tims,SVBXGSXOXDPJKZ,79,63.0,0.01587568271036013,0.0,0.0,0.0,0.0,1.0,79,40.0,0.048303268072829204,0.012658227848101266,0.12658227848101267,41.5,0.0032932875667429445,0.0,0.0,1.0,1.0,1.0,1.0
COCONUT+train,T2_tims,NGUUVSBBHUKRDV,28,22.0,0.045454545454545456,0.045454545454545456,0.0,0.0,1.0,1.0,28,14.5,0.13628422063405382,0.03571428571428571,0.35714285714285715,7.0,0.14912698412698414,0.0,1.0,3.0,0.3333333333333333,0.0,1.0
COCONUT+train,T2_tims,LNKPLYHEEVGJQQ,93,73.5,0.01374981671124182,0.0,0.0,0.0,0.0,1.0,93,47.0,0.04103180836294094,0.010752688172043012,0.10752688172043011,5.0,0.31432980599647264,0.1111111111111111,1.0,1.0,1.0,1.0,1.0
COCONUT+train,T2_tims,CBSIMSDUVYSNGU,78,65.5,0.015277566982735991,0.0,0.0,0.0,0.0,1.0,78,39.5,0.04892254074042958,0.01282051282051282,0.1282051282051282,39.5,0.04892254074042958,0.01282051282051282,0.1282051282051282,65.0,0.0,0.0,0.0
COCONUT+train,T2_tims,PLVXOAMPHWYGET,62,30.0,0.03333333333333333,0.0,0.0,0.0,1.0,1.0,62,31.5,0.06154771254441141,0.016129032258064516,0.16129032258064516,8.5,0.11974206349206348,0.0,1.0,1.0,1.0,1.0,1.0
COCONUT+train,T2_tims,ISJFYPYIRYECBB,82,62.0,0.01631754110333806,0.0,0.0,0.0,0.0,1.0,82,41.5,0.046536075338457404,0.012195121951219513,0.12195121951219512,42.0,0.03476491577473465,0.0,0.1111111111111111,7.0,0.14285714285714285,0.0,1.0
COCONUT+train,T2_tims,RXKVNSMYRPXEBQ,70,52.5,0.019161116480982072,0.0,0.0,0.0,0.35714285714285715,1.0,70,35.5,0.05451368825362153,0.014285714285714285,0.14285714285714285,29.5,0.02334184009961192,0.0,0.0,1.0,1.0,1.0,1.0
COCONUT+train,T2_tims,RAOQRFZUZLVFFK,37,34.0,0.029411764705882353,0.0,0.0,0.0,1.0,1.0,37,19.0,0.10313400480414885,0.02702702702702703,0.2702702702702703,30.5,0.0,0.0,0.0,2.0,0.5,0.0,1.0
COCONUT+train,T2_tims,SRZJALZPSWQRAQ,85,76.5,0.013098610189250829,0.0,0.0,0.0,0.0,1.0,85,43.0,0.0448936256206295,0.011764705882352941,0.11764705882352941,61.0,0.0,0.0,0.0,19.0,0.05263157894736842,0.0,0.0
COCONUT+train,T2_tims,UXLNJMDMAUNWPY,39,34.5,0.02901600033952975,0.0,0.0,0.0,1.0,1.0,39,20.0,0.09784508148085916,0.02564102564102564,0.2564102564102564,9.5,0.1941726710109063,0.05555555555555555,0.5555555555555556,2.0,0.5,0.0,1.0
COCONUT+train,T2_tims,BZPCHXTUHUSYJL,515,367.0,0.0027279175257719215,0.0,0.0,0.0,0.0,0.0,515,258.0,0.00740962752961846,0.001941747572815534,0.019417475728155338,296.5,0.0,0.0,0.0,451.0,0.0,0.0,0.0
COCONUT+train,T2_tims,LGBGQZXVTSHRSW,214,169.5,0.005913158933233285,0.0,0.0,0.0,0.0,0.0,214,107.5,0.0178315802698762,0.004672897196261682,0.04672897196261682,121.0,0.0,0.0,0.0,1.0,1.0,1.0,1.0
COCONUT+train,T2_tims,LYHUPLMBMJRRKT,29,25.5,0.03953688660304103,0.021324934123847165,0.0,0.0,1.0,1.0,29,15.0,0.13158476475012093,0.034482758620689655,0.3448275862068966,22.0,0.045454545454545456,0.0,0.0,1.0,1.0,1.0,1.0
COCONUT+train,T2_tims,KTAYWQDMSARDDS,81,58.0,0.01726192311863129,0.0,0.0,0.0,0.0,1.0,81,41.0,0.04711059478708034,0.012345679012345678,0.12345679012345678,34.0,0.05695459966796279,0.014925373134328358,0.14925373134328357,2.0,0.5,0.0,1.0
COCONUT+train,T2_tims,LKRCCROLGIAETK,61,56.0,0.017868543703389438,0.0,0.0,0.0,0.0,1.0,61,31.0,0.06255669143858208,0.01639344262295082,0.16393442622950818,45.0,0.0,0.0,0.0,1.0,1.0,1.0,1.0
COCONUT+train,T2_tims,CSOCYHNFTYENBR,78,51.5,0.01945604627441277,0.0,0.0,0.0,0.375,1.0,78,39.5,0.04892254074042958,0.01282051282051282,0.1282051282051282,72.5,0.0,0.0,0.0,4.0,0.25,0.0,1.0
COCONUT+train,T2_tims,JHPCVZFMKPWJQJ,6,4.0,0.25,0.25,0.0,1.0,1.0,1.0,6,3.5,0.40833333333333327,0.16666666666666666,1.0,3.0,0.45666666666666667,0.2,1.0,3.0,0.3333333333333333,0.0,1.0
COCONUT+train,T2_tims,MJUVFWFUOWLXQB,140,118.5,0.008512217584339187,0.0,0.0,0.0,0.0,0.02631578947368421,140,70.5,0.027256844126810766,0.007142857142857143,0.07142857142857142,65.5,0.0034132989314595037,0.0,0.0,3.0,0.3333333333333333,0.0,1.0
COCONUT+train,T2_tims,PFLNCSCPQLJTFF,141,120.0,0.00841579870155261,0.0,0.0,0.0,0.0,0.024390243902439025,141,71.0,0.02706353317555679,0.0070921985815602835,0.07092198581560284,71.0,0.02706353317555679,0.0070921985815602835,0.07092198581560284,4.0,0.25,0.0,1.0
COCONUT+train,T2_tims,AFINTUXGBWXXKP,41,34.5,0.028991596638655463,0.0,0.0,0.0,1.0,1.0,41,21.0,0.09307215067691481,0.024390243902439025,0.24390243902439024,9.5,0.13433778523064235,0.0,0.5714285714285714,7.0,0.14285714285714285,0.0,1.0
COCONUT+train,T2_tims,DKYSBJHWTWOHFT,4,4.0,0.25,0.25,0.0,1.0,1.0,1.0,4,2.5,0.5208333333333333,0.25,1.0,2.0,0.5,0.0,1.0,1.0,1.0,1.0,1.0
COCONUT+train,T2_tims,ZGVVAHCDLDVSLV,49,33.0,0.030303030303030304,0.0,0.0,0.0,1.0,1.0,49,25.0,0.07787669750517362,0.02040816326530612,0.20408163265306123,20.0,0.05008354218880534,0.0,0.0,1.0,1.0,1.0,1.0
COCONUT+train,T2_tims,XDPWZSJDHSQWTH,358,338.0,0.0029603946722788913,0.0,0.0,0.0,0.0,0.0,358,179.5,0.010659101055177395,0.002793296089385475,0.027932960893854747,154.0,0.003415190047699837,0.0,0.0034602076124567475,3.0,0.3333333333333333,0.0,1.0
COCONUT+train,T2_tims,ZOAPTGQTOHFVOS,144,119.5,0.00837127932168054,0.0,0.0,0.0,0.0,0.0,144,72.5,0.02649970956773269,0.006944444444444444,0.06944444444444445,99.5,0.0,0.0,0.0,3.0,0.3333333333333333,0.0,1.0
COCONUT+train,T2_tims,RSIFJEYHYUHVNV,53,35.0,0.028618205677029208,0.0,0.0,0.0,1.0,1.0,53,27.0,0.07199921090100957,0.018867924528301886,0.18867924528301888,17.5,0.05718954248366013,0.0,0.0,1.0,1.0,1.0,1.0
COCONUT+train,T2_tims,ONLBEXSFFPOSAS,208,140.5,0.007121738962367347,0.0,0.0,0.0,0.0,0.0,208,104.5,0.018345952777661094,0.004807692307692308,0.04807692307692308,194.5,0.0,0.0,0.0,2.0,0.5,0.0,1.0
COCONUT+train,T2_tims,QQSBPPJRAWPCKD,181,137.0,0.007344095324384273,0.0,0.0,0.0,0.0,0.0,181,91.0,0.021082641866041477,0.0055248618784530384,0.055248618784530384,103.0,0.0,0.0,0.0,2.0,0.5,0.0,1.0
COCONUT+train,T2_tims,HTSAVEYBVAKATN,21,14.0,0.07142857142857142,0.07142857142857142,0.0,0.0,1.0,1.0,21,11.0,0.17358850975060616,0.047619047619047616,0.47619047619047616,12.5,0.09031473741502491,0.0,0.35714285714285715,2.0,0.5,0.0,1.0
COCONUT+train,T2_tims,WKOUOFRKXSLNFZ,64,60.0,0.01666975394399679,0.0,0.0,0.0,0.0,1.0,64,32.5,0.05962434652739855,0.015625,0.15625,49.0,0.0,0.0,0.0,4.0,0.25,0.0,1.0
COCONUT+train,T2_tims,BSRFESQCHACYBD,60,46.0,0.021745982800561895,0.0,0.0,0.0,1.0,1.0,60,30.5,0.06359930296255846,0.016666666666666666,0.16666666666666666,14.0,0.0729406098103577,0.0,0.0,1.0,1.0,1.0,1.0
COCONUT+train,T2_tims,ILKRGPXSQMZKIN,80,73.5,0.013635572630774051,0.0,0.0,0.0,0.0,1.0,80,40.5,0.04769947722191884,0.0125,0.125,23.0,0.0847990706167446,0.022222222222222223,0.2222222222222222,11.0,0.09090909090909091,0.0,0.0
COCONUT+train,T2_tims,ICPAEHUCOZEJFN,233,171.0,0.005885173905144791,0.0,0.0,0.0,0.0,0.0,233,117.0,0.016377502908813336,0.004291845493562232,0.04291845493562232,82.5,0.023268037669228702,0.006097560975609756,0.06097560975609756,4.0,0.25,0.0,1.0
COCONUT+train,T2_tims,WDSLSNBVPCOUAR,5,5.0,0.2,0.2,0.0,1.0,1.0,1.0,5,3.0,0.45666666666666667,0.2,1.0,3.5,0.3208333333333333,0.0,1.0,1.0,1.0,1.0,1.0
COCONUT+train,T2_tims,WAEXHUXEDANGSD,172,142.0,0.007048783652638229,0.0,0.0,0.0,0.0,0.0,172,86.5,0.02218580335903202,0.005813953488372093,0.05813953488372093,95.0,0.0024284235813725736,0.0,0.0,3.0,0.3333333333333333,0.0,1.0
COCONUT+train,T2_tims,VQQCRKGNWGYYOA,77,69.5,0.014397186554552438,0.0,0.0,0.0,0.0,1.0,77,39.0,0.049557898412383214,0.012987012987012988,0.12987012987012986,18.0,0.10902737650724306,0.02857142857142857,0.2857142857142857,1.0,1.0,1.0,1.0
COCONUT+train,T2_tims,RBQVBKGNCBNRJD,151,100.5,0.010015286378007795,0.0,0.0,0.0,0.0,0.5,151,76.0,0.025271246210288128,0.006622516556291391,0.06622516556291391,84.0,0.0,0.0,0.0,1.0,1.0,1.0,1.0
COCONUT+train,T2_tims,XRDXBLZYBSXFIP,43,31.0,0.032484633644646224,0.0,0.0,0.0,1.0,1.0,43,22.0,0.08874321343612808,0.023255813953488372,0.23255813953488372,18.5,0.056914924073062784,0.0,0.16666666666666666,8.0,0.125,0.0,1.0
COCONUT+train,T2_tims,STSYTMZAAZBGGA,72,65.0,0.015399204879211495,0.0,0.0,0.0,0.0,1.0,72,36.5,0.05299941913546538,0.013888888888888888,0.1388888888888889,38.0,0.02873369339739382,0.0,0.10144927536231885,23.0,0.043478260869565216,0.0,0.0
COCONUT+train,T2_tims,XYLVGYNDVZAOEQ,372,317.0,0.0031650163967034783,0.0,0.0,0.0,0.0,0.0,372,186.5,0.010257952090735234,0.002688172043010753,0.026881720430107527,232.0,0.0,0.0,0.0,5.0,0.2,0.0,1.0
COCONUT+train,T2_tims,HRTZNCQXUIFYNC,500,449.5,0.002226019547866613,0.0,0.0,0.0,0.0,0.0,500,250.5,0.007631916355507014,0.002,0.02,280.5,0.0,0.0,0.0,2.0,0.5,0.0,1.0
COCONUT+train,T2_tims,LPRIMZAVBWRRSL,46,33.5,0.029857397504456328,0.0,0.0,0.0,1.0,1.0,46,23.5,0.08295561255985885,0.021739130434782608,0.21739130434782608,11.0,0.0914141414141414,0.0,0.3333333333333333,20.0,0.05,0.0,0.0
COCONUT+train,T2_tims,CXDGZCUGKUWYDS,24,20.0,0.05,0.05,0.0,0.0,1.0,1.0,24,12.5,0.15733159073972947,0.041666666666666664,0.4166666666666667,5.0,0.21857142857142856,0.0,1.0,2.0,0.5,0.0,1.0
COCONUT+train,T2_tims,JDBGEPMGISQLHY,219,114.5,0.008733790999237222,0.0,0.0,0.0,0.0,0.0,219,110.0,0.017424466565084507,0.0045662100456621,0.045662100456621,40.5,0.00729204771720894,0.0,0.0,33.0,0.0,0.0,0.0
COCONUT+train,T2_tims,FVNIXVDNMYMEQS,53,53.0,0.018867924528301886,0.0,0.0,0.0,0.0,1.0,53,27.0,0.07199921090100957,0.018867924528301886,0.18867924528301888,27.5,0.05415304187987513,0.0,0.17307692307692307,1.0,1.0,1.0,1.0
COCONUT+train,T2_tims,WVGGHJYIWRIMFJ,62,58.0,0.017275668067444676,0.0,0.0,0.0,0.0,1.0,62,31.5,0.06154771254441141,0.016129032258064516,0.16129032258064516,7.0,0.16887526054192717,0.0,0.8888888888888888,2.0,0.5,0.0,1.0
COCONUT+train,T2_tims,QMNNTUJTBDBFIP,323,285.0,0.0035131881195773207,0.0,0.0,0.0,0.0,0.0,323,162.0,0.011814112005428815,0.0030959752321981426,0.030959752321981424,98.0,0.0,0.0,0.0,4.0,0.25,0.0,1.0
COCONUT+train,T2_tims,PTCKPOLMRYUZEO,197,137.0,0.007349137427786177,0.0,0.0,0.0,0.0,0.0,197,99.0,0.01937034607996704,0.005076142131979695,0.050761421319796954,25.5,0.04505965555500394,0.0,0.1590909090909091,39.0,0.0,0.0,0.0
COCONUT+train,T2_tims,LBJZNCLOOOHNCD,17,15.0,0.06686507936507936,0.06686507936507936,0.0,0.0,1.0,1.0,17,9.0,0.20232661897886814,0.058823529411764705,0.5882352941176471,8.5,0.12275733525733527,0.0,0.8333333333333334,1.0,1.0,1.0,1.0
COCONUT+train,T2_tims,FDEJQIKTSFGOIO,20,14.5,0.06904761904761905,0.06904761904761905,0.0,0.0,1.0,1.0,20,10.5,0.1798869828571841,0.05,0.5,5.5,0.20297619047619045,0.0,1.0,3.0,0.3333333333333333,0.0,1.0
COCONUT+train,T2_tims,JTHLQONBOAMQJT,69,64.5,0.015504807692307693,0.0,0.0,0.0,0.0,1.0,69,35.0,0.05530374170657257,0.014492753623188406,0.14492753623188406,26.5,0.056319163555070134,0.0,0.18,2.0,0.5,0.0,1.0
COCONUT+train,T2_tims,PLSZYOGXEUJJFJ,18,11.5,0.08712121212121213,0.08712121212121213,0.0,0.0,1.0,1.0,18,9.5,0.1941726710109063,0.05555555555555555,0.5555555555555556,5.0,0.20555555555555557,0.0,1.0,2.0,0.5,0.0,1.0
COCONUT+train,T2_tims,CGWHJLAZMREQBD,121,87.0,0.011618102084739753,0.0,0.0,0.0,0.0,0.9354838709677419,121,61.0,0.03153684444424386,0.008264462809917356,0.08264462809917356,12.0,0.16236050048203654,0.043478260869565216,0.43478260869565216,67.0,0.0,0.0,0.0
COCONUT+train,T2_tims,PXSCPFLKDHWGOA,238,211.5,0.004743753645601705,0.0,0.0,0.0,0.0,0.0,238,119.5,0.01603343772165339,0.004201680672268907,0.04201680672268908,86.5,0.0,0.0,0.0,1.0,1.0,1.0,1.0
COCONUT+train,T2_tims,FRQPSKCXABOZDM,23,21.0,0.047691197691197694,0.047691197691197694,0.0,0.0,1.0,1.0,23,12.0,0.16236050048203654,0.043478260869565216,0.43478260869565216,14.0,0.07142857142857142,0.0,0.0,2.0,0.5,0.0,1.0
COCONUT+train,T2_tims,SOYONTNQKJUEDQ,5,3.0,0.3611111111111111,0.3611111111111111,0.0,1.0,1.0,1.0,5,3.0,0.45666666666666667,0.2,1.0,1.5,0.75,0.5,1.0,1.0,1.0,1.0,1.0
COCONUT+train,T2_tims,DSSPUZHIMXLUFR,11,11.0,0.09090909090909091,0.09090909090909091,0.0,0.0,1.0,1.0,11,6.0,0.2745343040797586,0.09090909090909091,0.9090909090909091,4.0,0.26111111111111107,0.0,1.0,3.0,0.3333333333333333,0.0,1.0
COCONUT+train,T2_tims,LVUXIUDKFQBCBA,6,5.5,0.18333333333333335,0.18333333333333335,0.0,1.0,1.0,1.0,6,3.5,0.40833333333333327,0.16666666666666666,1.0,4.5,0.225,0.0,1.0,1.0,1.0,1.0,1.0
COCONUT+train,T2_tims,JSKCKUOEMHYUMU,157,142.5,0.00702166640081019,0.0,0.0,0.0,0.0,0.0,157,79.0,0.02430546610034081,0.006369426751592357,0.06369426751592357,27.0,0.07199921090100957,0.018867924528301886,0.18867924528301888,24.0,0.041666666666666664,0.0,0.0
COCONUT+train,T2_tims,XJRDTLXFFDCTOX,31,21.5,0.04663796348578957,0.04663796348578957,0.0,0.0,1.0,1.0,31,16.0,0.12309542508882282,0.03225806451612903,0.3225806451612903,6.0,0.16666666666666666,0.0,1.0,1.0,1.0,1.0,1.0
COCONUT+train,T2_tims,COAAUCFNODYPJZ,42,28.5,0.035098522167487683,0.0,0.0,0.0,1.0,1.0,42,21.5,0.09085614708936922,0.023809523809523808,0.23809523809523808,16.0,0.06266339869281046,0.0,0.0,7.0,0.14285714285714285,0.0,1.0
COCONUT+train,T2_tims,PFGMZFPZNCNNDB,44,31.5,0.031754032258064516,0.0,0.0,0.0,1.0,1.0,44,22.5,0.08672632222167062,0.022727272727272728,0.22727272727272727,20.0,0.051308713744652755,0.0,0.0,9.0,0.1111111111111111,0.0,1.0
COCONUT+train,T2_tims,IMMRUZRHDKNDOV,71,60.5,0.016566330716429663,0.0,0.0,0.0,0.0,1.0,71,36.0,0.05374588982751419,0.014084507042253521,0.14084507042253522,10.5,0.09633838383838383,0.0,0.5,10.0,0.1,0.0,1.0
COCONUT+train,T2_tims,MAQDCVMVAONAJL,332,308.5,0.003242863010508369,0.0,0.0,0.0,0.0,0.0,332,166.5,0.011493849932992491,0.0030120481927710845,0.030120481927710843,151.0,0.0025730956662195982,0.0,0.0,131.0,0.0,0.0,0.0
COCONUT+train,T2_tims,ZCPZVCWVRWBFTI,59,45.5,0.021991305282239602,0.0,0.0,0.0,1.0,1.0,59,30.0,0.06467725725005945,0.01694915254237288,0.1694915254237288,24.5,0.028219792559559014,0.0,0.0,8.0,0.125,0.0,1.0
COCONUT+train,T2_tims,CQRJBHQNNNMTAZ,48,46.5,0.02150786308973173,0.0,0.0,0.0,1.0,1.0,48,24.5,0.07949912870319807,0.020833333333333332,0.20833333333333334,1.0,1.0,1.0,1.0,3.0,0.3333333333333333,0.0,1.0
COCONUT+train,T2_tims,QBBPRZZSSQEEQV,6,4.0,0.29,0.29,0.0,1.0,1.0,1.0,6,3.5,0.40833333333333327,0.16666666666666666,1.0,3.5,0.29166666666666663,0.0,1.0,1.0,1.0,1.0,1.0
COCONUT+train,T2_tims,CCNQUNPAKYNVAK,58,53.0,0.018912893263137165,0.0,0.0,0.0,0.2222222222222222,1.0,58,29.5,0.06579238237506047,0.017241379310344827,0.1724137931034483,24.0,0.03285147865871307,0.0,0.0,12.0,0.08333333333333333,0.0,0.0
COCONUT+train,T2_tims,LWOHKIQUCNSHJQ,101,93.5,0.010709801443502663,0.0,0.0,0.0,0.0,1.0,101,51.0,0.03778176413617334,0.009900990099009901,0.09900990099009901,27.0,0.03331605311593919,0.0,0.0975609756097561,11.0,0.09090909090909091,0.0,0.0
COCONUT+train,T2_tims,HANJYIDQEVYQQC,162,138.5,0.007221314731631912,0.0,0.0,0.0,0.0,0.0,162,81.5,0.02355529739354017,0.006172839506172839,0.06172839506172839,27.0,0.020725199263072078,0.0,0.0,51.0,0.0,0.0,0.0
COCONUT+train,T2_tims,BDYAYVLTLRIZAN,105,100.0,0.010010017837384377,0.0,0.0,0.0,0.0,0.5454545454545454,105,53.0,0.03634245883574769,0.009523809523809525,0.09523809523809523,23.5,0.06399904949439789,0.0,0.20454545454545456,5.0,0.2,0.0,1.0
COCONUT+train,T2_tims,SJJUEJCARXNKQN,143,127.0,0.007874015748031496,0.0,0.0,0.0,0.0,0.0,143,72.0,0.026685022222052497,0.006993006993006993,0.06993006993006994,138.5,0.0,0.0,0.0,115.0,0.0,0.0,0.0
COCONUT+train,T2_tims,PNXUZORCNFUKKF,397,362.5,0.002762660228376332,0.0,0.0,0.0,0.0,0.0,397,199.0,0.009611985334391705,0.0025188916876574307,0.02518891687657431,75.0,0.0075342742273683426,0.0,0.007633587786259542,21.0,0.047619047619047616,0.0,0.0
COCONUT+train,T2_tims,UKLSNOGWAXXWOA,142,91.5,0.010929288103201148,0.0,0.0,0.0,0.0,1.0,142,71.5,0.026872944913757094,0.007042253521126761,0.07042253521126761,29.0,0.0511992395955183,0.0,0.16363636363636364,1.0,1.0,1.0,1.0
COCONUT+train,T2_tims,VCUSWRGZHVNMND,55,48.0,0.020869612591082862,0.0,0.0,0.0,0.8571428571428571,1.0,55,28.0,0.0693810577773365,0.01818181818181818,0.18181818181818182,28.0,0.0693810577773365,0.01818181818181818,0.18181818181818182,7.0,0.14285714285714285,0.0,1.0
COCONUT+train,T2_tims,PJZRFJIAGNFLHO,26,19.5,0.05298536855164598,0.05298536855164598,0.0,0.0,1.0,1.0,26,13.5,0.14676762222128875,0.038461538461538464,0.38461538461538464,9.0,0.128929908475363,0.0,0.6363636363636364,1.0,1.0,1.0,1.0
COCONUT+train,T2_tims,BPIAGQMFIWHZHO,191,125.0,0.008819299124824924,0.0,0.0,0.0,0.0,0.30708661417322836,191,96.0,0.019978838626981712,0.005235602094240838,0.05235602094240838,60.5,0.01996515670477161,0.0,0.06896551724137931,2.0,0.5,0.0,1.0
COCONUT+train,T2_tims,ISSRJBNQYMGDFR,165,105.0,0.009539983518373395,0.0,0.0,0.0,0.0,0.2,165,83.0,0.023127019259112164,0.006060606060606061,0.06060606060606061,22.5,0.044466403162055336,0.0,0.0,6.0,0.16666666666666666,0.0,1.0
COCONUT+train,T2_tims,ZSEYPTBGNZXUMP,44,27.0,0.037381327246582795,0.013904991948470209,0.0,0.0,1.0,1.0,44,22.5,0.08672632222167062,0.022727272727272728,0.22727272727272727,23.0,0.0654873994826397,0.0,0.20930232558139536,2.0,0.5,0.0,1.0
COCONUT+train,T2_tims,DEKMJYFXEKZCGB,85,76.5,0.013098610189250829,0.0,0.0,0.0,0.0,1.0,85,43.0,0.0448936256206295,0.011764705882352941,0.11764705882352941,26.0,0.04405832987600385,0.0,0.15555555555555556,1.0,1.0,1.0,1.0
COCONUT+train,T2_tims,BSDCPJXTQXTVBI,85,58.0,0.017251640205130005,0.0,0.0,0.0,0.0,1.0,85,43.0,0.0448936256206295,0.011764705882352941,0.11764705882352941,41.0,0.0,0.0,0.0,22.0,0.045454545454545456,0.0,0.0
COCONUT+train,T2_tims,VMFXQXIUTOGJSB,15,14.5,0.06904761904761905,0.06904761904761905,0.0,0.0,1.0,1.0,15,8.0,0.22121526621526624,0.06666666666666667,0.6666666666666666,9.0,0.11712533498247786,0.0,0.7142857142857143,2.0,0.5,0.0,1.0
COCONUT+train,T2_tims,ZCNRTKFZXJLMSI,166,158.5,0.006311221361428215,0.0,0.0,0.0,0.0,0.0,166,83.5,0.022987699865984982,0.006024096385542169,0.060240963855421686,60.0,0.005592462747466446,0.0,0.0,2.0,0.5,0.0,1.0
COCONUT+train,T2_tims,RWNPHCNQBYSSEL,86,84.0,0.01190588685273306,0.0,0.0,0.0,0.0,1.0,86,43.5,0.04437160671806404,0.011627906976744186,0.11627906976744186,3.0,0.3333333333333333,0.0,1.0,1.0,1.0,1.0,1.0
COCONUT+train,T2_tims,FOKNMGQYLYIIPA,39,33.5,0.029857397504456328,0.0,0.0,0.0,1.0,1.0,39,20.0,0.09784508148085916,0.02564102564102564,0.2564102564102564,7.0,0.16887526054192717,0.0,0.8888888888888888,2.0,0.5,0.0,1.0
COCONUT+train,T2_tims,XAZGIZJRAYPDEA,37,31.5,0.031754032258064516,0.0,0.0,0.0,1.0,1.0,37,19.0,0.10313400480414885,0.02702702702702703,0.2702702702702703,3.5,0.40833333333333327,0.16666666666666666,1.0,13.0,0.07692307692307693,0.0,0.0
COCONUT+train,T2_tims,RECCONMJJJHWTC,205,151.5,0.006708102420324935,0.0,0.0,0.0,0.0,0.0,205,103.0,0.018614430135382963,0.004878048780487805,0.04878048780487805,90.0,0.013234046730020039,0.0,0.045714285714285714,12.0,0.08333333333333333,0.0,0.0
COCONUT+train,T2_tims,OLKMLJRYIFXBPK,359,333.5,0.0030005229172067106,0.0,0.0,0.0,0.0,0.0,359,180.0,0.010629409965887206,0.002785515320334262,0.027855153203342618,188.0,0.0003780813520732081,0.0,0.0,49.0,0.0,0.0,0.0
COCONUT+train,T2_tims,PGHHQAXDFFUGAP,167,103.0,0.009708737864077669,0.0,0.0,0.0,0.0,0.0,167,84.0,0.022850048968583874,0.005988023952095809,0.059880239520958084,48.0,0.0,0.0,0.0,1.0,1.0,1.0,1.0
COCONUT+train,T2_tims,RYJXBYRPPMKCHK,98,58.5,0.017095265926358856,0.0,0.0,0.0,0.0,1.0,98,49.5,0.03893834875258681,0.01020408163265306,0.10204081632653061,9.5,0.1941726710109063,0.05555555555555555,0.5555555555555556,21.0,0.047619047619047616,0.0,0.0
COCONUT+train,T2_tims,SWEWQEIWIOVQRK,219,146.5,0.006985486515664558,0.0,0.0,0.0,0.0,0.0,219,110.0,0.017424466565084507,0.0045662100456621,0.045662100456621,74.5,0.02578350120103721,0.006756756756756757,0.06756756756756757,117.0,0.0,0.0,0.0
COCONUT+train,T2_tims,LQCGGNMHAGAOBU,53,50.0,0.02000533546752034,0.0,0.0,0.0,0.6666666666666666,1.0,53,27.0,0.07199921090100957,0.018867924528301886,0.18867924528301888,28.5,0.025973419046980337,0.0,0.02631578947368421,2.0,0.5,0.0,1.0
COCONUT+train,T2_tims,CUKDOKFZSMVOGB,19,14.5,0.0718771403175428,0.0718771403175428,0.0,0.1,1.0,1.0,19,10.0,0.18672313984966749,0.05263157894736842,0.5263157894736842,10.0,0.18672313984966749,0.05263157894736842,0.5263157894736842,5.0,0.2,0.0,1.0
COCONUT+train,T2_tims,WTZBFVMHDGFIKU,25,19.5,0.05200781473223087,0.05200781473223087,0.0,0.0,1.0,1.0,25,13.0,0.15263832711014028,0.04,0.4,13.0,0.15263832711014028,0.04,0.4,2.0,0.5,0.0,1.0
COCONUT+train,T2_tims,NAEREQJOFAVBHP,77,61.5,0.016436582510899505,0.0,0.0,0.0,0.0,1.0,77,39.0,0.049557898412383214,0.012987012987012988,0.12987012987012986,38.0,0.05087944237004676,0.013333333333333334,0.13333333333333333,3.0,0.3333333333333333,0.0,1.0
COCONUT+train,T2_tims,VAHQKFROUKCZKL,48,40.5,0.024695121951219513,0.0,0.0,0.0,1.0,1.0,48,24.5,0.07949912870319807,0.020833333333333332,0.20833333333333334,21.0,0.0452481076840467,0.0,0.0,38.0,0.0,0.0,0.0
COCONUT+train,T2_tims,QOXVTHSLCLZAKD,20,17.0,0.05895969498910675,0.05895969498910675,0.0,0.0,1.0,1.0,20,10.5,0.1798869828571841,0.05,0.5,20.0,0.05,0.0,0.0,1.0,1.0,1.0,1.0
COCONUT+train,T2_tims,ZBKQWKUOHCFGHI,50,37.5,0.02689611876377559,0.0,0.0,0.0,1.0,1.0,50,25.5,0.07631916355507014,0.02,0.2,15.0,0.06988830937958436,0.0,0.09090909090909091,1.0,1.0,1.0,1.0
COCONUT+train,T2_tims,RDVMSVQLQWAPGA,182,165.0,0.006076261288329792,0.0,0.0,0.0,0.0,0.0,182,91.5,0.02096680317446982,0.005494505494505495,0.054945054945054944,30.5,0.02658915293252965,0.0,0.06521739130434782,20.0,0.05,0.0,0.0
COCONUT+train,T2_tims,YYTQUUURLLFETD,111,54.5,0.01870842786682357,0.0,0.0,0.0,0.34615384615384615,1.0,111,56.0,0.03437800160138295,0.009009009009009009,0.09009009009009009,52.0,0.037048137648092304,0.009708737864077669,0.0970873786407767,8.0,0.125,0.0,1.0
COCONUT+train,T2_tims,FAFKYOBCXPUPMY,31,28.0,0.0358981453832876,0.005714285714285714,0.0,0.0,1.0,1.0,31,16.0,0.12309542508882282,0.03225806451612903,0.3225806451612903,19.0,0.05229052547125543,0.0,0.09523809523809523,4.0,0.25,0.0,1.0
COCONUT+train,T2_tims,BWWIAKBRNTVIHC,7,6.0,0.16666666666666666,0.16666666666666666,0.0,1.0,1.0,1.0,7,4.0,0.37040816326530607,0.14285714285714285,1.0,5.5,0.18333333333333335,0.0,1.0,1.0,1.0,1.0,1.0
COCONUT+train,T2_tims,KDNLMBBGKLANKX,124,80.5,0.012846362987688834,0.0,0.0,0.0,0.0,0.9,124,62.5,0.030773856272205705,0.008064516129032258,0.08064516129032258,62.5,0.030773856272205705,0.008064516129032258,0.08064516129032258,6.0,0.16666666666666666,0.0,1.0
COCONUT+train,T2_tims,JRLKPGRYPCZYNG,62,55.5,0.01801948051948052,0.0,0.0,0.0,0.0,1.0,62,31.5,0.06154771254441141,0.016129032258064516,0.16129032258064516,34.5,0.016198806807791562,0.0,0.0,2.0,0.5,0.0,1.0
COCONUT+train,T2_tims,IUMBOMHEKFNVJQ,139,109.0,0.009307983969071346,0.0,0.0,0.0,0.0,0.3111111111111111,139,70.0,0.027452936530600772,0.007194244604316547,0.07194244604316546,42.5,0.004061892214066127,0.0,0.0,32.0,0.0,0.0,0.0
COCONUT+train,T2_tims,YBHSXDPRPSAVCH,27,27.0,0.037037037037037035,0.0,0.0,0.0,1.0,1.0,27,14.0,0.141331784361241,0.037037037037037035,0.37037037037037035,17.0,0.05923546611627106,0.0,0.0,9.0,0.1111111111111111,0.0,1.0
COCONUT+train,T2_tims,HESQBLOHEVPKGY,33,22.0,0.045517284647719425,0.045517284647719425,0.0,0.0,1.0,1.0,33,17.0,0.11563509629556082,0.030303030303030304,0.30303030303030304,10.5,0.10811630499130498,0.0,0.5,1.0,1.0,1.0,1.0
COCONUT+train,T2_tims,CGQZBDYFIDUCSU,23,22.0,0.045454545454545456,0.045454545454545456,0.0,0.0,1.0,1.0,23,12.0,0.16236050048203654,0.043478260869565216,0.43478260869565216,5.5,0.22862103174603174,0.0,1.0,3.0,0.3333333333333333,0.0,1.0
COCONUT+train,T2_tims,JDRFWFMSZYWXLG,265,166.0,0.006514762039745263,0.0,0.0,0.0,0.0,0.0718954248366013,265,133.0,0.014399842180201914,0.0037735849056603774,0.03773584905660377,61.0,0.03153684444424386,0.008264462809917356,0.08264462809917356,6.0,0.16666666666666666,0.0,1.0
COCONUT+train,T2_tims,VJCYZHJPNNCIDW,45,36.0,0.028448863122961937,0.0,0.0,0.0,1.0,1.0,45,23.0,0.0847990706167446,0.022222222222222223,0.2222222222222222,31.0,0.0,0.0,0.0,1.0,1.0,1.0,1.0
COCONUT+train,T2_tims,CCMRFIWIIKKSTJ,142,131.5,0.007606872750734215,0.0,0.0,0.0,0.0,0.0,142,71.5,0.026872944913757094,0.007042253521126761,0.07042253521126761,87.0,0.0,0.0,0.0,2.0,0.5,0.0,1.0
COCONUT+train,T2_tims,AWLJDSFEOABWFG,39,34.5,0.029188924134931828,0.0,0.0,0.0,1.0,1.0,39,20.0,0.09784508148085916,0.02564102564102564,0.2564102564102564,27.5,0.01676365753811406,0.0,0.0,20.0,0.05,0.0,0.0
COCONUT+train,T2_tims,MISQHULIRVJBOC,182,143.0,0.007017093456910973,0.0,0.0,0.0,0.0,0.0,182,91.5,0.02096680317446982,0.005494505494505495,0.054945054945054944,119.0,0.0,0.0,0.0,60.0,0.0,0.0,0.0
COCONUT+train,T2_tims,BCXZNFVJNSEFFM,54,48.0,0.0208393641144401,0.0,0.0,0.0,1.0,1.0,54,27.5,0.0706658921806205,0.018518518518518517,0.18518518518518517,20.0,0.055891124013553985,0.0,0.1935483870967742,1.0,1.0,1.0,1.0
COCONUT+train,T2_tims,HFWIXAPIUDVHTK,56,48.0,0.02092446077976475,0.0,0.0,0.0,0.7272727272727273,1.0,56,28.5,0.06814211031702691,0.017857142857142856,0.17857142857142858,35.5,0.0,0.0,0.0,1.0,1.0,1.0,1.0
COCONUT+train,T2_tims,QLLIKSHOLPICIW,277,198.0,0.005065268520982591,0.0,0.0,0.0,0.0,0.0,277,139.0,0.013776022302359232,0.0036101083032490976,0.036101083032490974,198.0,0.0,0.0,0.0,16.0,0.0625,0.0,0.0
COCONUT+train,T2_tims,JCRJNAFIELAJKM,21,15.0,0.0687523781306031,0.0687523781306031,0.0,0.0,1.0,1.0,21,11.0,0.17358850975060616,0.047619047619047616,0.47619047619047616,7.0,0.24462567347182732,0.07692307692307693,0.7692307692307693,7.0,0.14285714285714285,0.0,1.0
COCONUT+train,T2_tims,CXNXPSXIXGNQHV,40,39.0,0.025652271704903282,0.0,0.0,0.0,1.0,1.0,40,20.5,0.09539895444383768,0.025,0.25,20.0,0.09784508148085916,0.02564102564102564,0.2564102564102564,29.0,0.0,0.0,0.0
COCONUT+train,T2_tims,QIBTYUHJKVJYON,13,8.5,0.12275733525733527,0.12275733525733527,0.0,0.8333333333333334,1.0,1.0,13,7.0,0.24462567347182732,0.07692307692307693,0.7692307692307693,7.0,0.14912698412698414,0.0,1.0,1.0,1.0,1.0,1.0
COCONUT+train,T2_tims,JHLZAPLHISKXEC,148,144.0,0.006945784488743563,0.0,0.0,0.0,0.0,0.0,148,74.5,0.02578350120103721,0.006756756756756757,0.06756756756756757,113.0,0.0,0.0,0.0,1.0,1.0,1.0,1.0
COCONUT+train,T2_tims,WNQMQUCYNGOOCH,176,141.0,0.007102929610086476,0.0,0.0,0.0,0.0,0.0,176,88.5,0.021681580555417655,0.005681818181818182,0.056818181818181816,86.0,0.002376667404127358,0.0,0.0,3.0,0.3333333333333333,0.0,1.0
COCONUT+train,T2_tims,DBUAOIQOBQSSOG,90,67.0,0.015586637920142305,0.0,0.0,0.0,0.14893617021276595,1.0,90,45.5,0.0423995353083723,0.011111111111111112,0.1111111111111111,80.0,0.0,0.0,0.0,74.0,0.0,0.0,0.0
COCONUT+train,T2_tims,YLYDMCDGMTTYSM,150,136.5,0.007334379709640211,0.0,0.0,0.0,0.0,0.0,150,75.5,0.02543972118502338,0.006666666666666667,0.06666666666666667,71.0,0.0035178098608668125,0.0,0.0,3.0,0.3333333333333333,0.0,1.0
COCONUT+train,T2_tims,GPOXZBUOUHOBCF,61,54.0,0.01854398230041834,0.0,0.0,0.0,0.0,1.0,61,31.0,0.06255669143858208,0.01639344262295082,0.16393442622950818,54.0,0.0,0.0,0.0,45.0,0.0,0.0,0.0
COCONUT+train,T2_tims,BJACIMADRMIAHF,401,317.0,0.0031637254464327138,0.0,0.0,0.0,0.0,0.0,401,201.0,0.009516105181430192,0.0024937655860349127,0.02493765586034913,173.0,0.0,0.0,0.0,18.0,0.05555555555555555,0.0,0.0
COCONUT+train,T2_tims,CXPFFWCKUPPARU,51,43.0,0.023281015322989235,0.0,0.0,0.0,1.0,1.0,51,26.0,0.07482270936771583,0.0196078431372549,0.19607843137254902,10.0,0.11903043537658921,0.0,0.5384615384615384,12.0,0.08333333333333333,0.0,0.0
COCONUT+train,T2_tims,MNVLNCZVUVXEBD,29,22.5,0.04470308676830415,0.04470308676830415,0.0,0.0,1.0,1.0,29,15.0,0.13158476475012093,0.034482758620689655,0.3448275862068966,17.5,0.061005613049798,0.0,0.1111111111111111,1.0,1.0,1.0,1.0
COCONUT+train,T2_tims,YXKCJCLWGMGIIE,46,42.0,0.02381852722181707,0.0,0.0,0.0,1.0,1.0,46,23.5,0.08295561255985885,0.021739130434782608,0.21739130434782608,26.5,0.02176145922622568,0.0,0.0,23.0,0.043478260869565216,0.0,0.0
COCONUT+train,T2_tims,DGTFWJLQWRMZRL,98,83.5,0.011976477337923121,0.0,0.0,0.0,0.0,1.0,98,49.5,0.03893834875258681,0.01020408163265306,0.10204081632653061,10.0,0.10430482216196503,0.0,0.5714285714285714,1.0,1.0,1.0,1.0
COCONUT+train,T2_tims,AYJPFBQJJUOURH,69,61.5,0.016330563998921393,0.0,0.0,0.0,0.0,1.0,69,35.0,0.05530374170657257,0.014492753623188406,0.14492753623188406,34.0,0.011406231973113605,0.0,0.0,10.0,0.1,0.0,1.0
COCONUT+train,T2_tims,ZENPHNUIGDLOIH,267,216.0,0.004651310682358326,0.0,0.0,0.0,0.0,0.0,267,134.0,0.014291978193833361,0.003745318352059925,0.03745318352059925,171.0,0.0,0.0,0.0,3.0,0.3333333333333333,0.0,1.0
COCONUT+train,T2_tims,VQFKXIXXWKFPFJ,55,53.0,0.018867924528301886,0.0,0.0,0.0,0.0,1.0,55,28.0,0.0693810577773365,0.01818181818181818,0.18181818181818182,28.0,0.024123661602307937,0.0,0.0,9.0,0.1111111111111111,0.0,1.0
COCONUT+train,T2_tims,NKFAIBZQWDOHHK,57,52.0,0.019278390339160557,0.0,0.0,0.0,0.3333333333333333,1.0,57,29.0,0.06694663469742995,0.017543859649122806,0.17543859649122806,52.0,0.0,0.0,0.0,1.0,1.0,1.0,1.0
COCONUT+train,T2_tims,MURDYWPVCXXEOE,130,124.5,0.008038312132537704,0.0,0.0,0.0,0.0,0.0,130,65.5,0.029353524444257748,0.007692307692307693,0.07692307692307693,66.5,0.01809342326369927,0.0,0.0625,32.0,0.0,0.0,0.0
COCONUT+train,T2_tims,YBSZHYBKQPPQNH,66,51.0,0.019638078859069142,0.0,0.0,0.0,0.42857142857142855,1.0,66,33.5,0.05781754814778041,0.015151515151515152,0.15151515151515152,29.5,0.008938923395445135,0.0,0.0,2.0,0.5,0.0,1.0
COCONUT+train,T2_tims,DGFJAEVGTVHOPE,6,5.0,0.2,0.2,0.0,1.0,1.0,1.0,6,3.5,0.40833333333333327,0.16666666666666666,1.0,4.0,0.25,0.0,1.0,1.0,1.0,1.0,1.0
COCONUT+train,T2_tims,YNSHOXWEUHGLTM,103,86.0,0.011697831682010568,0.0,0.0,0.0,0.0,1.0,103,52.0,0.037048137648092304,0.009708737864077669,0.0970873786407767,10.0,0.18672313984966749,0.05263157894736842,0.5263157894736842,13.0,0.07692307692307693,0.0,0.0
COCONUT+train,T2_tims,BKIHMGMICYQTHA,88,80.5,0.012453651186527704,0.0,0.0,0.0,0.0,1.0,88,44.5,0.04336316111083531,0.011363636363636364,0.11363636363636363,22.0,0.046443177103641625,0.0,0.15151515151515152,2.0,0.5,0.0,1.0
COCONUT+train,T2_tims,YCKPUXPQJKOSBO,19,16.0,0.06266339869281046,0.06266339869281046,0.0,0.0,1.0,1.0,19,10.0,0.18672313984966749,0.05263157894736842,0.5263157894736842,9.0,0.1398637687099225,0.0,0.6153846153846154,8.0,0.125,0.0,1.0
COCONUT+train,T2_tims,CCLLORBWZYQRDO,96,83.5,0.012012748955279949,0.0,0.0,0.0,0.0,1.0,96,48.5,0.039749564351599036,0.010416666666666666,0.10416666666666667,48.5,0.039749564351599036,0.010416666666666666,0.10416666666666667,2.0,0.5,0.0,1.0
COCONUT+train,T2_tims,ULSKTAJUDSPQIP,278,231.5,0.004330442958130405,0.0,0.0,0.0,0.0,0.0,278,139.5,0.013726468265300386,0.0035971223021582736,0.03597122302158273,132.0,0.0,0.0,0.0,9.0,0.1111111111111111,0.0,1.0
COCONUT+train,T2_tims,VDZVNQLEYZDACO,55,41.0,0.02484000752067921,0.0,0.0,0.0,1.0,1.0,55,28.0,0.0693810577773365,0.01818181818181818,0.18181818181818182,15.0,0.13158476475012093,0.034482758620689655,0.3448275862068966,1.0,1.0,1.0,1.0
COCONUT+train,T2_tims,HSJDMXQBYDTITQ,22,15.5,0.06949686481143802,0.06949686481143802,0.0,0.14285714285714285,1.0,1.0,22,11.5,0.16776423864623977,0.045454545454545456,0.45454545454545453,11.0,0.12045527394962836,0.0,0.47058823529411764,1.0,1.0,1.0,1.0
COCONUT+train,T2_tims,YMNWPNOADZVNMQ,25,15.5,0.06458333333333333,0.06458333333333333,0.0,0.0,1.0,1.0,25,13.0,0.15263832711014028,0.04,0.4,16.5,0.06795005749424245,0.0,0.16666666666666666,3.0,0.3333333333333333,0.0,1.0
COCONUT+train,T2_tims,HUYOWCZSBSDDCH,6,3.0,0.3333333333333333,0.3333333333333333,0.0,1.0,1.0,1.0,6,3.5,0.40833333333333327,0.16666666666666666,1.0,4.0,0.26111111111111107,0.0,1.0,1.0,1.0,1.0,1.0
COCONUT+train,T2_tims,VIXHCBVONBQLJR,6,6.0,0.16666666666666666,0.16666666666666666,0.0,1.0,1.0,1.0,6,3.5,0.40833333333333327,0.16666666666666666,1.0,5.5,0.18333333333333335,0.0,1.0,1.0,1.0,1.0,1.0
COCONUT+train,T2_tims,SDAFQLVOSOZZDA,93,77.0,0.013122396264546166,0.0,0.0,0.0,0.0,1.0,93,47.0,0.04103180836294094,0.010752688172043012,0.10752688172043011,46.0,0.04193360634893964,0.01098901098901099,0.10989010989010989,5.0,0.2,0.0,1.0
COCONUT+train,T2_tims,GDDZAECNYABAPR,64,34.5,0.02911436029686991,0.0,0.0,0.0,1.0,1.0,64,32.5,0.05962434652739855,0.015625,0.15625,57.5,0.0,0.0,0.0,11.0,0.09090909090909091,0.0,0.0
COCONUT+train,T2_tims,DXBNDGRPIHNTBD,280,231.5,0.004340898398763335,0.0,0.0,0.0,0.0,0.0,280,140.5,0.013628422063405383,0.0035714285714285713,0.03571428571428571,175.5,0.0,0.0,0.0,28.0,0.0,0.0,0.0
COCONUT+train,T2_tims,XEGFMXBXXUNCOQ,375,284.5,0.0035213394516392833,0.0,0.0,0.0,0.0,0.0,375,188.0,0.010175888474009352,0.0026666666666666666,0.02666666666666667,51.0,0.028444021997510168,0.0,0.09090909090909091,2.0,0.5,0.0,1.0
COCONUT+train,T2_tims,ANDGDFAUZAUUHH,80,65.5,0.015542464687203049,0.0,0.0,0.0,0.0,1.0,80,40.5,0.04769947722191884,0.0125,0.125,40.5,0.04769947722191884,0.0125,0.125,4.0,0.25,0.0,1.0
COCONUT+train,T2_tims,RUHJLYKFPVLIHL,32,30.0,0.03333333333333333,0.0,0.0,0.0,1.0,1.0,32,16.5,0.1192486930547971,0.03125,0.3125,25.0,0.02509371034084993,0.0,0.0,8.0,0.125,0.0,1.0
COCONUT+train,T2_tims,CSNLBEBTDFBRHJ,94,72.0,0.013970108953953108,0.0,0.0,0.0,0.0,1.0,94,47.5,0.04059529976333518,0.010638297872340425,0.10638297872340426,61.0,0.0,0.0,0.0,16.0,0.0625,0.0,0.0
COCONUT+train,T2_tims,SCHNFVABLLVBMP,289,230.5,0.004349324776827182,0.0,0.0,0.0,0.0,0.0,289,145.0,0.013204007535479264,0.0034602076124567475,0.03460207612456748,259.0,0.0,0.0,0.0,14.0,0.07142857142857142,0.0,0.0
COCONUT+train,T2_tims,RNHNZLNLVIDKHU,251,205.0,0.00490983556908022,0.0,0.0,0.0,0.0,0.0,251,126.0,0.01520302062850003,0.00398406374501992,0.0398406374501992,157.5,0.0,0.0,0.0,172.0,0.0,0.0,0.0
COCONUT+train,T2_tims,VLHPDLNCPZPTHX,20,13.0,0.07722832722832722,0.07722832722832722,0.0,0.0,1.0,1.0,20,10.5,0.1798869828571841,0.05,0.5,12.5,0.09031473741502491,0.0,0.35714285714285715,1.0,1.0,1.0,1.0
COCONUT+train,T2_tims,JCOHUNVCMKYKSG,15,11.5,0.08712121212121213,0.08712121212121213,0.0,0.0,1.0,1.0,15,8.0,0.22121526621526624,0.06666666666666667,0.6666666666666666,3.5,0.3208333333333333,0.0,1.0,2.0,0.5,0.0,1.0
COCONUT+train,T2_tims,NXDPUYVBJHEQOY,55,54.0,0.018522753742879528,0.0,0.0,0.0,0.0,1.0,55,28.0,0.0693810577773365,0.01818181818181818,0.18181818181818182,35.5,0.011453399592750359,0.0,0.0,11.0,0.09090909090909091,0.0,0.0
COCONUT+train,T2_tims,LEWHSKBOQZDOFE,89,71.5,0.014097712134424723,0.0,0.0,0.0,0.0,1.0,89,45.0,0.04287593458150008,0.011235955056179775,0.11235955056179775,55.0,0.0,0.0,0.0,10.0,0.1,0.0,1.0
COCONUT+train,T2_tims,CFCGXQDLSPSKPJ,45,37.5,0.026766882137408077,0.0,0.0,0.0,1.0,1.0,45,23.0,0.0847990706167446,0.022222222222222223,0.2222222222222222,23.0,0.0847990706167446,0.022222222222222223,0.2222222222222222,1.0,1.0,1.0,1.0
COCONUT+train,T2_tims,VGSNIUNOGSCIED,73,43.5,0.02308951617687686,0.0,0.0,0.0,1.0,1.0,73,37.0,0.05227339969525353,0.0136986301369863,0.136986301369863,36.0,0.05374588982751419,0.014084507042253521,0.14084507042253522,7.0,0.14285714285714285,0.0,1.0
COCONUT+train,T2_tims,VZHHPLYLTLSQKI,92,66.0,0.01584503585295884,0.0,0.0,0.0,0.1702127659574468,1.0,92,46.5,0.041477806279929426,0.010869565217391304,0.10869565217391304,51.5,0.0,0.0,0.0,2.0,0.5,0.0,1.0
COCONUT+train,T2_tims,JYAKTPSBJZVGTQ,91,83.5,0.011981061416418094,0.0,0.0,0.0,0.0,1.0,91,46.0,0.04193360634893964,0.01098901098901099,0.10989010989010989,44.0,0.008732090956570415,0.0,0.0,1.0,1.0,1.0,1.0
COCONUT+train,T2_tims,FRVHXALEKMEEKZ,52,31.5,0.03608532175543527,0.017661789517215327,0.0,0.0,1.0,1.0,52,26.5,0.07338381111064438,0.019230769230769232,0.19230769230769232,21.5,0.09085614708936922,0.023809523809523808,0.23809523809523808,1.0,1.0,1.0,1.0
COCONUT+train,T2_tims,JJSAPXJZAOBVGA,39,39.0,0.02564102564102564,0.0,0.0,0.0,1.0,1.0,39,20.0,0.09784508148085916,0.02564102564102564,0.2564102564102564,1.5,0.75,0.5,1.0,1.0,1.0,1.0,1.0
COCONUT+train,T2_tims,PAHUCTMRDFKAAC,45,38.5,0.026025310636992278,0.0,0.0,0.0,1.0,1.0,45,23.0,0.0847990706167446,0.022222222222222223,0.2222222222222222,10.5,0.1798869828571841,0.05,0.5,7.0,0.14285714285714285,0.0,1.0
COCONUT+train,T2_tims,BYXJMBBUFNJFJJ,14,14.0,0.07142857142857142,0.07142857142857142,0.0,0.0,1.0,1.0,14,7.5,0.23225445189730906,0.07142857142857142,0.7142857142857143,6.0,0.16666666666666666,0.0,1.0,2.0,0.5,0.0,1.0
COCONUT+train,T2_tims,NHXJEZKPZGWIQS,129,111.5,0.00904769898185299,0.0,0.0,0.0,0.0,0.19444444444444445,129,65.0,0.029581071145376024,0.007751937984496124,0.07751937984496124,84.5,0.0,0.0,0.0,2.0,0.5,0.0,1.0
COCONUT+train,T2_tims,DMVNGYFPUXQFAR,7,5.0,0.2,0.2,0.0,1.0,1.0,1.0,7,4.0,0.37040816326530607,0.14285714285714285,1.0,1.0,1.0,1.0,1.0,1.0,1.0,1.0,1.0
COCONUT+train,T2_tims,MHEIGAWMHJODMW,107,105.5,0.009478885893980233,0.0,0.0,0.0,0.0,0.0,107,54.0,0.0356631605397524,0.009345794392523364,0.09345794392523364,10.0,0.12930350150938383,0.0,0.5333333333333333,2.0,0.5,0.0,1.0
COCONUT+train,T2_tims,BHULFNORPAIODV,16,14.0,0.07142857142857142,0.07142857142857142,0.0,0.0,1.0,1.0,16,8.5,0.2112955620768121,0.0625,0.625,5.0,0.20555555555555557,0.0,1.0,1.0,1.0,1.0,1.0
COCONUT+train,T2_tims,DJLCPYFBEAEKSU,28,23.0,0.043478260869565216,0.043478260869565216,0.0,0.0,1.0,1.0,28,14.5,0.13628422063405382,0.03571428571428571,0.35714285714285715,20.0,0.050252145515303416,0.0,0.0,1.0,1.0,1.0,1.0
COCONUT+train,T2_tims,CUGNAQYKVNGWGZ,91,71.5,0.014008649104798987,0.0,0.0,0.0,0.0,1.0,91,46.0,0.04193360634893964,0.01098901098901099,0.10989010989010989,42.5,0.012840013433486484,0.0,0.0,3.0,0.3333333333333333,0.0,1.0
COCONUT+train,T2_tims,QCNGULQKPWDZOS,83,67.0,0.015238270737901244,0.0,0.0,0.0,0.0,1.0,83,42.0,0.045975399731969964,0.012048192771084338,0.12048192771084337,19.5,0.10041995204614493,0.02631578947368421,0.2631578947368421,2.0,0.5,0.0,1.0
COCONUT+train,T2_tims,NUEXFIFKPIPSER,119,87.0,0.011901634904421313,0.0,0.0,0.0,0.0,0.7454545454545455,119,60.0,0.03206687544330678,0.008403361344537815,0.08403361344537816,35.5,0.014450555059539814,0.0,0.0,9.0,0.1111111111111111,0.0,1.0
COCONUT+train,T2_tims,ZKKFYFATUSOSNW,103,98.5,0.010152545866831581,0.0,0.0,0.0,0.0,1.0,103,52.0,0.037048137648092304,0.009708737864077669,0.0970873786407767,32.5,0.01031609694653173,0.0,0.0,10.0,0.1,0.0,1.0
COCONUT+train,T2_tims,PRHSSPKWHDLOHB,127,113.0,0.008859279265029326,0.0,0.0,0.0,0.0,0.0,127,64.0,0.030046914785460687,0.007874015748031496,0.07874015748031496,63.5,0.030285382363123073,0.007936507936507936,0.07936507936507936,3.0,0.3333333333333333,0.0,1.0
COCONUT+train,T2_tims,RHFQMSXZIKQYCW,54,50.0,0.02,0.0,0.0,0.0,1.0,1.0,54,27.5,0.0706658921806205,0.018518518518518517,0.18518518518518517,13.0,0.08444151208797551,0.0,0.3076923076923077,4.0,0.25,0.0,1.0
COCONUT+train,T2_tims,BFHUIIQLKWLPLL,6,6.0,0.16666666666666666,0.16666666666666666,0.0,1.0,1.0,1.0,6,3.5,0.40833333333333327,0.16666666666666666,1.0,3.5,0.40833333333333327,0.16666666666666666,1.0,1.0,1.0,1.0,1.0
COCONUT+train,T2_tims,XETAIZXOASLBCM,57,38.5,0.025978407557354925,0.0,0.0,0.0,1.0,1.0,57,29.0,0.06694663469742995,0.017543859649122806,0.17543859649122806,35.0,0.0,0.0,0.0,1.0,1.0,1.0,1.0
COCONUT+train,T2_tims,PDILNJIDOZGONS,99,41.5,0.024099883855981417,0.0,0.0,0.0,1.0,1.0,99,50.0,0.038545032098520275,0.010101010101010102,0.10101010101010101,13.5,0.08930443982688564,0.0,0.3333333333333333,2.0,0.5,0.0,1.0
COCONUT+train,T2_tims,FDIGWLSVQMPWSY,94,60.5,0.01653457352251372,0.0,0.0,0.0,0.0,1.0,94,47.5,0.04059529976333518,0.010638297872340425,0.10638297872340426,74.5,0.0,0.0,0.0,6.0,0.16666666666666666,0.0,1.0
COCONUT+train,T2_tims,SBVFSIMQAJJGAO,94,84.0,0.011911517338867398,0.0,0.0,0.0,0.0,1.0,94,47.5,0.04059529976333518,0.010638297872340425,0.10638297872340426,46.5,0.041477806279929426,0.010869565217391304,0.10869565217391304,3.0,0.3333333333333333,0.0,1.0
COCONUT+train,T2_tims,NZULOAWYNTZYEV,177,170.5,0.005866162196413008,0.0,0.0,0.0,0.0,0.0,177,89.0,0.021559085750019816,0.005649717514124294,0.05649717514124294,44.0,0.03312891973827655,0.0,0.10588235294117647,88.0,0.0,0.0,0.0
COCONUT+train,T2_tims,XPYYQRHHGDEOSC,43,40.5,0.024695121951219513,0.0,0.0,0.0,1.0,1.0,43,22.0,0.08874321343612808,0.023255813953488372,0.23255813953488372,31.0,0.0,0.0,0.0,3.0,0.3333333333333333,0.0,1.0
COCONUT+train,T2_tims,NDZZBJQVELZZQG,100,80.5,0.012424757202916616,0.0,0.0,0.0,0.0,1.0,100,50.5,0.03815958177753507,0.01,0.1,10.0,0.14677106342331256,0.0,0.5294117647058824,2.0,0.5,0.0,1.0
COCONUT+train,T2_tims,UCNPQYJUJAOJKL,36,30.0,0.033407688436887545,0.0,0.0,0.0,1.0,1.0,36,18.5,0.10599883827093076,0.027777777777777776,0.2777777777777778,20.5,0.04878422063405381,0.0,0.14285714285714285,2.0,0.5,0.0,1.0
COCONUT+train,T2_tims,CZVOKNXTTKDUAV,117,76.5,0.013220632679134372,0.0,0.0,0.0,0.0,1.0,117,59.0,0.032615027160286386,0.008547008547008548,0.08547008547008547,84.0,0.0,0.0,0.0,51.0,0.0,0.0,0.0
COCONUT+train,T2_tims,MIYXFSUZXIGWAU,6,5.0,0.2,0.2,0.0,1.0,1.0,1.0,6,3.5,0.40833333333333327,0.16666666666666666,1.0,2.0,0.611111111111111,0.3333333333333333,1.0,1.0,1.0,1.0,1.0
COCONUT+train,T2_tims,BYSOWMFOHOFPOV,16,5.5,0.18333333333333335,0.18333333333333335,0.0,1.0,1.0,1.0,16,8.5,0.2112955620768121,0.0625,0.625,13.5,0.07417582417582418,0.0,0.0,4.0,0.25,0.0,1.0
COCONUT+train,T2_tims,FPKIWLZDTRDHJP,176,119.0,0.008429618273859674,0.0,0.0,0.0,0.0,0.0,176,88.5,0.021681580555417655,0.005681818181818182,0.056818181818181816,63.0,0.005818513929805982,0.0,0.0,1.0,1.0,1.0,1.0
COCONUT+train,T2_tims,IQTMDOBWDYTGPM,203,170.5,0.005901055094924945,0.0,0.0,0.0,0.0,0.0,203,102.0,0.01879782353573156,0.0049261083743842365,0.04926108374384237,91.5,0.0018626286153460069,0.0,0.0,2.0,0.5,0.0,1.0
COCONUT+train,T2_tims,MQQMZOXIPPKTCR,131,97.5,0.010624517070117303,0.0,0.0,0.0,0.0,0.5483870967741935,131,66.0,0.02912945173857639,0.007633587786259542,0.07633587786259542,66.0,0.02912945173857639,0.007633587786259542,0.07633587786259542,2.0,0.5,0.0,1.0
COCONUT+train,T2_tims,BOMBXYSHOFXKKW,6,3.0,0.3333333333333333,0.3333333333333333,0.0,1.0,1.0,1.0,6,3.5,0.40833333333333327,0.16666666666666666,1.0,4.5,0.23749999999999996,0.0,1.0,1.0,1.0,1.0,1.0
COCONUT+train,T2_tims,ZEAKVASDKVHTQQ,110,100.0,0.010010017837384377,0.0,0.0,0.0,0.0,0.5454545454545454,110,55.5,0.03469052888866825,0.00909090909090909,0.09090909090909091,55.5,0.012740635780170456,0.0,0.03125,46.0,0.0,0.0,0.0
COCONUT+train,T2_tims,JMXKLPZBNSVUCF,42,38.0,0.026327947380578958,0.0,0.0,0.0,1.0,1.0,42,21.5,0.09085614708936922,0.023809523809523808,0.23809523809523808,19.5,0.051680709498046956,0.0,0.0,5.0,0.2,0.0,1.0
COCONUT+train,T2_tims,DMNRHUMECSECJG,98,65.5,0.01550593205281559,0.0,0.0,0.0,0.0,1.0,98,49.5,0.03893834875258681,0.01020408163265306,0.10204081632653061,91.0,0.0,0.0,0.0,1.0,1.0,1.0,1.0
COCONUT+train,T2_tims,KOUBXGASZCGCSK,77,32.0,0.031311238571675004,0.0,0.0,0.0,1.0,1.0,77,39.0,0.049557898412383214,0.012987012987012988,0.12987012987012986,5.0,0.31432980599647264,0.1111111111111111,1.0,2.0,0.5,0.0,1.0
COCONUT+train,T2_tims,JWEVSDALRSPVCB,75,53.0,0.019434582771209772,0.0,0.0,0.0,0.41935483870967744,1.0,75,38.0,0.05087944237004676,0.013333333333333334,0.13333333333333333,18.5,0.0589471094007759,0.0,0.19230769230769232,2.0,0.5,0.0,1.0
COCONUT+train,T2_tims,QLKSONANOAEAIM,4,4.0,0.25,0.25,0.0,1.0,1.0,1.0,4,2.5,0.5208333333333333,0.25,1.0,1.5,0.75,0.5,1.0,1.0,1.0,1.0,1.0
COCONUT+train,T2_tims,VRSJEASVHFIVFS,146,112.0,0.008928571428571428,0.0,0.0,0.0,0.0,0.0,146,73.5,0.026136699847626763,0.00684931506849315,0.0684931506849315,55.5,0.0,0.0,0.0,2.0,0.5,0.0,1.0
COCONUT+train,T2_tims,FMBCICJIZAYXLH,205,161.0,0.006238714851337255,0.0,0.0,0.0,0.0,0.0,205,103.0,0.018614430135382963,0.004878048780487805,0.04878048780487805,101.0,0.0189848665559876,0.004975124378109453,0.04975124378109453,55.0,0.0,0.0,0.0
COCONUT+train,T2_tims,OZVAECXCYJVGLH,16,13.0,0.07692307692307693,0.07692307692307693,0.0,0.0,1.0,1.0,16,8.5,0.2112955620768121,0.0625,0.625,2.5,0.41666666666666663,0.0,1.0,1.0,1.0,1.0,1.0
COCONUT+train,T2_tims,QMCHVTOUMQGYKE,30,26.5,0.0378032153032153,0.01,0.0,0.0,1.0,1.0,30,15.5,0.12719860592511692,0.03333333333333333,0.3333333333333333,10.0,0.11903043537658921,0.0,0.5384615384615384,28.0,0.0,0.0,0.0
COCONUT+train,T2_tims,SHELXLZQKXHXES,104,95.0,0.010527093442826924,0.0,0.0,0.0,0.0,1.0,104,52.5,0.03669190555532219,0.009615384615384616,0.09615384615384616,70.0,0.0,0.0,0.0,1.0,1.0,1.0,1.0
COCONUT+train,T2_tims,BDJXICDMQKOSNG,23,12.0,0.08372183372183373,0.08372183372183373,0.0,0.0,1.0,1.0,23,12.0,0.16236050048203654,0.043478260869565216,0.43478260869565216,2.0,0.611111111111111,0.3333333333333333,1.0,1.0,1.0,1.0,1.0
COCONUT+train,T2_tims,OGXCLFQIHFRJIU,76,64.0,0.0156402849177843,0.0,0.0,0.0,0.0,1.0,76,38.5,0.050209976023072464,0.013157894736842105,0.13157894736842105,10.5,0.1415410920635379,0.0,0.5,1.0,1.0,1.0,1.0
COCONUT+train,T2_tims,APTWKJWKPHZPKY,188,178.5,0.0056031642557003904,0.0,0.0,0.0,0.0,0.0,188,94.5,0.02029764988166759,0.005319148936170213,0.05319148936170213,157.0,0.0,0.0,0.0,56.0,0.0,0.0,0.0
COCONUT+train,T2_tims,FWKMISLIAZVGBR,22,19.5,0.0514515455304929,0.0514515455304929,0.0,0.0,1.0,1.0,22,11.5,0.16776423864623977,0.045454545454545456,0.45454545454545453,9.5,0.1941726710109063,0.05555555555555555,0.5555555555555556,1.0,1.0,1.0,1.0
COCONUT+train,T2_tims,DDIRVSQPECSCHM,53,44.0,0.022735102967661108,0.0,0.0,0.0,1.0,1.0,53,27.0,0.07199921090100957,0.018867924528301886,0.18867924528301888,18.5,0.055595501586198366,0.0,0.13636363636363635,33.0,0.0,0.0,0.0
COCONUT+train,T2_tims,LORAIDUGOCMHFI,28,24.0,0.04181220229046316,0.03411989459815547,0.0,0.0,1.0,1.0,28,14.5,0.13628422063405382,0.03571428571428571,0.35714285714285715,18.5,0.05483277354362516,0.0,0.05555555555555555,1.0,1.0,1.0,1.0
COCONUT+train,T2_tims,BAAORSQMYURRAT,175,121.5,0.008249065939962458,0.0,0.0,0.0,0.0,0.0,175,88.0,0.021805475301448614,0.005714285714285714,0.05714285714285714,88.0,0.021805475301448614,0.005714285714285714,0.05714285714285714,30.0,0.0,0.0,0.0
COCONUT+train,T2_tims,IRXJNYVCAAVPIQ,9,6.5,0.15476190476190477,0.15476190476190477,0.0,1.0,1.0,1.0,9,5.0,0.31432980599647264,0.1111111111111111,1.0,5.0,0.31432980599647264,0.1111111111111111,1.0,3.0,0.3333333333333333,0.0,1.0
COCONUT+train,T2_tims,RYHVKYDYFKVDHP,27,23.0,0.043478260869565216,0.043478260869565216,0.0,0.0,1.0,1.0,27,14.0,0.141331784361241,0.037037037037037035,0.37037037037037035,6.5,0.25860088985088986,0.08333333333333333,0.8333333333333334,2.0,0.5,0.0,1.0
COCONUT+train,T2_tims,YQESGMDPHWLTAX,63,53.5,0.018798797640402366,0.0,0.0,0.0,0.2857142857142857,1.0,63,32.0,0.060570764726246146,0.015873015873015872,0.15873015873015872,33.5,0.029872842145175407,0.0,0.10344827586206896,3.0,0.3333333333333333,0.0,1.0
COCONUT+train,T2_tims,CZLOVQQGXBQOJE,79,65.0,0.015495267647032959,0.0,0.0,0.0,0.0,1.0,79,40.0,0.048303268072829204,0.012658227848101266,0.12658227848101267,26.5,0.07338381111064438,0.019230769230769232,0.19230769230769232,31.0,0.0,0.0,0.0
COCONUT+train,T2_tims,PDDJOOXCWJXTFL,218,197.0,0.005079284768281787,0.0,0.0,0.0,0.0,0.0,218,109.5,0.017504395310795905,0.0045871559633027525,0.045871559633027525,128.0,0.0,0.0,0.0,74.0,0.0,0.0,0.0
COCONUT+train,T2_tims,TVFLVPZFAJMNFG,96,81.5,0.012272248433662383,0.0,0.0,0.0,0.0,1.0,96,48.5,0.039749564351599036,0.010416666666666666,0.10416666666666667,7.5,0.18167781292781296,0.0,0.75,57.0,0.0,0.0,0.0
COCONUT+train,T2_tims,KMCHWTTVPGQFDP,5,5.0,0.2,0.2,0.0,1.0,1.0,1.0,5,3.0,0.45666666666666667,0.2,1.0,2.5,0.5208333333333333,0.25,1.0,2.0,0.5,0.0,1.0
COCONUT+train,T2_tims,DWGHPHDHCYCWFD,459,381.0,0.0026274617323817696,0.0,0.0,0.0,0.0,0.0,459,230.0,0.008313634374190648,0.002178649237472767,0.02178649237472767,259.5,0.0,0.0,0.0,4.0,0.25,0.0,1.0
COCONUT+train,T2_tims,VFCIXALHBBHOIL,159,130.5,0.0076701595049220505,0.0,0.0,0.0,0.0,0.0,159,80.0,0.02399973696700319,0.006289308176100629,0.06289308176100629,86.0,0.004848622445869583,0.0,0.0,3.0,0.3333333333333333,0.0,1.0
COCONUT+train,T2_tims,RBUVXSOTBYMCPD,18,17.0,0.058823529411764705,0.058823529411764705,0.0,0.0,1.0,1.0,18,9.5,0.1941726710109063,0.05555555555555555,0.5555555555555556,14.0,0.07401553602533996,0.0,0.1111111111111111,2.0,0.5,0.0,1.0
COCONUT+train,T2_tims,OFAZUJGVXZOHJH,26,18.5,0.05490636545686855,0.05490636545686855,0.0,0.0,1.0,1.0,26,13.5,0.14676762222128875,0.038461538461538464,0.38461538461538464,6.0,0.18985260770975057,0.0,1.0,2.0,0.5,0.0,1.0
COCONUT+train,T2_tims,RUWPXDRLQUJTAM,34,23.5,0.045433223530289765,0.03179122113098759,0.0,0.0,1.0,1.0,34,17.5,0.11223406405157374,0.029411764705882353,0.29411764705882354,31.0,0.0,0.0,0.0,2.0,0.5,0.0,1.0
COCONUT+train,T2_tims,GAIMRUOGFKAKMI,355,266.0,0.003776000453300956,0.0,0.0,0.0,0.0,0.0,355,178.0,0.010749177965502838,0.0028169014084507044,0.028169014084507043,250.0,0.0,0.0,0.0,13.0,0.07692307692307693,0.0,0.0
COCONUT+train,T2_tims,IQZLSLOAXSPDLN,28,26.0,0.038461538461538464,0.0,0.0,0.0,1.0,1.0,28,14.5,0.13628422063405382,0.03571428571428571,0.35714285714285715,20.5,0.04892629300524037,0.0,0.0,1.0,1.0,1.0,1.0
COCONUT+train,T2_tims,FBRCKBRGALYVKI,183,150.5,0.006652431219716906,0.0,0.0,0.0,0.0,0.0,183,92.0,0.02085223047952736,0.00546448087431694,0.0546448087431694,11.5,0.09635159910895207,0.0,0.4166666666666667,3.0,0.3333333333333333,0.0,1.0
COCONUT+train,T2_tims,XCRBVSNGNJNXJA,26,19.5,0.05131578947368421,0.05131578947368421,0.0,0.0,1.0,1.0,26,13.5,0.14676762222128875,0.038461538461538464,0.38461538461538464,5.0,0.21857142857142856,0.0,1.0,1.0,1.0,1.0,1.0
COCONUT+train,T2_tims,RIYBUKOKRVRGKH,108,81.5,0.01233191745786006,0.0,0.0,0.0,0.0,1.0,108,54.5,0.03533294609031025,0.009259259259259259,0.09259259259259259,100.0,0.0,0.0,0.0,1.0,1.0,1.0,1.0
COCONUT+train,T2_tims,VKJNZELOHQVMGN,118,97.0,0.010324658794063054,0.0,0.0,0.0,0.0,0.7692307692307693,118,59.5,0.032338628625029724,0.00847457627118644,0.0847457627118644,45.5,0.0,0.0,0.0,104.0,0.0,0.0,0.0
COCONUT+train,T2_tims,HOLSZJOBZPCCJG,12,11.5,0.08712121212121213,0.08712121212121213,0.0,0.0,1.0,1.0,12,6.5,0.25860088985088986,0.08333333333333333,0.8333333333333334,7.5,0.16032106782106778,0.0,0.8,1.0,1.0,1.0,1.0
COCONUT+train,T2_tims,SJRPDLBSPRPKLP,57,45.0,0.02249133402535953,0.0,0.0,0.0,0.8235294117647058,1.0,57,29.0,0.06694663469742995,0.017543859649122806,0.17543859649122806,46.0,0.0,0.0,0.0,2.0,0.5,0.0,1.0
COCONUT+train,T2_tims,PRSQYTXIAQZDSS,216,201.5,0.004964236483348926,0.0,0.0,0.0,0.0,0.0,216,108.5,0.017666473045155125,0.004629629629629629,0.046296296296296294,77.5,0.0,0.0,0.0,3.0,0.3333333333333333,0.0,1.0
COCONUT+train,T2_tims,QUFBTHADZILGCC,49,36.0,0.027820757511159987,0.0,0.0,0.0,1.0,1.0,49,25.0,0.07787669750517362,0.02040816326530612,0.20408163265306123,10.5,0.1798869828571841,0.05,0.5,2.0,0.5,0.0,1.0
COCONUT+train,T2_tims,YDQUCBCHJKVDJZ,114,114.0,0.008771929824561403,0.0,0.0,0.0,0.0,0.0,114,57.5,0.033473317348714976,0.008771929824561403,0.08771929824561403,79.5,0.0,0.0,0.0,2.0,0.5,0.0,1.0
COCONUT+train,T2_tims,DJUQXVSFMMAOSS,41,37.0,0.027040198092829672,0.0,0.0,0.0,1.0,1.0,41,21.0,0.09307215067691481,0.024390243902439025,0.24390243902439024,29.5,0.013410926030491249,0.0,0.0,2.0,0.5,0.0,1.0
COCONUT+train,T2_tims,FFILROAUJHJWAQ,368,347.5,0.0028802737047331963,0.0,0.0,0.0,0.0,0.0,368,184.5,0.010369451569982356,0.002717391304347826,0.02717391304347826,323.5,0.0,0.0,0.0,101.0,0.0,0.0,0.0
COCONUT+train,T2_tims,ZAWBEUSUBYDQON,54,45.0,0.022229541794759184,0.0,0.0,0.0,1.0,1.0,54,27.5,0.0706658921806205,0.018518518518518517,0.18518518518518517,27.5,0.0706658921806205,0.018518518518518517,0.18518518518518517,6.0,0.16666666666666666,0.0,1.0
COCONUT+train,T2_tims,PFOAVIHNHFPWAR,46,45.5,0.021980676328502417,0.0,0.0,0.0,1.0,1.0,46,23.5,0.08295561255985885,0.021739130434782608,0.21739130434782608,34.0,0.005441083805923125,0.0,0.0,1.0,1.0,1.0,1.0
COCONUT+train,T2_tims,JMTSWYGKMMTQOI,17,16.0,0.06266339869281046,0.06266339869281046,0.0,0.0,1.0,1.0,17,9.0,0.20232661897886814,0.058823529411764705,0.5882352941176471,6.5,0.25860088985088986,0.08333333333333333,0.8333333333333334,4.0,0.25,0.0,1.0
COCONUT+train,T2_tims,QBZNQHBZVKDTSJ,6,3.5,0.29166666666666663,0.29166666666666663,0.0,1.0,1.0,1.0,6,3.5,0.40833333333333327,0.16666666666666666,1.0,2.0,0.5,0.0,1.0,1.0,1.0,1.0,1.0
COCONUT+train,T2_tims,IUAVRCNAZYCBFH,21,6.0,0.16666666666666666,0.16666666666666666,0.0,1.0,1.0,1.0,21,11.0,0.17358850975060616,0.047619047619047616,0.47619047619047616,4.0,0.37040816326530607,0.14285714285714285,1.0,1.0,1.0,1.0,1.0
COCONUT+train,T2_tims,HNFYSKZSFJLPHO,360,298.5,0.003354150083404086,0.0,0.0,0.0,0.0,0.0,360,180.5,0.010599883827093076,0.002777777777777778,0.027777777777777776,320.5,0.0,0.0,0.0,88.0,0.0,0.0,0.0
COCONUT+train,T2_tims,FSDQBIQXNAHHGE,12,11.0,0.09090909090909091,0.09090909090909091,0.0,0.0,1.0,1.0,12,6.5,0.25860088985088986,0.08333333333333333,0.8333333333333334,4.0,0.37040816326530607,0.14285714285714285,1.0,5.0,0.2,0.0,1.0
COCONUT+train,T2_tims,JFNYWMLWQSBGQC,515,381.5,0.002713203667707049,0.0,0.0,0.0,0.0,0.0,515,258.0,0.00740962752961846,0.001941747572815534,0.019417475728155338,135.5,0.0,0.0,0.0,61.0,0.0,0.0,0.0
COCONUT+train,T2_tims,ZEBPCVIZNBVKEB,47,33.5,0.029884055895085308,0.0,0.0,0.0,1.0,1.0,47,24.0,0.08119059952667036,0.02127659574468085,0.2127659574468085,33.5,0.004083333333333333,0.0,0.0,24.0,0.041666666666666664,0.0,0.0
COCONUT+train,T2_tims,GNKSMHHFUNGQRT,18,17.0,0.05895969498910675,0.05895969498910675,0.0,0.0,1.0,1.0,18,9.5,0.1941726710109063,0.05555555555555555,0.5555555555555556,11.5,0.10084105320449857,0.0,0.42857142857142855,2.0,0.5,0.0,1.0
COCONUT+train,T2_tims,GPPXODPCJHRTLI,124,84.5,0.011944276782162087,0.0,0.0,0.0,0.0,1.0,124,62.5,0.030773856272205705,0.008064516129032258,0.08064516129032258,123.5,0.0,0.0,0.0,2.0,0.5,0.0,1.0
COCONUT+train,T2_tims,UBUYUJQHBVOSKR,68,49.0,0.02040816326530612,0.0,0.0,0.0,1.0,1.0,68,34.5,0.05611703202578687,0.014705882352941176,0.14705882352941177,27.5,0.03766575748739508,0.0,0.13043478260869565,2.0,0.5,0.0,1.0
COCONUT+train,T2_tims,XXZUYVHHSPYFAY,86,70.0,0.014466626588775388,0.0,0.0,0.0,0.0,1.0,86,43.5,0.04437160671806404,0.011627906976744186,0.11627906976744186,7.5,0.14831800144300145,0.0,0.875,2.0,0.5,0.0,1.0
COCONUT+train,T2_tims,SVMYPDBWEFHLIS,9,5.0,0.2,0.2,0.0,1.0,1.0,1.0,9,5.0,0.31432980599647264,0.1111111111111111,1.0,3.5,0.29166666666666663,0.0,1.0,1.0,1.0,1.0,1.0
COCONUT+train,T2_tims,PEIAAVYHTOQYNM,3,3.0,0.3333333333333333,0.3333333333333333,0.0,1.0,1.0,1.0,3,2.0,0.611111111111111,0.3333333333333333,1.0,2.0,0.611111111111111,0.3333333333333333,1.0,2.0,0.5,0.0,1.0
COCONUT+train,T2_tims,ZCRXRZOPFFACJY,38,25.5,0.03929131054131054,0.020416666666666666,0.0,0.0,1.0,1.0,38,19.5,0.10041995204614493,0.02631578947368421,0.2631578947368421,23.5,0.03636975343497082,0.0,0.0,3.0,0.3333333333333333,0.0,1.0
COCONUT+train,T2_tims,UCPDJGTYRMLILO,16,14.5,0.06937957875457876,0.06937957875457876,0.0,0.0,1.0,1.0,16,8.5,0.2112955620768121,0.0625,0.625,8.5,0.2112955620768121,0.0625,0.625,1.0,1.0,1.0,1.0
COCONUT+train,T2_tims,LUYLFFOOPYUIBE,68,47.0,0.021341152757593462,0.0,0.0,0.0,0.8888888888888888,1.0,68,34.5,0.05611703202578687,0.014705882352941176,0.14705882352941177,19.5,0.05473660158643477,0.0,0.17857142857142858,2.0,0.5,0.0,1.0
COCONUT+train,T2_tims,SNXSSWDSNZWPKF,116,64.5,0.015504807692307693,0.0,0.0,0.0,0.0,1.0,116,58.5,0.03289619118753023,0.008620689655172414,0.08620689655172414,23.0,0.0654873994826397,0.0,0.20930232558139536,3.0,0.3333333333333333,0.0,1.0
COCONUT+train,T2_tims,XZKVBIHDPHKSNE,39,32.0,0.03145582706028408,0.0,0.0,0.0,1.0,1.0,39,20.0,0.09784508148085916,0.02564102564102564,0.2564102564102564,3.5,0.29166666666666663,0.0,1.0,1.0,1.0,1.0,1.0
COCONUT+train,T2_tims,YXCQGRPQYIPGPB,175,153.5,0.0065179557596049716,0.0,0.0,0.0,0.0,0.0,175,88.0,0.021805475301448614,0.005714285714285714,0.05714285714285714,85.0,0.01403611016820307,0.0,0.048484848484848485,19.0,0.05263157894736842,0.0,0.0
COCONUT+train,T2_tims,MIXVVYAOZQSAMF,13,11.0,0.09090909090909091,0.09090909090909091,0.0,0.0,1.0,1.0,13,7.0,0.24462567347182732,0.07692307692307693,0.7692307692307693,4.5,0.3397321428571428,0.125,1.0,1.0,1.0,1.0,1.0
COCONUT+train,T2_tims,JZGLQMHTXMFZFM,459,379.0,0.002641356700628981,0.0,0.0,0.0,0.0,0.0,459,230.0,0.008313634374190648,0.002178649237472767,0.02178649237472767,259.5,0.0,0.0,0.0,4.0,0.25,0.0,1.0
COCONUT+train,T2_tims,INKAFNRQVLDNKX,126,108.5,0.009229343604537586,0.0,0.0,0.0,0.0,0.0,126,63.5,0.030285382363123073,0.007936507936507936,0.07936507936507936,35.0,0.023964178557079066,0.0,0.07017543859649122,2.0,0.5,0.0,1.0
COCONUT+train,T2_tims,ZIXXPCWWUWNMNF,49,47.0,0.021295889000065026,0.0,0.0,0.0,1.0,1.0,49,25.0,0.07787669750517362,0.02040816326530612,0.20408163265306123,25.0,0.046107554521399384,0.0,0.16279069767441862,15.0,0.06666666666666667,0.0,0.0
COCONUT+train,T2_tims,IQSVIFFCMDFAFZ,13,12.0,0.08333333333333333,0.08333333333333333,0.0,0.0,1.0,1.0,13,7.0,0.24462567347182732,0.07692307692307693,0.7692307692307693,7.0,0.24462567347182732,0.07692307692307693,0.7692307692307693,5.0,0.2,0.0,1.0
COCONUT+train,T2_tims,JZQKWODQQBQGED,168,141.0,0.007094578210670778,0.0,0.0,0.0,0.0,0.0,168,84.5,0.022714036772342305,0.005952380952380952,0.05952380952380952,95.5,0.0,0.0,0.0,36.0,0.0,0.0,0.0
COCONUT+train,T2_tims,XWOSCYMXUYOSFM,27,25.0,0.04,0.04,0.0,0.0,1.0,1.0,27,14.0,0.141331784361241,0.037037037037037035,0.37037037037037035,15.5,0.08260936851750723,0.0,0.2916666666666667,16.0,0.0625,0.0,0.0
COCONUT+train,T2_tims,HQPLLZPWCPFAPM,8,7.0,0.14285714285714285,0.14285714285714285,0.0,1.0,1.0,1.0,8,4.5,0.3397321428571428,0.125,1.0,2.5,0.41666666666666663,0.0,1.0,1.0,1.0,1.0,1.0
COCONUT+train,T2_tims,MWNXCOOTFKJHED,65,56.0,0.017895247942784204,0.0,0.0,0.0,0.0,1.0,65,33.0,0.058707048888515495,0.015384615384615385,0.15384615384615385,11.0,0.0964698881365548,0.0,0.4444444444444444,2.0,0.5,0.0,1.0
COCONUT+train,T2_tims,YQDLYZPLRVDYBR,150,60.0,0.01666975394399679,0.0,0.0,0.0,0.0,1.0,150,75.5,0.02543972118502338,0.006666666666666667,0.06666666666666667,7.5,0.14093915343915345,0.0,1.0,5.0,0.2,0.0,1.0
COCONUT+train,T2_tims,LYLBOWLQZHBMAX,234,189.5,0.005345667154504898,0.0,0.0,0.0,0.0,0.0,234,117.5,0.016307513580143193,0.004273504273504274,0.042735042735042736,129.5,0.0,0.0,0.0,3.0,0.3333333333333333,0.0,1.0
COCONUT+train,T2_tims,SVUPNDWEOKHAQX,107,101.0,0.009902931926545025,0.0,0.0,0.0,0.0,0.4,107,54.0,0.0356631605397524,0.009345794392523364,0.09345794392523364,42.5,0.0,0.0,0.0,1.0,1.0,1.0,1.0
COCONUT+train,T2_tims,TZQZRGJDVVALFH,48,35.5,0.028355590801598496,0.0,0.0,0.0,1.0,1.0,48,24.5,0.07949912870319807,0.020833333333333332,0.20833333333333334,23.5,0.04257246376811594,0.0,0.0,1.0,1.0,1.0,1.0
COCONUT+train,T2_tims,ICRBXZRQJNKGOS,78,71.5,0.013986697965571206,0.0,0.0,0.0,0.0,1.0,78,39.5,0.04892254074042958,0.01282051282051282,0.1282051282051282,32.0,0.02678349368144131,0.0,0.0784313725490196,9.0,0.1111111111111111,0.0,1.0
COCONUT+train,T2_tims,XEWGWZSESOCISL,77,40.5,0.025921801139086036,0.0,0.0,0.0,0.8333333333333334,1.0,77,39.0,0.049557898412383214,0.012987012987012988,0.12987012987012986,28.0,0.0298317325584479,0.0,0.07317073170731707,38.0,0.0,0.0,0.0
COCONUT+train,T2_tims,NRBXKTINOCZELY,41,32.0,0.031311238571675004,0.0,0.0,0.0,1.0,1.0,41,21.0,0.09307215067691481,0.024390243902439025,0.24390243902439024,1.5,0.75,0.5,1.0,17.0,0.058823529411764705,0.0,0.0
COCONUT+train,T2_tims,PVQXSRRUHXRXES,97,64.5,0.01575413259885679,0.0,0.0,0.0,0.0,1.0,97,49.0,0.039339775028386675,0.010309278350515464,0.10309278350515463,94.0,0.0,0.0,0.0,1.0,1.0,1.0,1.0
COCONUT+train,T2_tims,SIBURKIGSMGTFY,120,101.5,0.009906543436423793,0.0,0.0,0.0,0.0,0.46153846153846156,120,60.5,0.03179965148127923,0.008333333333333333,0.08333333333333333,66.0,0.004396254389136501,0.0,0.0,2.0,0.5,0.0,1.0
COCONUT+train,T2_tims,WBNOXMVTNDIBNW,69,41.0,0.024487657639631448,0.0,0.0,0.0,1.0,1.0,69,35.0,0.05530374170657257,0.014492753623188406,0.14492753623188406,65.5,0.0,0.0,0.0,1.0,1.0,1.0,1.0
COCONUT+train,T2_tims,QSLFCOADGGXMBE,251,215.0,0.004678687863990908,0.0,0.0,0.0,0.0,0.0,251,126.0,0.01520302062850003,0.00398406374501992,0.0398406374501992,157.5,0.0,0.0,0.0,63.0,0.0,0.0,0.0
COCONUT+train,T2_tims,DHMXUNXRNRUVJT,20,16.0,0.06420692358514857,0.06420692358514857,0.0,0.0,1.0,1.0,20,10.5,0.1798869828571841,0.05,0.5,13.5,0.07957354285721159,0.0,0.25,4.0,0.25,0.0,1.0
COCONUT+train,T2_tims,GKPABIWGJMCXQX,35,29.5,0.03394711054610943,0.0,0.0,0.0,1.0,1.0,35,18.0,0.10902737650724306,0.02857142857142857,0.2857142857142857,24.0,0.029015278968300907,0.0,0.0,1.0,1.0,1.0,1.0
COCONUT+train,T2_tims,UOACTIWJCBLINE,65,42.5,0.026048891967320163,0.004959511832041476,0.0,0.0,0.6818181818181818,1.0,65,33.0,0.058707048888515495,0.015384615384615385,0.15384615384615385,33.0,0.058707048888515495,0.015384615384615385,0.15384615384615385,1.0,1.0,1.0,1.0
COCONUT+train,T2_tims,SKOCIWBVCVFSJH,3,1.5,0.75,0.75,0.5,1.0,1.0,1.0,3,2.0,0.611111111111111,0.3333333333333333,1.0,2.5,0.41666666666666663,0.0,1.0,1.0,1.0,1.0,1.0
COCONUT+train,T2_tims,MHEYCXBBBSDJDK,236,195.5,0.005174098485571387,0.0,0.0,0.0,0.0,0.0,236,118.5,0.016169314312514862,0.00423728813559322,0.0423728813559322,173.0,0.0,0.0,0.0,9.0,0.1111111111111111,0.0,1.0
COCONUT+train,T2_tims,YVERTIDQSXVSTL,21,14.0,0.07167277167277168,0.07167277167277168,0.0,0.0,1.0,1.0,21,11.0,0.17358850975060616,0.047619047619047616,0.47619047619047616,2.0,0.611111111111111,0.3333333333333333,1.0,1.0,1.0,1.0,1.0
COCONUT+train,T2_tims,KSESCFZTYPOJHS,12,8.0,0.125,0.125,0.0,1.0,1.0,1.0,12,6.5,0.25860088985088986,0.08333333333333333,0.8333333333333334,4.0,0.37040816326530607,0.14285714285714285,1.0,1.0,1.0,1.0,1.0
COCONUT+train,T2_tims,UEFPQCWVDZLDFQ,87,59.5,0.016820588841587086,0.0,0.0,0.0,0.0,1.0,87,44.0,0.043861588250040315,0.011494252873563218,0.11494252873563218,47.0,0.0,0.0,0.0,1.0,1.0,1.0,1.0
COCONUT+train,T2_tims,XALOIECEGHZTLO,15,12.5,0.08012820512820512,0.08012820512820512,0.0,0.0,1.0,1.0,15,8.0,0.22121526621526624,0.06666666666666667,0.6666666666666666,3.0,0.3611111111111111,0.0,1.0,1.0,1.0,1.0,1.0
COCONUT+train,T2_tims,BOQMBHDQFMOEKP,122,109.5,0.009132610508757298,0.0,0.0,0.0,0.0,0.0,122,61.5,0.03127834571929104,0.00819672131147541,0.08196721311475409,93.5,0.0,0.0,0.0,1.0,1.0,1.0,1.0
COCONUT+train,T2_tims,IAOWACHQMUYHIX,34,20.5,0.04977291845245137,0.04977291845245137,0.0,0.0,1.0,1.0,34,17.5,0.11223406405157374,0.029411764705882353,0.29411764705882354,22.0,0.039566289502228506,0.0,0.0,3.0,0.3333333333333333,0.0,1.0
COCONUT+train,T2_tims,RRIJHCAKWSZNLX,48,37.0,0.02702702702702703,0.0,0.0,0.0,1.0,1.0,48,24.5,0.07949912870319807,0.020833333333333332,0.20833333333333334,26.5,0.02545526784081531,0.0,0.0,1.0,1.0,1.0,1.0
COCONUT+train,T2_tims,DXKLODDQWXWDIJ,26,25.5,0.039230769230769236,0.02,0.0,0.0,1.0,1.0,26,13.5,0.14676762222128875,0.038461538461538464,0.38461538461538464,25.0,0.04,0.0,0.0,1.0,1.0,1.0,1.0
COCONUT+train,T2_tims,CGIJFORAGKMGKA,110,68.5,0.014624288000043149,0.0,0.0,0.0,0.0,1.0,110,55.5,0.03469052888866825,0.00909090909090909,0.09090909090909091,61.0,0.0016252587991718427,0.0,0.0,1.0,1.0,1.0,1.0
COCONUT+train,T2_tims,JSYIECYFZLADIE,13,11.5,0.08712121212121213,0.08712121212121213,0.0,0.0,1.0,1.0,13,7.0,0.24462567347182732,0.07692307692307693,0.7692307692307693,1.0,1.0,1.0,1.0,1.0,1.0,1.0,1.0
COCONUT+train,T2_tims,XRBVGTHCCLBIFF,515,404.5,0.0024748560729803463,0.0,0.0,0.0,0.0,0.0,515,258.0,0.00740962752961846,0.001941747572815534,0.019417475728155338,296.5,0.0,0.0,0.0,3.0,0.3333333333333333,0.0,1.0
COCONUT+train,T2_tims,PVFDJVJKQWWKCT,86,82.0,0.012207234351902515,0.0,0.0,0.0,0.0,1.0,86,43.5,0.04437160671806404,0.011627906976744186,0.11627906976744186,43.5,0.04437160671806404,0.011627906976744186,0.11627906976744186,46.0,0.0,0.0,0.0
COCONUT+train,T2_tims,ZEHZPGRYYKUEJW,43,33.0,0.030303030303030304,0.0,0.0,0.0,1.0,1.0,43,22.0,0.08874321343612808,0.023255813953488372,0.23255813953488372,25.5,0.02,0.0,0.0,1.0,1.0,1.0,1.0
COCONUT+train,T2_tims,PIQDYYWOUGMSSD,22,20.0,0.05,0.05,0.0,0.0,1.0,1.0,22,11.5,0.16776423864623977,0.045454545454545456,0.45454545454545453,6.0,0.2745343040797586,0.09090909090909091,0.9090909090909091,2.0,0.5,0.0,1.0
COCONUT+train,T2_tims,NQHLAQOXQBHLDB,35,22.0,0.045517284647719425,0.045517284647719425,0.0,0.0,1.0,1.0,35,18.0,0.10902737650724306,0.02857142857142857,0.2857142857142857,14.0,0.07142857142857142,0.0,0.0,3.0,0.3333333333333333,0.0,1.0
COCONUT+train,T2_tims,HGDUZKLFLYTPNE,26,23.0,0.04381143701019478,0.038316931515689275,0.0,0.0,1.0,1.0,26,13.5,0.14676762222128875,0.038461538461538464,0.38461538461538464,23.5,0.03636975343497082,0.0,0.0,1.0,1.0,1.0,1.0
COCONUT+train,T2_tims,WMYVJACLHHPODG,37,19.5,0.051680709498046956,0.051680709498046956,0.0,0.0,1.0,1.0,37,19.0,0.10313400480414885,0.02702702702702703,0.2702702702702703,23.5,0.03411499706866357,0.0,0.0,3.0,0.3333333333333333,0.0,1.0
COCONUT+train,T2_tims,OXOALCVLBVMRKL,15,12.0,0.08576740719597863,0.08576740719597863,0.0,0.2857142857142857,1.0,1.0,15,8.0,0.22121526621526624,0.06666666666666667,0.6666666666666666,10.0,0.11226324180869635,0.0,0.5454545454545454,2.0,0.5,0.0,1.0
COCONUT+train,T2_tims,PFCAKTGTWZGNHQ,179,159.0,0.006309324238367176,0.0,0.0,0.0,0.0,0.0,179,90.0,0.02131820211035479,0.00558659217877095,0.055865921787709494,60.0,0.03206687544330678,0.008403361344537815,0.08403361344537816,51.0,0.0,0.0,0.0
COCONUT+train,T2_tims,ZETFZSTXIWDLNS,62,59.5,0.016807909604519774,0.0,0.0,0.0,0.0,1.0,62,31.5,0.06154771254441141,0.016129032258064516,0.16129032258064516,4.0,0.26111111111111107,0.0,1.0,1.0,1.0,1.0,1.0
COCONUT+train,T2_tims,WQNRHSVGAZNXTK,168,129.5,0.00793064602367426,0.0,0.0,0.0,0.0,0.09722222222222222,168,84.5,0.022714036772342305,0.005952380952380952,0.05952380952380952,89.0,0.0033859128198946505,0.0,0.0,60.0,0.0,0.0,0.0
COCONUT+train,T2_tims,XISRXQLTDTUIQI,41,30.5,0.032831039117538006,0.0,0.0,0.0,1.0,1.0,41,21.0,0.09307215067691481,0.024390243902439025,0.24390243902439024,19.5,0.05200781473223087,0.0,0.0,2.0,0.5,0.0,1.0
COCONUT+train,T2_tims,AMSSDEFTPNZUJZ,375,336.5,0.0029756330375299194,0.0,0.0,0.0,0.0,0.0,375,188.0,0.010175888474009352,0.0026666666666666666,0.02666666666666667,50.0,0.038545032098520275,0.010101010101010102,0.10101010101010101,2.0,0.5,0.0,1.0
COCONUT+train,T2_tims,RQOGYNWKJSZLDA,184,160.5,0.006231799847862899,0.0,0.0,0.0,0.0,0.0,184,92.5,0.020738903139964713,0.005434782608695652,0.05434782608695652,140.0,0.0,0.0,0.0,17.0,0.058823529411764705,0.0,0.0
COCONUT+train,T2_tims,BATBMTIXIWPZKP,168,141.0,0.007094578210670778,0.0,0.0,0.0,0.0,0.0,168,84.5,0.022714036772342305,0.005952380952380952,0.05952380952380952,95.5,0.0,0.0,0.0,46.0,0.0,0.0,0.0
COCONUT+train,T2_tims,BYFFZLLJWHGZQQ,46,31.5,0.031786107038123165,0.0,0.0,0.0,1.0,1.0,46,23.5,0.08295561255985885,0.021739130434782608,0.21739130434782608,28.5,0.0246386089940348,0.0,0.0,2.0,0.5,0.0,1.0
COCONUT+train,T2_tims,FOGCAZKQECNPMB,2,2.0,0.5,0.5,0.0,1.0,1.0,1.0,2,1.5,0.75,0.5,1.0,1.0,1.0,1.0,1.0,1.0,1.0,1.0,1.0
COCONUT+train,T2_tims,GYWLNGOMRARMKI,44,36.5,0.027457468866137594,0.0,0.0,0.0,1.0,1.0,44,22.5,0.08672632222167062,0.022727272727272728,0.22727272727272727,37.0,0.0,0.0,0.0,2.0,0.5,0.0,1.0
COCONUT+train,T2_tims,FEUUBZVKWAFNGK,38,33.0,0.030303030303030304,0.0,0.0,0.0,1.0,1.0,38,19.5,0.10041995204614493,0.02631578947368421,0.2631578947368421,5.5,0.22862103174603174,0.0,1.0,1.0,1.0,1.0,1.0
COCONUT+train,T2_tims,AXPLMQJMDJBSNW,42,38.0,0.02631578947368421,0.0,0.0,0.0,1.0,1.0,42,21.5,0.09085614708936922,0.023809523809523808,0.23809523809523808,22.0,0.04217589775504703,0.0,0.10344827586206896,39.0,0.0,0.0,0.0
COCONUT+train,T2_tims,WBGFJYJZHQIAAX,74,57.5,0.017392619479733817,0.0,0.0,0.0,0.0,1.0,74,37.5,0.05156700240207442,0.013513513513513514,0.13513513513513514,73.5,0.0,0.0,0.0,8.0,0.125,0.0,1.0
COCONUT+train,T2_tims,MRFXNXXXSDYUOG,167,153.5,0.006519156443121074,0.0,0.0,0.0,0.0,0.0,167,84.0,0.022850048968583874,0.005988023952095809,0.059880239520958084,42.5,0.012840013433486484,0.0,0.0,2.0,0.5,0.0,1.0
COCONUT+train,T2_tims,BFABPZNKUPCKPP,136,107.0,0.009487244355305346,0.0,0.0,0.0,0.0,0.35555555555555557,136,68.5,0.028058516012893435,0.007352941176470588,0.07352941176470588,61.5,0.0,0.0,0.0,8.0,0.125,0.0,1.0
COCONUT+train,T2_tims,CCEAADPXMQSZBL,145,111.0,0.009246527607201982,0.0,0.0,0.0,0.0,0.32786885245901637,145,73.0,0.02631695295002419,0.006896551724137931,0.06896551724137931,77.0,0.006669097171317691,0.0,0.0,33.0,0.0,0.0,0.0
COCONUT+train,T2_tims,FUTIJCXHMHKUDD,62,39.5,0.026001559061957134,0.0,0.0,0.0,1.0,1.0,62,31.5,0.06154771254441141,0.016129032258064516,0.16129032258064516,26.5,0.020053131222324584,0.0,0.0,3.0,0.3333333333333333,0.0,1.0
COCONUT+train,T2_tims,JSPUKMIOVRVNQN,3,3.0,0.3333333333333333,0.3333333333333333,0.0,1.0,1.0,1.0,3,2.0,0.611111111111111,0.3333333333333333,1.0,3.0,0.3333333333333333,0.0,1.0,1.0,1.0,1.0,1.0
COCONUT+train,T2_tims,UVYYDBBALWUPCN,88,68.0,0.014968526515571512,0.0,0.0,0.0,0.0,1.0,88,44.5,0.04336316111083531,0.011363636363636364,0.11363636363636363,52.0,0.006818208007185118,0.0,0.0,4.0,0.25,0.0,1.0
COCONUT+train,T2_tims,UPIKTEAUQCVOFI,215,198.5,0.005037815339322877,0.0,0.0,0.0,0.0,0.0,215,108.0,0.017748642687225615,0.004651162790697674,0.046511627906976744,15.5,0.12719860592511692,0.03333333333333333,0.3333333333333333,5.0,0.2,0.0,1.0
COCONUT+train,T2_tims,ZFZITSDETGOXQP,57,52.5,0.019056263853711133,0.0,0.0,0.0,0.0,1.0,57,29.0,0.06694663469742995,0.017543859649122806,0.17543859649122806,35.5,0.012443229613112842,0.0,0.0,35.0,0.0,0.0,0.0
COCONUT+train,T2_tims,DMQCMRDMEVNVPT,61,60.5,0.016530054644808743,0.0,0.0,0.0,0.0,1.0,61,31.0,0.06255669143858208,0.01639344262295082,0.16393442622950818,8.5,0.12275733525733527,0.0,0.8333333333333334,4.0,0.25,0.0,1.0
COCONUT+train,T2_tims,MFTXWNWVPSYJFS,61,49.5,0.02022611745189074,0.0,0.0,0.0,0.6666666666666666,1.0,61,31.0,0.06255669143858208,0.01639344262295082,0.16393442622950818,14.5,0.0806087876529726,0.0,0.2777777777777778,1.0,1.0,1.0,1.0
COCONUT+train,T2_tims,PEMHTVFWYNSALV,37,28.0,0.03580579063337684,0.0,0.0,0.0,1.0,1.0,37,19.0,0.10313400480414885,0.02702702702702703,0.2702702702702703,28.0,0.005714285714285714,0.0,0.0,1.0,1.0,1.0,1.0
COCONUT+train,T2_tims,MJXRBZZOVQKJIT,36,34.5,0.02901600033952975,0.0,0.0,0.0,1.0,1.0,36,18.5,0.10599883827093076,0.027777777777777776,0.2777777777777778,16.0,0.12309542508882282,0.03225806451612903,0.3225806451612903,1.0,1.0,1.0,1.0
COCONUT+train,T2_tims,BOMXHGIGNUKJFS,5,5.0,0.2,0.2,0.0,1.0,1.0,1.0,5,3.0,0.45666666666666667,0.2,1.0,1.5,0.75,0.5,1.0,1.0,1.0,1.0,1.0
COCONUT+train,T2_tims,IXZOQLLYSKOHGV,33,30.5,0.032831039117538006,0.0,0.0,0.0,1.0,1.0,33,17.0,0.11563509629556082,0.030303030303030304,0.30303030303030304,12.0,0.08333333333333333,0.0,0.0,1.0,1.0,1.0,1.0
COCONUT+train,T2_tims,JSNOSSCAQRNJKJ,107,104.5,0.009570473566855689,0.0,0.0,0.0,0.0,0.0,107,54.0,0.0356631605397524,0.009345794392523364,0.09345794392523364,33.0,0.02099978561245219,0.0,0.02127659574468085,14.0,0.07142857142857142,0.0,0.0
COCONUT+train,T2_tims,UTQDICWRKOARRE,79,35.0,0.02857142857142857,0.0,0.0,0.0,1.0,1.0,79,40.0,0.048303268072829204,0.012658227848101266,0.12658227848101267,13.0,0.08202281230356097,0.0,0.2727272727272727,4.0,0.25,0.0,1.0
COCONUT+train,T2_tims,FBCZBIWWCYWZGP,152,130.0,0.00776357506915598,0.0,0.0,0.0,0.0,0.0,152,76.5,0.025104988011536232,0.006578947368421052,0.06578947368421052,105.0,0.0,0.0,0.0,20.0,0.05,0.0,0.0
COCONUT+train,T2_tims,UFDZGDOMJJISFU,44,41.5,0.024099883855981417,0.0,0.0,0.0,1.0,1.0,44,22.5,0.08672632222167062,0.022727272727272728,0.22727272727272727,23.0,0.0654873994826397,0.0,0.20930232558139536,3.0,0.3333333333333333,0.0,1.0
COCONUT+train,T2_tims,LMYDOLZWKTZEQM,435,336.0,0.0029785841087244117,0.0,0.0,0.0,0.0,0.0,435,218.0,0.008772317650008063,0.0022988505747126436,0.022988505747126436,238.0,0.0,0.0,0.0,199.0,0.0,0.0,0.0
COCONUT+train,T2_tims,GKACGDYLDIPUBV,68,50.0,0.02019537122964019,0.0,0.0,0.0,0.5294117647058824,1.0,68,34.5,0.05611703202578687,0.014705882352941176,0.14705882352941177,35.0,0.04202922653363443,0.0,0.13432835820895522,1.0,1.0,1.0,1.0
COCONUT+train,T2_tims,IWWPWUVDUQNCNR,160,112.5,0.008965865921296525,0.0,0.0,0.0,0.0,0.16666666666666666,160,80.5,0.02384973861095942,0.00625,0.0625,81.0,0.01771042879090256,0.0,0.05660377358490566,115.0,0.0,0.0,0.0
COCONUT+train,T2_tims,WWTPJAXBOCIKIT,42,33.0,0.030585932731206186,0.0,0.0,0.0,1.0,1.0,42,21.5,0.09085614708936922,0.023809523809523808,0.23809523809523808,20.5,0.0741041625724607,0.0,0.23684210526315788,1.0,1.0,1.0,1.0
COCONUT+train,T2_tims,ATVNHUJOCFGWDL,203,167.5,0.006008083471082187,0.0,0.0,0.0,0.0,0.0,203,102.0,0.01879782353573156,0.0049261083743842365,0.04926108374384237,91.5,0.0018626286153460069,0.0,0.0,2.0,0.5,0.0,1.0
COCONUT+train,T2_tims,NFWQQPMBVMNGFN,84,64.0,0.015663313600878113,0.0,0.0,0.0,0.0,1.0,84,42.5,0.04542807354468461,0.011904761904761904,0.11904761904761904,47.0,0.013159865650470039,0.0,0.013333333333333334,3.0,0.3333333333333333,0.0,1.0
COCONUT+train,T2_tims,CXPPYBZPSANVNV,26,25.0,0.04,0.04,0.0,0.0,1.0,1.0,26,13.5,0.14676762222128875,0.038461538461538464,0.38461538461538464,13.5,0.14676762222128875,0.038461538461538464,0.38461538461538464,4.0,0.25,0.0,1.0
COCONUT+train,T2_tims,RGNSSAMIDAGJHF,11,11.0,0.09090909090909091,0.09090909090909091,0.0,0.0,1.0,1.0,11,6.0,0.2745343040797586,0.09090909090909091,0.9090909090909091,6.5,0.15476190476190477,0.0,1.0,1.0,1.0,1.0,1.0
COCONUT+train,T2_tims,OREHGDCKYYMIRK,51,46.5,0.021534452954599645,0.0,0.0,0.0,1.0,1.0,51,26.0,0.07482270936771583,0.0196078431372549,0.19607843137254902,8.0,0.1527394322848868,0.0,0.7272727272727273,2.0,0.5,0.0,1.0
COCONUT+train,T2_tims,JSLHDUFJTMHYIL,60,44.0,0.02348244753748009,0.0,0.0,0.0,0.7407407407407407,1.0,60,30.5,0.06359930296255846,0.016666666666666666,0.16666666666666666,44.5,0.0,0.0,0.0,1.0,1.0,1.0,1.0
COCONUT+train,T2_tims,ZCUMIVVVAIBMFF,12,10.0,0.10067340067340068,0.10067340067340068,0.0,0.6666666666666666,1.0,1.0,12,6.5,0.25860088985088986,0.08333333333333333,0.8333333333333334,5.0,0.20555555555555557,0.0,1.0,1.0,1.0,1.0,1.0
COCONUT+train,T2_tims,FBUDAMXJONHJHE,4,4.0,0.25,0.25,0.0,1.0,1.0,1.0,4,2.5,0.5208333333333333,0.25,1.0,2.5,0.5208333333333333,0.25,1.0,1.0,1.0,1.0,1.0
COCONUT+train,T2_tims,PDBVGSUHODPURT,241,199.0,0.005025125628140704,0.0,0.0,0.0,0.0,0.0,241,121.0,0.015833851359973058,0.004149377593360996,0.04149377593360996,2.5,0.5208333333333333,0.25,1.0,1.0,1.0,1.0,1.0
COCONUT+train,T2_tims,DVTAHMHJQBTCJM,25,19.0,0.05272904483430799,0.05272904483430799,0.0,0.0,1.0,1.0,25,13.0,0.15263832711014028,0.04,0.4,13.0,0.09776210088862851,0.0,0.3684210526315789,1.0,1.0,1.0,1.0
COCONUT+train,T2_tims,GNCCUDODHZNESB,52,49.5,0.02022611745189074,0.0,0.0,0.0,0.6666666666666666,1.0,52,26.5,0.07338381111064438,0.019230769230769232,0.19230769230769232,21.5,0.09085614708936922,0.023809523809523808,0.23809523809523808,14.0,0.07142857142857142,0.0,0.0
COCONUT+train,T2_tims,VCMPVSUAFIBWCY,23,21.5,0.046536796536796536,0.046536796536796536,0.0,0.0,1.0,1.0,23,12.0,0.16236050048203654,0.043478260869565216,0.43478260869565216,8.5,0.1274846681096681,0.0,0.75,3.0,0.3333333333333333,0.0,1.0
COCONUT+train,T2_tims,HROSLSBBLPMBIU,62,41.0,0.02652594123561559,0.004374345461301983,0.0,0.0,0.7435897435897436,1.0,62,31.5,0.06154771254441141,0.016129032258064516,0.16129032258064516,34.0,0.023077378016912526,0.0,0.05660377358490566,10.0,0.1,0.0,1.0
COCONUT+train,T2_tims,CCUDDJUMRUVVKD,77,67.5,0.014867991733426874,0.0,0.0,0.0,0.0,1.0,77,39.0,0.049557898412383214,0.012987012987012988,0.12987012987012986,40.0,0.024403166822819344,0.0,0.08450704225352113,4.0,0.25,0.0,1.0
COCONUT+train,T2_tims,OIUFJNXPFJWFEA,47,32.5,0.0317964778215532,0.006257246376811594,0.0,0.0,1.0,1.0,47,24.0,0.08119059952667036,0.02127659574468085,0.2127659574468085,5.0,0.31432980599647264,0.1111111111111111,1.0,1.0,1.0,1.0,1.0
COCONUT+train,T2_tims,OVEWDXFUFSOJGH,45,31.0,0.03497307318352858,0.015007902914638402,0.0,0.0,1.0,1.0,45,23.0,0.0847990706167446,0.022222222222222223,0.2222222222222222,7.0,0.24462567347182732,0.07692307692307693,0.7692307692307693,4.0,0.25,0.0,1.0
COCONUT+train,T2_tims,ASDTXSKRGFGQFQ,204,154.0,0.006503573874853816,0.0,0.0,0.0,0.0,0.0,204,102.5,0.018705677341928958,0.004901960784313725,0.049019607843137254,117.5,0.0,0.0,0.0,5.0,0.2,0.0,1.0
COCONUT+train,T2_tims,NQUPISGQBMEBQR,7,7.0,0.14285714285714285,0.14285714285714285,0.0,1.0,1.0,1.0,7,4.0,0.37040816326530607,0.14285714285714285,1.0,4.0,0.37040816326530607,0.14285714285714285,1.0,1.0,1.0,1.0,1.0
COCONUT+train,T2_tims,KZYOCNFOWOKTRW,129,124.5,0.008036407655360692,0.0,0.0,0.0,0.0,0.0,129,65.0,0.029581071145376024,0.007751937984496124,0.07751937984496124,65.0,0.029581071145376024,0.007751937984496124,0.07751937984496124,6.0,0.16666666666666666,0.0,1.0
COCONUT+train,T2_tims,UQADOUXGUXQLIZ,515,402.0,0.002489936774779425,0.0,0.0,0.0,0.0,0.0,515,258.0,0.00740962752961846,0.001941747572815534,0.019417475728155338,296.5,0.0,0.0,0.0,36.0,0.0,0.0,0.0
COCONUT+train,T2_tims,BWTATKJJSSBVGM,19,16.5,0.06088643790849673,0.06088643790849673,0.0,0.0,1.0,1.0,19,10.0,0.18672313984966749,0.05263157894736842,0.5263157894736842,12.0,0.08372183372183373,0.0,0.0,4.0,0.25,0.0,1.0
COCONUT+train,T2_tims,GDNRYVQWHOPMAJ,8,7.5,0.13392857142857142,0.13392857142857142,0.0,1.0,1.0,1.0,8,4.5,0.3397321428571428,0.125,1.0,2.5,0.41666666666666663,0.0,1.0,2.0,0.5,0.0,1.0
COCONUT+train,T2_tims,BYGAAZOMQDMXOI,41,29.5,0.0356106800336392,0.01458409543441788,0.0,0.0,1.0,1.0,41,21.0,0.09307215067691481,0.024390243902439025,0.24390243902439024,20.5,0.04434949618926264,0.0,0.0,1.0,1.0,1.0,1.0
COCONUT+train,T2_tims,UGADIQZJODFMPZ,24,22.5,0.044466403162055336,0.044466403162055336,0.0,0.0,1.0,1.0,24,12.5,0.15733159073972947,0.041666666666666664,0.4166666666666667,20.0,0.05050893112254957,0.0,0.0,3.0,0.3333333333333333,0.0,1.0
COCONUT+train,T2_tims,ZBCBRKZEIBKHGH,38,33.0,0.030303030303030304,0.0,0.0,0.0,1.0,1.0,38,19.5,0.10041995204614493,0.02631578947368421,0.2631578947368421,1.5,0.75,0.5,1.0,3.0,0.3333333333333333,0.0,1.0
COCONUT+train,T2_tims,SSBPJRMVQOYYOG,26,20.5,0.04912316474101371,0.04912316474101371,0.0,0.0,1.0,1.0,26,13.5,0.14676762222128875,0.038461538461538464,0.38461538461538464,14.0,0.07969058031751529,0.0,0.26666666666666666,4.0,0.25,0.0,1.0
COCONUT+train,T2_tims,MXAXRMDKTBUNAY,248,234.0,0.0042775696188064784,0.0,0.0,0.0,0.0,0.0,248,124.5,0.015386928136102852,0.004032258064516129,0.04032258064516129,119.0,0.009939734668469986,0.0,0.034334763948497854,1.0,1.0,1.0,1.0
COCONUT+train,T2_tims,MQOWTPLLOAQDGI,21,18.0,0.05567022130489622,0.05567022130489622,0.0,0.0,1.0,1.0,21,11.0,0.17358850975060616,0.047619047619047616,0.47619047619047616,11.0,0.17358850975060616,0.047619047619047616,0.47619047619047616,13.0,0.07692307692307693,0.0,0.0
COCONUT+train,T2_tims,VIXBYXPGWOFDHR,88,59.0,0.017131136585154215,0.0,0.0,0.0,0.09523809523809523,1.0,88,44.5,0.04336316111083531,0.011363636363636364,0.11363636363636363,36.5,0.0,0.0,0.0,1.0,1.0,1.0,1.0
COCONUT+train,T2_tims,BDUJDDQMAKGVSI,54,51.0,0.019612870789341378,0.0,0.0,0.0,0.3333333333333333,1.0,54,27.5,0.0706658921806205,0.018518518518518517,0.18518518518518517,31.5,0.023871761628181828,0.0,0.043478260869565216,15.0,0.06666666666666667,0.0,0.0
COCONUT+train,T2_tims,UAUWVCHDNXRWBZ,500,398.5,0.0025113130838695257,0.0,0.0,0.0,0.0,0.0,500,250.5,0.007631916355507014,0.002,0.02,280.5,0.0,0.0,0.0,62.0,0.0,0.0,0.0
COCONUT+train,T2_tims,ZGGYCZDTLTXRBM,62,52.5,0.019049346879535557,0.0,0.0,0.0,0.0,1.0,62,31.5,0.06154771254441141,0.016129032258064516,0.16129032258064516,27.5,0.010208333333333333,0.0,0.0,1.0,1.0,1.0,1.0
COCONUT+train,T2_tims,AWXSXBGRGBBVRY,226,200.0,0.005017610994186606,0.0,0.0,0.0,0.0,0.0,226,113.5,0.016884770698024368,0.004424778761061947,0.04424778761061947,183.5,0.0,0.0,0.0,30.0,0.0,0.0,0.0
COCONUT+train,T2_tims,BOPOLDWUMCOMRR,55,38.5,0.026356257191607103,0.0,0.0,0.0,1.0,1.0,55,28.0,0.0693810577773365,0.01818181818181818,0.18181818181818182,38.0,0.0,0.0,0.0,1.0,1.0,1.0,1.0
COCONUT+train,T2_tims,WCDCOEPMLZMYKY,128,103.5,0.009784782002385865,0.0,0.0,0.0,0.0,0.425,128,64.5,0.029812173263699275,0.0078125,0.078125,55.5,0.021848662054278364,0.0,0.07547169811320754,3.0,0.3333333333333333,0.0,1.0
COCONUT+train,T2_tims,OSLASFVOYSAOBB,177,144.0,0.006954517531230045,0.0,0.0,0.0,0.0,0.0,177,89.0,0.021559085750019816,0.005649717514124294,0.05649717514124294,90.0,0.013234046730020039,0.0,0.045714285714285714,2.0,0.5,0.0,1.0
COCONUT+train,T2_tims,ZHRUVGYUPQWGIC,9,8.5,0.11805555555555555,0.11805555555555555,0.0,1.0,1.0,1.0,9,5.0,0.31432980599647264,0.1111111111111111,1.0,1.5,0.75,0.5,1.0,1.0,1.0,1.0,1.0
COCONUT+train,T2_tims,WIAOMCSVVVZVQP,121,110.5,0.00906184637378586,0.0,0.0,0.0,0.0,0.0,121,61.0,0.03153684444424386,0.008264462809917356,0.08264462809917356,61.0,0.03153684444424386,0.008264462809917356,0.08264462809917356,10.0,0.1,0.0,1.0
COCONUT+train,T2_tims,PVIWHSHROTZJSH,177,143.0,0.007005586507286488,0.0,0.0,0.0,0.0,0.0,177,89.0,0.021559085750019816,0.005649717514124294,0.05649717514124294,97.0,0.002703286860400706,0.0,0.0,2.0,0.5,0.0,1.0
COCONUT+train,T2_tims,DYQJXDRCRMWMKS,89,87.0,0.011494252873563218,0.0,0.0,0.0,0.0,1.0,89,45.0,0.04287593458150008,0.011235955056179775,0.11235955056179775,1.0,1.0,1.0,1.0,13.0,0.07692307692307693,0.0,0.0
COCONUT+train,T2_tims,UHAVYSTYHZDMRR,52,24.5,0.04083333333333333,0.04083333333333333,0.0,0.0,1.0,1.0,52,26.5,0.07338381111064438,0.019230769230769232,0.19230769230769232,42.5,0.0,0.0,0.0,3.0,0.3333333333333333,0.0,1.0
COCONUT+train,T2_tims,IDTNAQBXDYFDLC,184,153.0,0.006613131833944182,0.0,0.0,0.0,0.0,0.0,184,92.5,0.020738903139964713,0.005434782608695652,0.05434782608695652,106.0,0.0,0.0,0.0,2.0,0.5,0.0,1.0
COCONUT+train,T2_tims,XJKXNLQJRHHORC,76,50.0,0.020016021793332717,0.0,0.0,0.0,0.6,1.0,76,38.5,0.050209976023072464,0.013157894736842105,0.13157894736842105,8.0,0.1337920016491445,0.0,0.8571428571428571,11.0,0.09090909090909091,0.0,0.0
COCONUT+train,T2_tims,RDENYULJDKDIBU,70,43.5,0.025866932296511377,0.005587885846038021,0.0,0.0,0.6458333333333334,1.0,70,35.5,0.05451368825362153,0.014285714285714285,0.14285714285714285,44.0,0.0,0.0,0.0,1.0,1.0,1.0,1.0
COCONUT+train,T2_tims,JZKYNQADKGCDHZ,157,128.5,0.007787724642737584,0.0,0.0,0.0,0.0,0.0,157,79.0,0.02430546610034081,0.006369426751592357,0.06369426751592357,140.5,0.0,0.0,0.0,2.0,0.5,0.0,1.0
COCONUT+train,T2_tims,ZXYAPLYKSBWPOF,155,128.5,0.007784576840420046,0.0,0.0,0.0,0.0,0.0,155,78.0,0.024619085017764563,0.0064516129032258064,0.06451612903225806,53.5,0.0006896551724137932,0.0,0.0,1.0,1.0,1.0,1.0
COCONUT+train,T2_tims,MNXFYIZQDCQGEY,20,15.0,0.06686507936507936,0.06686507936507936,0.0,0.0,1.0,1.0,20,10.5,0.1798869828571841,0.05,0.5,15.0,0.06666666666666667,0.0,0.0,3.0,0.3333333333333333,0.0,1.0
COCONUT+train,T2_tims,VXBZSVSDIVVYHU,172,167.5,0.005971905706062456,0.0,0.0,0.0,0.0,0.0,172,86.5,0.02218580335903202,0.005813953488372093,0.05813953488372093,68.5,0.021014613266817216,0.0,0.06716417910447761,2.0,0.5,0.0,1.0
COCONUT+train,T2_tims,WRQKFPCOLGAHDI,232,173.5,0.005880387447618253,0.0,0.0,0.0,0.0,0.0,232,116.5,0.016448095593765116,0.004310344827586207,0.04310344827586207,79.5,0.001849309496693432,0.0,0.0,95.0,0.0,0.0,0.0
COCONUT+train,T2_tims,YREBTSHCNVQGGN,167,113.5,0.00942861572310581,0.0,0.0,0.0,0.0,0.3673469387755102,167,84.0,0.022850048968583874,0.005988023952095809,0.059880239520958084,84.0,0.006624093448223173,0.0,0.006711409395973154,20.0,0.05,0.0,0.0
COCONUT+train,T2_tims,QXDWPFREKXACSB,98,83.0,0.012072766649808846,0.0,0.0,0.0,0.0,1.0,98,49.5,0.03893834875258681,0.01020408163265306,0.10204081632653061,41.5,0.029691771509660344,0.0,0.10256410256410256,1.0,1.0,1.0,1.0
COCONUT+train,T2_tims,QJOAEKNDONVOLJ,156,107.0,0.009347427473269719,0.0,0.0,0.0,0.0,0.0,156,78.5,0.02446127037021479,0.00641025641025641,0.0641025641025641,153.0,0.0,0.0,0.0,1.0,1.0,1.0,1.0
COCONUT+train,T2_tims,IXTZPKTUKNAMQB,248,217.0,0.004613393951086565,0.0,0.0,0.0,0.0,0.0,248,124.5,0.015386928136102852,0.004032258064516129,0.04032258064516129,122.0,0.006577789031846238,0.0,0.02145922746781116,126.0,0.0,0.0,0.0
COCONUT+train,T2_tims,DZHIUODBXFOXTN,38,35.0,0.02857142857142857,0.0,0.0,0.0,1.0,1.0,38,19.5,0.10041995204614493,0.02631578947368421,0.2631578947368421,24.0,0.03403413530293976,0.0,0.034482758620689655,2.0,0.5,0.0,1.0
COCONUT+train,T2_tims,OWBFUDKYWJUUSG,216,166.5,0.006006276837656248,0.0,0.0,0.0,0.0,0.0,216,108.5,0.017666473045155125,0.004629629629629629,0.046296296296296294,33.5,0.05781754814778041,0.015151515151515152,0.15151515151515152,3.0,0.3333333333333333,0.0,1.0
COCONUT+train,T2_tims,IPJPUYDZGIBJRZ,26,17.5,0.05718954248366013,0.05718954248366013,0.0,0.0,1.0,1.0,26,13.5,0.14676762222128875,0.038461538461538464,0.38461538461538464,10.5,0.09545454545454546,0.0,0.5,1.0,1.0,1.0,1.0
COCONUT+train,T2_tims,GFMMASGVMVDYAE,126,108.0,0.009270396791508704,0.0,0.0,0.0,0.0,0.0,126,63.5,0.030285382363123073,0.007936507936507936,0.07936507936507936,35.0,0.023964178557079066,0.0,0.07017543859649122,1.0,1.0,1.0,1.0
COCONUT+train,T2_tims,LWCHKMYHSXEXHP,69,54.5,0.01835016835016835,0.0,0.0,0.0,0.0,1.0,69,35.0,0.05530374170657257,0.014492753623188406,0.14492753623188406,28.0,0.02815643679221446,0.0,0.05128205128205128,13.0,0.07692307692307693,0.0,0.0
COCONUT+train,T2_tims,ZQCYEUMJXQGDAZ,54,39.0,0.025811606144504503,0.0,0.0,0.0,1.0,1.0,54,27.5,0.0706658921806205,0.018518518518518517,0.18518518518518517,30.0,0.02274333137910905,0.0,0.0,2.0,0.5,0.0,1.0
COCONUT+train,T2_tims,SPOYITWLDDWTHQ,33,27.0,0.037070953737620406,0.0,0.0,0.0,1.0,1.0,33,17.0,0.11563509629556082,0.030303030303030304,0.30303030303030304,14.5,0.0806087876529726,0.0,0.2777777777777778,1.0,1.0,1.0,1.0
COCONUT+train,T2_tims,QVZGZNMJEHAAOT,188,168.5,0.005935815844982679,0.0,0.0,0.0,0.0,0.0,188,94.5,0.02029764988166759,0.005319148936170213,0.05319148936170213,147.0,0.0,0.0,0.0,46.0,0.0,0.0,0.0
COCONUT+train,T2_tims,YBWYXWSKNQGVKL,50,48.0,0.020833333333333332,0.0,0.0,0.0,1.0,1.0,50,25.5,0.07631916355507014,0.02,0.2,16.0,0.08577622880568543,0.0,0.2962962962962963,8.0,0.125,0.0,1.0
COCONUT+train,T2_tims,DRQRRCFHZZOGSR,62,49.0,0.020413832199546483,0.0,0.0,0.0,1.0,1.0,62,31.5,0.06154771254441141,0.016129032258064516,0.16129032258064516,28.0,0.025342569251007224,0.0,0.0,1.0,1.0,1.0,1.0
COCONUT+train,T2_tims,DKINTCVDKVVLAX,159,145.5,0.006891201274447998,0.0,0.0,0.0,0.0,0.0,159,80.0,0.02399973696700319,0.006289308176100629,0.06289308176100629,137.0,0.0,0.0,0.0,31.0,0.0,0.0,0.0
COCONUT+train,T2_tims,KZPPPQOYRSMTDU,360,341.5,0.0029309718742596214,0.0,0.0,0.0,0.0,0.0,360,180.5,0.010599883827093076,0.002777777777777778,0.027777777777777776,184.0,0.0,0.0,0.0,52.0,0.0,0.0,0.0
COCONUT+train,T2_tims,VLTSULDBTDLSNL,46,36.5,0.027738915929626396,0.0,0.0,0.0,1.0,1.0,46,23.5,0.08295561255985885,0.021739130434782608,0.21739130434782608,24.5,0.030618493572160073,0.0,0.0,7.0,0.14285714285714285,0.0,1.0
COCONUT+train,T2_tims,DNQSKCBQKWFORY,49,39.5,0.02558514646782747,0.0,0.0,0.0,1.0,1.0,49,25.0,0.07787669750517362,0.02040816326530612,0.20408163265306123,18.5,0.06608749481400579,0.0,0.23333333333333334,1.0,1.0,1.0,1.0
COCONUT+train,T2_tims,BKGDEBKBITUVIC,14,10.0,0.10758099924766591,0.10758099924766591,0.0,0.5555555555555556,1.0,1.0,14,7.5,0.23225445189730906,0.07142857142857142,0.7142857142857143,11.5,0.08712121212121213,0.0,0.0,1.0,1.0,1.0,1.0
COCONUT+train,T2_tims,YMQFPVIYMRKXHP,61,50.5,0.02006636870076809,0.0,0.0,0.0,0.5,1.0,61,31.0,0.06255669143858208,0.01639344262295082,0.16393442622950818,28.5,0.06814211031702691,0.017857142857142856,0.17857142857142858,4.0,0.25,0.0,1.0
COCONUT+train,T2_tims,GMCSQQHGSDFIJF,77,69.5,0.014389233954451346,0.0,0.0,0.0,0.0,1.0,77,39.0,0.049557898412383214,0.012987012987012988,0.12987012987012986,3.0,0.45666666666666667,0.2,1.0,4.0,0.25,0.0,1.0
COCONUT+train,T2_tims,KFIHQZYUPVMFAD,60,43.5,0.02299154334038055,0.0,0.0,0.0,1.0,1.0,60,30.5,0.06359930296255846,0.016666666666666666,0.16666666666666666,2.5,0.5208333333333333,0.25,1.0,3.0,0.3333333333333333,0.0,1.0
COCONUT+train,T2_tims,SAIHTYYCNIVEHY,199,146.0,0.006849957816453531,0.0,0.0,0.0,0.0,0.0,199,100.0,0.019175669234942246,0.005025125628140704,0.05025125628140704,100.5,0.0,0.0,0.0,172.0,0.0,0.0,0.0
COCONUT+train,T2_tims,USSJFWNVZPNIPX,54,42.0,0.023809523809523808,0.0,0.0,0.0,1.0,1.0,54,27.5,0.0706658921806205,0.018518518518518517,0.18518518518518517,1.5,0.75,0.5,1.0,1.0,1.0,1.0,1.0
COCONUT+train,T2_tims,VZBIKTYCQAZWBZ,32,26.5,0.0378032153032153,0.01,0.0,0.0,1.0,1.0,32,16.5,0.1192486930547971,0.03125,0.3125,17.5,0.060499280270375204,0.0,0.0,1.0,1.0,1.0,1.0
COCONUT+train,T2_tims,QSCXLDGFZIJXNK,13,13.0,0.07692307692307693,0.07692307692307693,0.0,0.0,1.0,1.0,13,7.0,0.24462567347182732,0.07692307692307693,0.7692307692307693,11.5,0.08712121212121213,0.0,0.0,2.0,0.5,0.0,1.0
COCONUT+train,T2_tims,UKYQVYOEBBKPKJ,198,169.0,0.005974211456833711,0.0,0.0,0.0,0.0,0.0,198,99.5,0.019272516049260138,0.005050505050505051,0.050505050505050504,99.5,0.019272516049260138,0.005050505050505051,0.050505050505050504,11.0,0.09090909090909091,0.0,0.0
COCONUT+train,T2_tims,ACUJWUBZDPHSJO,152,128.0,0.007887199962849575,0.0,0.0,0.0,0.0,0.0,152,76.5,0.025104988011536232,0.006578947368421052,0.06578947368421052,104.0,0.0,0.0,0.0,6.0,0.16666666666666666,0.0,1.0
COCONUT+train,T2_tims,PFUHNMOLTQBSCD,137,66.0,0.015151515151515152,0.0,0.0,0.0,0.0,1.0,137,69.0,0.027853709326667937,0.0072992700729927005,0.072992700729927,10.0,0.10207070707070709,0.0,0.6,2.0,0.5,0.0,1.0
COCONUT+train,T2_tims,KJLMPABUMBFPQQ,108,93.0,0.010770143861199632,0.0,0.0,0.0,0.0,1.0,108,54.5,0.03533294609031025,0.009259259259259259,0.09259259259259259,82.5,0.0,0.0,0.0,91.0,0.0,0.0,0.0
COCONUT+train,T2_tims,FOJPFHAYXQBIES,405,370.0,0.002709684276002225,0.0,0.0,0.0,0.0,0.0,405,203.0,0.009422118957416067,0.0024691358024691358,0.024691358024691357,172.0,0.0,0.0,0.0,3.0,0.3333333333333333,0.0,1.0
COCONUT+train,T2_tims,XBEZQLMDSGJJBM,22,18.5,0.05425266597867216,0.05425266597867216,0.0,0.0,1.0,1.0,22,11.5,0.16776423864623977,0.045454545454545456,0.45454545454545453,10.5,0.10019529082029081,0.0,0.5,9.0,0.1111111111111111,0.0,1.0
COCONUT+train,T2_tims,NGWJEBJNIRTCJA,168,158.5,0.006310467224452785,0.0,0.0,0.0,0.0,0.0,168,84.5,0.022714036772342305,0.005952380952380952,0.05952380952380952,47.0,0.0041173305775438675,0.0,0.0,3.0,0.3333333333333333,0.0,1.0
COCONUT+train,T2_tims,BLMUISAYXKKRGH,360,302.5,0.0033096920456718586,0.0,0.0,0.0,0.0,0.0,360,180.5,0.010599883827093076,0.002777777777777778,0.027777777777777776,320.5,0.0,0.0,0.0,158.0,0.0,0.0,0.0
COCONUT+train,T2_tims,CKJWUVNIBDTIET,5,5.0,0.2,0.2,0.0,1.0,1.0,1.0,5,3.0,0.45666666666666667,0.2,1.0,3.0,0.45666666666666667,0.2,1.0,1.0,1.0,1.0,1.0
COCONUT+train,T2_tims,HPTTWLATEMMSGN,18,15.5,0.06531623333093922,0.06531623333093922,0.0,0.0,1.0,1.0,18,9.5,0.1941726710109063,0.05555555555555555,0.5555555555555556,9.0,0.11203703703703705,0.0,1.0,2.0,0.5,0.0,1.0
COCONUT+train,T2_tims,APFFAGDRWBUGKX,42,28.0,0.03571428571428571,0.0,0.0,0.0,1.0,1.0,42,21.5,0.09085614708936922,0.023809523809523808,0.23809523809523808,31.5,0.005104166666666667,0.0,0.0,1.0,1.0,1.0,1.0
COCONUT+train,T2_tims,JFPYVSGALWQPHI,215,157.5,0.006394903355942601,0.0,0.0,0.0,0.0,0.0,215,108.0,0.017748642687225615,0.004651162790697674,0.046511627906976744,74.5,0.02578350120103721,0.006756756756756757,0.06756756756756757,27.0,0.0,0.0,0.0
COCONUT+train,T2_tims,LUQDZVZRSQIRRI,92,77.5,0.012903762903762904,0.0,0.0,0.0,0.0,1.0,92,46.5,0.041477806279929426,0.010869565217391304,0.10869565217391304,46.0,0.0,0.0,0.0,2.0,0.5,0.0,1.0
COCONUT+train,T2_tims,AGVKPHYORPFPGO,297,277.0,0.0036138793824715206,0.0,0.0,0.0,0.0,0.0,297,149.0,0.012848344032840091,0.003367003367003367,0.03367003367003367,53.5,0.019826248444201736,0.0,0.07,74.0,0.0,0.0,0.0
COCONUT+train,T2_tims,YDAQWUKRFSEUOB,62,54.5,0.01838115692665915,0.0,0.0,0.0,0.0,1.0,62,31.5,0.06154771254441141,0.016129032258064516,0.16129032258064516,44.5,0.0,0.0,0.0,2.0,0.5,0.0,1.0
COCONUT+train,T2_tims,ZRBQKZFTICVNSL,49,27.5,0.036375661375661374,0.0,0.0,0.0,1.0,1.0,49,25.0,0.07787669750517362,0.02040816326530612,0.20408163265306123,16.0,0.06350413984757196,0.0,0.0,1.0,1.0,1.0,1.0
COCONUT+train,T2_tims,DKGBKTXBGPDGSC,134,126.5,0.007907733348898565,0.0,0.0,0.0,0.0,0.0,134,67.5,0.028477299833981395,0.007462686567164179,0.07462686567164178,125.5,0.0,0.0,0.0,1.0,1.0,1.0,1.0
COCONUT+train,T2_tims,CEPWHAYJIGRYDC,172,167.5,0.005971905706062456,0.0,0.0,0.0,0.0,0.0,172,86.5,0.02218580335903202,0.005813953488372093,0.05813953488372093,154.0,0.0,0.0,0.0,72.0,0.0,0.0,0.0
COCONUT+train,T2_tims,UUVWODAFCLOROI,191,172.0,0.005815919907412023,0.0,0.0,0.0,0.0,0.0,191,96.0,0.019978838626981712,0.005235602094240838,0.05235602094240838,173.5,0.0,0.0,0.0,2.0,0.5,0.0,1.0
COCONUT+train,T2_tims,GZOLCXRSBZOECQ,198,166.5,0.006044633178684527,0.0,0.0,0.0,0.0,0.0,198,99.5,0.019272516049260138,0.005050505050505051,0.050505050505050504,99.5,0.019272516049260138,0.005050505050505051,0.050505050505050504,38.0,0.0,0.0,0.0
COCONUT+train,T2_tims,OYPQLADRVYJMOF,87,70.0,0.014305197569925512,0.0,0.0,0.0,0.0,1.0,87,44.0,0.043861588250040315,0.011494252873563218,0.11494252873563218,53.5,0.0,0.0,0.0,13.0,0.07692307692307693,0.0,0.0
COCONUT+train,T2_tims,BCISPIPBIYDICS,194,178.5,0.005613756006066755,0.0,0.0,0.0,0.0,0.0,194,97.5,0.019669887514193338,0.005154639175257732,0.05154639175257732,51.0,0.03778176413617334,0.009900990099009901,0.09900990099009901,3.0,0.3333333333333333,0.0,1.0
COCONUT+train,T2_tims,GUUSKAZWEDQDES,96,71.5,0.014060355061820188,0.0,0.0,0.0,0.0,1.0,96,48.5,0.039749564351599036,0.010416666666666666,0.10416666666666667,73.5,0.0,0.0,0.0,1.0,1.0,1.0,1.0
COCONUT+train,T2_tims,WNVMRURBLMEIRT,162,155.5,0.006435195142064238,0.0,0.0,0.0,0.0,0.0,162,81.5,0.02355529739354017,0.006172839506172839,0.06172839506172839,74.0,0.025958899168391204,0.006802721088435374,0.06802721088435375,2.0,0.5,0.0,1.0
COCONUT+train,T2_tims,BYNGAHASFBGAIG,179,123.0,0.008269711050092797,0.0,0.0,0.0,0.0,0.09090909090909091,179,90.0,0.02131820211035479,0.00558659217877095,0.055865921787709494,147.5,0.0,0.0,0.0,2.0,0.5,0.0,1.0
COCONUT+train,T2_tims,GKQHQGZOOIWWDJ,405,320.0,0.0031358091268965096,0.0,0.0,0.0,0.0,0.0,405,203.0,0.009422118957416067,0.0024691358024691358,0.024691358024691357,172.0,0.0,0.0,0.0,4.0,0.25,0.0,1.0
COCONUT+train,T2_tims,CAMLEGMPXRPPOR,55,47.0,0.02128301983759893,0.0,0.0,0.0,1.0,1.0,55,28.0,0.0693810577773365,0.01818181818181818,0.18181818181818182,30.0,0.021515698185842213,0.0,0.0,3.0,0.3333333333333333,0.0,1.0
COCONUT+train,T2_tims,FUOQRPKVOMLPDY,129,101.5,0.009906543436423793,0.0,0.0,0.0,0.0,0.46153846153846156,129,65.0,0.029581071145376024,0.007751937984496124,0.07751937984496124,65.0,0.029581071145376024,0.007751937984496124,0.07751937984496124,1.0,1.0,1.0,1.0
COCONUT+train,T2_tims,YAQANYTXZQGCRK,96,79.5,0.012581104920239942,0.0,0.0,0.0,0.0,1.0,96,48.5,0.039749564351599036,0.010416666666666666,0.10416666666666667,41.5,0.0,0.0,0.0,9.0,0.1111111111111111,0.0,1.0
COCONUT+train,T2_tims,ZZIWGBOHORQENQ,163,151.5,0.0066030341351951405,0.0,0.0,0.0,0.0,0.0,163,82.0,0.023410786366585935,0.006134969325153374,0.06134969325153374,75.5,0.005656726186847847,0.0,0.0,16.0,0.0625,0.0,0.0
COCONUT+train,T2_tims,BAUVYFZNMUYVFG,16,14.5,0.06904761904761905,0.06904761904761905,0.0,0.0,1.0,1.0,16,8.5,0.2112955620768121,0.0625,0.625,8.5,0.2112955620768121,0.0625,0.625,1.0,1.0,1.0,1.0
COCONUT+train,T2_tims,VZXFJDVXKJLREN,150,129.5,0.007727501818287117,0.0,0.0,0.0,0.0,0.0,150,75.5,0.02543972118502338,0.006666666666666667,0.06666666666666667,71.5,0.026872944913757094,0.007042253521126761,0.07042253521126761,6.0,0.16666666666666666,0.0,1.0
COCONUT+train,T2_tims,UHJPXJFCGIDIGS,57,43.0,0.023340203159492808,0.0,0.0,0.0,1.0,1.0,57,29.0,0.06694663469742995,0.017543859649122806,0.17543859649122806,14.5,0.0901193111100079,0.0,0.3181818181818182,3.0,0.3333333333333333,0.0,1.0
COCONUT+train,T2_tims,XOOGAHKOPGGKAT,129,102.5,0.009808839479413535,0.0,0.0,0.0,0.0,0.4230769230769231,129,65.0,0.029581071145376024,0.007751937984496124,0.07751937984496124,65.0,0.029581071145376024,0.007751937984496124,0.07751937984496124,1.0,1.0,1.0,1.0
COCONUT+train,T2_tims,JPDTYDPXYQZPDR,13,9.0,0.11203703703703705,0.11203703703703705,0.0,1.0,1.0,1.0,13,7.0,0.24462567347182732,0.07692307692307693,0.7692307692307693,3.0,0.45666666666666667,0.2,1.0,7.0,0.14285714285714285,0.0,1.0
COCONUT+train,T2_tims,QTCHXLQFALIWAP,60,48.5,0.02076278064909091,0.0,0.0,0.0,0.6428571428571429,1.0,60,30.5,0.06359930296255846,0.016666666666666666,0.16666666666666666,5.5,0.22862103174603174,0.0,1.0,1.0,1.0,1.0,1.0
COCONUT+train,T2_tims,CLUQGRDBIJVRBE,5,4.0,0.25,0.25,0.0,1.0,1.0,1.0,5,3.0,0.45666666666666667,0.2,1.0,2.5,0.5208333333333333,0.25,1.0,3.0,0.3333333333333333,0.0,1.0
COCONUT+train,T2_tims,QJRDNSDAQNBBIY,10,9.0,0.1111111111111111,0.1111111111111111,0.0,1.0,1.0,1.0,10,5.5,0.2928968253968254,0.1,1.0,3.0,0.3611111111111111,0.0,1.0,1.0,1.0,1.0,1.0
COCONUT+train,T2_tims,HWLPWSOKMYOQGJ,107,79.5,0.012775595874196721,0.0,0.0,0.0,0.0,1.0,107,54.0,0.0356631605397524,0.009345794392523364,0.09345794392523364,60.5,0.006764089602337786,0.0,0.0,1.0,1.0,1.0,1.0
COCONUT+train,T2_tims,RFHDTQAPTUDHQJ,54,44.0,0.022774400399201377,0.0,0.0,0.0,1.0,1.0,54,27.5,0.0706658921806205,0.018518518518518517,0.18518518518518517,27.5,0.026087938934860378,0.0,0.0,3.0,0.3333333333333333,0.0,1.0
COCONUT+train,T2_tims,QOBXKMNIIIQFAX,26,18.0,0.05816006406739708,0.05816006406739708,0.0,0.0,1.0,1.0,26,13.5,0.14676762222128875,0.038461538461538464,0.38461538461538464,24.5,0.04083333333333333,0.0,0.0,1.0,1.0,1.0,1.0
COCONUT+train,T2_tims,BAYUFUBTEMPVDZ,358,286.0,0.0034995003711804826,0.0,0.0,0.0,0.0,0.0,358,179.5,0.010659101055177395,0.002793296089385475,0.027932960893854747,154.0,0.003415190047699837,0.0,0.0034602076124567475,6.0,0.16666666666666666,0.0,1.0
COCONUT+train,T2_tims,WCOKVQUXMOLTQP,207,174.0,0.005788792853729521,0.0,0.0,0.0,0.0,0.0,207,104.0,0.018434580568857523,0.004830917874396135,0.04830917874396135,70.5,0.027256844126810766,0.007142857142857143,0.07142857142857142,1.0,1.0,1.0,1.0
COCONUT+train,T2_tims,JCEBWPXXOUCUCY,16,11.0,0.09090909090909091,0.09090909090909091,0.0,0.0,1.0,1.0,16,8.5,0.2112955620768121,0.0625,0.625,9.0,0.11397546897546898,0.0,0.8,2.0,0.5,0.0,1.0
COCONUT+train,T2_tims,UXTCVYHARGTMLO,31,31.0,0.03225806451612903,0.0,0.0,0.0,1.0,1.0,31,16.0,0.12309542508882282,0.03225806451612903,0.3225806451612903,6.0,0.16984126984126982,0.0,1.0,1.0,1.0,1.0,1.0
COCONUT+train,T2_tims,SDVRXWQUKRWKQW,105,83.0,0.012356887741306477,0.0,0.0,0.0,0.0,0.8888888888888888,105,53.0,0.03634245883574769,0.009523809523809525,0.09523809523809523,58.0,0.0,0.0,0.0,8.0,0.125,0.0,1.0
COCONUT+train,T2_tims,VZYVNKPEMGXFGA,75,67.0,0.01500594334178524,0.0,0.0,0.0,0.0,1.0,75,38.0,0.05087944237004676,0.013333333333333334,0.13333333333333333,40.5,0.012727633920407655,0.0,0.0,2.0,0.5,0.0,1.0
COCONUT+train,T2_tims,GFHPHHAIQSRWID,76,69.0,0.01450494778268997,0.0,0.0,0.0,0.0,1.0,76,38.5,0.050209976023072464,0.013157894736842105,0.13157894736842105,5.0,0.2454081632653061,0.0,1.0,22.0,0.045454545454545456,0.0,0.0
COCONUT+train,T2_tims,NTDXTAYGKFEKJG,98,60.0,0.018661114243120547,0.0,0.0,0.0,0.35384615384615387,1.0,98,49.5,0.03893834875258681,0.01020408163265306,0.10204081632653061,13.5,0.07458791208791209,0.0,0.0,2.0,0.5,0.0,1.0
COCONUT+train,T2_tims,XIFJUIGVFDMNEW,65,43.0,0.023281015322989235,0.0,0.0,0.0,1.0,1.0,65,33.0,0.058707048888515495,0.015384615384615385,0.15384615384615385,24.0,0.02980205784553611,0.0,0.0,1.0,1.0,1.0,1.0
COCONUT+train,T2_tims,BSBNYNRJZYKZIW,16,11.5,0.0906714812964813,0.0906714812964813,0.0,0.375,1.0,1.0,16,8.5,0.2112955620768121,0.0625,0.625,4.5,0.23749999999999996,0.0,1.0,1.0,1.0,1.0,1.0
COCONUT+train,T2_tims,JMHZCXGIJDYGHH,395,243.0,0.00412600949139007,0.0,0.0,0.0,0.0,0.0,395,198.0,0.009660653614565841,0.002531645569620253,0.02531645569620253,165.5,0.0,0.0,0.0,24.0,0.041666666666666664,0.0,0.0
COCONUT+train,T2_tims,FMVUEHJXPMWYKB,55,41.0,0.02548939640382905,0.0,0.0,0.0,0.8275862068965517,1.0,55,28.0,0.0693810577773365,0.01818181818181818,0.18181818181818182,19.5,0.06195702638813042,0.0,0.21875,5.0,0.2,0.0,1.0
COCONUT+train,T2_tims,ZXDZQPSJJIUXMX,107,53.0,0.018881374719332544,0.0,0.0,0.0,0.0,1.0,107,54.0,0.0356631605397524,0.009345794392523364,0.09345794392523364,74.0,0.0,0.0,0.0,3.0,0.3333333333333333,0.0,1.0
COCONUT+train,T2_tims,FSLVJYPHFKVZGF,134,119.5,0.00837127932168054,0.0,0.0,0.0,0.0,0.0,134,67.5,0.028477299833981395,0.007462686567164179,0.07462686567164178,31.0,0.03604772444400316,0.0,0.12727272727272726,1.0,1.0,1.0,1.0
COCONUT+train,T2_tims,PVRVUJPLYXKHFS,94,69.0,0.01451309777782572,0.0,0.0,0.0,0.0,1.0,94,47.5,0.04059529976333518,0.010638297872340425,0.10638297872340426,69.5,0.0,0.0,0.0,2.0,0.5,0.0,1.0
COCONUT+train,T2_tims,HSWDFPMPOXTDSZ,63,53.0,0.018881374719332544,0.0,0.0,0.0,0.0,1.0,63,32.0,0.060570764726246146,0.015873015873015872,0.15873015873015872,53.0,0.0,0.0,0.0,14.0,0.07142857142857142,0.0,0.0
COCONUT+train,T2_tims,SEDMYKVHJJXYNH,160,146.0,0.00686609744572667,0.0,0.0,0.0,0.0,0.0,160,80.5,0.02384973861095942,0.00625,0.0625,67.5,0.004266952789456016,0.0,0.0,7.0,0.14285714285714285,0.0,1.0
COCONUT+train,T2_tims,DNWKJQVZYBNQEC,46,44.0,0.022727272727272728,0.0,0.0,0.0,1.0,1.0,46,23.5,0.08295561255985885,0.021739130434782608,0.21739130434782608,4.5,0.3397321428571428,0.125,1.0,3.0,0.3333333333333333,0.0,1.0
COCONUT+train,T2_tims,PAIDKGGYYMTCBB,102,88.5,0.01129979570990807,0.0,0.0,0.0,0.0,1.0,102,51.5,0.037411354683857916,0.00980392156862745,0.09803921568627451,28.5,0.0,0.0,0.0,1.0,1.0,1.0,1.0
COCONUT+train,T2_tims,NVLIZWVYNMZEON,69,44.0,0.025353462770905232,0.004642947247017553,0.0,0.0,0.6382978723404256,1.0,69,35.0,0.05530374170657257,0.014492753623188406,0.14492753623188406,3.0,0.45666666666666667,0.2,1.0,1.0,1.0,1.0,1.0
COCONUT+train,T2_tims,WWIIZHRUYXDLGP,368,317.5,0.003152984569962398,0.0,0.0,0.0,0.0,0.0,368,184.5,0.010369451569982356,0.002717391304347826,0.02717391304347826,190.0,0.0,0.0,0.0,211.0,0.0,0.0,0.0
COCONUT+train,T2_tims,XWMPAQJZFINKHF,72,51.5,0.019917474831025652,0.0,0.0,0.0,0.4642857142857143,1.0,72,36.5,0.05299941913546538,0.013888888888888888,0.1388888888888889,37.0,0.009651427054173049,0.0,0.0,6.0,0.16666666666666666,0.0,1.0
COCONUT+train,T2_tims,FBMHFBOHPUVABQ,62,48.5,0.020664757171043657,0.0,0.0,0.0,0.75,1.0,62,31.5,0.06154771254441141,0.016129032258064516,0.16129032258064516,47.0,0.0,0.0,0.0,3.0,0.3333333333333333,0.0,1.0
COCONUT+train,T2_tims,HJNPHUHQMSYYOW,379,326.0,0.0030850397280298134,0.0,0.0,0.0,0.0,0.0,379,190.0,0.010068491234178118,0.002638522427440633,0.026385224274406333,15.5,0.12719860592511692,0.03333333333333333,0.3333333333333333,2.0,0.5,0.0,1.0
COCONUT+train,T2_tims,UKEOOQCNGQLBSY,189,115.0,0.008696967544555859,0.0,0.0,0.0,0.0,0.0,189,95.0,0.020190254908748716,0.005291005291005291,0.05291005291005291,62.5,0.0,0.0,0.0,7.0,0.14285714285714285,0.0,1.0
COCONUT+train,T2_tims,CIGNQXROGJKDRV,81,68.0,0.014903502378281207,0.0,0.0,0.0,0.0,1.0,81,41.0,0.04711059478708034,0.012345679012345678,0.12345679012345678,42.0,0.004160962755872618,0.0,0.0,5.0,0.2,0.0,1.0
COCONUT+train,T2_tims,WLQVDMOTHGFSLQ,241,192.5,0.005219726731898457,0.0,0.0,0.0,0.0,0.0,241,121.0,0.015833851359973058,0.004149377593360996,0.04149377593360996,102.5,0.0,0.0,0.0,1.0,1.0,1.0,1.0
COCONUT+train,T2_tims,AFWBTULSGCKDFR,24,21.5,0.046536796536796536,0.046536796536796536,0.0,0.0,1.0,1.0,24,12.5,0.15733159073972947,0.041666666666666664,0.4166666666666667,2.0,0.611111111111111,0.3333333333333333,1.0,1.0,1.0,1.0,1.0
COCONUT+train,T2_tims,AUKVIAVDXZELSW,3,3.0,0.3333333333333333,0.3333333333333333,0.0,1.0,1.0,1.0,3,2.0,0.611111111111111,0.3333333333333333,1.0,3.0,0.3333333333333333,0.0,1.0,1.0,1.0,1.0,1.0
COCONUT+train,T2_tims,VFKNDURAGMGJRN,49,44.5,0.022486109834441482,0.0,0.0,0.0,1.0,1.0,49,25.0,0.07787669750517362,0.02040816326530612,0.20408163265306123,15.0,0.06686507936507936,0.0,0.0,8.0,0.125,0.0,1.0
COCONUT+train,T2_tims,UUGGIVAGBYGYPF,31,29.0,0.03451012588943623,0.0,0.0,0.0,1.0,1.0,31,16.0,0.12309542508882282,0.03225806451612903,0.3225806451612903,9.5,0.1941726710109063,0.05555555555555555,0.5555555555555556,6.0,0.16666666666666666,0.0,1.0
COCONUT+train,T2_tims,LGJWJFBLQBQPEY,150,131.0,0.007636555305989469,0.0,0.0,0.0,0.0,0.0,150,75.5,0.02543972118502338,0.006666666666666667,0.06666666666666667,100.0,0.0,0.0,0.0,2.0,0.5,0.0,1.0
COCONUT+train,T2_tims,NTNQOSAULDDBRN,49,34.0,0.031415776480015076,0.009248914503787068,0.0,0.0,1.0,1.0,49,25.0,0.07787669750517362,0.02040816326530612,0.20408163265306123,34.5,0.008940617353660833,0.0,0.0,5.0,0.2,0.0,1.0
COCONUT+train,T2_tims,WEMKVDRXVKCLAQ,28,21.5,0.046536796536796536,0.046536796536796536,0.0,0.0,1.0,1.0,28,14.5,0.13628422063405382,0.03571428571428571,0.35714285714285715,3.5,0.3208333333333333,0.0,1.0,3.0,0.3333333333333333,0.0,1.0
COCONUT+train,T2_tims,PRYQWMTXXOOZRR,17,12.5,0.08012820512820512,0.08012820512820512,0.0,0.0,1.0,1.0,17,9.0,0.20232661897886814,0.058823529411764705,0.5882352941176471,9.5,0.13433778523064235,0.0,0.5714285714285714,1.0,1.0,1.0,1.0
COCONUT+train,T2_tims,RCVKYUHYLOONST,5,5.0,0.2,0.2,0.0,1.0,1.0,1.0,5,3.0,0.45666666666666667,0.2,1.0,3.5,0.3208333333333333,0.0,1.0,1.0,1.0,1.0,1.0
COCONUT+train,T2_tims,YMEPRHXKODFFAI,3,3.0,0.3333333333333333,0.3333333333333333,0.0,1.0,1.0,1.0,3,2.0,0.611111111111111,0.3333333333333333,1.0,2.0,0.611111111111111,0.3333333333333333,1.0,2.0,0.5,0.0,1.0
COCONUT+train,T2_tims,HUWQNBTVLYSMRL,85,73.5,0.01360859146818051,0.0,0.0,0.0,0.0,1.0,85,43.0,0.0448936256206295,0.011764705882352941,0.11764705882352941,25.0,0.039298072933850604,0.0,0.1282051282051282,2.0,0.5,0.0,1.0
COCONUT+train,T2_tims,OKDRCQQASSMPBC,22,22.0,0.045454545454545456,0.045454545454545456,0.0,0.0,1.0,1.0,22,11.5,0.16776423864623977,0.045454545454545456,0.45454545454545453,17.5,0.0581531187036218,0.0,0.0,1.0,1.0,1.0,1.0
COCONUT+train,T2_tims,PZTBOEADTYCUQU,71,67.0,0.014938693418900395,0.0,0.0,0.0,0.0,1.0,71,36.0,0.05374588982751419,0.014084507042253521,0.14084507042253522,22.5,0.08672632222167062,0.022727272727272728,0.22727272727272727,2.0,0.5,0.0,1.0
COCONUT+train,T2_tims,UJJCUGWSXRRMJE,25,19.0,0.05263157894736842,0.05263157894736842,0.0,0.0,1.0,1.0,25,13.0,0.15263832711014028,0.04,0.4,21.5,0.046808349926198894,0.0,0.0,3.0,0.3333333333333333,0.0,1.0
COCONUT+train,T2_tims,RSXVUDPOGQVVPK,10,9.0,0.1111111111111111,0.1111111111111111,0.0,1.0,1.0,1.0,10,5.5,0.2928968253968254,0.1,1.0,5.5,0.18333333333333335,0.0,1.0,1.0,1.0,1.0,1.0
COCONUT+train,T2_tims,QEPGLPUVJBGNJC,49,28.5,0.035098522167487683,0.0,0.0,0.0,1.0,1.0,49,25.0,0.07787669750517362,0.02040816326530612,0.20408163265306123,25.0,0.07787669750517362,0.02040816326530612,0.20408163265306123,3.0,0.3333333333333333,0.0,1.0
COCONUT+train,T2_tims,MQZSWRKERDUPAU,155,128.5,0.007817699576509648,0.0,0.0,0.0,0.0,0.0,155,78.0,0.024619085017764563,0.0064516129032258064,0.06451612903225806,94.0,0.0,0.0,0.0,9.0,0.1111111111111111,0.0,1.0
COCONUT+train,T2_tims,NPIDFTLPYCYRAW,68,51.0,0.01971440931563488,0.0,0.0,0.0,0.46153846153846156,1.0,68,34.5,0.05611703202578687,0.014705882352941176,0.14705882352941177,35.0,0.03147023562571704,0.0,0.1111111111111111,1.0,1.0,1.0,1.0
COCONUT+train,T2_tims,IVZQHBANYCXORW,70,54.0,0.01854398230041834,0.0,0.0,0.0,0.0,1.0,70,35.5,0.05451368825362153,0.014285714285714285,0.14285714285714285,35.5,0.04141114967284569,0.0,0.1323529411764706,13.0,0.07692307692307693,0.0,0.0
COCONUT+train,T2_tims,ZLADIKNIIKMGRO,9,8.0,0.125,0.125,0.0,1.0,1.0,1.0,9,5.0,0.31432980599647264,0.1111111111111111,1.0,5.0,0.2,0.0,1.0,1.0,1.0,1.0,1.0
COCONUT+train,T2_tims,IGCLNBILBDOLDU,122,112.5,0.00890032805068087,0.0,0.0,0.0,0.0,0.0,122,61.5,0.03127834571929104,0.00819672131147541,0.08196721311475409,56.0,0.0,0.0,0.0,22.0,0.045454545454545456,0.0,0.0
COCONUT+train,T2_tims,YQHGBBCOTUJUGB,35,20.5,0.05957892823019402,0.04878422063405381,0.0,0.14285714285714285,1.0,1.0,35,18.0,0.10902737650724306,0.02857142857142857,0.2857142857142857,23.5,0.031355325066176686,0.0,0.0,4.0,0.25,0.0,1.0
COCONUT+train,T2_tims,XPNAEPLOKZDDGR,51,41.0,0.024944097645061374,0.0,0.0,0.0,0.9523809523809523,1.0,51,26.0,0.07482270936771583,0.0196078431372549,0.19607843137254902,51.0,0.0,0.0,0.0,30.0,0.0,0.0,0.0
COCONUT+train,T2_tims,RTILCCQGDFPWCZ,137,88.0,0.012857977500496557,0.0,0.0,0.0,0.12121212121212122,0.6262626262626263,137,69.0,0.027853709326667937,0.0072992700729927005,0.072992700729927,47.0,0.04103180836294094,0.010752688172043012,0.10752688172043011,1.0,1.0,1.0,1.0
COCONUT+train,T2_tims,IKSFLYPSGBXJDD,50,46.5,0.021517820433754754,0.0,0.0,0.0,1.0,1.0,50,25.5,0.07631916355507014,0.02,0.2,21.5,0.0609462678356186,0.0,0.21052631578947367,1.0,1.0,1.0,1.0
COCONUT+train,T2_tims,KCXZIHCGYKWRST,61,57.0,0.017579989430804382,0.0,0.0,0.0,0.0,1.0,61,31.0,0.06255669143858208,0.01639344262295082,0.16393442622950818,31.0,0.06255669143858208,0.01639344262295082,0.16393442622950818,23.0,0.043478260869565216,0.0,0.0
COCONUT+train,T2_tims,NEFRKEUZDMKXGZ,323,284.5,0.003518197267832446,0.0,0.0,0.0,0.0,0.0,323,162.0,0.011814112005428815,0.0030959752321981426,0.030959752321981424,178.0,0.0,0.0,0.0,1.0,1.0,1.0,1.0
COCONUT+train,T2_tims,BNCYKKOEVBXYAI,66,55.5,0.018143878873436464,0.0,0.0,0.0,0.1875,1.0,66,33.5,0.05781754814778041,0.015151515151515152,0.15151515151515152,20.0,0.06007954074000526,0.0,0.21212121212121213,1.0,1.0,1.0,1.0
COCONUT+train,T2_tims,ZFSATJIWULQPRW,45,43.5,0.02299154334038055,0.0,0.0,0.0,1.0,1.0,45,23.0,0.0847990706167446,0.022222222222222223,0.2222222222222222,3.0,0.3333333333333333,0.0,1.0,1.0,1.0,1.0,1.0
COCONUT+train,T2_tims,UKINLSYHAOWTLY,159,69.5,0.014404158076977012,0.0,0.0,0.0,0.0,1.0,159,80.0,0.02399973696700319,0.006289308176100629,0.06289308176100629,89.5,0.0,0.0,0.0,75.0,0.0,0.0,0.0
COCONUT+train,T2_tims,UAJWNNVUJFTHPA,31,21.0,0.047691197691197694,0.047691197691197694,0.0,0.0,1.0,1.0,31,16.0,0.12309542508882282,0.03225806451612903,0.3225806451612903,11.5,0.10715039523814679,0.0,0.4375,2.0,0.5,0.0,1.0
COCONUT+train,T2_tims,KLENUWPQIKYQSW,388,313.0,0.0032004057012093245,0.0,0.0,0.0,0.0,0.0,388,194.5,0.009834943757096669,0.002577319587628866,0.02577319587628866,71.5,0.011610794275910406,0.0,0.03787878787878788,2.0,0.5,0.0,1.0
COCONUT+train,T2_tims,PSUOBNGVHSFYGP,59,50.5,0.019811693908332564,0.0,0.0,0.0,0.5,1.0,59,30.0,0.06467725725005945,0.01694915254237288,0.1694915254237288,49.0,0.0,0.0,0.0,24.0,0.041666666666666664,0.0,0.0
COCONUT+train,T2_tims,VXJYZOSUHBWBOD,517,491.5,0.002036488302323271,0.0,0.0,0.0,0.0,0.0,517,259.0,0.0073809635933336695,0.0019342359767891683,0.019342359767891684,274.5,0.0,0.0,0.0,2.0,0.5,0.0,1.0
COCONUT+train,T2_tims,ISOFIMKVDGTXBQ,11,7.5,0.13640873015873017,0.13640873015873017,0.0,1.0,1.0,1.0,11,6.0,0.2745343040797586,0.09090909090909091,0.9090909090909091,6.0,0.2745343040797586,0.09090909090909091,0.9090909090909091,1.0,1.0,1.0,1.0
COCONUT+train,T2_tims,QGJNIKNCNMKONA,86,74.0,0.013513513513513514,0.0,0.0,0.0,0.0,1.0,86,43.5,0.04437160671806404,0.011627906976744186,0.11627906976744186,60.5,0.0,0.0,0.0,2.0,0.5,0.0,1.0
COCONUT+train,T2_tims,XTSBUQYBPCCVRV,6,5.5,0.18333333333333335,0.18333333333333335,0.0,1.0,1.0,1.0,6,3.5,0.40833333333333327,0.16666666666666666,1.0,4.0,0.26111111111111107,0.0,1.0,1.0,1.0,1.0,1.0
COCONUT+train,T2_tims,AJTNKBQXMZWQQH,47,45.5,0.021980676328502417,0.0,0.0,0.0,1.0,1.0,47,24.0,0.08119059952667036,0.02127659574468085,0.2127659574468085,46.0,0.0,0.0,0.0,23.0,0.043478260869565216,0.0,0.0
COCONUT+train,T2_tims,WJBTWARBSHDCMW,70,54.0,0.018983284510096312,0.0,0.0,0.0,0.3793103448275862,1.0,70,35.5,0.05451368825362153,0.014285714285714285,0.14285714285714285,45.5,0.004364370412196499,0.0,0.0,8.0,0.125,0.0,1.0
COCONUT+train,T2_tims,VDTVRXIIVKXYAY,36,34.0,0.029411764705882353,0.0,0.0,0.0,1.0,1.0,36,18.5,0.10599883827093076,0.027777777777777776,0.2777777777777778,19.0,0.0567638831266731,0.0,0.18518518518518517,1.0,1.0,1.0,1.0
COCONUT+train,T2_tims,ZTWGEHVWTWDXFU,140,110.0,0.009335180089471488,0.0,0.0,0.0,0.0,0.3442622950819672,140,70.5,0.027256844126810766,0.007142857142857143,0.07142857142857142,66.0,0.0,0.0,0.0,2.0,0.5,0.0,1.0
COCONUT+train,T2_tims,NVWKJYLNMWGSAK,7,5.5,0.18988095238095237,0.18988095238095237,0.0,1.0,1.0,1.0,7,4.0,0.37040816326530607,0.14285714285714285,1.0,4.0,0.37040816326530607,0.14285714285714285,1.0,1.0,1.0,1.0,1.0
COCONUT+train,T2_tims,OLEXSLOLAXZKQG,220,202.5,0.004939265485188089,0.0,0.0,0.0,0.0,0.0,220,110.5,0.017345264444334124,0.004545454545454545,0.045454545454545456,5.5,0.20297619047619045,0.0,1.0,176.0,0.0,0.0,0.0
COCONUT+train,T2_tims,ANUNFGZVRXZQJB,15,10.0,0.1,0.1,0.0,1.0,1.0,1.0,15,8.0,0.22121526621526624,0.06666666666666667,0.6666666666666666,1.5,0.75,0.5,1.0,1.0,1.0,1.0,1.0
COCONUT+train,T2_tims,LMJOIABCQIXNQN,6,4.0,0.25,0.25,0.0,1.0,1.0,1.0,6,3.5,0.40833333333333327,0.16666666666666666,1.0,2.0,0.611111111111111,0.3333333333333333,1.0,2.0,0.5,0.0,1.0
COCONUT+train,T2_tims,LXKOYYBCBYUVSQ,103,75.0,0.01334282663101285,0.0,0.0,0.0,0.0,1.0,103,52.0,0.037048137648092304,0.009708737864077669,0.0970873786407767,61.5,0.0,0.0,0.0,2.0,0.5,0.0,1.0
COCONUT+train,T2_tims,OFWLMJCOPSEOKH,21,14.5,0.06904761904761905,0.06904761904761905,0.0,0.0,1.0,1.0,21,11.0,0.17358850975060616,0.047619047619047616,0.47619047619047616,10.5,0.0978794353794354,0.0,0.5,7.0,0.14285714285714285,0.0,1.0
COCONUT+train,T2_tims,DBNYUTNMNPTGBK,358,310.0,0.0032281592352231036,0.0,0.0,0.0,0.0,0.0,358,179.5,0.010659101055177395,0.002793296089385475,0.027932960893854747,154.0,0.003415190047699837,0.0,0.0034602076124567475,16.0,0.0625,0.0,0.0
COCONUT+train,T2_tims,JHUQHUZBWYMNES,85,81.0,0.012346933654521731,0.0,0.0,0.0,0.0,1.0,85,43.0,0.0448936256206295,0.011764705882352941,0.11764705882352941,47.5,0.012986709523490169,0.0,0.013157894736842105,2.0,0.5,0.0,1.0
COCONUT+train,T2_tims,SPXZAGVCVDFVAE,6,6.0,0.16666666666666666,0.16666666666666666,0.0,1.0,1.0,1.0,6,3.5,0.40833333333333327,0.16666666666666666,1.0,2.0,0.611111111111111,0.3333333333333333,1.0,1.0,1.0,1.0,1.0
COCONUT+train,T2_tims,OHEMJQKKGNDVCA,27,22.5,0.04470308676830415,0.04470308676830415,0.0,0.0,1.0,1.0,27,14.0,0.141331784361241,0.037037037037037035,0.37037037037037035,9.5,0.13433778523064235,0.0,0.5714285714285714,1.0,1.0,1.0,1.0
COCONUT+train,T2_tims,RJTIMDIATMZZSS,81,54.0,0.019210344796733888,0.0,0.0,0.0,0.4,1.0,81,41.0,0.04711059478708034,0.012345679012345678,0.12345679012345678,50.0,0.0,0.0,0.0,3.0,0.3333333333333333,0.0,1.0
COCONUT+train,T2_tims,DUZUJSKJRRBVAV,24,20.0,0.05,0.05,0.0,0.0,1.0,1.0,24,12.5,0.15733159073972947,0.041666666666666664,0.4166666666666667,8.5,0.11805555555555555,0.0,1.0,2.0,0.5,0.0,1.0
COCONUT+train,T2_tims,AGMFIRGRFKQMFF,65,45.0,0.022222222222222223,0.0,0.0,0.0,1.0,1.0,65,33.0,0.058707048888515495,0.015384615384615385,0.15384615384615385,31.5,0.0,0.0,0.0,6.0,0.16666666666666666,0.0,1.0
COCONUT+train,T2_tims,IVEZRVVIYSNKKE,335,252.0,0.003977919353828626,0.0,0.0,0.0,0.0,0.0,335,168.0,0.011390919933592559,0.0029850746268656717,0.029850746268656716,179.5,0.0,0.0,0.0,2.0,0.5,0.0,1.0
COCONUT+train,T2_tims,BHPFIFJUGKKTKG,15,10.5,0.09545454545454546,0.09545454545454546,0.0,0.5,1.0,1.0,15,8.0,0.22121526621526624,0.06666666666666667,0.6666666666666666,6.0,0.16984126984126982,0.0,1.0,1.0,1.0,1.0,1.0
COCONUT+train,T2_tims,XHFHGYYWJXOCRU,49,42.5,0.02353266888150609,0.0,0.0,0.0,1.0,1.0,49,25.0,0.07787669750517362,0.02040816326530612,0.20408163265306123,43.0,0.0,0.0,0.0,31.0,0.0,0.0,0.0
COCONUT+train,T2_tims,LNYGYQFYQMPYET,166,105.0,0.009569113493976779,0.0,0.0,0.0,0.0,0.32,166,83.5,0.022987699865984982,0.006024096385542169,0.060240963855421686,80.0,0.0018337690807548317,0.0,0.0,2.0,0.5,0.0,1.0
COCONUT+train,T2_tims,JXRFHRFEJALTTE,40,35.0,0.028586990351696234,0.0,0.0,0.0,1.0,1.0,40,20.5,0.09539895444383768,0.025,0.25,23.0,0.0334791680403472,0.0,0.0,2.0,0.5,0.0,1.0
COCONUT+train,T2_tims,ZPBIVXDQMRIJOL,267,222.0,0.004524465721572863,0.0,0.0,0.0,0.0,0.0,267,134.0,0.014291978193833361,0.003745318352059925,0.03745318352059925,171.0,0.0,0.0,0.0,3.0,0.3333333333333333,0.0,1.0
COCONUT+train,T2_tims,HGZOLOJVGFUORK,43,35.0,0.028586990351696234,0.0,0.0,0.0,1.0,1.0,43,22.0,0.08874321343612808,0.023255813953488372,0.23255813953488372,22.0,0.08874321343612808,0.023255813953488372,0.23255813953488372,17.0,0.058823529411764705,0.0,0.0
COCONUT+train,T2_tims,ILNQHRBTBWBIHI,120,94.0,0.010674638557179332,0.0,0.0,0.0,0.0,0.8421052631578947,120,60.5,0.03179965148127923,0.008333333333333333,0.08333333333333333,70.5,0.0021821852060982497,0.0,0.0,5.0,0.2,0.0,1.0
COCONUT+train,T2_tims,ORQUHKRSARRWLH,323,274.5,0.0036466157604712673,0.0,0.0,0.0,0.0,0.0,323,162.0,0.011814112005428815,0.0030959752321981426,0.030959752321981424,178.0,0.0,0.0,0.0,4.0,0.25,0.0,1.0
COCONUT+train,T2_tims,VLNKGRDWZBIDSU,57,52.0,0.019235512298775338,0.0,0.0,0.0,0.0,1.0,57,29.0,0.06694663469742995,0.017543859649122806,0.17543859649122806,6.0,0.21432980599647267,0.0,1.0,2.0,0.5,0.0,1.0
COCONUT+train,T2_tims,UCLBBJURTXRMKX,60,40.5,0.024735399463360175,0.0,0.0,0.0,1.0,1.0,60,30.5,0.06359930296255846,0.016666666666666666,0.16666666666666666,27.0,0.019810823953302574,0.0,0.0,14.0,0.07142857142857142,0.0,0.0
COCONUT+train,T2_tims,PNGLQOPGYBAWEB,56,49.5,0.02030113261035505,0.0,0.0,0.0,0.5833333333333334,1.0,56,28.5,0.06814211031702691,0.017857142857142856,0.17857142857142858,28.5,0.06814211031702691,0.017857142857142856,0.17857142857142858,1.0,1.0,1.0,1.0
COCONUT+train,T2_tims,FBRXTDRODTUKNO,8,6.5,0.15476190476190477,0.15476190476190477,0.0,1.0,1.0,1.0,8,4.5,0.3397321428571428,0.125,1.0,5.5,0.20297619047619045,0.0,1.0,1.0,1.0,1.0,1.0
COCONUT+train,T2_tims,TYYANEJALQJKLS,21,16.5,0.06066176470588235,0.06066176470588235,0.0,0.0,1.0,1.0,21,11.0,0.17358850975060616,0.047619047619047616,0.47619047619047616,4.0,0.29,0.0,1.0,19.0,0.05263157894736842,0.0,0.0
COCONUT+train,T2_tims,DARJXFXGZLLQKI,33,28.5,0.03514185367633643,0.0,0.0,0.0,1.0,1.0,33,17.0,0.11563509629556082,0.030303030303030304,0.30303030303030304,5.0,0.21857142857142856,0.0,1.0,3.0,0.3333333333333333,0.0,1.0
COCONUT+train,T2_tims,SQVHZCVBQIKDDX,2,2.0,0.5,0.5,0.0,1.0,1.0,1.0,2,1.5,0.75,0.5,1.0,1.0,1.0,1.0,1.0,1.0,1.0,1.0,1.0
COCONUT+train,T2_tims,JZUFQMZULDZDLF,50,28.5,0.035098522167487683,0.0,0.0,0.0,1.0,1.0,50,25.5,0.07631916355507014,0.02,0.2,9.5,0.15247203266504739,0.0,0.5625,2.0,0.5,0.0,1.0
COCONUT+train,T2_tims,HGOSAQONOYFCBL,46,25.0,0.04004273504273504,0.02722222222222222,0.0,0.0,1.0,1.0,46,23.5,0.08295561255985885,0.021739130434782608,0.21739130434782608,22.5,0.044466403162055336,0.0,0.0,2.0,0.5,0.0,1.0
COCONUT+train,T2_tims,PBVGVTRCPYEALT,87,65.0,0.015821108829569223,0.0,0.0,0.0,0.10810810810810811,1.0,87,44.0,0.043861588250040315,0.011494252873563218,0.11494252873563218,44.0,0.043861588250040315,0.011494252873563218,0.11494252873563218,10.0,0.1,0.0,1.0
COCONUT+train,T2_tims,GBMYBZLPSJSDTM,232,223.5,0.004476686214833149,0.0,0.0,0.0,0.0,0.0,232,116.5,0.016448095593765116,0.004310344827586207,0.04310344827586207,141.5,0.0,0.0,0.0,91.0,0.0,0.0,0.0
COCONUT+train,T2_tims,REEBPNIXIMJJLA,8,8.0,0.125,0.125,0.0,1.0,1.0,1.0,8,4.5,0.3397321428571428,0.125,1.0,2.0,0.611111111111111,0.3333333333333333,1.0,6.0,0.16666666666666666,0.0,1.0
COCONUT+train,T2_tims,COCAYVIDUQZIKW,5,4.0,0.25,0.25,0.0,1.0,1.0,1.0,5,3.0,0.45666666666666667,0.2,1.0,3.0,0.45666666666666667,0.2,1.0,3.0,0.3333333333333333,0.0,1.0
COCONUT+train,T2_tims,JPJUCNSFNZNJFY,251,223.0,0.0045089541019528384,0.0,0.0,0.0,0.0,0.0,251,126.0,0.01520302062850003,0.00398406374501992,0.0398406374501992,157.5,0.0,0.0,0.0,3.0,0.3333333333333333,0.0,1.0
COCONUT+train,T2_tims,YAOZGZCDAOQKQP,412,333.5,0.0030014152199391315,0.0,0.0,0.0,0.0,0.0,412,206.5,0.009262034412023076,0.0024271844660194173,0.024271844660194174,237.5,0.0,0.0,0.0,4.0,0.25,0.0,1.0
COCONUT+train,T2_tims,ZTDYZBJZNNCMIZ,159,130.5,0.0076701595049220505,0.0,0.0,0.0,0.0,0.0,159,80.0,0.02399973696700319,0.006289308176100629,0.06289308176100629,86.0,0.004848622445869583,0.0,0.0,3.0,0.3333333333333333,0.0,1.0
COCONUT+train,T2_tims,ZOTNASDWUCRWER,29,21.0,0.050496654080963495,0.04192632350251933,0.0,0.0,1.0,1.0,29,15.0,0.13158476475012093,0.034482758620689655,0.3448275862068966,11.5,0.11654109206353788,0.0,0.4444444444444444,2.0,0.5,0.0,1.0
COCONUT+train,T2_tims,JRFXSGWCDJOATR,50,46.0,0.021739130434782608,0.0,0.0,0.0,1.0,1.0,50,25.5,0.07631916355507014,0.02,0.2,42.0,0.0,0.0,0.0,1.0,1.0,1.0,1.0
COCONUT+train,T2_tims,CMHWCWFZBTYURY,15,13.0,0.07692307692307693,0.07692307692307693,0.0,0.0,1.0,1.0,15,8.0,0.22121526621526624,0.06666666666666667,0.6666666666666666,6.0,0.18985260770975057,0.0,1.0,1.0,1.0,1.0,1.0
COCONUT+train,T2_tims,WJKPNFHYXBCPFZ,8,7.0,0.14484126984126985,0.14484126984126985,0.0,1.0,1.0,1.0,8,4.5,0.3397321428571428,0.125,1.0,8.0,0.125,0.0,1.0,1.0,1.0,1.0,1.0
COCONUT+train,T2_tims,OIDKUQGTABOYAG,120,104.0,0.009697223849569898,0.0,0.0,0.0,0.0,0.3939393939393939,120,60.5,0.03179965148127923,0.008333333333333333,0.08333333333333333,61.0,0.023663514098768965,0.0,0.07563025210084033,4.0,0.25,0.0,1.0
COCONUT+train,T2_tims,ZHSBFFXUUOUVCT,157,143.5,0.006990849009497218,0.0,0.0,0.0,0.0,0.0,157,79.0,0.02430546610034081,0.006369426751592357,0.06369426751592357,66.0,0.02912945173857639,0.007633587786259542,0.07633587786259542,99.0,0.0,0.0,0.0
COCONUT+train,T2_tims,XTPYQGVCRWVTJH,247,203.0,0.004958851596711019,0.0,0.0,0.0,0.0,0.0,247,124.0,0.015449223391714603,0.004048582995951417,0.04048582995951417,131.5,0.0,0.0,0.0,12.0,0.08333333333333333,0.0,0.0
COCONUT+train,T2_tims,KVBXAVMHGFAYND,18,16.0,0.06266339869281046,0.06266339869281046,0.0,0.0,1.0,1.0,18,9.5,0.1941726710109063,0.05555555555555555,0.5555555555555556,9.5,0.10555555555555556,0.0,1.0,7.0,0.14285714285714285,0.0,1.0
COCONUT+train,T2_tims,QEMWEGWUXMFGNI,203,155.5,0.006478367178232141,0.0,0.0,0.0,0.0,0.0,203,102.0,0.01879782353573156,0.0049261083743842365,0.04926108374384237,91.5,0.0018626286153460069,0.0,0.0,10.0,0.1,0.0,1.0
COCONUT+train,T2_tims,NCDSYHIZOQDWPZ,87,75.0,0.01334282663101285,0.0,0.0,0.0,0.0,1.0,87,44.0,0.043861588250040315,0.011494252873563218,0.11494252873563218,38.0,0.02873369339739382,0.0,0.10144927536231885,14.0,0.07142857142857142,0.0,0.0
COCONUT+train,T2_tims,MBPYHPVWDQJSLK,2,2.0,0.5,0.5,0.0,1.0,1.0,1.0,2,1.5,0.75,0.5,1.0,1.5,0.75,0.5,1.0,2.0,0.5,0.0,1.0
COCONUT+train,T2_tims,ORGSIGVUNXOLQC,159,122.0,0.008230377680317893,0.0,0.0,0.0,0.0,0.0,159,80.0,0.02399973696700319,0.006289308176100629,0.06289308176100629,121.5,0.0,0.0,0.0,2.0,0.5,0.0,1.0
COCONUT+train,T2_tims,CIBOYUMOROJWCF,24,14.5,0.0718771403175428,0.0718771403175428,0.0,0.1,1.0,1.0,24,12.5,0.15733159073972947,0.041666666666666664,0.4166666666666667,13.5,0.09504790888767535,0.0,0.35,1.0,1.0,1.0,1.0
COCONUT+train,T2_tims,SAKVPAVUSXPOSE,31,23.5,0.04387558126367126,0.031087798894608113,0.0,0.0,1.0,1.0,31,16.0,0.12309542508882282,0.03225806451612903,0.3225806451612903,22.5,0.035323579034430654,0.0,0.0,1.0,1.0,1.0,1.0
COCONUT+train,T2_tims,HOWRRLLMNSDNDN,156,144.0,0.006949138676874569,0.0,0.0,0.0,0.0,0.0,156,78.5,0.02446127037021479,0.00641025641025641,0.0641025641025641,145.0,0.0,0.0,0.0,29.0,0.0,0.0,0.0
COCONUT+train,T2_tims,ORWFKFICSXOUST,36,24.0,0.041666666666666664,0.041666666666666664,0.0,0.0,1.0,1.0,36,18.5,0.10599883827093076,0.027777777777777776,0.2777777777777778,16.5,0.061267650334987794,0.0,0.0,29.0,0.0,0.0,0.0
COCONUT+train,T2_tims,AOGPKNXKLXQQBX,50,40.0,0.02501042318115489,0.0,0.0,0.0,1.0,1.0,50,25.5,0.07631916355507014,0.02,0.2,34.0,0.010350003211522366,0.0,0.0,16.0,0.0625,0.0,0.0
COCONUT+train,T2_tims,CHHGJWKPWVVTJR,32,24.5,0.041656587727006464,0.026737508296432778,0.0,0.0,1.0,1.0,32,16.5,0.1192486930547971,0.03125,0.3125,16.5,0.1192486930547971,0.03125,0.3125,27.0,0.0,0.0,0.0
COCONUT+train,T2_tims,AGYJNXWCQJIVBP,23,20.5,0.04912316474101371,0.04912316474101371,0.0,0.0,1.0,1.0,23,12.0,0.16236050048203654,0.043478260869565216,0.43478260869565216,11.0,0.09410074052931197,0.0,0.42857142857142855,1.0,1.0,1.0,1.0
COCONUT+train,T2_tims,DMPAUKQYJMHXGY,65,58.0,0.017275668067444676,0.0,0.0,0.0,0.0,1.0,65,33.0,0.058707048888515495,0.015384615384615385,0.15384615384615385,26.5,0.07338381111064438,0.019230769230769232,0.19230769230769232,1.0,1.0,1.0,1.0
COCONUT+train,T2_tims,PEJLKWOKGNVCOI,48,35.0,0.028618205677029208,0.0,0.0,0.0,1.0,1.0,48,24.5,0.07949912870319807,0.020833333333333332,0.20833333333333334,47.5,0.0,0.0,0.0,2.0,0.5,0.0,1.0
COCONUT+train,T2_tims,JOGBZSMTKHODLL,40,36.0,0.02779207779207779,0.0,0.0,0.0,1.0,1.0,40,20.5,0.09539895444383768,0.025,0.25,12.0,0.16236050048203654,0.043478260869565216,0.43478260869565216,4.0,0.25,0.0,1.0
COCONUT+train,T2_tims,MGCSYGYECWCREF,34,26.5,0.03802173508788951,0.015643115942028985,0.0,0.0,1.0,1.0,34,17.5,0.11223406405157374,0.029411764705882353,0.29411764705882354,24.0,0.02980205784553611,0.0,0.0,3.0,0.3333333333333333,0.0,1.0
COCONUT+train,T2_tims,HAFSKNSGXZAGGT,14,9.0,0.1111111111111111,0.1111111111111111,0.0,1.0,1.0,1.0,14,7.5,0.23225445189730906,0.07142857142857142,0.7142857142857143,5.5,0.18333333333333335,0.0,1.0,2.0,0.5,0.0,1.0
COCONUT+train,T2_tims,IDIZRHYXTQETKW,209,188.5,0.005308215859363794,0.0,0.0,0.0,0.0,0.0,209,105.0,0.01825817309929908,0.004784688995215311,0.04784688995215311,61.5,0.00869597964495346,0.0,0.0,22.0,0.045454545454545456,0.0,0.0
COCONUT+train,T2_tims,IDZAYHAGIXIGEP,45,23.0,0.05465281936170836,0.04139267205313657,0.0,0.12121212121212122,1.0,1.0,45,23.0,0.0847990706167446,0.022222222222222223,0.2222222222222222,2.0,0.5,0.0,1.0,1.0,1.0,1.0,1.0
COCONUT+train,T2_tims,LWMWERWCXINJJS,34,27.5,0.03717645237869649,0.01558703718641607,0.0,0.0,1.0,1.0,34,17.5,0.11223406405157374,0.029411764705882353,0.29411764705882354,28.0,0.0,0.0,0.0,3.0,0.3333333333333333,0.0,1.0
COCONUT+train,T2_tims,OFXPBQUDUCLHKY,74,48.0,0.020833333333333332,0.0,0.0,0.0,1.0,1.0,74,37.5,0.05156700240207442,0.013513513513513514,0.13513513513513514,18.0,0.056742166120391097,0.0,0.0,2.0,0.5,0.0,1.0
COCONUT+train,T2_tims,QSIUDYNHJOUNRI,223,200.5,0.0049908746605638885,0.0,0.0,0.0,0.0,0.0,223,112.0,0.01711192007961214,0.004484304932735426,0.04484304932735426,51.5,0.037411354683857916,0.00980392156862745,0.09803921568627451,73.0,0.0,0.0,0.0
COCONUT+train,T2_tims,UAIKRGKVMRBSPU,32,27.5,0.036375661375661374,0.0,0.0,0.0,1.0,1.0,32,16.5,0.1192486930547971,0.03125,0.3125,11.5,0.13226793523813646,0.0,0.45,1.0,1.0,1.0,1.0
COCONUT+train,T2_tims,BAYOACBFSOWERW,41,31.0,0.03225806451612903,0.0,0.0,0.0,1.0,1.0,41,21.0,0.09307215067691481,0.024390243902439025,0.24390243902439024,27.0,0.013904991948470209,0.0,0.0,1.0,1.0,1.0,1.0
COCONUT+train,T2_tims,VZXJDYXWLHAZRJ,100,56.5,0.01770604999960717,0.0,0.0,0.0,0.0,1.0,100,50.5,0.03815958177753507,0.01,0.1,18.0,0.08533206599253051,0.0,0.2727272727272727,4.0,0.25,0.0,1.0
COCONUT+train,T2_tims,LGTBGOLFSPZTIA,24,21.0,0.047619047619047616,0.047619047619047616,0.0,0.0,1.0,1.0,24,12.5,0.15733159073972947,0.041666666666666664,0.4166666666666667,12.0,0.09321344191253694,0.0,0.38461538461538464,2.0,0.5,0.0,1.0
COCONUT+train,T2_tims,DGOSJINGVLWTQA,153,129.0,0.007756601310185273,0.0,0.0,0.0,0.0,0.0,153,77.0,0.024940903122571943,0.006535947712418301,0.06535947712418301,76.0,0.025271246210288128,0.006622516556291391,0.06622516556291391,1.0,1.0,1.0,1.0
COCONUT+train,T2_tims,WLJCIOUYHYPDJG,128,83.5,0.01210727392698137,0.0,0.0,0.0,0.0,1.0,128,64.5,0.029812173263699275,0.0078125,0.078125,65.5,0.018380620458361165,0.0,0.06349206349206349,3.0,0.3333333333333333,0.0,1.0
COCONUT+train,T2_tims,AJLWSYKIMFRGDE,151,133.0,0.007553080521835538,0.0,0.0,0.0,0.0,0.0,151,76.0,0.025271246210288128,0.006622516556291391,0.06622516556291391,76.0,0.025271246210288128,0.006622516556291391,0.06622516556291391,7.0,0.14285714285714285,0.0,1.0
COCONUT+train,T2_tims,ARVRQXOLEJAISN,23,20.0,0.05008354218880534,0.05008354218880534,0.0,0.0,1.0,1.0,23,12.0,0.16236050048203654,0.043478260869565216,0.43478260869565216,19.5,0.051680709498046956,0.0,0.0,3.0,0.3333333333333333,0.0,1.0
COCONUT+train,T2_tims,HNXXTSZVWCBRIH,297,245.0,0.004087085632755573,0.0,0.0,0.0,0.0,0.0,297,149.0,0.012848344032840091,0.003367003367003367,0.03367003367003367,205.5,0.0,0.0,0.0,39.0,0.0,0.0,0.0
COCONUT+train,T2_tims,AQTWLQZZFWQEKJ,25,20.5,0.04892629300524037,0.04892629300524037,0.0,0.0,1.0,1.0,25,13.0,0.15263832711014028,0.04,0.4,13.5,0.11733159073972944,0.0,0.375,1.0,1.0,1.0,1.0
COCONUT+train,T2_tims,CDAVJKLKPPCXLM,233,201.0,0.00499797026591203,0.0,0.0,0.0,0.0,0.0,233,117.0,0.016377502908813336,0.004291845493562232,0.04291845493562232,197.5,0.0,0.0,0.0,2.0,0.5,0.0,1.0
COCONUT+train,T2_tims,KHDRUKRSGFZOLR,77,43.5,0.02774565218977392,0.009730962951572074,0.0,0.0,0.6206896551724138,1.0,77,39.0,0.049557898412383214,0.012987012987012988,0.12987012987012986,39.0,0.049557898412383214,0.012987012987012988,0.12987012987012986,1.0,1.0,1.0,1.0
COCONUT+train,T2_tims,OLZIWHJGYLGPEO,64,57.0,0.017598155124188473,0.0,0.0,0.0,0.0,1.0,64,32.5,0.05962434652739855,0.015625,0.15625,32.5,0.05962434652739855,0.015625,0.15625,2.0,0.5,0.0,1.0
COCONUT+train,T2_tims,ZMXYDDJOVIOMST,185,147.5,0.006935895640385609,0.0,0.0,0.0,0.0,0.0,185,93.0,0.020626800960829767,0.005405405405405406,0.05405405405405406,87.0,0.0,0.0,0.0,2.0,0.5,0.0,1.0
COCONUT+train,T2_tims,IBLWQDLRXJJQAY,85,72.5,0.013824501404626308,0.0,0.0,0.0,0.0,1.0,85,43.0,0.0448936256206295,0.011764705882352941,0.11764705882352941,19.0,0.08045594793581448,0.0,0.2571428571428571,6.0,0.16666666666666666,0.0,1.0
COCONUT+train,T2_tims,IGSYCAYYPJGXGX,41,36.5,0.027457468866137594,0.0,0.0,0.0,1.0,1.0,41,21.0,0.09307215067691481,0.024390243902439025,0.24390243902439024,15.5,0.0648546918767507,0.0,0.0,1.0,1.0,1.0,1.0
COCONUT+train,T2_tims,OCLLPNJJSKCVOH,260,182.5,0.00549354203675794,0.0,0.0,0.0,0.0,0.0,260,130.5,0.014676762222128874,0.0038461538461538464,0.038461538461538464,135.5,0.0,0.0,0.0,3.0,0.3333333333333333,0.0,1.0
COCONUT+train,T2_tims,OLQFZWULAZXANM,124,113.0,0.008866246963328963,0.0,0.0,0.0,0.0,0.0,124,62.5,0.030773856272205705,0.008064516129032258,0.08064516129032258,59.0,0.032615027160286386,0.008547008547008548,0.08547008547008547,5.0,0.2,0.0,1.0
COCONUT+train,T2_tims,XTPBTMJTYQSNGB,98,84.5,0.01183915705995435,0.0,0.0,0.0,0.0,1.0,98,49.5,0.03893834875258681,0.01020408163265306,0.10204081632653061,45.5,0.0,0.0,0.0,19.0,0.05263157894736842,0.0,0.0
COCONUT+train,T2_tims,LZPJLKCYEQJYAO,65,51.5,0.019780119365391376,0.0,0.0,0.0,0.4583333333333333,1.0,65,33.0,0.058707048888515495,0.015384615384615385,0.15384615384615385,20.0,0.09784508148085916,0.02564102564102564,0.2564102564102564,1.0,1.0,1.0,1.0
COCONUT+train,T2_tims,NCPTZBPRMULCPW,75,69.5,0.01442414390393986,0.0,0.0,0.0,0.0,1.0,75,38.0,0.05087944237004676,0.013333333333333334,0.13333333333333333,35.0,0.05530374170657257,0.014492753623188406,0.14492753623188406,14.0,0.07142857142857142,0.0,0.0
COCONUT+train,T2_tims,IOUCRLKCFUHEBA,10,7.5,0.13640873015873017,0.13640873015873017,0.0,1.0,1.0,1.0,10,5.5,0.2928968253968254,0.1,1.0,2.5,0.41666666666666663,0.0,1.0,3.0,0.3333333333333333,0.0,1.0
COCONUT+train,T2_tims,YVLUNSBRYNGEOB,48,42.0,0.023809523809523808,0.0,0.0,0.0,1.0,1.0,48,24.5,0.07949912870319807,0.020833333333333332,0.20833333333333334,28.0,0.013123036383905948,0.0,0.0,1.0,1.0,1.0,1.0
COCONUT+train,T2_tims,PBRPFALHZLKOME,44,41.0,0.024390243902439025,0.0,0.0,0.0,1.0,1.0,44,22.5,0.08672632222167062,0.022727272727272728,0.22727272727272727,28.0,0.022991854823962217,0.0,0.0,12.0,0.08333333333333333,0.0,0.0
COCONUT+train,T2_tims,BQDWSVGJHFUTMI,17,10.0,0.10067340067340068,0.10067340067340068,0.0,0.6666666666666666,1.0,1.0,17,9.0,0.20232661897886814,0.058823529411764705,0.5882352941176471,3.0,0.3333333333333333,0.0,1.0,5.0,0.2,0.0,1.0
COCONUT+train,T2_tims,HCFHAVLGZNIIEK,128,90.0,0.01160124057810498,0.0,0.0,0.0,0.0,0.6666666666666666,128,64.5,0.029812173263699275,0.0078125,0.078125,103.0,0.0,0.0,0.0,1.0,1.0,1.0,1.0
COCONUT+train,T2_tims,BEDACMNTJNMMTE,21,19.0,0.05272904483430799,0.05272904483430799,0.0,0.0,1.0,1.0,21,11.0,0.17358850975060616,0.047619047619047616,0.47619047619047616,15.0,0.06666666666666667,0.0,0.0,9.0,0.1111111111111111,0.0,1.0
COCONUT+train,T2_tims,WGNLJZWYWBTZSF,65,60.0,0.016697632419964584,0.0,0.0,0.0,0.0,1.0,65,33.0,0.058707048888515495,0.015384615384615385,0.15384615384615385,34.0,0.03250204662983891,0.0,0.11475409836065574,10.0,0.1,0.0,1.0
COCONUT+train,T2_tims,COZQEDGSSSZQHO,17,14.0,0.0729406098103577,0.0729406098103577,0.0,0.0,1.0,1.0,17,9.0,0.20232661897886814,0.058823529411764705,0.5882352941176471,15.5,0.06458333333333333,0.0,0.0,3.0,0.3333333333333333,0.0,1.0
COCONUT+train,T2_tims,CNACASQFNXHJQX,435,360.0,0.0027797235268860678,0.0,0.0,0.0,0.0,0.0,435,218.0,0.008772317650008063,0.0022988505747126436,0.022988505747126436,238.0,0.0,0.0,0.0,8.0,0.125,0.0,1.0
COCONUT+train,T2_tims,RCODGOKAOZZKJB,17,11.5,0.08779137529137529,0.08779137529137529,0.0,0.25,1.0,1.0,17,9.0,0.20232661897886814,0.058823529411764705,0.5882352941176471,4.0,0.25,0.0,1.0,4.0,0.25,0.0,1.0
COCONUT+train,T2_tims,ZKVFBYCLHZKMQK,43,39.0,0.025652271704903282,0.0,0.0,0.0,1.0,1.0,43,22.0,0.08874321343612808,0.023255813953488372,0.23255813953488372,3.0,0.3333333333333333,0.0,1.0,16.0,0.0625,0.0,0.0
COCONUT+train,T2_tims,PXMCPIXUBIICQX,123,112.0,0.00894571295188586,0.0,0.0,0.0,0.0,0.0,123,62.0,0.03102405022563827,0.008130081300813009,0.08130081300813008,74.0,0.0,0.0,0.0,1.0,1.0,1.0,1.0
COCONUT+train,T2_tims,CDXDDEZDDGUXAQ,104,54.5,0.01839984079556461,0.0,0.0,0.0,0.1,1.0,104,52.5,0.03669190555532219,0.009615384615384616,0.09615384615384616,49.0,0.013556802899955112,0.0,0.024691358024691357,1.0,1.0,1.0,1.0
COCONUT+train,T2_tims,ZWQRBHOGOOLFAD,4,2.5,0.5208333333333333,0.5208333333333333,0.25,1.0,1.0,1.0,4,2.5,0.5208333333333333,0.25,1.0,4.0,0.25,0.0,1.0,1.0,1.0,1.0,1.0
COCONUT+train,T2_tims,GLAIXTLNPCHOHT,86,77.5,0.012914521781457714,0.0,0.0,0.0,0.0,1.0,86,43.5,0.04437160671806404,0.011627906976744186,0.11627906976744186,34.5,0.05611703202578687,0.014705882352941176,0.14705882352941177,43.0,0.0,0.0,0.0
COCONUT+train,T2_tims,JJGZJIYABRFPKP,4,2.0,0.5,0.5,0.0,1.0,1.0,1.0,4,2.5,0.5208333333333333,0.25,1.0,2.5,0.41666666666666663,0.0,1.0,2.0,0.5,0.0,1.0
COCONUT+train,T2_tims,HTSGQZLAOIGWEN,333,283.5,0.003536519273113403,0.0,0.0,0.0,0.0,0.0,333,167.0,0.01145933386712765,0.003003003003003003,0.03003003003003003,221.5,0.0,0.0,0.0,199.0,0.0,0.0,0.0
COCONUT+train,T2_tims,LZPVIFVXPOIHFU,80,71.5,0.013986697965571206,0.0,0.0,0.0,0.0,1.0,80,40.5,0.04769947722191884,0.0125,0.125,35.5,0.0,0.0,0.0,1.0,1.0,1.0,1.0
COCONUT+train,T2_tims,LYKUZSQRGUEAIU,153,147.0,0.0068058717803412445,0.0,0.0,0.0,0.0,0.0,153,77.0,0.024940903122571943,0.006535947712418301,0.06535947712418301,53.5,0.03599960545050478,0.009433962264150943,0.09433962264150944,1.0,1.0,1.0,1.0
COCONUT+train,T2_tims,UQCVDDGIYPGLRT,87,78.5,0.012739370334307044,0.0,0.0,0.0,0.0,1.0,87,44.0,0.043861588250040315,0.011494252873563218,0.11494252873563218,80.5,0.0,0.0,0.0,11.0,0.09090909090909091,0.0,0.0
COCONUT+train,T2_tims,CFDSLVZRAHNSBH,90,55.0,0.01891755640301517,0.0,0.0,0.0,0.3783783783783784,1.0,90,45.5,0.0423995353083723,0.011111111111111112,0.1111111111111111,82.5,0.0,0.0,0.0,1.0,1.0,1.0,1.0
COCONUT+train,T2_tims,UCAXVGGJXUVTLP,34,22.0,0.045517284647719425,0.045517284647719425,0.0,0.0,1.0,1.0,34,17.5,0.11223406405157374,0.029411764705882353,0.29411764705882354,5.0,0.2454081632653061,0.0,1.0,2.0,0.5,0.0,1.0
COCONUT+train,T2_tims,OXZZANIKBBNMME,28,22.5,0.044466403162055336,0.044466403162055336,0.0,0.0,1.0,1.0,28,14.5,0.13628422063405382,0.03571428571428571,0.35714285714285715,13.5,0.076323033584063,0.0,0.125,1.0,1.0,1.0,1.0
COCONUT+train,T2_tims,NOPNVBUVPIHUEP,19,16.0,0.06266339869281046,0.06266339869281046,0.0,0.0,1.0,1.0,19,10.0,0.18672313984966749,0.05263157894736842,0.5263157894736842,6.0,0.18985260770975057,0.0,1.0,15.0,0.06666666666666667,0.0,0.0
COCONUT+train,T2_tims,SMHDINNURABSRS,129,111.5,0.00904769898185299,0.0,0.0,0.0,0.0,0.19444444444444445,129,65.0,0.029581071145376024,0.007751937984496124,0.07751937984496124,84.5,0.0,0.0,0.0,2.0,0.5,0.0,1.0
COCONUT+train,T2_tims,CWPLTUAWDKCGAJ,259,172.0,0.005824205099089102,0.0,0.0,0.0,0.0,0.0,259,130.0,0.01473342925773555,0.003861003861003861,0.03861003861003861,142.5,0.0,0.0,0.0,189.0,0.0,0.0,0.0
COCONUT+train,T2_tims,CBBQSGPIDBZWQU,61,34.5,0.02901600033952975,0.0,0.0,0.0,1.0,1.0,61,31.0,0.06255669143858208,0.01639344262295082,0.16393442622950818,16.5,0.06348708302075175,0.0,0.0,45.0,0.0,0.0,0.0
COCONUT+train,T2_tims,VWUBUHDQUKGSMP,234,154.5,0.006600643152744594,0.0,0.0,0.0,0.0,0.0,234,117.5,0.016307513580143193,0.004273504273504274,0.042735042735042736,77.5,0.004967378301716811,0.0,0.0,19.0,0.05263157894736842,0.0,0.0
COCONUT+train,T2_tims,XAKDHBAMKFCPIW,45,30.0,0.033407688436887545,0.0,0.0,0.0,1.0,1.0,45,23.0,0.0847990706167446,0.022222222222222223,0.2222222222222222,1.5,0.75,0.5,1.0,19.0,0.05263157894736842,0.0,0.0
COCONUT+train,T2_tims,JOKVZIVCFLFDGU,22,10.0,0.1,0.1,0.0,1.0,1.0,1.0,22,11.5,0.16776423864623977,0.045454545454545456,0.45454545454545453,18.0,0.05567022130489622,0.0,0.0,1.0,1.0,1.0,1.0
COCONUT+train,T2_tims,CATMHCGKZXAXLE,116,113.0,0.008850943991635756,0.0,0.0,0.0,0.0,0.0,116,58.5,0.03289619118753023,0.008620689655172414,0.08620689655172414,8.0,0.1337920016491445,0.0,0.8571428571428571,1.0,1.0,1.0,1.0
COCONUT+train,T2_tims,SMLWIAVJNYSDIZ,25,15.0,0.06666666666666667,0.06666666666666667,0.0,0.0,1.0,1.0,25,13.0,0.15263832711014028,0.04,0.4,13.5,0.07458791208791209,0.0,0.0,20.0,0.05,0.0,0.0
COCONUT+train,T2_tims,HUNFHPPQNJZQAC,159,139.5,0.007174453650575252,0.0,0.0,0.0,0.0,0.0,159,80.0,0.02399973696700319,0.006289308176100629,0.06289308176100629,86.0,0.004848622445869583,0.0,0.0,7.0,0.14285714285714285,0.0,1.0
COCONUT+train,T2_tims,FGYPYNPGHGDSAK,11,6.0,0.16666666666666666,0.16666666666666666,0.0,1.0,1.0,1.0,11,6.0,0.2745343040797586,0.09090909090909091,0.9090909090909091,6.5,0.15476190476190477,0.0,1.0,1.0,1.0,1.0,1.0
COCONUT+train,T2_tims,UCBXIXGYNRPLRU,375,283.5,0.003533805947930501,0.0,0.0,0.0,0.0,0.0,375,188.0,0.010175888474009352,0.0026666666666666666,0.02666666666666667,238.0,0.0,0.0,0.0,2.0,0.5,0.0,1.0
