molecule_id,smiles
m_005e53,CN(Cc1ncccc1C(=O)O)CC1(c2ccc(Br)cc2)CC1;CC1CC(c2ccc(Br)cc2)CN1Cc1ncccc1C(=O)O;O=C(O)c1cccnc1CN1CCC(c2ccccc2Br)CC1;CCCCC(=O)Nc1cccc(NC(=O)c2ccccc2Br)c1;C=C1C[C@H](OC(C)=O)[C@H](Br)C(C)(C)[C@]12CCC(C)=C(Cl)C2;O=C(Oc1ccc2c(c1)O/C(=C\C=C\c1ccccc1)C2=O)c1cccs1;O=c1cccc2n1C[C@H]1C[C@H]2CN(Cc2cc(Br)ccc2O)C1;Cc1ccc(CN2CC(C(=O)O)C(c3ccc(Br)cc3)C2)nc1;Cc1ncccc1CN1CC(C(=O)O)C(c2ccc(Br)cc2)C1;Cc1ccc(CN2CC(C(=O)O)C(c3ccc(Br)cc3)C2)cn1;Cc1ccc(C(=O)NCC(=O)Nc2ccc(Br)c(C)c2)cc1C;Cc1cncc(CN2CC(C(=O)O)C(c3ccc(Br)cc3)C2)c1;CC1CCN(C(C)CNS(=O)(=O)c2cccc(Br)c2)CC1;Oc1cc(O)cc(Oc2c(O)ccc(Oc3c(O)cc(O)cc3O)c2O)c1;Oc1cc(O)cc(Oc2c(O)cc(O)cc2Oc2c(O)cc(O)cc2O)c1;Oc1cc(O)cc(Oc2c(O)cc(Oc3c(O)cc(O)cc3O)cc2O)c1;Oc1cc(Oc2c(O)cc(O)cc2O)cc(Oc2c(O)cc(O)cc2O)c1;COc1cc2c(cc1OC)C(c1ccc(Br)cc1)=NNC(C)C2;Oc1cc(O)cc(Oc2c(O)cc(O)cc2Oc2cc(O)c(O)c(O)c2)c1;Oc1cc(O)c(Oc2cc(O)c(-c3c(O)cc(O)cc3O)c(O)c2)c(O)c1;O=C(/C=C/c1ccccc1)Oc1ccc2c(c1)O/C(=C\c1cccs1)C2=O;Oc1cc(O)cc(Oc2c(O)cc(O)c(-c3c(O)cc(O)cc3O)c2O)c1;O=C(c1cc[nH]c(=O)c1)N1CCCCC1Cc1cccc(Br)c1;Oc1cc(O)c(-c2c(O)cc(O)c(-c3c(O)cc(O)cc3O)c2O)c(O)c1;COC(=O)CC(c1cccc(O)c1)c1c(O)nc2ccc(Cl)cn2c1=O
m_006153,COc1ccc(N2CC(C(=O)Nc3nncn3C3CC3)CC2=O)cc1;COc1ccc(N2CC(C(=O)N3CCCn4ncnc43)CC2=O)cc1;CC(=O)NCCc1ccc(O[C@@H]2O[C@H](CO)[C@@H](O)[C@H](O)[C@H]2O)cc1;Cc1nnc(CNC(=O)c2ccc3c(c2)N(C)C(=O)CO3)n1C1CC1;O=C(CN1C(=O)COc2ccccc21)NCCc1nnc2n1CCC2;CN1C(=O)CC(C(=O)Nc2cccc(C(N)=O)c2)C1c1ccnn1C;CC(C)(C)N(CCS(C)(=O)=O)C(=O)C1CC1c1ccccc1F;CCOc1cc(C#N)ccc1OCC(=O)N1CCn2c(C)nnc2C1;CNC(=O)C[C@@H](O[C@@H]1O[C@H](CO)[C@@H](O)[C@H](O)[C@H]1O)c1ccccc1;CCn1cnnc1C1CN(C(=O)COc2ccc(C#N)cc2)CCO1;CCn1nc(C)cc1-c1nc(CC(=O)Nc2ccccc2OC)no1;COC1CN(C(=O)CN2Cc3ccccc3C2=O)CC1c1c[nH]nn1;COc1ccc(-c2nc(CCNC(=O)C(C)n3cncn3)co2)cc1;CC1C(=O)OC2CCN3CC4OC4(COC(=O)C(C)(O)C1(C)O)C23;Cc1nnc2n1CCN(C(=O)CCCn1c(=O)oc3ccccc31)C2;CCOC(=O)NCc1ccc(O[C@@H]2O[C@@H](C)[C@H](O)[C@@H](O)[C@H]2O)cc1;O=C(C[C@@H]1NC(=O)N(Cc2ccccc2)C1=O)NCCc1c[nH]cn1;CCc1nnc2n1CCN(C(=O)C(C)n1c(=O)oc3ccccc31)C2;COc1cc(C=CCNC(C=O)C(O)C(O)C(O)CO)ccc1O;NC(Cc1c[nH]c2ccccc12)C(=O)NC(Cc1cnc[nH]1)C(=O)O;CCc1ccc(NC(=O)Cn2cnc3c2c(=O)n(C)c(=O)n3C)cc1;Cc1noc(C2CN(C(=O)COc3ccccc3C#N)CCN2C)n1;COC1CN(C(=O)COc2ccccc2C#N)CC1c1cn(C)nn1;Cc1cccc(NC(=O)Cn2cnc3c2c(=O)n(C)c(=O)n3C)c1C;CCc1nnc2n1CCN(C(=O)CCn1c(=O)oc3ccccc31)C2
m_00b5aa,COc1ccnc(CN2CCOCC3(CCCC3)C2)c1OC;CC(C)Oc1ccc(C(=O)N2CCCC(CCO)CC2)nc1;CCCNC(=O)C[C@@H]1CCN(C(=O)c2ccco2)C[C@@H]1CC;COc1c(C)cnc(CN(C)C(=O)C2CCCOC2C)c1C;CCCC1(CO)CCN(C(=O)c2cc(C)c(CC)nc2O)C1;CC(C)(C)C(=O)Nc1cccc(OCCN2CCOCC2)c1;COc1ccccc1NC(=O)CNC1CC(C)(C)OC1(C)C;COc1cccc(CNCC2CN(C3CC3)CCO2)c1OC;COC1CCCC1C1COCCN1Cc1ncc(C2CC2)o1;COCCC(=O)Nc1cccc(CN2CC(C)OC(C)C2)c1;CCC(C(=O)NC1CCCCC1)N(Cc1ccco1)C(C)=O;CC(C)(C)c1cc(C(=O)NC2CCOC23CCCCC3)no1;CC(C)Oc1cncc(C(=O)NCC(O)C2CCCCC2)c1;CCc1noc(CC)c1CC(=O)N1CC2CCCC(C1)C2O;CCOCCOc1ccccc1NC(=O)NC1CCCCC1;CC(=O)Nc1ccc(OCC(O)CN2CCC(C)CC2)cc1;COCc1cc(C[C@@H]2C[C@H](NC(=O)C3CCC3)C2(C)C)no1;Cc1cccc(OC[C@]2(CNC3CCC3)C[C@@H](O)[C@@H](O)C2)n1;CCC(C(=O)N1CCOC2CCCCC21)c1c(C)noc1C;Cc1cccc(OC[C@]2(CNCC3CC3)C[C@@H](O)[C@@H](O)C2)n1;Cc1cc(C(=O)NC2(C(=O)NCC(C)C)CCCC2)oc1C;OCCc1cc(CC2(N(CC3CC3)CC3CC3)COC2)no1;CCCCCCc1cccc(N=C(O)CNCCC(=O)O)c1;CCC(C)[C@H](NC(=O)NC(C)CCc1ccccc1)C(=O)O;CNC(=O)C1(COC)CCCN1Cc1ccc(C)c(OC)c1
m_01e922,Cc1ccc(C(=O)OCC2CCCCC2)c(=O)[nH]1;CC(C)CC(=O)[C@@H](C)OC(=O)c1ccccc1N;Cc1cc2c(c(=O)n1C)C(CC(C)C)CC(=O)O2;CCC=CCCCNc1cc(C(=O)O)ccc1O;CCC=CCCCNc1c(O)cccc1C(=O)O;CCCCCC(=O)Nc1ccc(C(=O)OC)cc1;Cc1cc(O)ccc1C(=O)NC1CCCC1CO;COc1cccc(C(=O)NCC(OC)C2CC2)c1;Cc1cccc(NC(=O)CC2(O)CCCC2)c1O;CC1CCCN(C(=O)c2cccc(O)c2)C1CO;COC1CCC2C(O)c3c(C)ccnc3C2C1O;COc1cccc(C(=O)NC2CCCC2CO)c1;COc1cccc(C(=O)NC2COCC2(C)C)c1;CN(C)c1cccc(C(=O)OCC2CCCO2)c1;CN1[C@@H]2CCC[C@H]1C[C@@H](OC(=O)c1ccco1)C2;CC(C)[C@H](CCN1C(=O)CCC1=O)c1ccco1;CCCCCC(=O)NCC(=O)c1ccc(O)cc1;COC[C@@H]1CCCN1C(=O)c1ccccc1OC;COc1ccc(C(=O)NCC2(CO)CC2)c(C)c1;CC(C)(C)c1ccc(C(=O)NCCC(=O)O)cc1;CC(C)=CCOc1ccc(CC([NH3+])C(=O)[O-])cc1;C=CCCCOc1ccc(CC(N)C(=O)O)cc1;CC(Cc1ccc(O)cc1)NC(=O)C1CCOC1;CCC(=O)Nc1ccc(C)c(OC2CCOC2)c1;CC(=O)N1CCOC[C@H](OCc2ccccc2)C1
m_0259d4,O=C(NCCCn1ccnc1)NCCc1coc(-c2ccccc2)n1;Cc1ccc(-c2nc(CCNC(=O)NCCn3ccnc3)co2)cc1;COc1ccc(-c2cn3c(n2)CO[C@@H](CNCc2ncc[nH]2)C3)cc1;Cc1ccc(NC(=O)c2cnn(CCN(C)C)c2)cc1-c1ncco1;COc1cccc(-c2c[nH]c([C@@H]3COCCN3Cc3c[nH]cn3)n2)c1;CC1CN(C)CC(c2nnc(-c3ccc(Cn4ccnc4)cc3)o2)O1;O=C(Cc1n[nH]c2ccccc12)NC1CC(Cn2ccnc2)CC1O;COc1ccc(-c2c[nH]c([C@@H]3COCCN3Cc3cnc[nH]3)n2)cc1;COc1ccc(-c2c[nH]c([C@@H]3COCCN3Cc3ncc[nH]3)n2)cc1;COc1cccc(-c2c[nH]c([C@@H]3COCCN3Cc3ncc[nH]3)n2)c1;Cn1ccnc1CN1C[C@H]2CN(C(=O)c3ccccc3)CCN2C1=O;Cn1nccc1C1OCCC1NC(=O)CCn1cnc2ccccc21;O=C(Nc1cc(C(=O)N2CCC(n3ccnc3)CC2)ccn1)C1CC1;CCCc1noc(CCCC(=O)Nc2cccc(-c3ncc[nH]3)c2)n1;CC1(C)C(=O)O[C@H]2CCN3CC=C(COC(=O)[C@@](C)(O)[C@@]1(C)O)C23;COC1CC(c2ncc[nH]2)N(Cc2nc(Cc3ccccc3)no2)C1;CCc1cc(C(=O)N2CCC(n3c(=O)[nH]c4ccccc43)CC2)[nH]n1;COc1cccc2c(NC3CC(Cn4ccnc4)CC3O)ncnc12;CO[C@]12OC/C(=C3\C(=O)N(C)CC[C@]3(C)C(=O)CCC[C@@H]1O)[C@@H]2O;Oc1ccc(Nc2nc(OCC3CCCCC3)c3nc[nH]c3n2)cc1;Cc1nccc(O[C@@H]2C(=O)N(C)[C@@H]3CN(Cc4ccncc4)C[C@H]23)n1;Cc1cn(CC(=O)NCCCC(=O)Nc2cn[nH]c2)c2ccccc12;CC(=O)O[C@]1(C)C/C(=C\C[C@@H](CC(N)=O)CC(=O)O)C(=O)[C@H](C)C1;Cc1nn(C)c(C)c1NC(=O)C(=O)NCCc1c[nH]c2ccccc12;CC(C)c1noc([C@@H]2C[C@H](NC(=O)c3ccc(C#N)cc3)CN2C)n1
m_02d188,CC(=O)Nc1ccc(NCC(=O)NC(C)c2ccccc2)c(Cl)c1;CC(=O)Nc1ccc(Cl)cc1NCC(=O)NC(C)c1ccccc1;CC(NC(=O)c1cc(N2CCOCC2)ccn1)c1cccc(Cl)c1;CCN(CC(=O)Nc1c(C)cccc1C)C(=O)c1ccc(Cl)cn1;Cc1ccc(C(N)=O)cc1NCC(=O)N(C)Cc1cccc(Cl)c1;Cc1ccc(NC(=O)CNC(=O)c2ccc(C(C)C)cn2)c(Cl)c1;Cn1cc(Cl)cc1C(=O)N1CCCNC(=O)C1Cc1ccccc1;Cc1ccc(C(=O)N2CCN(CC(=O)Nc3nncs3)CC2)cc1;CN1C(O)=C(C(=O)/C=C/C=C/C=C/C=C/C=C/C(=O)O)C(=O)[C@@H]1CO;O=C(CCc1cccnc1)Nc1cccc(Cl)c1N1CCOCC1;CCOC(=O)CNC(=O)c1cc(-c2ccc3c(c2)OCCO3)oc1C;CC(c1ccc(Cl)cc1)N1CCN(C(=O)c2cc[nH]c(=O)c2)CC1;CC(CC(=O)Nc1ccccc1C)=NNC(=O)Cc1csc(N)n1;O=C1C(N(CCO)Cc2cccnc2)CCN1c1ccccc1Cl;O=C(CCc1cccc(Cl)c1)NCCC(=O)NCc1ccncc1;COc1cc(C(=O)ON=C2C=C(C)C(=O)C(C)=C2)cc(OC)c1OC;[O-][S@H+]1C[C@H](O)[C@H](O)[C@@H](O)C[C@H](O)C[C@H](O)[C@@H](O)[C@H](O)[C@@H](O)C1;CCn1cc(S(=O)(=O)Nc2cc(-c3ccccc3C)nn2C)cn1;CC(c1ccc(Cl)cc1)N1CCN(CCNS(C)(=O)=O)CC1;Cc1ccc(-n2nnnc2-c2cnc3cc4c(cc3c2C)OCO4)cc1;O=C(O)C(Cc1ccccc1)NC(Cc1ccc(O)c(O)c1)C(=O)O;CC(c1ccc(Cl)cc1)N1CCN(C(=O)c2cccc(=O)[nH]2)CC1;Cc1coc2cc3oc(=O)c(CC(=O)NC[C@H](O)CO)c(C)c3cc12;OCC1CC(F)CN1Cc1nnnn1-c1ccc(C(F)(F)F)cc1;Cc1ccc(-n2cnnc2SCC(=O)NC(=O)NC2CC2)c(C)c1
m_0318b5,O=C(Nc1ccc(F)cc1)C(c1ccccc1)N1CCC(n2cccn2)CC1;O=C(Nc1ccc(F)cc1)C(c1ccccc1)N1CCC(c2ccn[nH]2)CC1;CC(C)=CCC/C(C)=C/Cc1c(O)ccc2cc(-c3cc(O)cc(O)c3)oc12;COc1c(F)cc(CN2CCC(CNC(=O)c3cnn(C)c3)CC2)cc1F;Cc1cc(C)n(-c2ccc(C(=O)N3CCN(c4ccccc4F)CC3)cc2)n1;CC(C)=CCC[C@@]1(C)C=Cc2c(O)cc(/C=C/c3ccc(O)c(O)c3)cc2O1;C/C(C=O)=C\CC/C(C)=C/CCC1(C)C=Cc2c(c3ccccc3oc2=O)O1;CCOC(=O)c1c(C(C)(C)C)oc2ccc(OC/C=C/c3ccccc3)cc12;CC(C)=CCC/C(C)=C/Oc1ccc(C(=O)/C=C/c2ccc(O)cc2)c(O)c1;CC(C)=CCc1c(O)cc(O)cc1-c1cc2ccc(O)c(CC=C(C)C)c2o1;CC(C)(C)C(=O)Oc1ccc2c(c1)O/C(=C\c1ccc(C(C)(C)C)cc1)C2=O;CCCCCCc1c(C)c2ccc(OCC(=O)c3ccccc3)cc2oc1=O;CC(C)=CCc1cc([C@@H]2CC(=O)c3ccc(O)cc3O2)cc(C=C(C)C)c1O;C=C1C=CC2C(C)(C)C(=O)CCC2(C)C1COc1ccc2ccc(=O)oc2c1;CC(=O)Oc1ccc2c(c1)CC=C1[C@@H]2CC[C@@]2(C)[C@H]1CC[C@@]2(O)c1ccoc1;COc1ccc2c(c1)c(=O)oc1cc(OC/C=C(/C)CCC=C(C)C)ccc12;O=C(O)[C@@H]1C=C[C@@H]2C[C@H]3[C@H](CCCc4ccc5c(c4)OCO5)[C@H]4C=C[C@@H]1[C@@H]2[C@H]43;Cn1cc(CC2CCN(CC(=O)NCc3ccc(OC(F)F)cc3)C2)cn1;COc1cc2c(c(-c3cc(OC)cc4c3OC(C)(C)C=C4)c1)OC(C)(C)C=C2;CC12C=CC(=O)C=C1CCC1C3=CC(O)C(c4ccc(=O)oc4)C3(C)CCC12;COC(=O)/C=C/c1ccc(OC(=O)CCc2ccccc2)c(CC=C(C)C)c1;CC(=O)C1(O)C(O)CC2C3CCC4=CC(=O)C=CC4(C)C3(F)C(O)CC21C;CO[C@@H]1OC[C@H]2[C@H](C[C@@H](O)[C@@]2(C)O[C@@H]2O[C@H](CO)[C@@H](O)[C@H](O)[C@H]2O)[C@H]1C;COCCc1cc(NC(=O)N2CCCC(c3cc(F)ccc3F)C2)n(C)n1;CC(C)=CCC/C(C)=C/Cc1c(O)cc(-c2cc3ccc(O)cc3o2)cc1O
m_043e86,OC(CNc1ncc(Cl)cc1F)CN1CCOCC1;CC(C)(C)C(=O)Nc1ccc(-c2ccc(Cl)cn2)cn1;CC(C)(C)C(=O)Nc1ccc(-c2ncccc2Cl)cn1;OC1CCN(c2ccc(-c3ccccc3Cl)nn2)CC1;NCC1CCN(C(=O)c2cc(Cl)cc3cccnc23)C1;O=C(O)C(CNC(=O)C1CCCS1(=O)=O)CC1CC1;CN1CC(NCc2ccc(Cl)c3cccnc23)CC1=O;Cc1c(NC(=O)c2ccc(Cl)cn2)cccc1N(C)C;NCC1CCN(C(=O)c2ccc(Cl)c3cccnc23)C1;Cn1cc(C(=O)N2CCCC2c2ccc(Cl)cc2)cn1;OC1CC(CNc2ncc(Cl)cn2)(c2ccccc2)C1;NCC1CCCN1C(=O)c1cnc(-c2ncccn2)s1;O=C(NC1(c2cccc(Cl)c2)CCCC1)c1cc[nH]n1;O=C(Nc1cccs1)N1CCN(c2ncccn2)CC1;Cn1ncc(NCC2(c3ccccc3)CC2)c(Cl)c1=O;O=C(O)C1CCN(C(=O)CS(=O)(=O)C2CCCC2)C1;Clc1ccccc1OC1CCN(c2cnccn2)CC1;CCn1cc(C(=O)N2CCC2c2ccc(Cl)cc2)cn1;Cc1cn(C)nc1C(=O)NC1CCc2c(Cl)cccc21;CN1CCN(C(=O)c2cc(Cl)c3ccccc3n2)CC1;Cc1ccc(-c2noc(Cn3ncn(C)c3=O)n2)cc1F;N#Cc1ccnc(NCc2cccc(OCC(F)F)c2)c1;COc1c(C=NNC(N)=S)c(C)nn1-c1ccccc1;C=CCn1c(N)nnc1SCC(=O)Nc1ccccc1;Nc1nc2c(c(=O)[nH]1)NC(C(O)C(O)CO)C(O)N2O
m_050bf1,CCc1noc(COCC(=O)N2CC(C)(C)OC3COCC32)n1;CCCc1noc(CCCC(=O)N2CCOC(CC(=O)O)C2)n1;Cn1ncnc1CN1CCC(Cc2nc(-c3ccncc3)no2)C1;CC(C)(C)c1noc(CCC(=O)N2CCOC(CC(=O)O)C2)n1;Cc1cccc(NC(=S)N2CCCC[C@@H]2c2cccnc2)c1C;CN1CCCC1C(=O)N1CCN(Cc2c(Cl)cnn2C)CC1;c1cn(-c2cc(NC3=NCC4(CN5CCC4CC5)O3)ncn2)cn1;CNc1ccc(-c2noc([C@@H]3CCCN3Cc3ncc[nH]3)n2)cn1;CCN1CCN(C(=O)COCc2ocnc2C(=O)OC)C(C)C1;COC(=O)CN1C(=O)[C@@H]2C[C@@H](O)CN2C2(CN(C(C)C)C2)C1=O;Cc1ncccc1OC1CCN(c2nc(N)c3cnn(C)c3n2)C1;C[C@H]1O[C@@H](n2ccc(=NC(=O)CC(C)(C)O)nc2O)CC[C@@H]1O;CCCCCCCC(C)NC(C(=O)O)C(C)OP(=O)(O)O;CCCCCCCCCNC(C(=O)O)C(C)OP(=O)(O)O;Cc1c(C2C(CNc3cnc(C#N)cn3)CC(=O)N2C)cnn1C;CC(C(=O)N(C)Cc1nccn1C)n1nnc(-c2ccccc2)n1;Cc1nnc2c(N3CCCC(COc4ncccn4)C3)nccn12;O=C(CCCn1cnnn1)N1CCCC1c1nc2ccccc2[nH]1;CCCCC(=NNC(=S)Nc1cccc(C)c1)c1ccccc1;Cn1nnc(CNC(=O)N2CCCn3c(cc4ccccc43)C2)n1;c1ccc2c(c1)Sc1ccccc1N2CCCN1CCNCC1;CCn1ccnc(N2CCC(Nc3cnc(C#N)cn3)CC2)c1=O;CCCCCCCCCCNC(COP(=O)(O)O)C(=O)O;CC[C@H](C)c1c(OC(=O)CC(N)=O)nc(C(C)C)c(=O)n1OC;Cn1cc(Cl)c(C(=O)NC2CCC(N3CCNCC3)CC2)n1
m_05b52e,COc1ccc(Cl)cc1-c1cc(NC(=O)c2ccnc(C)n2)[nH]n1;CN(C)c1nccc(NC(=O)c2cc(-c3cccc(Cl)c3)no2)n1;O=C(Oc1ccc2c(c1)O/C(=C\c1cccnc1)C2=O)c1ccccc1;Cc1ccc(-c2nc(NC(=O)c3sc(C)nc3C)sc2C)cc1;O=C1CC(c2ccc3ncccc3c2)c2c(c3ccccc3oc2=O)O1;CC(C)CN1C(=O)C(=Cc2cn[nH]c2-c2ccccc2)SC1=S;CCc1c(NC(=O)c2ccc(=O)[nH]n2)cnn1-c1cccc(Cl)c1;O=c1c(Cl)c(N2CCOCC2)cnn1-c1cnc2ccccc2n1;CC1=C(C(=O)Nc2ccccc2C)C(c2cccs2)NC(=S)N1;O=C(Oc1ccc2c(c1)O/C(=C\c1ccncc1)C2=O)c1ccccc1;FC(F)(F)c1cnc(N2CCN(c3ncccn3)CC2)c(Cl)c1;Cc1ccccc1NC(=O)CSc1ncnc2sc(C)c(C)c12;O=C(Oc1c(-c2ccccc2)oc2ccccc2c1=O)c1cccnc1;FC(F)(F)c1cnc(N2CCN(c3cnccn3)CC2)c(Cl)c1;CC(=O)Nc1sc2c(c1-c1nc3ccccc3s1)CCCNC2;Cc1ccc(C(=O)Nc2ccc(-c3n[nH]c(C)n3)c(Cl)c2)c(=O)[nH]1;C[C@@H](OP(=O)(O)O)[C@H](NC(=O)CCCCCCS)C(=O)O;CC(=O)Nc1sc2c(c1-c1nc3ccccc3s1)CCN(C)C2;O=C(O)c1ccc2c(c1Nc1ccccc1)C(=O)c1ccccc1C2=O;CN(C)c1ncc(NC(=O)c2cc(-c3cccc(Cl)c3)on2)cn1;Cc1cc(C)c2c3c(sc2n1)C1(CCSCC1)C(C#N)=C(N)O3;Cc1nc(-c2ccc(NC(=O)c3ccc(=O)n(C)c3)cc2Cl)n[nH]1;COc1ccc(Cl)cc1C(=O)Nc1ccc(-n2cnnn2)c(C)c1;Cc1ncsc1C(=O)NCCc1nc(-c2ccccc2)c(C)s1;O=C(COc1ccc(Cl)cc1)NCc1nnnn1-c1ccccc1
m_068354,CC(NC(=O)C1CCn2ccnc2C1)C(O)Cc1ccccc1;Cc1cc(O)c(C(C)C)cc1NC(=O)C1CCn2ccnc2C1;CCOc1ccccc1CCC(=O)NC1CCc2nccn2C1;O=C(NCc1nccn1CCCc1ccccc1)C1CCCO1;CC1CCN(C(=O)C(O)Cc2ccccc2)CC1n1ccnc1;O=C(CCCn1ccnc1)NCC1CCOC1c1ccccc1;CC(C)(C)C(=O)NC[C@H]1Cn2c(-c3ccccc3)cnc2CO1;CC(C)(O)C1CCCN1C(=O)Cc1cnn(-c2ccccc2)c1;CC(NCC1CCn2ccnc2C1)c1ccc2c(c1)OCCO2;Cc1ccc(-c2nnc([C@H]3CCN(C4CCOCC4)C3)o2)cc1;Cc1ccc(OCCC(=O)N2CCCC(c3ccn[nH]3)C2)cc1;O[C@@H]1C[C@@H](c2nc(C3CC3)no2)N(CCCc2ccccc2)C1;Cc1cc(CCNC(=O)C2CCCc3[nH]ncc32)cc(C)c1O;Cc1nn(-c2ccccc2)cc1C(=O)NCC1CCC(C)(C)O1;Cc1noc(C2CCC(CNC3CCc4ccccc4C3)O2)n1;CCn1cc(C2OCCC2C(=O)NC(C)c2ccccc2)cn1;CCC1(CC)Cc2ccccc2-c2[nH]c(NCCO)nc(=O)c21;CN(C)c1ncccc1CNCc1cccc2c1OCCCO2;Cc1cccc2c1OCCC2NC(=O)c1cc(C(C)C)n(C)n1;C#CCN(C)C(=O)[C@@H]1CCCN1[C@@H](C(=O)NC)c1ccccc1;O=C(COCCc1ccccc1)NC1CCCC1n1ccnc1;Cc1nn(-c2ccccc2)c(C)c1CC(=O)N1CCOCC1C;Cc1ccc2c(c1)OCCN2C(=O)c1cnn(C(C)(C)C)c1C;COCc1nn(C)cc1C(=O)N(C)CC1(c2ccccc2)CC1;CCCCn1cc(C(=O)N2CCOc3cc(C)ccc32)c(C)n1
m_06e13d,CCc1onc(C)c1NS(=O)(=O)c1cc(Cl)cc(C(=O)O)c1C;CCc1onc(C)c1NS(=O)(=O)c1cc(Cl)c(C)c(C(=O)O)c1;O=C1/C(=C/c2c(F)cccc2Cl)Oc2cc(OC(=O)C3CC3)ccc21;O=C(OCC#CCSc1nnc(-c2ccco2)o1)c1ccc(F)cc1;Cc1c(C(=O)O)cc(Cl)cc1S(=O)(=O)N1CC(=O)N(C2CC2)C1;O=c1c(Cl)c(NN=Cc2ccc(Cl)cc2)cnn1-c1ccccc1;Cc1cc(CN(C)S(=O)(=O)c2cc(Cl)cc(C(=O)O)c2C)no1;Cc1nnc2n1-c1ccc(Cl)cc1C(c1ccccc1Cl)=NC2O;NC(=O)CN1C(=O)[C@@H]2CN(S(=O)(=O)c3cccs3)CCN2C1=O;C[C@H]1CCC/C=C\C(=O)c2c(O)c(Cl)c(O)c(Cl)c2CC(=O)O1;Cc1noc2ncnc(N3CC(Cc4ccccc4Br)C3)c12;OCc1nnc2n1-c1ccc(Cl)cc1C(c1ccccc1Cl)=NC2;O=C(NN=Cc1cn[nH]c1-c1ccccc1)c1ccc(Cl)cc1Cl;Cc1ccc(Br)cc1C(=O)NCCNc1ccc(C#N)cn1;NC(=O)C1CCS(=O)(=O)C12CN(C(=O)c1ccc(Cl)c(O)c1)C2;O=C(O)c1ccc(S(=O)(=O)N2CC(=O)N(CC3CC3)C2)c(Cl)c1;CCc1nnc(NC(=O)CN(C)Cc2ccc(Cl)cc2Cl)s1;NNS(=O)(=O)c1ccc(Oc2ccc(S(=O)(=O)NN)cc2)cc1;Brc1ccccc1Cc1noc(C2CCc3cn[nH]c3C2)n1;N#Cc1ccc(S(=O)(=O)NCC2(C(=O)O)CCOCC2)c(Cl)c1;O=C(O)c1ccc(S(=O)(=O)N2CC(=O)N(CC3CC3)C2)cc1Cl;O=C(c1cnn(-c2ccc(Cl)cc2Cl)c1)N1CCc2cnccc21;O=C(NCC1CCOC1c1ncn[nH]1)c1cc(F)c(Cl)cc1Cl
m_06f339,Cc1csc(NC(=O)CN2CCCC(Cn3nc(C)nc3C)C2)n1;Cc1nc(NC(=O)C(C)N2CCCC(Cn3cncn3)C2)sc1C;CCc1nc(NC(=O)CN2CCCC(Cn3cncn3)C2)sc1C;CCc1nc2n(n1)CC(NCc1csc(N(CC)C(C)=O)n1)CC2;Cc1cc(C)n(CC2CCCCN2CC(=O)Nc2nnc(C)s2)n1;CC1CCC(C(=O)NC2CC3CN(c4ncncc4Cl)CC3C2)C1;Cn1nccc1NC(=O)N1CCC(CCc2ccc(F)cc2F)CC1;CCn1cnnc1C1CCN(C(=O)CCc2cccc(F)c2F)CC1;CCn1cc(CNC2CCCN(Cc3ccc(F)cc3F)C2=O)cn1;C#C/C=C\CC(O)CC/C=C\C#CC#CCCCC#CC#CC(O)CO;Cc1c(C2CNCC2C(=O)N(C)Cc2ccc(F)cc2F)cnn1C;C#C/C=C/[C@@H](O)CCC/C=C\C#CC#CCCCC#CC#C[C@@H](O)CO;COC(=O)/C=C/C=C/C=C/C=C/C=C/C=C/C=C/c1cccc(O)c1C;C#C/C=C\CCC[C@@H](O)/C=C\C#CC#CCCCC#CC#C[C@H](O)CO;CC(C)=CCC/C(C)=C\COc1ccc2c(c1)oc(=O)c1ccccc12;CC(NC1CCCN(Cc2ccc(F)cc2F)C1=O)c1ccnn1C;CCN(Cc1c(F)cccc1F)C(=O)NCc1cccnc1N(C)C;CCN(Cc1c(F)cccc1F)C(=O)NCc1ccc(N(C)C)nc1;C#C/C=C\CCCC/C=C\C#CC#C[C@@H](O)CCC#CC#C[C@@H](O)CO;CC(C)Oc1ccc(C(C)NCc2nnc3n2CCCC3)cc1Cl;Cn1cnnc1C1CCN(C(=O)Nc2ncc(C(C)(C)C)s2)CC1;CC(C)=CCOc1ccc2c(c1)O/C(=C\c1ccc(C(C)C)cc1)C2=O;CC(C)=CCOc1cc(C)cc2oc(=O)c(Cc3ccccc3)c(C)c12;Cc1cc(C(=O)NC2CCN(CC(F)F)CC2)nn1-c1ccccc1;CC(C)=CCOc1ccc2c(C)c(Cc3ccccc3)c(=O)oc2c1C
m_070985,CCC(C)C(CO)NS(=O)(=O)c1cncc(Cl)c1;O=C(Nc1ccc(C(=O)O)cc1)Nc1ccc(F)cc1F;CCC(C)(C)C(=O)Nc1nnc(NS(C)(=O)=O)s1;CCNCCNS(=O)(=O)c1ccc(OC)c(Cl)c1;COc1ccccc1/C=C(\C#N)c1nc2ccccc2s1;CCOP(=O)(OCC)c1ccccc1OCCCl;CCc1nc(NS(=O)(=O)Cc2ccc(C#N)cc2)no1;COc1cccc(/C=C(\C#N)c2nc3ccccc3s2)c1;COc1ccc(/C=C(\C#N)c2nc3ccccc3s2)cc1;O=C1C2=C(NC(=S)N[C@H]2c2ccccc2)c2ccccc21;COC(=O)c1ccnc(NC(=O)c2ccc(F)c(F)c2)c1;COC(=O)c1ccnc(NC(=O)c2cc(F)cc(F)c2)c1;O=C(O)CCNC(=O)c1ncccc1OCC(F)(F)F;CC(=O)Nc1ccc(S(=O)(=O)Nc2ncccn2)cc1;CCCOc1ccc(NS(=O)(=O)N(C)C)cc1Cl;COC(=O)C(C)NC(=O)c1csc(-c2cnccn2)n1;O=C(C=Cc1ccc(Cl)cc1)c1cccc2ccccc12;COC(=O)c1ccc(NC(N)=O)c(OCC(F)(F)F)c1;O=C(O)CC(NC(=O)c1cc(C2CC2)on1)C(F)(F)F;Cc1ccccc1C=c1sc2nc3ccccc3n2c1=O;CC(C)(O)C(=O)Nc1ccc([N+](=O)[O-])c(C(F)(F)F)c1;CCOc1cc(OP(=S)(OC)OC)nc(CC)n1
m_074e83,CCOc1ccccc1C(=O)N1CCCC1C(=O)N1CCC(CN(C)CC)C1;CNC(=O)[C@@H](c1ccc(OC)cc1)N1CCC[C@H]1C(=O)NCC1CCCCC1;CC1C(N2CCOCC2)CCN1Cc1ccccc1OCC(=O)N1CCCC1;COc1cccc(C(=O)N2C[C@@H]3COCCN3C3(CN(CCC(C)C)C3)C2)c1;COC(=O)c1cccc(CN2C[C@H]3C[C@@H](O)CN3C3(C2)CN(CC(C)C)C3)c1;COc1ccc(C(=O)N2C[C@@H]3COCCN3C3(CN(CC(C)(C)C)C3)C2)cc1;COc1ccc(C(=O)N2C[C@@H]3COCCN3C3(CN(CCC(C)C)C3)C2)cc1;COc1ccc(C(=O)NCCC2CCN(C(=O)NC3CCCCC3)CC2)cc1;COc1ccc(CN2CC(C(=O)NCCCN3CCCCCC3)CC2=O)cc1;CCCN1CCC(CNC(=O)NC2(c3ccc4c(c3)OCCO4)CCCC2)C1;CCCC(=O)N1CCCC1C(=O)N1CCCN(Cc2ccc(OC)cc2)CC1;COc1ccc([C@H]2C[C@H](NC(=O)C(C)C)C[C@@H]2C(=O)N2CCN(C)CC2)cc1;CC(=O)N1C(CO)C(c2ccccc2)C1CN(C(=O)NC(C)C)C1CCCC1;COc1ccc(CCN2C(=O)C[C@H]3[C@H](CNC(=O)NC(C)C)[C@@H](C)C[C@H]32)cc1;CCCNC(=O)N1CC[C@@](C)(O)[C@@H](NC(=O)C2CCCC2)[C@@H]1c1ccccc1;CC=Cc1ccc(OCC(=O)N2CCN(C3CCCN(C)C3)CC2)c(OC)c1;CC(C)NC(=O)N1CC[C@@](C)(O)[C@@H](NC(=O)C2CCCC2)[C@@H]1c1ccccc1;CC1OCC(=O)N(Cc2ccccc2)C1C(=O)NC1CC(C)(C)NC(C)(C)C1;Cc1ccc([C@@H](CCN[C@@H](C)c2ccccc2)c2ccc(OC(C)C)cc2)cc1;CC(C)(C)C1CCC(O)(CNC(=O)C2CCCN2C(=O)c2ccccn2)CC1;CCCNC(=O)N1CC[C@H]2CC(=O)Nc3cc(C(C)C)ccc3OCC[C@H]2C1;CC[C@H]1CN(C(=O)c2ccccc2)CC[C@H]1CC(=O)NCCN1CCOCC1;CCOc1ccccc1OC1CCN(C(=O)NC2CCN(C3CC3)CC2)CC1;CN(CCc1ccccn1)[C@H]1[C@@H]2OCC(O2)[C@@H](N(CC2CC2)CC2CC2)[C@@H]1O;Cc1ccc(NC(=O)C2COCCN2CC2CCC2)cc1C(=O)N(C)C(C)C
m_089267,O=C(Nc1cnn(CC(F)(F)F)c1)N1CCCC(CN2CCOCC2)C1;CC(=O)N1CCN(C(=O)c2cccn2C)C[C@H]1C(=O)N[C@H]1CCCNC1=O;NC(=O)CC(NC(=O)C(N)CCCN=C(N)N)C(=O)NC(CO)C(=O)O;NC(=O)CC(NC(=O)C(CO)NC(=O)C(N)CCCN=C(N)N)C(=O)O;CCCCC(C)=C[C@@H]1C=CC2=CC(=O)C[C@H]2[C@H]1C(=O)SCCNC(C)=O;CC(C)C1(O)CN(C(=O)CCC(=O)Nc2ccc3c(n2)n(C)c(=O)n3C)C1;NC(=O)CC(N)C(=O)NC(CCCN=C(N)N)C(=O)NC(CO)C(=O)O;NC(=O)CC(NC(=O)C(N)CO)C(=O)NC(CCCN=C(N)N)C(=O)O;CN(C)Cc1cn(C[C@H]2O[C@@H](CC(=O)Nc3ccccc3)[C@H](O)[C@@H]2O)nn1;COc1ccc(NC(=O)C2CCNC(=O)C2)c(N2CCN(C(C)=O)CC2)n1;CCOC(=O)C1CCCN(c2ncnc3c2ncn3CC2(CO)COC2)C1;NC(=O)CC(N)C(=O)NC(CO)C(=O)NC(CCCN=C(N)N)C(=O)O;N=C(NCCCCC(N)C(=O)O)NC(Cc1c[nH]c2ccccc12)C(=O)O;COCc1cn(CCC2CCC(NC(=O)c3ccncc3)C(CO)O2)nn1;NC(=O)CC(NC(=O)C(CCCN=C(N)N)NC(=O)C(N)CO)C(=O)O;COCc1cn(C[C@H]2OC[C@H](O)[C@H]2NCc2ccc(NC(C)=O)cc2)nn1;COCC(=O)N[C@@H]1C[C@@H](c2nc(COC)nn2-c2cccnc2)CC[C@H]1O;O=C(C1CCS(=O)(=O)CC1)N1CCCC1CC1CCCc2ccccc21;Cc1ccccc1C1CC(N(C(=O)CS(=O)(=O)C2CCCC2)C2CC2)C1;COc1ccccc1-c1noc(C(C)NC(=O)CNC(=O)C(N)C(C)C)n1;COc1ccc([C@H]2CN3[C@@H](N[C@H]4[C@@H]3C(=O)N(C)C(=O)N4C)N2CCO)cc1;NCC1CC(NC(=O)NC2CCc3nc(-c4ccc(F)cc4F)cn3C2)C1;COc1cc(C(=O)NCc2nnnn2C2CCCCC2)cc(OC)c1OC;COc1ccccc1C(NC(=O)NCCN1CCOCC1)c1noc(C)n1;COC(=O)C1(C)CCCN(c2ncnc3c2ncn3CC2(CO)COC2)C1
m_08d7f1,O=C(Nc1nnc[nH]1)c1cc(Cl)cc(C(F)(F)F)c1;CC#CC#Cc1ccc(C#CC(Cl)COC(C)=O)s1;CC#CC#Cc1ccc(C#C[C@H](CCl)OC(C)=O)s1;CSc1nc2ccc(NC(=O)c3ccco3)cc2s1;CC#CC#Cc1cscc1C#CC(Cl)COC(C)=O;OC1=NN=C(C(F)(F)F)/C1=N/Nc1ccc(Cl)cc1;CCOC(=S)SCC(=O)Nc1nc(C)c(C)s1;Nc1ccc(/N=N/c2cccc(Br)c2)c(N)c1;Cc1nc(-c2cccs2)c(NC(=O)c2ccco2)s1
m_0a8bf5,CNCC1CCCN(S(=O)(=O)c2cccc3cc(C)cnc23)C1;CNCC1CCN(S(=O)(=O)c2c(C)cc(C)c3cccnc23)C1;CN1CCN(C)C(CNS(=O)(=O)c2cccc3ccccc23)C1;CCN(CC)C1CCN(S(=O)(=O)c2cccc3cnccc23)C1;CC(C)C(NC(=O)C(N)CCC(=O)O)C(=O)NC(CO)C(=O)O;CC(C)C(NC(=O)C(N)CO)C(=O)NC(CCC(=O)O)C(=O)O;CCN1CCC(NC(=O)Cc2nc(-c3ccsc3)oc2C)CC1;CC(C)C(NC(=O)C(N)CC(=O)O)C(=O)NC(C(=O)O)C(C)O;Cc1cccc(O[C@H]2COCCN(Cc3sc(C)nc3C)C2)n1;CS(=O)(=O)NC[C@H]1C[C@@H]2CCN1C[C@@H]2CN1CCSCC1;CC(C)C(NC(=O)C(CC(=O)O)NC(=O)C(N)C(C)O)C(=O)O;Cn1cc(NC(=O)[C@H]2C[C@H](O)C(=N)N2)cc1C(=O)N/C=C/C(=N)N;CC(C)C(NC(=O)C(N)C(C)O)C(=O)NC(CC(=O)O)C(=O)O;Cc1ccc(CN(CCO)C(=O)NCc2nc(C)sc2C)cc1;Cc1ccc(OCc2nnc(SCC3CCCN(C)C3)o2)cc1;CC(C)CC(NC(=O)C(CC(=O)O)NC(=O)C(N)CO)C(=O)O;CC(C)C(NC(=O)C(NC(=O)C(N)CC(=O)O)C(C)O)C(=O)O;CC(C)CC(N)C(=O)NC(CO)C(=O)NC(CC(=O)O)C(=O)O;CC(C)CC(NC(=O)C(N)CO)C(=O)NC(CC(=O)O)C(=O)O;CCC(C)C(NC(=O)C(N)CO)C(=O)NC(CC(=O)O)C(=O)O;CC(C)CC(NC(=O)C(CO)NC(=O)C(N)CC(=O)O)C(=O)O;CC(C)C(N)C(=O)NC(C(=O)NC(CC(=O)O)C(=O)O)C(C)O;Cc1ccc(S(=O)(=O)N2CCC(c3cncn3C)CC2)cc1C;C#CCN(C)Cc1nc(C2(O)CCN(C(=O)C3CC3)CC2)cs1;Cc1cccc(OCc2nnc(SCC3CCCN(C)C3)o2)c1
m_0af51a,Cc1oc(-c2ccccc2)nc1CS(=O)(=O)c1ccccc1Cl;Cc1oc(-c2ccccc2)nc1CS(=O)(=O)c1cccc(Cl)c1;Cc1cc(S(N)(=O)=O)sc1C(=O)Nc1ccc2ncccc2c1;Cc1cc(NC(=O)Cn2nc(C)c(C#N)c2N)ccc1Br;O=C(O)C1C2CCCC2CN1S(=O)(=O)c1cccc(Cl)c1F;N#Cc1ccc(N2CCC(O)(Cn3ccnn3)C2)c(Br)c1;COc1cccc(-c2nc(SC)nc3sc(C(=O)O)c(N)c23)c1;O=C(O)C1CC2CCC1N2S(=O)(=O)Cc1c(F)cccc1Cl;Cn1nnnc1Sc1ccc(Cl)cc1NC(=O)c1cnccn1;CCOC(=O)c1cnc(SC)nc1Sc1nc2ccccc2o1;C#CC(C)(CC)NC(=O)c1ccc(-n2cc(Br)cn2)nn1;Cc1nscc1C(=O)Nc1nc2cc3c(cc2s1)OCCCO3;NC(=O)CN(c1nc2ccccc2s1)S(=O)(=O)c1ccccc1;O=C(O)C1CC2CCC1N2S(=O)(=O)Cc1ccc(Cl)c(F)c1;Cc1cc(-c2ccc(CNc3nnnn3C)o2)ccc1Br;CCSc1ccc(Cl)cc1NC(=O)CC1CCS(=O)(=O)C1;O=C(O)C1CC12CCN(S(=O)(=O)c1cc(F)ccc1Cl)CC2;O=C(O)C1C2CCCC2CN1S(=O)(=O)c1ccc(F)cc1Cl;COc1ccc(Br)cc1CNc1ccc2nnc(C)n2n1;CC1CCN(C(=O)CCS(C)(=O)=O)c2cc(Cl)ccc2S1;Cc1ccc(S(=O)(=O)NC(=O)Nc2nc3ccccc3s2)cc1;O=C(c1cnccn1)N1CCN(c2ccc(Br)cn2)CC1;O=C(O)CSCC(=O)Nc1ccc(-c2cn3ccsc3n2)cc1;O=C(O)COc1cccc(C=C(Cl)c2nc3cc(F)ccc3o2)c1;O=C(NCc1ncc[nH]1)c1ccc(S(=O)(=O)c2ccccc2)s1
m_0c4e10,CC(C)c1cc(C(=O)N2CCC(C)(N3CCOCC3)CC2)cc(O)n1;CC(C)c1cc(C(=O)N2CCCC(CC(C)(C)C(N)=O)C2)cc(O)n1;CC(C)Oc1cncc(C(=O)N2CCCC(CN3CCOCC3)C2)c1;CC(C)C(=O)N1CCC(NCc2ccc(OCC(N)=O)cc2)C(C)C1;CC1(C)CC(NC(=O)c2ccnc(OC3CCOC3)c2)CC(C)(C)N1;CNC(=O)[C@@H](c1ccccc1OC)N1CCC[C@H]1C(=O)NC(C)(C)C;COc1ccc(CC(=O)NC2CCN(CC(=O)NC(C)C)CC2)cc1;CCN(Cc1ccc(OC)cc1)C(=O)NCC1CCC(C(N)=O)CC1;CC(C)Cn1cccc(C(=O)N2CC(=O)N(C(C)C)C(C)(C)C2)c1=O;CNC(=O)[C@@H](c1ccc(OC)cc1)N1CCC[C@H]1C(=O)NC(C)(C)C;CNC(=O)[C@@H](c1ccc(OC)cc1)N1CCC[C@H]1C(=O)NCC(C)C;CN1CCOC(CNCc2ccccc2OCC(=O)N2CCCC2)C1;CCOc1cccc(CC(=O)N2CCN(C3CCOCC3)CC2C)n1;O=C(N[C@@H]1CNCCC[C@H]1O)c1ccc(OCCN2CCCC2)cc1;CCN(CC)C(=O)c1ccccc1NCC(=O)N1CC(C)OC(C)C1;CC(C)COc1ncccc1C(=O)N1CCN(C2CCCC2O)CC1;COc1ccc(C2CC2NC(=O)NCC(C)(C)N2CCOCC2)cc1;CCOc1ccc(C(=O)NC2CCN(CCN3CCOCC3)C2)cc1;COc1ccccc1CCNC(=O)CNC(=O)NC1CCC(C)CC1;CC[C@@H]1CN(C(=O)Nc2ccccc2)[C@H](CO)[C@@H]1CN1CCOCC1;CC1CN(CC(C)(C)O)CCN1C(=O)c1ccc2c(c1)N(C)CCO2;COC1CC(C(=O)N(Cc2ccnc(OC(C)C)c2)C2CC2)N(C)C1;COc1ccc(CN(C)C(=O)NCCNC(=O)CC2CCCC2)cc1;COc1ccccc1NCC(=O)N1CCC(N2CCOC(C)C2)CC1;CCOc1ccccc1NC(=O)N1CCC(N2CCC(OC)C2)CC1
m_0cc9ea,O=C(c1ccc2nc[nH]c2n1)N1CCOc2ccc(Br)cc2C1;Nc1cc(S(=O)(=O)O)ccc1/N=N/c1ccc(S(=O)(=O)O)cc1N;Cc1cc(C(=O)NN=Cc2ccc(-c3cccc(Br)c3)o2)n[nH]1;O=C1/C(=C/c2cccc([N+](=O)[O-])c2O)SC(=S)N1Cc1ccccc1;COc1ncccc1NC(=O)c1cnn(-c2cccc(Br)c2)c1
m_0d08be,NC(=O)N1CCC(NCc2ccc(F)c(C(F)(F)F)c2)CC1;NC(=O)N1CCCN(Cc2cc(F)cc(C(F)(F)F)c2)CC1;NC(=O)N1CCCN(Cc2ccc(F)cc2C(F)(F)F)CC1;O=C1CN(CC(=O)NC2(c3ccc(F)cc3)CCCC2)C(=O)N1;Cc1c(F)c(NCCN)cc2c1c(=O)c(C(=O)O)cn2C1CC1;Cc1ccc(C(=O)N2CCC(N3C(=O)CNC3=O)CC2)cc1F;NC(=O)C1CCN(C2CC(=O)N(c3cccc(F)c3)C2=O)CC1;CCOC(=O)C1CCCN(C(=O)c2c(F)ccc3[nH]cnc23)C1;CCn1cc(C(=O)O)c(=O)c2cc(F)c(N3CCNCC3)cc21;CC(C)c1cc(C(=O)Nc2ccc(CC(=O)O)c(F)c2)n(C)n1;Cc1oc(-c2ccccc2F)nc1C(=O)NC(C(N)=O)C(C)C;CCN1CCN(C(=O)c2cc3c(OC)ccc(F)c3[nH]2)CC1=O;Cc1cc(C)n(C(C)CC(=O)Nc2cc(C(=O)O)ccc2F)n1;COC(=O)c1ccc(NC(=O)c2cc(C(C)C)nn2C)cc1F;c1nc(NCC2CC2)c2cc(-c3ccc4c(c3)OCO4)ccc2n1;Cn1c(=O)n(CCc2c[nH]c3ccccc23)c(=O)c2ccccc21;O=C1CCN(CC(=O)N2CCC(c3ccc(F)cc3)C2)C(=O)N1;Cc1c(O)cccc1C(=O)Nc1cccc2ccc(C(=N)N)cc12;COc1cccc2c1ccn2CC(=O)Nc1ccc2[nH]ccc2c1;Cc1ccc(NC(=O)CCc2c(C)[nH]c(=O)n(C)c2=O)cc1F;N#Cc1ccc(CN2C[C@@H]3C[C@H]2C(=O)Nc2ccccc2O3)cc1;COc1cc(C(=O)NC2CCN(C)C2c2ccc(F)cc2)on1;COc1cccc2c1ccn2CC(=O)Nc1ccc2cc[nH]c2c1;N#Cc1ccc(OCC(=O)NCCCN2CCCC2=O)cc1F;CCCc1c(OC2CCCCC2)c2cc(Cl)ccc2[nH]c1=O
m_0d2197,Nc1nccnc1C(=O)NC1CC(N(CC(=O)O)CC2CC2)C1;Cc1cnn([C@H]2[C@@H]3OCC(O3)[C@@H](NCc3nccn3C)[C@@H]2O)c1;Cc1nccn1[C@H]1[C@@H]2OCC(O2)[C@@H](NCc2nccn2C)[C@@H]1O;CCn1cc(NC(=O)NCC2CCN(CC(F)(F)F)C2)cn1;Cc1cnn([C@H]2[C@@H]3OCC(O3)[C@@H](NCc3cnn(C)c3)[C@@H]2O)c1;CCCn1cc(NC(=O)N2CCN(CC(F)(F)F)CC2)cn1;Cc1nccn1[C@H]1[C@@H]2OCC(O2)[C@@H](NCc2cnn(C)c2)[C@@H]1O;Cc1noc(C)c1CNC(=O)Nc1ccnn1CC1CCOC1;COCc1cn(C[C@H]2OC[C@H](O)[C@H]2NCc2cccnc2)nn1;Cn1cc(CNC(=O)N2CCCN(CC(F)(F)F)CC2)cn1;CNC(=O)C1CC(=O)N(C2CN(C(=O)c3nc(C)[nH]c3C)C2)C1;CC(C(=O)NCC(F)(F)F)N(C)Cc1nnc(C2CC2)n1C;CN(CC(F)(F)F)C(=O)N1CCN(C)C(c2nccn2C)C1;CCn1cc(OC2CCCC2NC(=O)c2c[nH]c(=O)n2C)cn1;CCn1cc(C2OCCCC2CNC(=O)c2nonc2C)cn1;CC(C)Cn1cc(C(=O)Nc2ccn(C(C)(C)C(=O)O)n2)cn1;CC(C)=CCNc1ncnc2c1ncn2[C@@H]1O[C@H](C)[C@@H](O)[C@H]1O;CNC(=O)C1CC(=O)N(C2CN(c3cc(COC)ncn3)C2)C1;CCOC(=O)NC(C(=O)NCc1nnc2ccccn12)C(C)C;CC(C)CC1C(=O)NCCN1C(=O)Nc1cccc(C(N)=O)n1;CCn1cc(OC2COCC2NC(=O)Cc2cnn(C)c2)cn1;CCn1cc(OC2COCC2NC(=O)Cc2ccn(C)n2)cn1;COC(=O)C(C)(C)NC(=O)c1cc(-c2c(C)nn(C)c2C)n[nH]1;CC(C)c1cc(C(=O)NC2COCC2Oc2cn[nH]c2)n(C)n1;COc1ccc(CNC(=O)NC(C)c2nncn2C)cc1OC
m_0d3550,COc1ccc(OC)c(CN(C)C(=O)C(N)C(C)(C)C)c1;Cc1ccc(CNC(=O)NCCCO)c(OC(C)(C)C)c1;COc1ccccc1CC(C)(CO)NCC(=O)NC(C)C;CCN(CC)C[C@@H]1OC[C@@H](NCc2ccccc2O)[C@H]1O;COc1ccc2c(c1)C(NCC(O)CN(C)C)CCCO2;CCOc1ccc(CNCC2CN(C)CCO2)cc1OC;CCc1ccc(C2COCCN2CC(=O)NCC(C)C)o1;CCOc1cc(CNCC2CN(C)CCO2)ccc1OC;COc1ccc(CNC(=O)NC(CO)CC(C)C)cc1C;COc1ccccc1OCCN1CCCC(NCCO)C1;C#CCNC(=O)[C@H]1O[C@H](CCN2CCCCC2)CC[C@@H]1O;CN(C)C[C@H]1O[C@@H](CO)[C@@H](O)[C@@H]1N(C)Cc1ccccc1;CC(C)Cc1cc(CC2(NC3CCOCC3)COC2)no1;CCc1oc(C(=O)N2CC(C)N(CCO)C(C)C2)cc1C;CCC(CC)C(=O)N1C[C@@H]2OCC(=O)N(CC3CC3)[C@@H]2C1;CC(C)CCN1C(=O)CC(N2CCC3(CCOC3)C2)C1=O;CCC1CCCN1C(=O)C(=O)NC1C2CCOC2C1(C)C;CC(C)C(=O)N[C@H]1C[C@@H](Cc2cc(CCO)on2)C1(C)C;COCC(O)CN1CCC(Nc2cccc(OC)c2)CC1;CC(C)(C)c1coc([C@@H]2COCCN2C2CCOCC2)n1;CC1=CC[C@@H]2C[C@H]1NC(=O)CCOCCC(=O)NC2(C)C;Cc1cccc(OC[C@H]2C[C@@H](NCC(C)C)[C@H](O)[C@@H]2O)n1;COCc1cc(CC2(NCC3CCCCC3)COC2)no1;CC(C)c1ccc(CNCC(O)CCC(N)C(=O)O)cc1;OCCc1cc(CC2(NCC3CCCCC3)COC2)no1
m_0d463f,O=C(Nc1nnc(-c2ccsc2)s1)N1CCCc2occc2C1;O=C(Nc1nnc(-c2ccsc2)s1)N(Cc1ccoc1)C1CC1;O=C(COc1ccccc1Cl)NC(=S)N1CCc2ccccc21;O=C(O)CCCC#CC#CCCCC/C=C/C#C/C=C\Br;O=C(O)CCCC#CC#C/C=C/CCCCC#C/C=C/Br;CN(C)C(CNS(=O)(=O)c1ccc(Cl)cc1F)c1ccco1;O=C(O)CCCC#CC#C/C=C/CCCC/C=C/C#CBr;O=C(NCc1ccc([N+](=O)[O-])cc1)c1cc([N+](=O)[O-])cc([N+](=O)[O-])c1;C#C/C=C\C#CC#CCCCC/C(Br)=C\CCCC(=O)O;O=C(NC1=NCCS1)c1ccccc1OCc1ccccc1Cl;Cc1cc(Nc2cc(Cl)nc(Oc3ccc([N+](=O)[O-])cc3)n2)n[nH]1;O=C(O)c1cc(O)c(O[C@@H]2O[C@H](C(=O)O)[C@@H](O)[C@H](O)[C@H]2O)c(O)c1;O=C(O[C@H]1O[C@H](C(=O)O)[C@@H](O)[C@H](O)[C@H]1O)c1cc(O)c(O)c(O)c1;O=C(NC1CC1)C1CCCN1S(=O)(=O)c1cc(Cl)ccc1F;COc1cccc(Cc2nnc(NC(=O)c3scnc3C)s2)c1;CC(c1cccc(O)c1)N(C)C(=O)c1sc2ncccc2c1Cl;O=C(O)CNC(=O)CCC[P@@](=O)(O)Oc1ccc([N+](=O)[O-])cc1;Cc1coc(C)c1C(=O)Nc1ncc(Cc2ccc(Cl)cc2)s1;Clc1ccc(-c2cc(-c3ccccc3)c(-c3ccccc3)s2)cc1;Cn1c(=O)n(-c2cccc(Cl)c2)c(=O)c2c3c(sc21)CCCC3;Cn1cnnc1C1CCCN(c2ncc(Br)cc2C#N)C1;O=C(NCc1ccc(Cl)cc1)NCc1cc(-c2ccoc2)cs1;Cn1c(N2CC(Cn3cc(Br)cn3)C2)nc2cccnc21;C=CC1OCCC1NC(=O)Nc1nc2ccc3scnc3c2s1;CN1CCC(c2nc(-c3ccnc(OC(F)F)c3)no2)S1(=O)=O
m_0ea8a3,CC(NC1CCN(c2ccc(C#N)cn2)CC1)C(C)c1ccccc1;c1ccc(CN2CC3CN(c4ncnc5c4CCCC5)CC3C2)cc1;CCC=CCC=CCC=CCC=CC=CC(CCCC(=O)O)OO;CCC1CCCCN1c1cc(C)nc2cc(-c3cccc(C)c3)nn12;CCCCCC(O)C=CC=CCC=CC=CC(=O)CCCC(=O)O;CCC(O)C=CC=CCC(O)C=CC=CCC=CCCCC(=O)O;CCCCCCCCC#CC#C[C@@H](CCCCC(=O)O)OC(C)=O;CCC=CCC(O)C=CC=CCC=CC=CC(O)CCCC(=O)O;CC/C=C\C/C=C\C/C=C\C=C\[C@@H](C/C=C\CCCC(=O)O)OO;CCC(O)C=CC=CCC=CC=CC(O)CC=CCCCC(=O)O;CC/C=C\C/C=C\C\C=C/C=C/C=C/[C@H](O)[C@H](O)CCCC(=O)O;CCC(O)C(O)C=CC=CC=CCC=CCC=CCCCC(=O)O;CC[C@H](O)/C=C/C=C\C/C=C\C/C=C\C=C\[C@@H](O)CCCC(=O)O;CC[C@@H](O)C#CC#C/C=C/[C@@H](O)CCCCCCCCOC(C)=O;CCn1c(CN2CCN(Cc3ccccc3)CC2)nc2ccccc21;CCC=CCC=CCC(C=CC=CCC=CCCCC(=O)O)OO;O=C(O)CCCC(O)C=CC=CCC=CCC=CCC=CCCO;CCC(C=CC=CCC=CCC=CCC=CCCCC(=O)O)OO;CC(NC(c1ccccc1)C1CCCCC1)c1nnc2ccccn12;CC/C=C/C/C=C/C(O)C(O)/C=C/C=C/C/C=C/CCCC(=O)O;CCCCCC(O)/C=C/C=C\C=C\C=C\C1OC1CCCC(=O)O;CCC=CCC(C=CC=CCC=CCC=CCCCC(=O)O)OO;c1ccc2c(c1)[nH]c1c(N3CCC(N4CCCCC4)CC3)nccc12;CC[C@H](O)C#CC#C[C@@H](O)C=CCCCCCCCCOC(C)=O;CC[C@H](O)CC(=O)[C@H](C)[C@H](O)[C@H](C)c1ccc(C)cc1/C=C/CO
m_0ee46b,Cc1oc(C(=O)NC2(c3ccccc3)CC2(C)C)cc1CO;CCCCc1ccc(NC2=C(C)C(=O)C(OC)=CC2=O)cc1;COCc1ccc(C(=O)N2CCC(Cc3ccccc3)C2)o1;Cc1ccc(C(CC(=O)N2CCOCC2)c2ccco2)cc1;CN(C(=O)c1occ2c1CCC2)C(CCO)c1ccccc1;CCCCc1ccc(NC(=O)Oc2ccc(OC)cc2)cc1;COc1ccc(C(C)N(C)C(=O)c2occ3c2CCC3)cc1;COc1cc(CNc2ccc3c(c2)CCC3)cc(OC)c1O;COc1ccccc1C1(CNC(=O)c2occc2C)CCC1;COC(C)CS(=O)(=O)N(C)C(c1ccccc1)C(C)C;CC(C)(C)c1ccc(CCCNCCS(=O)(=O)O)cc1;CC(=O)NC(CSCC=C(C)CCC=C(C)C)C(=O)O;CN(CC=Cc1ccccc1)CC(O)c1ccc(O)c(O)c1;CCc1ccc(C(=O)NCCc2ccc(O)c(OC)c2)cc1;COc1ccc(C[C@@H]2NCCc3cc(OC)c(O)cc32)cc1;COc1cccc(C(=O)NCCOc2cc(C)cc(C)c2)c1;COc1ccc2c(c1O)[C@H](Cc1ccc(O)cc1)N(C)CC2;COc1ccc(CC(=O)N[C@H](C)c2ccccc2)cc1OC;COc1ccc(C[C@H]2NCCc3cc(O)c(OC)cc32)cc1;CCN(C(=O)c1cc2ccccc2oc1=O)C1CCCCC1;COc1cc2c(cc1O)[C@H](Cc1cccc(O)c1)N(C)CC2;COc1ccc(C[C@@H]2NCCc3c2ccc(OC)c3O)cc1;CCOC(=N)[C@H](OC)[C@@H](Oc1ccccc1)c1ccccc1;COc1cc2c(cc1O)[C@H](Cc1ccccc1)N(C)C[C@@H]2O;COc1cc2c(cc1O)CCN(C)[C@@H]2Cc1ccc(O)cc1
m_0f05e7,COc1cccc(CNC(=O)c2cc(F)ccc2F)c1;NC(CC(=O)O)C(=O)NC(CO)C(=O)NCC(=O)O;NCC(=O)NC(CC(=O)O)C(=O)NC(CO)C(=O)O;NC(CO)C(=O)NC(CC(=O)O)C(=O)NCC(=O)O;COc1cc(C(=O)NCC(F)(F)F)cc(OC)c1C;NCC(=O)NC(CO)C(=O)NC(CC(=O)O)C(=O)O;COCC(=O)NC(C)c1ccc(OC(F)(F)F)cc1;COCc1cccc(C(=O)Nc2ccc(F)c(F)c2)c1;NC(=O)CN[C@H](CN[C@@H](CC(=O)O)C(=O)O)C(=O)O;NC(CC(=O)O)C(=O)NCC(=O)NC(CO)C(=O)O;CCCCCC1=NC(C)(O)C(C)C(C)[Se]1;NC(CO)C(=O)NCC(=O)NC(CC(=O)O)C(=O)O;COc1ccc(C(=O)N(C)CC(O)C(F)(F)F)cc1;CC(C(=O)O)N(C)Cc1cccc(OC(F)(F)F)c1;COc1ccc(C(NC(=O)C(C)O)C(F)(F)F)cc1;Cc1cc(C(=O)N2CC(C)(CO)C2)c(C(F)(F)F)o1;CN(CC(O)CO)C(=O)c1ccc(C(F)F)c(F)c1;Cc1cc(C(=O)NCC2CCCO2)c(C(F)(F)F)o1
m_0fe9d9,CC(C)(C)c1nsc(NC(=O)c2cccc(F)c2)n1;Cc1csc(NC(=O)CN(C)c2ccc(F)cc2)n1;C/C(=N\Nc1ccccc1C(=O)O)C(=O)NCC(=O)O;CCOC(=O)/C(=N/Nc1cccc([N+](=O)[O-])c1)C(C)=O;Cc1cc(C(=O)N[C@H](C)c2onc(C)c2C(=O)O)no1;O=C(NCc1nc(C2CC2)no1)c1cccc(F)c1F;CCOC(=O)/C(=N/Nc1ccccc1[N+](=O)[O-])C(C)=O;COC(=O)c1cn(CCCC(=O)O)cc2c(=O)[nH]nc1-2;CC(CC(=O)Nc1ccn(CC(=O)O)n1)C(F)(F)F;Fc1ccccc1OCCSc1nnc(C2CC2)[nH]1;COc1ccc(CSc2nc(C)cc(N)n2)cc1F;Fc1cccc(OCCSc2nnc(C3CC3)[nH]2)c1;Cc1cc(NC(=O)Cc2ccc(F)c(F)c2)nc(=O)[nH]1;Cc1ncsc1CNC(=O)NCc1ccc(F)cc1;CCOC(=O)c1cn(C)nc1NC(=O)CC(F)(F)F;O=C(Nc1cccc(OCC(F)F)n1)c1ccncc1;CC(C)(CC(=O)Nc1cc(C(=O)O)[nH]n1)C(F)(F)F;Cc1noc2ncc(C(=O)NCC(C)(O)C(=O)O)cc12
m_108fdb,COc1cccc2c1OCC(C(=O)N1CCCC1c1cnn(C)c1)C2;COc1ccc2c(c1)OCC(C(=O)NCc1cccc(N(C)C)n1)C2;Cc1n[nH]c(C)c1CCC(=O)N1CCCC1c1ccc2c(c1)OCO2;COc1cccc2c1OCC(C(=O)N(Cc1cnn(C)c1)C(C)C)=C2;Cc1cnn(CC2CCCN2C(=O)CCc2ccc3c(c2)OCO3)c1;Cc1nn(C)c(C)c1C1CCCN1C(=O)c1cccc2c1OCCO2;CC(C(=O)N1CCCC(c2ccn[nH]2)C1)c1ccc2c(c1)OCCO2;CCOc1ccc2c(c1)CC(C(=O)Nc1cn(C)nc1C1CC1)CO2;COC(=O)C1CN(C(=O)CCc2cnn(C)c2)CC1c1ccccc1;COc1cc(C)ccc1CNC(=O)C(=O)NCCc1ccc(C)cn1;COc1cccc(CCNC(=O)c2ccc(NC3CC3)nc2)c1OC;Cc1[nH]ncc1CCCNC(=O)C1CC1c1ccc2c(c1)OCCO2;CCNc1cccnc1C(=O)N1CCOC(c2cccc(OC)c2)C1;CCn1nc(C)c(C(=O)N2CCC(C(=O)O)(c3ccccc3)C2)c1C;COC(=O)[C@@H]1Cc2ncn(C(C)C)c2CN1C(=O)Cc1ccccc1;CCN(CC1COc2ccccc2O1)C(=O)c1ccnc(N(C)C)c1;COc1cccc2c1OCC(NC(=O)N(C)CCc1ccccn1)C2;CC(C(=O)N1CCCC(n2ccnc2)C1)c1ccc2c(c1)OCCO2;Cc1nn(Cc2ccc3c(c2)OCCO3)c(C)c1C1CCCC(=O)N1;Cn1cccc1C=NNC(=O)C1COc2ccc(C(C)(C)C)cc2O1;CC(C)c1ccc(OCC(=O)N2CCC(Oc3ncccn3)C2)cc1;Cc1ccc(CN[C@@H]2CO[C@H](CNC(=O)c3ccncc3)[C@H]2O)cc1;Cc1nn(C)cc1CCC(=O)N1CCC(C(=O)O)(c2ccccc2)C1;COc1cc2c(cc1OC)CN(C(=O)NCc1ccc(C)nc1)CC2;Cc1cc(C)n(CC2CCCN2C(=O)c2ccc3c(c2)OCCO3)n1
m_12945e,O=C(NC1CCCC1)c1cccnc1OCc1ccccc1F;O=C(c1cccnc1O)N1CCC(Cc2ccc(F)cc2)CC1;CCC(NCC1CCCN1S(C)(=O)=O)c1ccccc1F;CCc1nc(O)c(C(=O)N2CCC(O)(C(F)F)CC2)cc1C;NC(=O)C1CCC(c2ccc(OCc3ccccc3F)cc2)N1;CCN1CCCN(S(=O)(=O)Cc2cccc(F)c2)C(C)C1;O=C(NCc1ccc(F)cc1)c1ccnc(OC2CCCC2)c1;CS(=O)(=O)NCC1CCN(Cc2noc(C3CC3)n2)CC1;COc1ccc(F)cc1CNCC1CC(=O)Nc2ccccc21;O=C(NCC1NC(CO)C1c1ccccc1)c1ccccc1F;COc1cccc2c1CCC2(N)C(=O)NCc1cccc(F)c1;Nc1ccc(-c2ccc(F)cc2)cc1NC(=O)C1CCOCC1;Cc1ccc(F)cc1C(=O)NCc1ccnc(OCC2CC2)c1;CN=C(C[N+](=O)[O-])NCCSCc1ccc(CN(C)C)o1;CNCC(C)CN1c2ccccc2Sc2ccc(OC)cc21;CC(Cc1ccccc1F)NCC1CCCN1S(C)(=O)=O;C[C@H](CN(C)C)CN1c2ccccc2Sc2cc(O)ccc21;O=C1NCCN(Cc2ccc(CO)cc2)C1c1ccccc1F;CC(=O)Nc1ccc(CC(=O)NCCc2cccc(F)c2)cc1;CSCC[C@H](C(=O)N1CCc2ccccc2C1)n1cccc1;NC(=O)c1cccc(CN2CC(O)CC2c2cccc(F)c2)c1;C[C@H](CN(C)C)CN1c2ccccc2[S+]([O-])c2ccccc21;CC(CN(C)C)CN1c2ccccc2Sc2ccc(O)cc21;Cc1cc(C(=O)N2CCC(Cc3ccc(F)cc3)C2)cc(O)n1;O=C(O)c1cncc(CN2CCC(c3cccc(F)c3)CC2)c1
m_13152b,CCn1nccc1C1OCCC1CNC(=O)c1cccc(C(=O)O)c1;Cc1cc(C(=O)Nc2cccc(CC(=O)O)c2)n(C2CCOCC2)n1;Cc1cc(NC(=O)c2cnn(C3CCOCC3)c2C)ccc1C(=O)O;CCCCn1cc(S(=O)(=O)N2CCCC(CC(=O)O)C2)c(C)n1;Cc1ccc(-c2cc(C(=O)N(CC(=O)O)C3CCOCC3)[nH]n2)cc1;Cc1cn(C2CCOCC2)nc1C(=O)NC(C(=O)O)c1ccccc1;O=C(O)C1CCOC1C1CCN(C(=O)c2cc3cccnc3[nH]2)CC1;Cc1c(C(=O)NC(C(=O)O)c2ccccc2)cnn1C1CCOCC1;CCn1ccnc1C1OCCC1C(=O)NCc1cccc2c1OCO2;COC1CC(c2nc(C)c(C)[nH]2)N(C(=O)c2ccc3c(c2)OCO3)C1;CCN(CC(=O)O)C1CC(NC(=O)c2cccc(-c3cnco3)c2)C1;Cn1ccnc1C1OCCCC1C(=O)NCc1ccc2c(c1)OCO2;COC(=O)[C@@H]1CN(C(=O)C2CCNCC2)CCN1C(=O)CSC;CSCCC(N)C(=O)N1CCCC1C(=O)N1CCCC1C(=O)O;COc1ccc(-n2ccc(CNC(=O)C3CCC(C(=O)O)C3)n2)cc1;Cc1nn(C)c(=O)c(C(=O)Nc2ccc(CC(C)C(=O)O)cc2)c1C;O=C(O)CN(C(=O)c1ccc(Cn2cccn2)cc1)C1CCOCC1;Cn1ccnc1C1OCCCC1C(=O)N1CC=C(C(F)(F)F)CC1;COc1cccc(NC(=O)N[C@H]2[C@H](O)[C@H](O)C[C@@H]2c2cccnc2)c1;CCOC(=O)c1c(C)[nH]c(C(=O)NN=Cc2cccc(OC)c2)c1C;COc1ccc(CCNC(=O)C(=O)NCc2cccnc2)cc1OC;CN(CC(=O)N1CCCC(C(=O)O)C1)C(=O)c1cccc(CC#N)c1;O=C(C[C@H]1CCNC[C@@H]1Cc1cc(C(=O)O)on1)Nc1ccccc1;COc1ccc2[nH]c3c(c2c1)CCN1C(=O)CN(CCO)C(=O)[C@]31C;COC(=O)[C@@H]1Cc2ncn(C)c2CN1C(=O)Cc1ccc(OC)cc1
m_134d4a,O=C(c1cccc2c1OCCO2)N1CCCC1Cn1cccn1;O=C(c1ccc2c(c1)OCCO2)N1CCCC1Cn1cccn1;O=C(c1cccc2c1OCO2)N1CCCCC1Cn1cccn1;Cc1cnn(CC2CCCN2C(=O)c2cccc3c2OCO3)c1;Cc1cnn(CC2CN(C(=O)c3cccc4c3OCCO4)C2)c1;Cn1cc(CC2CCN(C(=O)c3cccc4c3OCO4)C2)cn1;O=C(O)Cc1ccc(C(=O)NC2CCCC2n2ccnc2)cc1;CCc1nccn1C1CCCN(C(=O)CS(=O)(=O)CC)C1;Cc1nccn1C1CCCN(C(=O)CS(=O)(=O)C(C)C)C1;COc1c2c(cc3c1C(N=c1cc[nH]cc1)N(C)CC3)OCO2;Cc1nc(COc2ccccc2C(=O)N2CC3CCC2C3)no1;Cc1cnn(CC2CN(S(=O)(=O)CC3CCC3)CCO2)c1;O=C(O)C1CCCCN1C(=O)c1ccc(Cn2ccnc2)cc1;CN(C)c1cc(CNC(=O)C2COc3ccccc3O2)ccn1;Cn1cc(CC(=O)N2CCCC2c2ccc3c(c2)OCO3)cn1;CCOc1ccccc1C(=O)N1CCc2c(ncn(C)c2=O)C1;Cc1ccc(F)c(-n2nnnc2CN2CC(n3cccn3)C2)c1;Cc1ccn(-c2ccc(C(=O)N3CCCC3CC(=O)O)cc2)n1;Cc1cccc([C@H]2C[C@@H](O)[C@@H](O)[C@@H]2NC(=O)c2cnccn2)c1;O=S(=O)(CCC1CCCO1)NCC1CCc2nccn2C1;Cc1ccccc1[C@H]1C[C@@H](O)[C@@H](O)[C@@H]1NC(=O)c1cnccn1;COc1ccc2oc(=O)cc(CN3CCN(CC#N)CC3)c2c1;C=CCCS(=O)(=O)NC1CCCOC1c1cnn(CC)c1;CC(Cc1ccc(NC(=O)c2cnn(C3CC3)c2)cc1)C(=O)O;CN(Cc1ccc2c(c1)OCO2)C(=O)C1CCc2cncn2C1
m_145679,CC(C)c1nnc(C2COCCN2C(=O)CCc2ccco2)o1;CC(C)c1nnc(C2COCCN2C(=O)CCc2ccoc2)o1;Cc1cc(C(=O)N2CCOCC2c2nnc(C(C)C)o2)c(C)o1;Cc1cc(C(=O)N2CCOC(c3nnc(C(C)C)o3)C2)c(C)o1;CC(C)C(N)C(=O)NC(C(=O)NC(CS)C(=O)O)C(C)C;CSCCC(NC(=O)C(C)NC(=O)C(N)C(C)C)C(=O)O;Cc1ccc(CN2C(=O)[C@@H]3C[C@@H](O)CN3C3(CN(C)C3)C2=O)o1;CSCCC(N)C(=O)NCC(=O)NC(CC(C)C)C(=O)O;CCC(C)C(N)C(=O)NCC(=O)NC(CCSC)C(=O)O;COCc1nc(C2COCCN2C(=O)C2CC3C=CC2C3)no1;CSCCC(N)C(=O)NC(C)C(=O)NC(C(=O)O)C(C)C;CCC(C)C(N)C(=O)NC(CCSC)C(=O)NCC(=O)O;CSCCC(NC(=O)C(N)C(C)C)C(=O)NC(C)C(=O)O;CSCCC(N)C(=O)NC(C(=O)NC(C)C(=O)O)C(C)C;CSCCC(NC(=O)C(C)N)C(=O)NC(C(=O)O)C(C)C;CCC(C)C(NC(=O)CNC(=O)C(N)CCSC)C(=O)O;CCn1cc(OC2COCC2NC(=O)c2cc(C)c(C)o2)cn1;CCC(C)C(NC(=O)C(N)CCSC)C(=O)NCC(=O)O;CCC(C)C(NC(=O)C(CCSC)NC(=O)CN)C(=O)O;CSCCC(NC(=O)C(N)CC(C)C)C(=O)NCC(=O)O;CSCCC(N)C(=O)NC(CC(C)C)C(=O)NCC(=O)O;CSCCC(NC(=O)CNC(=O)C(N)CC(C)C)C(=O)O;NCC(=O)N1CCCC1C(=O)NC(Cc1ccccc1)C(=O)O;CCCNC(=O)CCNC(=O)Cc1nc(-c2ccco2)oc1C;O=C(CNC(=O)OCc1ccccc1)N[C@@H]1CCCCNC1=O
m_153108,O=S(=O)(Nc1ccc2c(c1)OCCO2)c1ccc(Cl)cc1F;O=C(O)Cc1ccc(NS(=O)(=O)c2cc(F)cc(Cl)c2)cc1;O=C(O)Cc1cccc(NS(=O)(=O)c2cc(Cl)ccc2F)c1;O=S(=O)(NCc1ccc2c(c1)OCO2)c1ccc(Cl)cc1F;COC(=O)c1sccc1NC(=O)COc1ccc(F)cc1Cl;O=C(Nc1cccc(Br)c1)c1ccc(-n2ccnc2)nn1;Cn1cc(Cl)c(C(=O)NNC(=S)Nc2cccc(Cl)c2)n1;Cc1c(NC(=O)C2COCCO2)cc(Br)cc1C(=O)O;O=C(O)C1COCCN1C(=O)COc1cccc(Br)c1;CN(CCC(=O)O)S(=O)(=O)c1cc(Cl)ccc1OC(F)F;Cc1ccc(NS(=O)(=O)c2ccc(C(=O)O)cc2Cl)c(F)c1;O=C(O)C1COCCN1C(=O)COc1ccc(Br)cc1;COc1c(C(=O)O)cc(Cl)cc1S(=O)(=O)N(C)CC(F)F;COc1ccc(Br)c(C(=O)N2CCOC(C(=O)O)C2)c1;CC(NC(=O)c1ccc(Cl)s1)c1ccc(S(C)(=O)=O)cc1;COc1cc(C(=O)NC2(C(=O)O)CC2)cc(OC)c1Br;CS(=O)(=O)c1cccc(Cl)c1C(=O)NCCc1cccs1;CC(NC(=O)c1sccc1Cl)c1ccc(S(C)(=O)=O)cc1;O=C(O)c1cc(Br)cc(C(=O)NCC2COCCO2)c1
m_156305,Cc1c(C2C(C(=O)N(C)Cc3cc[nH]n3)CC(=O)N2C)cnn1C;Cc1c(C2C(C(=O)N(C)Cc3ncc[nH]3)CC(=O)N2C)cnn1C;Cc1c(C2C(NCc3nc(C4CC4)no3)CC(=O)N2C)cnn1C;Cc1nccc(NC(=O)NC2CCOC2c2c(C)nn(C)c2C)n1;CNc1nc(C)cc(C(=O)NCC2CCOC2c2nccn2C)n1;CC1CN(c2ccc(CNC(=O)NCc3cc[nH]n3)cn2)CCO1;CCOc1cc(NC2CC(=O)N(C)C2c2cnn(C)c2C)ncn1;CCN1C(=O)CC(C(=O)NCCn2cccn2)C1c1nccn1C;O=C(c1ccn(C2CCCC2)n1)N1CCC(O)(Cn2ccnn2)C1;COCc1cc(C[C@@H]2CC[C@H](O)[C@@H](CNC[C@H](O)CO)O2)no1;Cc1n[nH]c(C2CCC(CNc3ccc(C(=O)N(C)C)cn3)O2)n1;CCn1ccnc(N2CCC(c3cc(O)nc(N(C)C)n3)C2)c1=O;Cc1c(C(=O)N2CCOCC2CC2CC2)nnn1-c1cnn(C)c1;CCc1cc(C(=O)N2CCOC(c3ccnc(N(C)C)n3)C2)[nH]n1;Cc1nc2ccc(N3CC(C)C(C(=O)N4CCOCC4)C3)nn2n1;CCn1cc(NC(=O)NCc2ccc(N3CCOCC3)nc2)cn1;Cc1n[nH]c(C2CCC(CNC(=O)c3cnn(C)c3C3CC3)O2)n1;CCn1cc(C(=O)N2CCOC(c3ccnc(N(C)C)n3)C2)cn1;CC(=O)NCc1cc(OC2CCN(Cc3cnn(C)n3)C2)ccn1;Cc1nc2ccc(N3CCC(C(O)C(=O)NC4CC4)CC3)nn2n1;CN(C)c1ccnc(C(=O)N2CCCC(O)(Cn3ccnn3)C2)c1;CN1C(=O)CCC(NC(=O)CCn2cccn2)C1c1nccn1C;CCCn1cc(C(=O)NC2CC(=O)N(C)C2c2ccnn2C)cn1;Cc1cc(C(=O)NC2CCCN(c3nccn(C)c3=O)C2)n(C)n1;C=CCOC(=O)NCCCC[C@@H](NC(=O)OC(C)(C)C)C(=O)O
m_15dab4,CNCC1CCN(C(=O)c2cc(C)n(-c3ccc(Br)cc3)n2)C1;Cc1c(C(=O)N2CCC(N)CC2C)cnn1-c1cccc(Br)c1;Cc1nn(-c2ccc(C(=O)N3CCC(CN)C3)cc2)c(C)c1Br;Cc1nn(-c2ccc(C(=O)N3CCNC(C)C3)cc2)c(C)c1Br;COc1cc(NC(=O)c2ccc(OC)c([N+](=O)[O-])c2)c(C(=O)O)cc1OC;Cc1oc(C(=O)O)cc1COc1ccc2c(-c3ccccc3)cc(=O)oc2c1;COC(=O)c1ccc(COc2ccc3c(-c4ccccc4)cc(=O)oc3c2)o1;CN(CC1CCCCC1)C(=O)c1cn(-c2ccccc2Br)nn1;COc1ccc(-c2noc(CS(=O)(=O)C(C)c3ccccc3F)n2)cc1;COc1cc(C(=O)Nc2ccc(C(=O)O)cc2[N+](=O)[O-])cc(OC)c1OC;CC(C)[C@]12SS[C@]([C@@H](O)c3c[nH]c4ccccc34)(CC1=O)C(=O)N2C;COC1=CC(=O)c2cc(C)cc(-c3cc4ccc(=O)oc4cc3OC)c2C1=O;C/C=C1/OC=C(c2c(OC)cc3oc(-c4ccccc4)cc(=O)c3c2O)C1=O;COP(N)(=O)OC[C@H]1O[C@@H](n2c(O)nc3c(N)ncnc32)[C@H](O)[C@@H]1O;COc1ccccc1-c1cc(-c2ccccc2)nc(SCC(=O)O)c1C#N;Cc1c(OCc2ccc(C(=O)O)o2)ccc2c(-c3ccccc3)cc(=O)oc12;CCOC(=O)c1c(-c2ccccc2)oc2ccc(OC(=O)c3ccco3)cc12;O=C1/C(=C/c2cccnc2)Oc2c1ccc1c2CN(Cc2cccs2)CO1;O=C1/C(=C/c2ccncc2)Oc2c1ccc1c2CN(Cc2cccs2)CO1;COCCn1c(SCC(=O)c2ccccc2)nc2c(c1=O)SC(C)C2;O=C(NC1CCN(CC2CC2)CC1)c1n[nH]c2ccc(Br)cc12;C=C1OC=C(c2c(OC)cc3oc(-c4ccccc4)cc(=O)c3c2OC)C1=O;O=C(C1=C(Nc2ccccc2)c2ccccc2S(=O)(=O)N1)c1ccccc1;N#Cc1ccc(N2CCN(CC(=O)N3CCCC3)CC2)c(Br)c1;CCc1cc2c(cc1O)oc(=O)c1cnc3c(sc4nc(C)cc(C)c43)c12
m_163bfd,Cc1nc(CNC(=O)NCc2ccccc2CC(F)(F)F)no1;Cc1nc(CNC(=O)NC(Cc2ccccc2)C(F)(F)F)no1;Cc1nccc(C(=O)Nc2ccc(C(=O)NCCC(=O)O)cc2)n1;C[C@@H](C(=O)O)c1ccc(O[C@H]2O[C@@H](CO)[C@H](O)[C@@H](O)[C@@H]2O)cc1;C[C@@H](C(=O)O[C@H]1O[C@@H](CO)[C@H](O)[C@@H](O)[C@@H]1O)c1ccc(O)cc1;C/C=C/c1occ(CO)c1C(=O)O[C@@H]1O[C@@H](C)[C@H](O)[C@@H](O)[C@H]1O;COCC(=O)c1ccc(O[C@@H]2O[C@H](CO)[C@@H](O)[C@H](O)[C@H]2O)cc1;CC(=O)c1cc(OC2OC(CO)C(O)C(O)C2O)cc(O)c1C;CCn1ncc2c1C(=O)N[C@H]1c3ccc(OC)c(OC)c3C(=O)N21;COc1ccc(C(=O)CO[C@@H]2O[C@H](CO)[C@@H](O)[C@H](O)[C@H]2O)cc1;O=C(O)CCc1ccc(O[C@@H]2O[C@H](CO)[C@@H](O)[C@H](O)[C@H]2O)cc1;CC(=O)OC1C(O)C(CO)OC(Oc2ccccc2CO)C1O;CCOc1cc(C=O)ccc1OC1OC(CO)C(O)C(O)C1O;CCO[C@@H]1O[C@H](COC(=O)c2ccc(O)cc2)[C@@H](O)[C@H](O)[C@H]1O;CC1=CC(=O)[C@@H]2C=CO[C@@H](O[C@@H]3O[C@H](CO)[C@@H](O)[C@H](O)[C@H]3O)[C@H]12;O=C(O)CCc1cccc(O[C@@H]2O[C@H](CO)[C@@H](O)[C@H](O)[C@H]2O)c1;Cc1cccc(O)c1C(=O)COC1OC(CO)C(O)C(O)C1O;O=C(NCCCn1ccnc1)c1ccc(OCC(F)(F)F)nc1;CCOC(=O)c1ccc(O[C@@H]2O[C@H](CO)[C@@H](O)[C@@H](O)[C@@H]2O)cc1;O=C(O[C@H]1[C@H](O)[C@@H](O)[C@H](CO)O[C@@H]1O)[C@H](CO)c1ccccc1;CC(=O)OC1C(Oc2ccccc2CO)OC(CO)C(O)C1O;O=C(NCCc1ccn(-c2ccc(F)cc2)n1)c1cncc(F)c1;CCO[C@@H]1O[C@H](C(O)C(=O)c2ccc(O)cc2)[C@@H](O)[C@H](O)[C@H]1O;COC1=CC(=CNNC(=O)C(=O)NCc2cccnc2)C=CC1=O;O=C(O)[C@@H](CO[C@H]1O[C@@H](CO)[C@H](O)[C@@H](O)[C@@H]1O)c1ccccc1
m_163da0,CN(c1cccnn1)C1CCN(C(=O)c2sccc2C2CC2)CC1;Cc1ccc(NC2CCN(C(=O)c3sccc3C3CC3)CC2)nn1;O=C(c1sccc1C1CC1)N1CCC(c2nnc3n2CCC3)CC1;CCNc1cc2c(nn1)CCN(C(=O)c1cccc(CSC)c1)C2;CC(C)(C)c1ccc(C(=O)NCC(=O)N2CC(C(F)(F)F)C2)cc1;CC(C)(C)c1ccc(C(=O)NCC(=O)N2CCC2C(F)(F)F)cc1;CSCc1ccc(NC(=O)C2CCN(c3cnccn3)CC2)cc1;Cc1ccc(N2CCC(NC(=O)c3scnc3C3CC3)CC2)nc1;CCC(C)(C#N)C(=O)N1CC(C)(c2nnc(-c3ccccc3F)o2)C1;O=C(NC1CC1)N1CCN(Cc2csc(-c3ccccc3)n2)CC1;CC1(C(=O)N2CCC(n3nnc(C(=O)O)c3C(F)F)CC2)CCC1;CCC(C)n1nccc1NC(=O)Cc1coc(-c2ccc(F)cc2)n1;O=C(C1CCCN1c1ncnc2sccc12)N1CC2CCCC2C1;O=C1NCCN1C1CCN(Cc2csc(-c3ccccc3)n2)CC1;O=C(NC1CCN(Cc2nnc(-c3ccccc3)s2)CC1)C1CC1;Cc1cc(C)c(C(=O)N2CCN(c3ncc(F)cn3)C(=O)C2)c(C)c1;COc1ccc(F)c2[nH]c(C(=O)N3CCC(n4cc(C)cn4)C3)cc12;NC(=O)CC1CCCN(c2cncc(SCc3ccccc3)n2)C1;COc1ccc(COc2cccc(F)c2)cc1NCc1ncnn1C;Cc1c(C(=O)N2CCCC3C(=O)NCC32)cnn1-c1ccc(F)cc1;CC(=O)NC1CCN(c2cncc(SCc3ccccc3)n2)CC1;Cc1ccc(NC(=O)C2CCCN(C(=O)c3ccncc3F)C2)nc1;C[Si](C)(C)Oc1cc(O[Si](C)(C)C)cc(O[Si](C)(C)C)c1;C#CCNC(=O)CN(C)Cc1cc(C)c(OCC(F)(F)F)c(C)c1;CSc1cncc(N2CCCC(CNC(=O)c3ccccc3)C2)n1
m_1700bc,COc1ccc(CN2CCN(c3nnc(C4CC4)s3)CC2)cc1;COc1ccccc1CNC1CCC(C(F)(F)F)N(C(C)=O)C1;COc1cccc(CNC2CCC(C(F)(F)F)N(C(C)=O)C2)c1;COc1ccc(CNC2CCC(C(F)(F)F)N(C(C)=O)C2)cc1;COCc1ccccc1CNC(=O)C1CN(C)CC1C(F)(F)F;COc1ccccc1CCN(C)C(=O)C1CNCC1C(F)(F)F;COCc1cccc(CNC(=O)C2CN(C)CC2C(F)(F)F)c1;CCOCc1ccccc1CNC(=O)C1CNCC1C(F)(F)F;COc1ccccc1CCC(=O)N1CC(N)CCC1C(F)(F)F;CC(C(=O)N1Cc2ccccc2OCC1C)N(C)CC(F)(F)F;CCCN(CC(F)(F)F)C(=O)CC(C)NC(=O)c1ccccc1;CC(O)C(NC(=O)C(CC(N)=O)NC(=O)C1CCCN1)C(=O)O;O=C(NC1CCC(C(F)(F)F)CC1)NC(CO)c1ccccc1;COc1ccccc1CC1CCCN1C(=O)CNCC(F)(F)F;NCC1CCCCN1C(=O)CCc1ccccc1OC(F)(F)F;CC(O)C(NC(=O)C1CCCN1C(=O)C(N)CC(N)=O)C(=O)O;CCNC(=S)NNC(=O)c1cc(CC(C)C)nc2ccccc12;O=C(CC1CCNCC1)NCc1ccc(OCC(F)(F)F)cc1;CCOc1ccccc1CN1CCN(c2ccc(Cl)cc2)CC1;COCC1(C(=O)N(C)Cc2ccccc2C(F)(F)F)CCCN1;CC1COC(c2ccccc2)C(C)N1CC(=O)NCC(F)(F)F;Cc1cc2nc(NCC[S+]([O-])C(C)(C)C)c3ccccc3n2n1;CN(C)CCCN1c2ccc(O)cc2CCc2ccc(Cl)cc21;CC1CC(N)CCN1C(=O)CCc1ccc(OC(F)(F)F)cc1;CC(N)C1CCCN(C(=O)Cc2ccc(OC(F)(F)F)cc2)C1
m_1712db,CCNC(=O)c1ccc(NCC2CCOC2C(C)C)nn1;Cc1nccc(NC(=O)NCC2CCOC2C(C)(C)C)n1;CC(C)Nc1nnccc1C(=O)N1CCC(CCCO)C1;Cc1cc(N2CCN(C(=O)C3CCCOC3C)CC2)n[nH]1;Cc1nnccc1NC(=O)NCCC1CCC(C)(C)CO1;COc1cc(C=CCNC(=N)NCCCCN)ccc1O;CN(CC1(CO)CC1)C(=O)Nc1ccc(C(C)(C)C)nn1;Cc1nnccc1NC(=O)N(C)CC1(O)CCCCCC1;CC(=O)Nc1cnn(CC(=O)N(C)CC2CCCCC2)c1;CCn1ccnc1CNC(=O)N1CC(C)(C)C2COCC21;COC1(C)CCCN(C(=O)C2CCc3[nH]nnc3C2)CC1;CC1(C)CC2(CO1)CC(NC1COCC1n1ccnn1)C2;CC(C(=O)NCC1CCC2(CCCCC2)O1)n1cncn1;CC1CC(CN2CCN(c3cnn(C)c3)C(=O)C2)CCO1;Cn1cc(N2CCN(CC3CCC(C)(C)O3)CC2=O)cn1;CCCOC1CCCN(C(=O)Nc2ccnc(C)n2)CC1;COC[C@@H]1C[C@H](n2cc(NC(C)=O)cn2)CN1C1CCC1;C=CCCCCCCCC1=C[C](OC)C=CN1CC(=O)O;CCCCCCCCO[C@@H]1[C@@H](O)[C@H](O)[C@@H](CO)O[C@H]1O;COC1(CNc2nccc(NC3CCCOC3)n2)CCC1;CC(C)CCn1ccc(NC(=O)C23CNCC2COC3)n1;CCCCC[C@@H](CC)O[C@@H]1O[C@H](CO)[C@@H](O)[C@H](O)[C@H]1O;O=C1C(n2cc(CCCO)nn2)CCN1C1CCCCC1;CCCN(CC(N)=O)c1cncc(OCC2CCCC2)n1;COCCC1(C(=O)Nc2ncn(C3CCCCC3)n2)CC1
m_1777b7,CS(=O)(=O)CCN1CCC(NC(=O)c2cc3ccccc3[nH]2)CC1;CCN(C1CCN(C(=O)c2ccc3cc[nH]c3c2)CC1)S(C)(=O)=O;Cc1ccc2[nH]c(C(=O)N3CCCCC3CS(N)(=O)=O)cc2c1C;Cc1cc(C)c2cc(C(=O)N3CCCC(CS(N)(=O)=O)C3)[nH]c2c1;CNS(=O)(=O)C1CCN(C(=O)c2cc3c(C)cc(C)cc3[nH]2)CC1;Cn1ccc2c(C(=O)NCC3CCN(S(C)(=O)=O)CC3)cccc21;Cn1cc(C(=O)N2CCCCC2CNS(C)(=O)=O)c2ccccc21;CN(CC(=O)N1CCCCC1c1cc2ccccc2[nH]1)S(C)(=O)=O;CC(O)C(NC(=O)C(NC(=O)C(N)CCC(=O)O)C(C)O)C(=O)O;CS(=O)(=O)NCC1CCCCN1Cc1ncc(-c2ccccc2)o1;CC(O)C(N)C(=O)NC(C(=O)NC(CCC(=O)O)C(=O)O)C(C)O;CC(O)C(N)C(=O)NC(CCC(=O)O)C(=O)NC(C(=O)O)C(C)O;CSCC[C@@H](CO)NC(=O)CCCc1nc2ccccc2c(=O)[nH]1;COC(=O)[C@H](CCSC)NC(=O)NCCc1c[nH]c2ccccc12;Cc1ccc(-c2noc(CN(C(C)CS(C)(=O)=O)C3CC3)n2)cc1;CNS(=O)(=O)Cc1cccc(CNC(=O)c2cccn2C(C)C)c1;O=C(COc1ccccc1)N1CCC(NC(=O)N2CCSCC2)C1;COc1ccccc1NC(=O)CCCC[C@@H]1SC[C@@H]2NC(=O)N[C@@H]21;NC(Cc1cnc[nH]1)C(=O)NCC(=O)NC(Cc1cnc[nH]1)C(=O)O;COc1cccc(NC(=O)CCCC[C@@H]2SC[C@@H]3NC(=O)N[C@@H]32)c1;CNS(=O)(=O)C1CCCN(C(=O)CCc2ccc3[nH]ccc3c2)C1;NC(Cc1cnc[nH]1)C(=O)NC(Cc1cnc[nH]1)C(=O)NCC(=O)O;Cc1nn(CC(F)(F)F)c(C)c1C(C)C(=O)N1CCCSCC1;NCC(=O)NC(Cc1cnc[nH]1)C(=O)NC(Cc1cnc[nH]1)C(=O)O;CC(CO)(CNC(=O)c1ccccc1OC(F)F)Cc1ccccc1
m_1813a1,Cc1cc(C)nc(CN2CCOC(C)C2c2nc(C3CC3)no2)c1;CN(C)c1ccc(CN2C[C@H](O)C[C@H]2c2nc(C3CC3)no2)cc1;CC(C)c1noc([C@@H]2C[C@H](NC(=O)Cc3ccccc3)CN2C)n1;CCC(C)NC(=O)c1ccc(NCc2nnc(C3CC3)o2)c(C)c1;CC(C)NCc1noc([C@@H]2CCC(=O)N2CCc2ccccc2)n1;CCCN(Cc1ccc(C)cc1)C(=O)NCc1nc(C2CC2)no1;CCN1CC(CN(C)Cc2nc(C3CC3)no2)Oc2ccccc21;Cc1ncccc1CN1CCCC(O)(Cc2nc(C3CC3)no2)C1;Cc1cc(CN2CCN(C(=O)c3cccc(N(C)C)c3)CC2)no1;COC[C@@H]1C[C@H](n2cc(NC(C)=O)cn2)CN1Cc1ccccc1;NC1(Cc2cc(CN3CCN(c4ccccc4)CC3)on2)COC1;CCCc1nnc([C@H]2CCN(Cc3ccc(NC(C)=O)cc3)C2)o1;Cc1nn(C)cc1C(=O)NCC1OCCN(C)C1c1ccccc1;CCn1ccnc1C1OCCC1NCc1ccc(C(=O)NC)cc1;CC(=O)NC(C)(C)c1noc(C2CCN(c3ccccc3)C2C)n1;CC(C)c1noc(C(C)Nc2cccc(N3CCCCC3=O)c2)n1;CN(Cc1nnc(C2CC2)o1)Cc1ccccc1N1CCOCC1;CC(NC(=O)NC1CCCOC1c1cnn(C)c1)c1ccccc1;N[C@H]1C[C@H]2C(=O)NC[C@@H](CCC(=O)N3CCc4ccccc43)N2C1;Cc1noc(CCCC(=O)NCC2CCN(c3ccccc3)C2)n1;Cc1ccccc1CNC(=O)NC1CCCOC1c1cnn(C)c1;C=C1[C@@H](OC(C)=O)CC[C@]2(C)CC[C@@H](C(O)(CO)CO)C[C@@]12O;Cn1nccc1C1OCCC1CNCCc1cccc(C(N)=O)c1;CCc1onc(C)c1NC(=O)NC1CCN(C)C1c1ccccc1;Cc1n[nH]c(C)c1C1COCCN1C(=O)c1cccc(C(C)C)n1
m_18f297,OC1CCN(c2ccccc2NCCOc2cccc(F)c2)CC1;N=C(NCCC[C@H](N)C(=O)N[C@H]1CN[C@H](C(N)=O)C1)N[N+](=O)[O-];O[C@@H](Cc1ccccc1)/C(Cc1ccccc1)=N\Nc1ccccc1;COc1ccc(F)cc1CN(C)CC(=O)Nc1cccc(C)c1C;COCC(NC(=O)C1CCN(CC(F)F)CC1)c1ccc(C)o1;CC(C)c1noc(CCNC(=O)NCC[S+]([O-])C(C)(C)C)n1;Cc1cc(C)cc(NC(=O)C(Nc2ccccc2)c2ccccc2)c1;CN(C)C(CNCc1ccc2c(c1)OCCO2)c1cccc(F)c1;COc1ccc(CC(=O)NC(CN(C)C)c2ccccc2)cc1F;CC1(C)CC(=O)c2c(nc3ccccc3c2NCc2ccccc2)C1;CC1(C)CC(=O)c2cc(-c3ccccc3)n(Cc3cccnc3)c2C1;O=C(Cc1ccccc1F)N1CCN(C(=O)CC2C=CCC2)CC1;Cc1ccc2c(c1)c1c3n2CCN(C(=O)c2ccccc2)[C@H]3CCC1;Cc1ccc(NCC(O)Cn2c3ccccc3c3ccccc32)cc1;CCCC1(CO)CCN(C(=O)c2c[nH]cc2-c2ccc(F)cc2)C1;CC1(C)CC(=O)Nc2cc(-c3ccccc3)n(-c3ccccc3)c2C1;CCC(C(=O)Nc1ccc(Cc2ccncc2)cc1)c1ccccc1;Cc1noc(C)c1CCC(=O)NCC1(c2ccc(F)cc2)CCC1;CC(F)(F)C1(C(=O)N2CCC(C3CCC(C(N)=O)O3)CC2)CC1;O=C(CCCn1cccc1)NCC1CCOC1c1ccc(F)cc1;NC(=O)C1CCC(C2CCN(C(=O)CC3CC(F)(F)C3)CC2)O1;O=C1CC(C(=O)N2CCCC3CCCCC32)c2ccc(F)cc2N1;O=C(c1nccc2ccccc12)N1CCC(Cc2ccccc2)CC1;CCN(CC(F)F)C(=O)C1CC=CCC1C(=O)N1CCOCC1;OC1(c2ccc(-c3ccc4ncccc4c3)cc2)CN2CCC1CC2
m_1a0749,Cc1nc(-c2cccc(NC(=O)Cc3ccc(F)cc3Br)c2)n[nH]1;Cc1nc(-c2cccc(NC(=O)Cc3cc(F)ccc3Br)c2)n[nH]1;Cc1nc(-c2cccc(NC(=O)Cc3ccc(Br)c(F)c3)c2)n[nH]1;Cc1n[nH]c(-c2ccc(NC(=O)Cc3cc(F)ccc3Br)cc2)n1;Cc1nc(-c2cccc(NC(=O)Cc3cc(Br)ccc3F)c2)n[nH]1;COC(=O)c1c(C)oc2cc(Br)c(OCc3ccccc3C)cc12;COc1ccc(-c2coc3c(C)c(OCCBr)ccc3c2=O)cc1;CCOC(=O)c1c(C)oc2cc(Br)c(OCc3ccccc3)cc12;COC(=O)c1c(C)oc2cc(Br)c(OCc3ccc(C)cc3)cc12;COc1ccc(-c2c(C)oc3cc(OCCBr)ccc3c2=O)cc1;CCOC(=O)c1c(C)oc2ccc(OCc3ccc(Br)cc3)cc12;O=C(NC1CCC1c1ccc(Cl)cc1Cl)c1cccnc1C(F)(F)F;CCOC(=O)c1c(C)oc2ccc(OCc3cccc(Br)c3)cc12;CCOC(=O)c1c(-c2ccccc2)oc2cc(Br)c(OCC)cc12;Cc1ccc(S(=O)(=O)O/N=C(/c2cccc([N+](=O)[O-])c2)C(F)(F)F)cc1;CCOc1ccc(-c2cc3cc(Br)ccc3oc2=O)cc1OCC;Brc1c2nc(cc3ccc(cc4nc(cc5ccc1[nH]5)C=C4)[nH]3)C=C2;Brc1cc2cc3nc(cc4ccc(cc5nc(cc1[nH]2)C=C5)[nH]4)C=C3;CC(=O)Oc1cc(OC(C)=O)c2c(=O)c(Oc3ccc(Cl)cc3)coc2c1;Cc1nc(C)c(CCNS(=O)(=O)c2cc(C)c(Cl)c(C(=O)O)c2)s1;Cc1nc(C)n(-c2ccc(C(=O)Nc3ccc(Br)cc3F)cc2)n1;O=C(Nc1cnc(-c2ccc(Cl)s2)nc1)N1CC2CC2(C(F)(F)F)C1;COc1cccc(C(C)(C)c2oc3cc(Br)ccc3c2C(=O)O)c1;CN(C(=O)CC1Sc2ccc(Cl)cc2NC1=O)C1CCS(=O)(=O)C1;O=S(=O)(Nc1cc(F)cc(F)c1)c1ccc(S(=O)(=O)NC2CC2)cc1
m_1a8b29,CCCn1cc(C(=O)Nc2nc(C)n(C)n2)cn1;Cc1nc(NC(=O)c2cnn(CC(C)C)c2)n[nH]1;CC(NC(=O)c1ccn(C(C)C)n1)c1nc[nH]n1;Cc1cc(C(=O)NCc2nncn2C(C)C)[nH]n1;Cc1cc(C(=O)NCc2ncnn2C(C)C)[nH]n1;CC(C)(C)Cc1cc(NC(=O)c2c[nH]nn2)[nH]n1;CCc1cc(C(=O)NCc2nnc(C)n2C)[nH]n1;CC(C)n1ncnc1CNC(=O)c1ccnn1C;CN(C)C(=O)c1cn[nH]c1NCc1ccnn1C;CC(C)CCc1cc(NC(=O)c2c[nH]nn2)[nH]n1;CC(C)Cc1cc(C(=O)NCc2nnc[nH]2)[nH]n1;CC(C)c1cc(NC(=O)C(C)n2cncn2)[nH]n1;CC(/C=C/C=C(/C=O)CC=O)=C\C=C\C(C)(C)O;CC(C)NC(=O)CCNc1nc[nH]c2ncnc1-2;CCC/C=C/C(=O)CCc1ccc(O)c(OC)c1;C=CCCCC(=O)CCc1ccc(O)c(OC)c1;C=CCCCCCC#CC#CCOCC(=O)OC;CCn1ccc(NC(=O)NCCc2cn[nH]c2)n1;C/C=C/C#C/C=C/C=C/CCC[C@H](O)CC(=O)O;C=C(C)C(=O)CC/C(C)=C/[C@H]1C(=O)C(C)=C[C@@H]1O;C=CCCCCCC#CC#CCOC(=O)COC;C=C1CC[C@@H]2[C@H](C=C(C=O)CCC1=O)[C@@]2(C)CO;C=C(C)[C@@H](C=CC1=C(C)COC1=O)CCC(C)=O;CC(C)=CCC/C(O)=C/Cc1cc(O)ccc1O;CC(C)CC(=O)C[C@@H](C)c1ccc(C(=O)O)cc1
m_1b1573,CC1(C)CCCN1C(=O)NCc1ccc(-n2cccn2)cc1;CCC1CCN(C(=O)NCc2ccc(-n3cccn3)cc2)C1;Cc1cnn(-c2ccc(C(=O)N3CCC(N)CC3C)cc2)c1;CC(=O)N1CCC(NCc2ccccc2-n2cccn2)CC1;CC(NC(=O)N(C)C1CCC1)c1ccccc1-n1cccn1;Cc1nccn1-c1ccccc1CNC(=O)N1CCCCC1;CCN1CCCN(Cc2ccn(-c3ccccc3)n2)CC1=O;Cc1nn(-c2ccccc2)cc1NC(=O)N1CCC(C)(C)C1;CCC1(NC(=O)Nc2cn(-c3ccccc3)nc2C)CCC1;CNC1CCCN(C(=O)c2ccc(-n3cc(C)cn3)cc2)C1;Cc1c(NC(=O)NCC2(C)CCC2)cnn1-c1ccccc1;O=C(NCCN1CCCCC1)c1ccccc1-n1cccn1;COC(=O)C/C=C(\C)C/C=C/C[C@H](C)[C@H](O)CC(=O)OC;OCCNC1CCN(c2cc(-c3ccccc3)ncn2)CC1;OCCCC(O)C=CC=CC=CC[C@@H]1C[C@@H](O)C[C@H](O)O1;CCCCCCCC(=O)OC1OC(=O)C(C)(C(C)=O)C1C;C=C(C(=O)OC)C1C(CCCCCCCC)OC(=O)C1O;C=C(C(=O)OC)[C@@H]1CC[C@]2(C)[C@H]([C@@H](C)[C@@H](O)C[C@H]2O)[C@H]1O;Cc1cc(C(=O)NCC2CCNCC2)nn1-c1ccccc1;C=C(C(=O)OC)[C@@H]1CC[C@]2(C)[C@@H]([C@H]1O)[C@](C)(O)CC[C@@H]2O;CC(=O)O[C@H]1CC[C@]2(O)[C@@H](O)CC[C@H](C)[C@@]2(C)[C@H]1C(C)=O;CC(=CCCC(C)C(=O)O)[C@H]1CC[C@@](C)(O)[C@@H](OC=O)C1;Cc1cc(NC(=O)C2CCN(C)CC2)nn1-c1ccccc1;CCCC(O)CC1CC2OC2/C=C/C(O)C(C)(C)C(=O)O1;C=C(C(=O)OC)[C@@H]1CC[C@]2(C)[C@H]([C@@H](CO)CC[C@H]2O)[C@H]1O
m_1b27e6,COc1ccc(-c2csc(NC(=O)c3ccccc3F)n2)cc1CC#N;C/C(=N\NC(=O)c1ccc([N+](=O)[O-])cc1)c1cc2ccc(O)cc2oc1=O;Cc1cc(O)c(-c2ccc3c(=O)[nH]c(=O)n(Cc4ccco4)c3n2)c(=O)o1;NC(=O)c1cccc(-c2nc(-c3cc4c(cc3F)NC(=O)CC4)cs2)c1;Cc1nc(-c2cccc(-c3noc(COc4ccc(F)cc4)n3)c2)cs1;CCOC(=O)c1ncn([C@@H]2O[C@H](COP(=O)(O)O)[C@H](O)[C@@H]2O)c1N;Cc1nc(SCC(=O)Nc2ccc(F)cc2)c2oc3ccccc3c2n1;O=c1c2ccccc2ncn1Cc1csc(COc2ccc(F)cc2)n1;COc1ccnc(CSc2nc3cc(OC(F)F)ccc3[nH]2)c1OC;Cc1c(CC(=O)N[C@H](C(=O)O)C(C)C)c(=O)oc2cc(O)c(Cl)cc12;CCC[C@H](NC(=O)Cc1c(C)c2cc(Cl)c(O)cc2oc1=O)C(=O)O;CC[C@@H](NC(=O)CCc1c(C)c2cc(Cl)c(O)cc2oc1=O)C(=O)O;Cc1nc(-c2ccccn2)sc1C(=O)N1CCCSc2ccccc21;Cc1c(CCC(=O)NCCCC(=O)O)c(=O)oc2cc(O)c(Cl)cc12;CC[C@H](NC(=O)Cc1c(C)c2cc(Cl)c(OC)cc2oc1=O)C(=O)O;O=C(c1c(F)cccc1Cl)N1CCC(CSCc2ccco2)CC1;CC1CSc2ccccc2N(C(=O)c2cnc(-c3ccccn3)s2)C1;CCn1c(=Cc2ccccn2)sc(=C2Sc3ccccc3N2C)c1=O;CC1CCN(C(=O)c2cnc(-c3ccccn3)s2)c2ccccc2S1;COc1cc2oc(=O)c(CC(=O)NCCCC(=O)O)c(C)c2cc1Cl;COc1ccc(Br)cc1CN1C(C(=O)O)CC2CCCCC21;N#Cc1cc(N2CCN(c3ncc(C(F)(F)F)cc3Cl)CC2)ccn1;CCOC(=O)C1CCCN(C(=O)CCc2cccc(Br)c2)C1;CCOc1ccccc1Nc1nnc(SCC(=O)NC(=O)NC)s1;N#Cc1ccc(N2CCN(c3ncc(C(F)(F)F)cc3Cl)CC2)cn1
m_1beae5,CC(C)Cc1ccc(C(C)NC(=O)Cn2cnnc2C#N)cc1;Cc1cccc(C2=CCN(C(=O)NCc3ncn(C)n3)CC2)c1;O=C(NC1CCc2ccccc21)N1CCC(n2cncn2)CC1;C=C(CNC(=O)N(C)Cc1nnc2n1CCC2)c1ccccc1;CC(C)c1ccc(CNC(C=O)C(O)C(O)C(O)CO)cc1;Cn1c(CN2CCc3ccccc3C2C(N)=O)nnc1C1CC1;O=C1CN(Cc2nnc3n2CCC3)CCN1Cc1ccccc1;NC(=O)c1ncn(C2CCCN(CC=Cc3ccccc3)C2)n1;Cc1ccc2c(c1)CCN2C(=O)c1cn(CC2CCCN2)nn1;CC(CN(C)Cc1nnc2c(=O)n(C)ccn12)c1ccccc1;CCc1ncnc(N2CCOC(CN(C)CC(N)=O)C2)c1F;CN(C)c1ccc(C2(C(=O)N3CC(n4cncn4)C3)CC2)cc1;CC1Cc2ccccc2N1C(=O)c1cn(CC2CCCN2)nn1;CC[C@H](C)C(=O)C1=C(NCCO)[C@](C)(O)C(=O)C(C)=C1OC;CCc1c(C)nc2ncnn2c1NCCc1ccc(OC)cc1;C=C(C)Cn1nnc(C2(NC(=O)c3ccccc3)CCCC2)n1;O=C(NCC1CCC1)N1CCn2c(nnc2-c2ccccc2)C1;CCc1nc2ccccc2n1CC(=O)N(C)Cc1cnn(C)c1;CC(C)C(Cn1ccnn1)NC(=O)Cn1ccc2ccccc21;CCc1n[nH]c(NC(=O)c2cn(CC(C)C)c3ccccc23)n1;CCC1CN(C)c2ccccc2CN1C(=O)c1nccnc1N;CCC(CNc1ncnc2c1ncn2C)(OC)c1ccccc1;C[C@@H]1O[C@H](Oc2ccc(CCN(C)C)cc2)[C@H](O)[C@H](O)[C@H]1O;CCC(CNc1cc(C)nc2ncnn12)(OC)c1ccccc1;Cc1ccc2c(c1)nc1n2[C@@H](CNCc2nccn2C)COC1
m_1d7bdd,CCOC(=O)C(C)(C)NCC(=O)Nc1ccccc1-c1ccccc1;COCC(=O)Nc1ccccc1NC(=O)c1ccc(C(C)(C)C)cc1;COCC1CC(OC)CN1C(=O)c1cccc(-c2ccccn2)c1C;CC(C)(CC(=O)O)CC(=O)Nc1cccc(CCc2ccncc2)c1;COCC1CC(OC)CN1C(=O)c1cncc(-c2cccc(C)c2)c1;O=C(O)C1CCC(C(=O)N2CC3(CCC3)c3ccccc32)N1C1CC1;CCOC(=O)C(Nc1ccc(CC(=O)N(C)C)cc1)c1ccccc1;COCC(=O)N1C(C#N)C(c2ccc(C3=CCCCC3)cc2)C1CO;CCc1cccc(C)c1NC(=O)CC(NCc1ccccc1)C(=O)O;CCc1cccc(NC(=O)CN(CCS(C)(=O)=O)C(C)(C)C)c1;COCC1(C(=O)Nc2ccc(Oc3ccc(C)cc3)cc2)CCNC1;Nc1ccc([C@@H](O)[C@H]2COCC(=O)N2CCCc2ccccc2)cc1;COCC1(O)CCN(C(=O)c2cc(C3CC3)nc3ccccc23)CC1;COCC1CC(OC)CN1C(=O)c1ccc(-c2ccccc2)nc1C;COc1cccc(NC(=O)CC2CN(Cc3ccccc3)CCO2)c1;COc1cc2c(cc1OC)[C@@H](C)N(CC(=O)Nc1ccccc1)CC2;Cc1cccc(OCCC(=O)NCC(=O)Nc2cccc(C)c2C)c1;CC(C)(O)C(=O)N1CCCC(NC(=O)c2ccc3ccccc3c2)C1;O=C(COc1ccc(-c2ccccc2)cc1)NCCN1CCOCC1;C/C=C1\CN(CCO)[C@H]2C[C@@H]1[C@H](C(=O)OC)n1c2cc2ccccc21;COc1cc(-c2ccccc2)ccc1CN1CC(OC)CC1C(N)=O;COC(=O)C1=C2Nc3ccccc3C23CCN2CCC1C(CCO)C23;Cc1ccc(C)c(NC(=O)CC(NCCc2ccccc2)C(=O)O)c1;COC1CC(C(N)=O)N(Cc2ccccc2OCc2ccccc2)C1;COC(=O)C1=C2Nc3ccccc3[C@@]23CCN2C[C@@H](CCO)C1C[C@H]23
m_1de28b,Cc1cc(NC(=O)N2CCOCC2C2CC2)c(N(C)C)nn1;CNC(=O)CC(=O)N(C)C1CCCN(c2ccc(C)nn2)C1;Cc1nnc(CNC(=O)CC2CCCCNC2=O)n1C1CC1;CNC(=O)CN1CCC(NC(=O)Nc2ccnc(C)c2)CC1;CCc1nnc2n1CC(NC(=O)C1CCCN1C(C)=O)CC2;CCc1cc(NC(=O)CCCc2nc(C(C)(C)C)no2)[nH]n1;NC(=O)C1CCN(CCCNC(=O)Nc2ccncc2)CC1;CCC(NC(=O)NCc1c(C)n[nH]c1C)c1c(C)noc1C;CCC(NCC(=O)Nc1c(C)n[nH]c1C)c1c(C)noc1C;CN(C)c1ncccc1CNC(=O)NC1CCCCNC1=O;Cc1nn(C)c(-n2ccnc2C)c1C(=O)NCC(O)C(C)C;COc1ccnc(CNC(=O)N2CCC3(CCN(C)C3)C2)n1;CC(C)N1CC(C(=O)Nc2ccn(C3CCNC3)n2)CC1=O;CCC(C(=O)N1CC(n2nc(C)nc2C)C1)N1CCCC1=O;CC(=O)NC1(C(=O)N2CCC(c3ncn[nH]3)C2)CCCCC1;CC(C)CN1CC(C(=O)N2CC(C)Cn3ncnc32)CC1=O;CNC(=O)C12CCOCC1CN(c1ccnc(N(C)C)n1)C2;Cc1noc(C)c1CN(C)C(=O)Nc1cnn(CC(C)C)c1;CN(C)c1nccc(N2CCC3(CC2)CC(O)CNC3=O)n1;CN(C)C(=O)c1ccc(CNc2nnc(CC(C)(C)C)o2)[nH]1;COc1cc(N2CCN(CC(=O)N3CCCC3)CC2)ncn1;CC1CC(C(=O)Nc2cnc(N3CCNCC3)nc2)C(C)O1;CCc1noc(C)c1CN1CC(OC)C(c2cn(C)nn2)C1;CCC(=O)N1CCN(c2cc(N3CCOCC3)cnn2)CC1;COC1CC(c2nc(C3CC3)n[nH]2)N(CC(=O)N2CCC2)C1
m_1f86e6,CC1CC(NC(=O)C2(c3ccccc3Cl)CCOCC2)c2ccsc2S1(=O)=O;CSCC(=O)Nc1ccc2n(c1=O)C[C@H]1C[C@@H]2CN(S(=O)(=O)c2cccs2)C1;Cc1ccc(-c2nc3cccnc3s2)cc1NS(=O)(=O)c1ccc2c(c1)OCCO2;Nc1nc2c(nc(SCc3ccc(Cl)cc3)n2[C@@H]2O[C@H](CO)[C@@H](O)[C@H]2O)c(=O)[nH]1;Cc1cc(N(C)C)nc(N2CCN(S(=O)(=O)c3ccc(Br)cc3)CC2)n1;O=C(CSc1nc2ccc(N3C(=O)c4ccccc4C3=O)cc2s1)N1CCOCC1;NS(=O)(=O)c1ccc(CNC(=O)c2ccccc2-c2ncc(-c3ccccc3)o2)s1;O=c1c2ncccc2n(Cc2c(F)cccc2Cl)c(=O)n1Cc1ccc2c(c1)OCO2
m_20b8f2,CC(C)Nc1ncccc1C(=O)Nc1ncccc1O;C=CCNC(=O)c1ccc(NCc2cc(C)on2)nc1;COc1ncccc1NC(=O)NCc1ccncc1C;O=C(Nc1cc(C2CCCC2)[nH]n1)c1ccc(O)nc1;COc1ccc(NC(=O)NCc2ccc(C)nc2)cn1;CNC(=O)c1ccc(C)c(NC(=O)c2cncn2C)c1;CNC(=O)Cc1ccc(NC(=O)c2cnn(C)c2)cc1;CCCCCC(=O)OC[C@@H](O)[C@H](O)C1=CC(=O)OC1;CNC(=O)c1ccc(C)c(NC(=O)c2ccnn2C)c1;Cn1cc(C2CC2C(=O)Nc2ncccc2CO)cn1;Cc1ccnc(C(NC(=O)c2cc(C)on2)C2CC2)n1;CO[C@H]1CCC(=O)O[C@H](C)C[C@@H](OC(C)=O)C(=O)C1;Cc1cc(C(=O)Nc2ccc(N3CCCC3)nc2)no1;CCc1nc(CNc2cccc3c2CCNC3=O)no1;CCc1noc(CNc2cccc3c2CCNC3=O)n1;O=C(NC[C@H]1Cn2ccnc2CO1)Nc1ccccc1;COc1ncc(NCc2cccnc2C)cc1C(N)=O;Cn1cc(C2CCCN2CCCS(N)(=O)=O)cn1;CCCc1nc(Cn2c(=O)n(C)c3ccccc32)no1;C[C@H]1CCC(=O)C[C@H](CC(O)C(=O)O)CCC(=O)O1;CC1C(=O)OC(C2CCCC(CCC(=O)O)O2)C1O;CCc1noc(CNc2ccc3c(c2)CCNC3=O)n1;Cc1ccc(C(=O)NCCNc2ccncc2)c(=O)[nH]1;COc1nccc(NC(=O)NC(C)c2ccccc2)n1;CCc1nc(Cn2c(=O)n(CC)c3ccccc32)no1
m_20c386,O=C(NCC(n1cncn1)C(F)(F)F)C1(O)CCCNC1;Nc1nnc(CNC(=O)C2CCCN(CC(F)(F)F)C2)o1;CC(C)[C@H](NC=O)C(=O)OC1C(O)OC(CO)C(O)C1O;CCSCc1ccc(C(=O)N2CCC(C)(C(=O)O)C2)cc1;C=C(CNC(=O)[C@H](CC(C)C)NC(=O)CN)P(=O)(O)O;O=C(O)C(O)C(O)C(O)C(O)CNC1(C(=O)O)CCCC1;O[C@@H]1[C@@H](Sc2ccccc2)[C@@H]2OCC(O2)[C@H]1NCC1CC1;Nc1ncnc2c1ncn2[C@@H]1O[C@H](CO)[C@@H]2OCCCO[C@@H]21;O=C(NCC1CCOC1c1ccccc1)C1(O)CCSC1;CC(CS(C)(=O)=O)N(C)C(=O)c1ccc2c(c1)CCC=C2;O=C1CCN(Cc2ncnn2CCF)c2ccc(F)cc2N1;COC1CC(c2ncn[nH]2)N(C(=O)NC(C)C(F)(F)F)C1;O=C(c1cc2c(s1)CCCC2)N1CCC2(CC1)OCCO2;CC1(NC(=O)C2CCS(=O)(=O)c3ccccc32)CCCC1;C=C(NC(=O)[C@H](CC(C)C)NC(=O)CN)P(=O)(O)OC;O=C(O)CCC1CCN(C(=O)C2CC2c2ccsc2)CC1;O=c1c2ncn(C3CC(O)C(CO)O3)c2nc2n1CCCN2;O=C(CS(=O)(=O)C1CCCC1)NC1CC1c1ccccc1;CCCC(=O)OCc1cccc(SC2CCN(C)C2=O)c1;COC1CN(C(=O)N(C)CC(F)(F)F)CC1c1c[nH]nn1;CC(CN(C)C)C(=O)OC1OC(C(=O)O)C(O)C(O)C1O;CCCOc1ccc(S(=O)(=O)NC(C)C)c2ccccc12;CC1(C)OC2C(CO)OC(n3cnc4c(N)ncnc43)C2O1;CC(=O)N[C@H]1[C@H]([C@H](O)[C@H](O)CO)C[C@](O)(C(=O)O)C[C@@H]1O;Cc1cc(C(=O)NCCC(CCO)c2cccs2)c(C)o1
m_214040,O=C(NCc1noc(-c2cccc(Br)c2)n1)c1c(O)cc(F)cc1F;Cc1cc(NS(=O)(=O)c2ccc(Br)c(F)c2)n(-c2ccccc2)n1
m_217b19,CC1CCCN(S(=O)(=O)c2ccc3c(c2)C(=O)NCC3)C1CN;NCC1CCCCC1NS(=O)(=O)c1ccc2c(c1)C(=O)NCC2;CC(=O)N1CCc2ccc(S(=O)(=O)N3CCCCC3CN)cc21;CNCC1CCCN1S(=O)(=O)c1ccc2c(c1)N(C(C)=O)CC2;CC(=O)N1CCc2ccc(S(=O)(=O)N3CCC(N)CC3C)cc21;CS(=O)(=O)NC1CCCC1CNC(=O)C1CC1c1cccnc1;CS(=O)(=O)NCC1CCCCN1C(=O)N1CCc2ccccc21;COC1CC(CN(C)S(=O)(=O)c2ccc(C#N)c(C)c2)N(C)C1;C=CCNC(=O)NCc1cccc(S(=O)(=O)N2CCCCC2)c1;COC1CC(CN(C)S(=O)(=O)c2cc(C#N)ccc2C)N(C)C1;COc1ccc(-c2cc(-c3ccccc3)nc(-c3ccccc3)c2)cc1;O=C(CCCCC(=O)NN=CC(O)C(O)C(O)C(O)CO)NO;COCCN1CCCC1CNS(=O)(=O)Cc1cccc(C#N)c1;COCCN1CCCC(NS(=O)(=O)Cc2cccc(C#N)c2)C1;CO[C@@H]1CO[C@H]2[C@@H]1OC[C@@H]2NC(=S)Nc1ccc(N(C)C)cc1;COC1CC(CN(C)S(=O)(=O)c2cccc(C)c2C#N)N(C)C1;CN1CCC(N2C[C@@H]3Oc4ccccc4S(=O)(=O)N[C@@H]3C2)CC1;CN(C)C1CCN(S(=O)(=O)c2ccc3c(c2)CCCC(=O)N3)C1;NS(=O)(=O)c1ccc(C(=O)NCC2CCN(C3CC3)CC2)cc1;CC(=O)N1CCCc2ccc(S(=O)(=O)N3CCNCC3C)cc21;Cc1ccc(S(=O)(=O)N2CCN(C(=O)C3CCCN3)CC2)cc1;CCC(Oc1ccc(Cl)cc1)C(=O)OC1CC2CCC(C1)N2C;CCNS(=O)(=O)c1cccc(CNC(=O)N2CC3CCC3C2)c1;CCNS(=O)(=O)c1ccc(C(=O)N2CC3CN(C)CC3C2)cc1;CCc1cc(C(=O)N(CC(=O)NC)CC2CSC2)cn(C)c1=O
m_21cd44,O=C(c1ccnnc1)N1CCCC(c2ncc(C(F)(F)F)[nH]2)C1;O=C(c1cnccn1)N1CCCC(c2ncc(C(F)(F)F)[nH]2)C1;Cc1ncncc1C(=O)NCCNc1ccc(C(F)(F)F)cn1;COc1ccc(OC)c(/C=C/C(=O)n2cnc3c(N)ncnc32)c1;O=C(c1ncccc1C(F)(F)F)N1CCCC(c2nnc[nH]2)C1;COC(=O)Cc1cc(=O)nc(Nc2nc(C)c3ccccc3n2)[nH]1;N#CC(=Cc1ccc([N+](=O)[O-])cc1)C(=O)NCCCn1ccnc1;Cc1ccc(COC2OC(CO)C(O)C(O)C2O)c(C#N)c1O;Cn1c(=O)[nH]c2ncc(-c3cccc(C(=O)NCC(N)=O)c3)cc21;CC(=O)N[C@H]1[C@H](Oc2ccc(C=O)cc2)O[C@H](CO)[C@@H](O)[C@@H]1O;Cc1cnc2c(c1)N(C(=O)c1cc(-c3ccn(C)n3)on1)CCO2;CC(=O)N[C@H]1[C@@H](O)[C@@H](OCc2ccccc2)[C@H](C(=O)O)O[C@H]1O;COc1ccc(CC#N)cc1O[C@@H]1O[C@H](CO)[C@@H](O)[C@H](O)[C@H]1O;COc1cc(CC#N)ccc1O[C@@H]1O[C@H](CO)[C@@H](O)[C@H](O)[C@H]1O;CN(C)c1cnc(C(=O)N(CC(F)(F)F)c2ccccn2)cn1;CC(=O)C1OC(OC2=NC(=O)C3CC=CCC23)C(O)C(O)C1O;O=C(NCC1CC1C(F)(F)F)Nc1cnn(-c2ccccc2)n1;COc1ccc(-c2cn3c(n2)[nH]c2c3c(=O)n(C)c(=O)n2C)cc1;O=C(CCCCC1CCSS1)N[C@H](CO)c1ccccc1;O=C(NCc1nnc2n1CC(C(F)(F)F)CC2)c1ccccn1;O=C(NCC1CCOC1c1ccc(F)cc1)C1(O)CCSC1;Cc1ccc(F)c2c1N(C(=O)CC1CCS(=O)(=O)C1)CCC2;COc1ccc(CNC(=O)CCCCC2CCSS2)cc1;CN(c1ccc2nccnc2n1)C1CCN(CC(F)(F)F)C1=O;O=C(CCCCC1CCSS1)NCCc1ccc(O)cc1
m_2363c0,O=C(NC1(c2cccc(C(F)(F)F)c2)CCC1)c1cnc(-c2ncccn2)s1;CC1(O)CCC(NS(=O)(=O)c2ccc(-c3ccc(Cl)c(C#N)c3)cc2)CC1;O=C(CCN1C(=O)c2ccccc2N2C(=O)c3ccccc3C12)Nc1nccs1;COC(=O)c1ccccc1SCc1c(OC)c(OC)c(OC)c2c1C(=O)OC2;[B]c1cc(C(=O)Nc2c(C)cc(C#N)cc2C(=O)NC)n(-c2ncccc2Cl)n1;O=C(Cc1cn(OC(=O)c2ccccc2)c2ccccc12)Nc1ccccc1Cl;Cc1oc(C)c2c(=O)cc(-c3ccc4c(c3)OCO4)cc(OC(=O)c3ccco3)c12;O=C(COc1ccc2c(c1)O/C(=C\c1ccco1)C2=O)c1ccc2c(c1)OCCO2;COc1ccccc1-c1coc2c3c(cc(O)c2c1=O)OC(=O)CC3c1ccco1;CCS(=O)(=O)c1ccc2oc([C@H]3CCN(Cc4cccc(Cl)c4)C3)nc2c1;O=C(CN1c2ccccc2Sc2ccccc21)NN=Cc1ccc([N+](=O)[O-])cc1;CS(=O)(=O)N1C[C@@H]2C[C@H](C1)c1ccc(/C=C/c3ccc(Cl)cc3)c(=O)n1C2;O=C1/C(=C/c2cccnc2)Oc2c1ccc1c2CN(Cc2ccccc2Cl)CO1;Cc1ccc(C2CC(=O)Oc3cc(O)c4c(=O)cc(-c5ccc(O)cc5)oc4c32)o1;O=c1c(-c2ccc(Cl)cc2)coc2c3c(ccc12)OCN(Cc1ccccn1)C3;O=C1/C(=C/c2ccccc2Cl)Oc2c1ccc1c2CN(Cc2ccccn2)CO1;O=C1/C(=C/c2ccccc2Cl)Oc2c1ccc1c2CN(Cc2ccncc2)CO1;O=c1c(-c2ccc(Cl)cc2)coc2c3c(ccc12)OCN(Cc1cccnc1)C3;O=c1oc2c3c(ccc2cc1-c1ccc(Cl)cc1)OCN(Cc1ccncc1)C3;COc1cc(O)c2c(c1O)OC(O)C(OC1OC(CO)C(O)C(O)C1O)C2=O;O=C1/C(=C/c2ccccc2Cl)Oc2c1ccc1c2CN(Cc2cccnc2)CO1;O=c1c(-c2ccc(Cl)cc2)coc2c3c(ccc12)OCN(Cc1ccncc1)C3;COc1cccc2cc(-c3cc(=O)oc4cc(OC(=O)C5CC5)ccc34)c(=O)oc12;Cc1ccc(-c2cc(=O)c3cc(NC(=O)Nc4ccc(Cl)cc4)ccc3o2)cc1;S=C(Nc1ccc(Cl)cc1)N[C@H]1CO[C@H]2[C@@H]1OC[C@H]2OCc1ccccc1
m_23ff71,Cc1cnc(C(NC(=O)N(C)C2CCC2)C2CC2)s1;C#CCN(C)Cc1nc(C2(O)CCN(C)CC2)cs1;CC(C)=CCOc1ccc(Cl)c2c1CCN(C)CC2;CSC(C)C(=O)Nc1cccnc1N1CCCCC1;CCSc1ccc(NC(=O)N2CCCCCC2)cn1;CC(NC(=O)N1CCC2(CCC2)CC1)c1nccs1;Cc1ncc(CN(C)C(=O)NC(C2CC2)C2CC2)s1;Cc1csc(C(C)NC(=O)NCC2CC=CCC2)n1;CC(C1CC1)N(C(=O)NCCc1cscn1)C1CC1;O=C(NCCSC1CCCC1)c1cc(C2CC2)[nH]n1;CC1CN(C(=O)c2[nH]nc3c2CCCC3)CC(C)S1;OCc1nnc(SCC23CCC(CC2)C3)n1C1CC1;Cc1nsc(N2CC3(CCOCC3)C3CCCC32)n1;NC(=O)NCCCC(NCC(O)C(O)CO)C(=O)O
m_254f59,Cn1cc(C(=O)NCCCN2CCc3ccccc32)cn1;Cn1cc(C(=O)NCC2CCN(c3ccccc3)C2)cn1;CCn1cc(C(=O)N2CCN(C)Cc3ccccc32)cn1;Cc1[nH]ncc1C(=O)N1Cc2ccccc2N(C)CC1C;Cn1ncc(C(=O)NCC2CCCc3ccccc32)c1N;Cc1[nH]ncc1C(=O)N1CCCC(Nc2ccccc2)C1;CC(Cn1cccn1)NCC(=O)N1CCc2ccccc21;Cn1nccc1C(=O)NCCN1CCc2ccccc2C1;COc1ccc(N2CCN(c3cccc(C)c3)CC2)nn1;Cc1cc(O)nc(N2CCN(Cc3ccccc3)CC2)n1;CCOC(=O)/C=C/C(O)/C=C\C=C\C(O)CCC(C)O;C/C1=C/[C@H]2OC(=O)[C@@H](C)[C@@H]2CC[C@@](C)(O)[C@@H](O)C[C@@H]1O;Cc1cc(C(=O)Nc2ccccc2CN2CCCC2)[nH]n1;CC1=CC(=O)CC(C)(C)C1(O)C=CC(O)COCCO;CCCCCN1CC(=O)C(c2nc3ccccc3[nH]2)=C1N;CCCC=CC=CC(CCC(=O)OC)C(CO)C(=O)O;CCc1nc(C(=O)N2CCN(CC)c3ccccc32)c[nH]1;CC(C(O)/C=C/C(C)(C)OO)C1CC=C(C(=O)O)CC1;Cc1cccnc1CCNC(=O)c1cc(C2CC2)n(C)n1;C[C@@H]1C(=O)O[C@@H]2C3[C@](C)(CC[C@@H]12)[C@@H](O)C[C@H](O)[C@]3(C)O;CC1=CC(=O)C[C@]2(C)[C@@H]1C[C@H]([C@@](C)(O)CO)[C@@H](O)[C@H]2O;COC(CC(O)CC(O)COCc1ccccc1)OC;CC1=C(C)[C@@](O)(CCCCCCCCC(=O)O)OC1=O;C=C[C@@H]1C[C@@](C)(CO)C/C1=C(\CO)[C@@H](CO)CC(=O)O;CC(C)(O)[C@@]1(O)[C@H](O)C[C@@]2(C)CC=C(C(=O)O)CC[C@@H]21
m_25a38e,COc1cccc(-c2nc(-c3cn(C)nc3C)cs2)c1OC;COc1ccc(-c2nc(-c3cnn(C)c3)sc2C)c(OC)c1;COc1ccc(OCc2nc(-c3cn(C)nc3C)cs2)cc1;COc1c(C)cccc1C(=O)NC(=S)Nc1cccc(C)n1;COc1ccc2[nH]c(SCc3ncc(C)c(O)c3C)nc2c1;COc1c(C)cnc(CSc2nc3ccc(O)cc3[nH]2)c1C;CCC(CNC1CCCS(=O)(=O)C1)c1ccc(Cl)cc1;Cc1nn(CCNC(=O)c2ccco2)c(C)c1-c1cccs1;O=C(c1ccc(NCCO)cc1)C1CC1c1ccc(Cl)cc1;CC(C)(CNC1CCCS(=O)(=O)C1)c1ccccc1Cl;Cc1cc(C(=O)NCCn2ccc(-c3cccs3)n2)c(C)o1;C[C@@H](O)c1nc(C(=O)NCCc2c[nH]c3ccccc23)cs1;COc1ccc(C(C)OC(=O)c2ccc3nncn3c2)cc1F;CNC(=O)Cc1ccc(NC(=O)c2cccnc2SC)cc1;CCC(=O)Nc1ccc(C(=O)NN=Cc2sccc2C)cc1;CN(C)C(=O)c1ccc(NC(=O)CSc2ccccn2)cc1;O=C(Cn1c(NCCCO)nc2ccccc21)c1cccs1;O=C(O)c1ccc(CN2CCC(c3ccc(Cl)cc3)C2)cc1;O=c1c2cc(-c3cccs3)nn2ccn1CC1CCCOC1;COc1cccc2[nH]cc(CCNC(=O)c3scnc3C)c12;CCn1cnc2cc(NS(=O)(=O)c3ccc(C)cc3)ccc21;CCc1nc(C(C)NC(=O)COc2ccccc2C#N)cs1;CC(C)(CNC1CCCS(=O)(=O)C1)c1cccc(Cl)c1;COc1ccc(CCNc2ncnc3sccc23)cc1OC;Cc1csc(-c2cccc(NC(=O)C3CC(=O)N(C)C3)c2)n1
m_25cfa1,COc1ncc(C)cc1NC(=O)N1CCC(OCC2CCCC2)CC1;CC(C)C1CN(C(=O)Nc2ccc(OC3CCCC3)nc2)CCCO1;COc1cccc(CNC(=O)N2CCCC2C2CC(C)CCC2O)n1;COc1ncccc1CCNC(=O)N1CCC(C2CCCCO2)CC1;CC1OCCC1CN1CCC(Oc2ccc(C(=O)N(C)C)cn2)CC1;CCOc1ncccc1CNC(=O)C1CCOC1C1CCN(C)CC1;CCOC1(C(=O)Nc2ccc(OC3CCN(C)CC3)nc2)CCCC1;COC1CC(CN(C)C(=O)c2ccc(OC3CCCC3)nc2)N(C)C1;CC(=O)c1cc(C[C@H]2CNCC[C@H]2CC(=O)NC2CCCCC2)no1;CCOC(=O)c1cnc(N2CCCCC2C2CCCCC2O)nc1C;Cn1cc(C(=O)NC2CCN(CC3(O)CCCCC3)CC2)ccc1=O;CCC1CC(NC(=O)N2CCC(Oc3ccncc3C)CC2)CCO1;CCOc1ccccc1NC(=O)N1CCC(N2CCC(OC)C2)CC1;CCOC1CC(NC(=O)CCc2nc(C3CC3)no2)C12CCCCC2;COC1(c2noc(CC3CCN(C(=O)C4CCC4)CC3)n2)CCCC1;C=C(C)C(C)(C)C(=O)N1CCC(c2nc(C)c(C(=O)OCC)[nH]2)CC1;CCOC(=O)c1[nH]c(C2CCN(C(=O)C(C)(C)C3CC3)CC2)nc1C;CN(CCc1ccccc1)C[C@@H]1OC[C@H](NC(=O)NC2CCC2)[C@H]1O;Cc1nc(C2CC2)oc1C(=O)NC1CCN(C2CCCCC2O)CC1;COC1(c2noc(CC3CCN(C(=O)C4(C)CC4)CC3)n2)CCCC1;CCC(C)c1cc(C(=O)N2CCN(C(=O)CC3CCCC3)CC2)on1;C=C(C)C(C)(C)C(=O)N1CC2C(C1)C2NC(=O)CC(=O)NCC1CC1;CC[C@H]1CN2CC[C@H]1C[C@@H]2CNC(=O)Nc1cc(OC)cc(OC)c1;CCOC1CC(N(C)C(=O)NCc2ccc(C)n(C)c2=O)C12CCC2;CCOC1CCN(C(=O)NC(C)c2ccc(NC(=O)CC)cc2)CC1
m_26bf54,CC(=O)NC(C(=O)NCc1ccccn1)C(C)C;CCC(NC(=O)c1ccccn1)(C(N)=O)C(C)C;CC(=O)NC(C(=O)Nc1cccc(C)n1)C(C)C;COCC(=O)Nc1ccc(N=C(C)N(C)C)cc1;Cn1cccc1C(=O)NCCNC(=O)C1CCC1;Cc1cc[nH]c1C(=O)NC1CCC(=O)NC1(C)C;CCCC1(C)C(=O)NCCN1C(=O)c1ccc[nH]1;CCCNC(=O)C(=O)Nc1ccc(N(C)C)cc1;CCN(CC)CCNC(=O)c1ccc(N=O)cc1;CCc1ccnc(C(=O)NCC2CNCCO2)c1;CN(C)CCNC(=O)c1cc2c([nH]c1=O)CCC2;CC(=O)NCCCCCC(=O)Nc1ccncc1;O=C(NCc1cccnc1)NC1(CO)CCCC1;CC(C)Oc1ncccc1CNC(=O)N1CCC1;CC(C)Oc1ccc(CNC(=O)N2CCC2)cn1;Cn1ccc(CNC2C(=O)NCC2(C)C)cc1=O;COC1CC(C(=O)NCc2cccnc2)N(C)C1;CC1(CO)CCCN1C(=O)NCc1cccnc1;CN(Cc1cccnc1)C(=O)NC1CCOCC1;COCC1(C(=O)Nc2cccc(C)n2)CCNC1;CCc1cccnc1C(=O)NCC1CNCCO1;CCCNC(=O)c1ccccc1NC(=O)C(C)N;CC(C)NC(=O)N(C)Cc1cccc(C(N)=O)c1;Cc1ccccc1N(CC(=O)NC(N)=O)C(C)C;Cc1cc(N2CCCC(O)(CC(N)=O)C2)ccn1
m_273696,O=C(c1ccncc1)N1CCN(C(=O)c2ccc(Cl)cn2)CC1;O=C(Nc1ncccc1Cl)C1CCCN1C(=O)c1ccccn1;NC(=O)c1ccc(NC(=O)N2CCc3cc(Cl)ccc3C2)cn1;N#Cc1ccc(Cl)c(C(=O)NCC2CCOC2c2cn[nH]c2)c1;CC(COC1CCOC1)NS(=O)(=O)c1ccc(C(=O)O)nc1;O=C(c1cc2cc(Cl)ccc2[nH]1)N1CCCCC1c1ncon1;CCCOC(=O)NCCO/C(O)=N/S(=O)(=O)c1ccccc1;Cc1ccc(CNC(=O)c2ccoc2C)c(-n2cc(Cl)cn2)n1;Cn1nc(-c2ccco2)cc1NC(=O)NCc1cccc(Cl)c1;C=C1C(=O)O[C@H]2[C@H]1[C@@H](O)C[C@](C)(O)[C@@]13O[C@@H]1[C@H](Cl)[C@](C)(O)[C@H]23;O=Cc1c(-c2ccc(O)cc2)ccc(O)c1C#Cc1ccc(O)cc1;CCOc1c(Cl)cccc1NC(=O)c1cnc2[nH]c(C)nc2c1;COc1cc2cc(OC)c3oc4ccccc4c4ccc(c1=O)c2c34;O=c1cc(-c2ccc3c(c2)OCCO3)oc2c1ccc1ccccc12;O=C(Nc1cccnc1)NC1CC(=O)N(c2ccc(Cl)cc2)C1;COc1cncc(S(=O)(=O)NCC2(C(=O)O)CCOCC2)c1;COc1cccc2c1c(O)cc1oc3c(ccc4cccc(O)c43)c12;OC1CCCC1C1COCCN1Cc1ncc(Cl)cc1Cl;Cc1nnc(N2CCN(c3nccc(C(F)(F)F)n3)CC2)s1;O=C(COc1ccc2c(c1)oc(=O)c1ccccc12)c1ccccc1;NCCCCN=C(O)C=Cc1ccc(O)c(OS(=O)(=O)O)c1;O=C(Nc1ccncc1)NC1CCN(c2ccccc2Cl)C1=O;CCc1ncc(NC(=O)C(=O)N2CCc3cc(Cl)ccc32)cn1;CC(=O)NC=C[SH](O)C1=C(C(=O)O)N2C(=O)C(C(C)O)C2C1;Cc1c(Cl)cnc(N2CCN(C(=O)c3ccco3)CC2)c1C#N
m_27df2d,CC(C)n1c(SCC(=O)N2CCCC2)nc2ccccc2c1=O;CCCCn1c(SCC(=O)NC2CC2)nc2ccccc2c1=O;Cc1c(-c2ccccc2)[nH]c(SCCCC(=O)N(C)C)nc1=O;O=C(c1ccc2c(c1)[nH]c(=O)n2C1CCCC1)N1CCSCC1;O=C(O)CCC(NC(=O)C(CO)NC(=O)C1CCCN1)C(=O)O;Cc1ccccc1-c1nnc(SCC(=O)N2CCC(C)CC2)o1;CC(O)C(NC(=O)C(CC(=O)O)NC(=O)C1CCCN1)C(=O)O;COc1ccc(-c2ncc(C(=O)N3CCC(N)CC3C)s2)cc1;CC(C)CNC(=O)C1CSCN1C(=O)c1c[nH]c2ccccc12;CCCCCC(O)C(CC=O)SCC([N+])C(=O)NCC(=O)[O-];Cc1ccccc1-c1nnc(SCC(=O)NC2CCCCC2)o1;Cc1cc(C)n(-c2ccc(C[S+]([O-])CC(=O)NC3CC3)cc2)n1;Cc1ccccc1-c1noc(CSCC(=O)N2CCCCC2)n1;O=C(O)CCC(NC(=O)C1CCCN1)C(=O)NC(CO)C(=O)O;CCc1cnc(CCNS(=O)(=O)N2CC(C)CC(C)C2)s1;CC(O)C(NC(=O)C1CCCN1)C(=O)NC(CC(=O)O)C(=O)O;O=S(=O)(Cc1cccc2cccnc12)N1CCN2CCCC2C1;Cc1nc(C2CCCN(C(=O)Cn3ccccc3=O)C2)sc1C;CC(Sc1ncc(-c2ccccc2)n1CC1CCCO1)C(N)=O;CC1CCN(S(=O)(=O)c2cnc(-c3ccccc3)nc2)C(C)C1;NC(CO)C(=O)N1CCCC1C(=O)NC(CCC(=O)O)C(=O)O;CC(=O)NC(Cc1c[nH]c2ccccc12)C(=O)N1CCSCC1;N#Cc1ccc(OCC(=O)N2CCN(C(=O)C3CC3)CC2)cc1F;CC(O)C(NC(=O)C1CCCN1C(=O)C(N)CC(=O)O)C(=O)O;CC(C)n1cnc(S(=O)(=O)N2CCSCC2C(C)(C)C)c1
m_293ec0,O=C(NCc1cc2ccccc2o1)N1CCN(c2ccc(Cl)cn2)CC1;O=C1CCc2cc(C(=O)N3CCN(c4ccc(Cl)cn4)CC3)ccc2N1;O=C(Nc1cccc(-c2n[nH]c3ccc(-c4nc[nH]n4)cc23)c1)c1ccco1;O=C(CSc1ccc2nnc(-c3cccnc3)n2n1)NCC1CCCO1;CS(=O)(=O)NC[C@@H]1O[C@@H](CC(=O)N2CCc3ccccc32)[C@H](O)[C@@H]1O;COc1ccc(-c2noc(C3CCN(c4ccc(Cl)cn4)CC3)n2)cc1;O=C(/C=C/c1ccccc1)Oc1cccc(OC(=O)/C=C/c2ccccc2)c1;O=C(C=C(C(=O)c1ccccc1)c1ccccc1)c1ccc2c(c1)OCCO2;O=C(C[C@@H]1O[C@H](CNS(=O)(=O)c2ccccc2)[C@@H](O)[C@H]1O)NC1CC1;Cc1oc(C(=O)N2CCCC(C(=O)O)C2)cc1S(=O)(=O)N1CCCC1;Cc1oc2cc(OCC(=O)c3ccccc3)ccc2c(=O)c1-c1ccccc1;Cc1c(-c2ccccc2)c(=O)oc2ccc(OCC(=O)c3ccccc3)cc12;COc1ccccc1-c1noc(C2CCN(c3ccc(Cl)cn3)CC2)n1;CC1Cc2cc(S(N)(=O)=O)ccc2N1Cc1nnnn1-c1ccccc1;O=C(/C=C\c1ccccc1O)c1cccc(C(=O)/C=C\c2ccccc2O)c1;O=c1cc(-c2ccccc2)oc2cc(OC/C=C/c3ccccc3)cc(O)c12;Cc1ccccc1C(=O)Oc1ccc2c(=O)c(-c3ccccc3)c(C)oc2c1;CC(NC(=O)C1(C(=O)O)CCOCC1)c1cccc(NS(C)(=O)=O)c1;Cc1cc(=O)oc2cc(OC(=O)C(c3ccccc3)c3ccccc3)ccc12;C=Cc1ccc(COc2cc(O)c3c(=O)cc(-c4ccccc4)oc3c2)cc1;O=C(O)CC(C(=O)O)N(C(=O)CCCCCO)C(=O)c1ccc(F)nc1;C[C@H](Oc1ccc2c(-c3ccccc3)cc(=O)oc2c1)C(=O)c1ccccc1;O=c1cc(-c2ccccc2)oc2cc(O)c(C/C=C/c3ccccc3)c(O)c12;O=C(c1ccccc1OCc1ccccc1)[C@@H]1O[C@H]1c1cc2ccccc2o1;COCC1(C(=O)O)CCCN1S(=O)(=O)c1ccc(C)c(NC(C)=O)c1
m_2a0e17,CC(C)n1nnnc1SCCOc1cccc2ccccc12;O=C(CSc1ccc(-c2ccccn2)nn1)NC1CCCC1;OC(COc1ccccc1F)Cn1nnc(-c2ccccc2)n1;COc1cccc(-c2nnn(CCOc3ccccc3F)n2)c1;CCn1c(C)nnc1SCc1nc(-c2ccccc2)oc1C;O=C(CSc1ccc(-c2ccncc2)nn1)N1CCCCC1;O=C(CSc1ccc(-c2ccccn2)nn1)N1CCCCC1;CC(=O)C=Nc1c(NCCC(O)C(O)CO)[nH]c(=O)[nH]c1=O;c1ccc2c(c1)ccc1nnc(SCCN3CCOCC3)n12;CC(=O)C=Nc1c(NCC(O)C(O)C(C)O)[nH]c(=O)[nH]c1=O;CC(=O)C=Nc1c(NCC(O)C(O)CCO)[nH]c(=O)[nH]c1=O;CCC(C)Sc1nc2n(-c3ccc(C)cc3)[nH]cc-2c(=O)n1;CCSc1nnc2c(n1)OC1(CCCC1)Nc1ccccc1-2;CC(CC(=O)Nc1ccc(F)cc1)=NNC(=O)c1ccccn1;OC[C@H](O)[C@H](O)[C@H](O)[C@H](O)[C@@H]1O[C@H](CO)[C@@H](O)[C@H](O)[C@H]1O;CSc1nnc2c(n1)OC1(CCCCC1)Nc1ccccc1-2;OC[C@@H](O)C(O[C@@H]1O[C@@H]([C@H](O)CO)[C@H](O)[C@H]1O)[C@H](O)CO;COc1ccccc1-c1nnc2n1N=CC=C(C(C)(C)C)S2;O=C(NC(c1ccccc1)c1cccc(Cl)c1)C1CCNC1;OC[C@@H](O)[C@@H](O)[C@H](CO)O[C@@H]1O[C@@H]([C@H](O)CO)[C@H](O)[C@H]1O;C[C@H](N)c1nc(C(=O)NCCc2c[nH]c3ccccc23)cs1;CCCCC(=O)NC1CCN(Cc2ccc(Cl)s2)CC1;Fc1ccc(CN2CCC(c3nc4ccccc4o3)C2)cc1F;COc1ccc(CCSc2nc3nc(C)cc(C)n3n2)cc1;OC[C@H](O)[C@H](O)[C@@H](CO)O[C@@H]1O[C@H](CO)[C@@H](O)[C@H](O)[C@H]1O
m_2aa8ea,CC(Cc1ccc(NC(=O)C2CCCN(C(=O)N3CCCC3)C2)cc1)C(=O)O;Cc1ccc(C(CNC(=O)C2CCN(C(=O)N3CCCC3)CC2)C(=O)O)cc1;Cc1ccc2c(c1)NC(=O)C[C@@H]1CCN(C(=O)N3CCOCC3)C[C@@H]1CCO2;CC(NC(=O)C1CCCC1)C(=O)Nc1ccc(CC(=O)N2CCOCC2)cc1;CCOC(=O)c1cc2cc3c(cc2n1C)N(C)C[C@@H](CC(=O)N(CC)CC)O3;NCCCCC1C(=O)N2CCCC2C(=O)N1C(CCc1ccccc1)C(=O)O;O=C(O)CCCC=CCC1C2CCC(O2)C1CNNC(=O)Nc1ccccc1;CCC(=C(c1ccccc1)c1ccc(OCC[N+](C)(C)[O-])cc1)c1ccccc1;CSCC[C@H](N)C(=O)NC[C@H]1CC[C@H](C(=O)N[C@H](C(=O)O)C(C)C)CC1;COc1ccc(CN2C(=O)CO[C@H]3CN(C4CCN(C(C)=O)CC4)C[C@H]32)cc1;CC(C)NC(=O)NC1C=CC(CC(=O)NC2Cc3ccccc3C2)OC1CO;CCNC(=O)N1CC[C@@H](CC(=O)O)[C@@H](CC2=NCCc3cc(OC)ccc32)C1;CCC(=C(c1ccccc1)c1ccc(OCCN(C)C)cc1)c1ccc(O)cc1;COCC(=O)N1CC[C@@H]2CC(=O)N([C@@H](Cc3ccccc3)C(N)=O)CC[C@H]2C1;C[C@H](NC(=O)[C@@H]1Cc2ccccc2CN1)C(=O)NC[C@H]1CC[C@H](C(=O)O)CC1;CSCC[C@H](NC(=O)[C@H]1CC[C@H](CNC(=O)[C@H](N)C(C)C)CC1)C(=O)O;COc1ccc(C(=O)N2CC[C@H]3CC(=O)N(CCNC(C)=O)CC[C@@H]3C2)cc1;COCCN1C(=O)[C@@H]2C[C@@H](CN2C2CCN(C(C)=O)CC2)Oc2ccccc21;CN(C)Cc1cc(C[C@@H]2CC[C@H](O)[C@@H](CNC(=O)Cc3ccccc3)O2)no1;CCNC(=O)N1CC[C@@H](CC(=O)O)[C@@H](CC2=NCCc3ccc(OC)cc32)C1;CC(O)C(=C(c1ccccc1)c1ccc(OCCN(C)C)cc1)c1ccccc1;COCc1cc(C[C@H]2CNCC[C@H]2CC(=O)NCc2ccccc2OC)no1;CCN1CCCC1CN1CC(C(=O)NC(Cc2ccccc2)C(=O)O)CC1=O;COCc1cc(C[C@H]2CNCC[C@H]2CC(=O)NCc2ccc(OC)cc2)no1;Cc1ccc([C@H](CC(=O)N[C@H](C)Cc2ccccc2)c2ccccc2)c(O)c1C
m_2ac2ed,CC(=O)N1CSCC1c1nc(-c2ccc(C(=O)NC3CC3)cc2)no1;CC(C)[C@@H]1NC(=O)c2ccccc2N(CC(=O)Nc2nccs2)C1=O;Cc1nc(NC(=O)CN2C(=O)[C@H](C)NC(=O)c3ccccc32)sc1C;CCc1nnc(NC(=O)c2ccc3c(c2)C(=O)N(C(C)(C)C)C3=O)s1;COc1cc(Cl)ccc1C(=O)N(Cc1cccc(C(N)=O)c1)C1CC1;COc1ccc(Cl)cc1S(=O)(=O)N1CCCCC1C1CCNC1;O=C1CC(NS(=O)(=O)c2cccnc2)C(c2cccnc2)N1C1CC1;CC(C)S(=O)(=O)n1c(N)nc2ccc(C(=NO)c3ccccc3)cc21;CC(=O)N1CC(NC(=O)c2ccc3c(c2)OCO3)CCC1C(F)(F)F;Cc1cc(C)c(CNC(=O)CCn2cnc3sccc3c2=O)c(=O)[nH]1;NC(CC(=O)Nc1ccn(C2OC(CO)C(O)C2O)c(=O)n1)C(=O)O;Cc1c(C)c2c(c(C)c1O)CCC(C)(CCC(=O)OS(=O)(=O)O)O2;O=S(=O)(NC1CCCCC1N1CCOCC1)c1ccc(Cl)cc1;O=C(Nc1nnc(C2CCCCC2)s1)NC1CCS(=O)(=O)CC1;O[C@@H]1[C@@H](n2cnc3ccccc32)[C@@H]2OCC(O2)[C@H]1NCc1nccs1;N#Cc1cccc(C(=O)N2CCOC(c3cccc(OC(F)F)c3)C2)c1;Cc1c(C)c2c(c(C)c1OS(=O)(=O)O)CCC(C)(CCC(=O)O)O2;O=C(O)[C@H](O)[C@@H](O)[C@@H](O)[C@@H](O)CO[C@H]1O[C@@H](CO)[C@H](O)[C@@H](O)[C@@H]1O;CN(C(=N)N)C(=O)C(O)(CC(=O)O)CC(=O)N1C(=O)CCC1C(=O)O;Cc1csc(CCNC(=O)C[C@H]2NC(=O)c3ccccc3NC2=O)n1;CCc1nnc(NC(=O)CN(C)Cc2ccc(C(F)(F)F)cc2)s1;CCN(C(=O)Cn1c(=O)oc2cc(Cl)ccc21)c1ccc(C)c(C)c1;Nc1c(C(=O)NC(=O)CCC(=O)O)ncn1[C@H]1O[C@H](CO)[C@@H](O)[C@@H]1O;O=C(O)CSc1nnc2c(n1)OC1(CCCCC1)Nc1ccccc1-2;CCCOn1cc(C(O)C(=O)Cc2ccncc2Cl)c2ccccc21
m_2b524a,CCn1nccc1CNCC1CCOC2(CCC2)C1;Cc1n[nH]c(C)c1CNC(=O)CC1CCCCC1C;CC(=CCO)CCC=C(C)CCC=C(C)CN=[N+]=[N-];CC(=C=CC(C)(C)/C=N/NC(N)=O)CCC=C(C)C;CC(C)(C)c1c[nH]c([C@@H]2COCCN2CC2CC2)n1;CC(C)(C)c1c[nH]c([C@@H]2COCCN2C2CCC2)n1;CCCc1nccn1CC(=O)NC1CCCCCC1;CCOC1CC(NCc2c[nH]nc2C)C12CCCC2;CC#C[C@H]1CC[C@@H](CN)N1C(=O)[C@@H](N)C1CCCC1;N#CCCCN1CCC(C(=O)N2CCCCC2)CC1;CC(C)C1CCCN(C(=O)CCc2c[nH]cn2)CC1;CCc1nn(C)cc1CNC(=O)C(C)(C)C1CCC1;Cc1n[nH]c(C(C)C)c1C(=O)N1CCCC(C)CC1;Cc1cnn(CCC(=O)NC2(C)CCCCCC2)c1;Cc1cccc(C)c1NC(=O)NCCCNC(C)C;Cc1cc(C2CCCN(CC3CCCCO3)C2)n[nH]1;Cc1n[nH]c(C(C)C)c1C(=O)N1CCCCC(C)C1;c1cnn(CC2CN(CC3CCCCC3)CCO2)c1;CCC(NC(=O)c1cnn(C)c1C)C1CCCCC1;CCCC1CCCN(C(=O)CCn2cccn2)CC1;CC(C)C1CCCN(C(=O)CCn2cccn2)CC1;CC(C)CN(CC(C)C)C(=O)NCc1cccnc1;CCCCN(C(=O)c1cnc(C)nc1C)C(C)CC;Cc1n[nH]c(C)c1NC(=O)CCCC1CCCCC1;CCC(CC)C(=O)NC1CCCCC1n1cccn1
m_2b7513,Cc1ccccc1CCC(=O)N(CCC(=O)O)CC1CCCO1;Cc1ccc(C)c(CC(=O)N(CCC(=O)O)C2CCOCC2)c1;CC(C)c1ccc(CCC(=O)N2CCOC(CC(=O)O)C2)cc1;COc1ccc(CCCCC(=O)N2CCC(C)(C(=O)O)C2)cc1;C=CCCOc1ccc(C(=O)CCNCCCCC(=O)O)cc1;COC1CC(CO)N(C(=O)COc2ccc3c(c2)CCCC3)C1;COc1ccc(CCCCC(=O)N2CCCC(C(=O)O)C2)cc1;COC(=O)[C@@H]1CCCN1C(=O)c1ccc(OCCC(C)C)cc1;Cc1ccc(CC(=O)NCC(C(=O)O)C2CCOCC2)cc1C;CC(C)(C)Cc1ccccc1C(=O)N1CCOC(C)(C(=O)O)C1;CC[C@H]1C=C(C(=O)N[C@]2(C(=O)O)C[C@H]2CC)[C@H]2CCC(=O)[C@H]2C1;O=C(O)CCCCC(=O)N1CCCC(COc2ccccc2)C1;Cc1ccc([C@H]2C[C@@H](O)[C@@H](O)[C@@H]2NC(=O)C2CCOCC2)cc1;Cc1cccc([C@H]2C[C@@H](O)[C@@H](O)[C@@H]2NC(=O)C2CCOCC2)c1;COc1ccc(CCC(=O)N2CCCCC2CCC(=O)O)cc1;CC(=C/C(=O)c1ccc[nH]1)/C=C/C(O)C(C)(O)CC/C=C(\C)O;Cc1ccccc1C(CC(=O)O)NC(=O)CCC1CCOCC1;CC(C)COc1ccc(CC(=O)N2CCC(C)(C(=O)O)C2)cc1;CC(C)(C)c1ccccc1OCC(=O)N1CCC(C(=O)O)CC1;CCCCC/C=C/C=C/C=C/C(O)=C1\C(=O)C(CO)N(C)C1=O;O=C(O)CCC1CCCCN1C(=O)COCCc1ccccc1;CC(C(=O)O)[C@H]1O[C@@H](CC(=O)c2ccc(N)cc2)[C@H](C)C[C@H]1C;COc1cc2c(c(O)c1OC)[C@@]13CC[C@@H](OC)C[C@@H]1N(CC3)C2;C/C(=C\[C@@H](C)C[C@H](C)[C@H](O)CC(=O)c1ccc(N)cc1)C(=O)O;CC1CN(C(=O)C(O)C2CCOCC2)CC(c2ccccc2)O1
m_2c1f87,Cn1nc(C2CC2)nc1Cn1cnc2c1c(=O)n(C)c(=O)n2C;Cc1nnc2n1CC(Nc1c(C#N)c(=O)n(C)c(=O)n1C)CC2;Cc1nc2n(n1)CC(Nc1c(C#N)c(=O)n(C)c(=O)n1C)CC2;O=C(NCc1n[nH]c(=O)n1C1CC1)Nc1ccc(C2CC2)nn1;COc1nc(C)cc(N(C)Cc2nnc3c(=O)n(C)ccn23)n1;COc1cc(CCC(=O)NCCc2ccc(O)cc2)ccc1O;C/C(NC(=O)c1c(C)cc(=O)oc1C)=C1/C(=O)C[C@@H]2[C@H]1C2(C)C;COc1ccc(CCNCc2cc(OC)c3c(c2)OCO3)cc1;COC1=C(O)C=CC(/C=C/C(=O)NCCc2ccc(O)cc2)C1;COc1cc(OC)cc(C(=O)NCCOc2ccccc2C)c1;COc1ccc(CCNCc2ccc(C(=O)O)cc2)cc1OC;COc1ccc(CCNC(=O)COc2ccccc2)cc1OC;O=C(O)Cc1ccc(OCCNCC(O)c2ccccc2)cc1;Oc1ccc(CC2COC(O)(Cc3ccc(O)cc3)CN2)cc1;CCOc1ccc(C(=O)NCC(O)(c2ccco2)C2CC2)cc1;CC(C)C/C=C/C=C/C(=O)Nc1cc2c(cc1O)OC(=O)CC2;COc1ccc(CC(=O)c2ccc(O)c(CN(C)C)c2O)cc1;CC1(C)CC(=O)C(=CN[C@@H](Cc2ccccc2)C(=O)O)C(=O)C1;COc1ccc(CCNCc2ccc3c(c2)OCO3)cc1OC;COc1ccc(C(O)=NCCOc2ccc(C)cc2)cc1OC;Cc1ccccc1OCC(=O)NCC(O)(c1ccco1)C1CC1;COc1ccc(CCNC(=O)OCc2ccccc2)cc1OC;CCOc1ccccc1NC(=O)Cc1ccc(OC)c(OC)c1;COc1ccccc1CC(=O)c1ccc(O)c(CN(C)C)c1O;COc1ccc(CCC(=O)Nc2cc(OC)ccc2OC)cc1
m_2c2340,Cc1cc(NC(=O)CN2CCCC(N(C)C)C2)n(C(C)(C)C)n1;CCN1CCC(N(C)C(=O)Nc2ccnn2CC(C)C)C(C)C1;CCn1nnc(C)c1CN1CCC(O)(CN2CCCCC2)CC1;CCN(C(=O)N1CCC(Cc2n[nH]c(C(C)C)n2)CC1)C(C)C;CC(C)C1CCN(C(=O)NCC(c2cnn(C)c2)N(C)C)CC1;CN(C)C(CNC(=O)NC1CCC(C)(C)CC1)c1cnn(C)c1;CCn1nc(C)c(CN2CCCC2CN2CC(C)OC(C)C2)n1;CC(C)(C)n1cc(CNC2CCN(CC3CCOC3)CC2)nn1;CC(C)(C)n1ncnc1CN1CCCC(CN2CCOCC2)C1;CC1CCN(CC(O)CN2CCCC(Cn3cncn3)C2)CC1;CCCN1CCCN(C(=O)Nc2c(C)nn(C(C)C)c2C)CC1;CC(C)c1nn(C)cc1NC(=O)NC1CCN(C(C)(C)C)CC1;CCN(CC)C1CCN(C(=O)Nc2c(C)nn(C(C)C)c2C)C1;CC(C)N1CCOC(CN2CCN(Cc3nccn3C)CC2)C1;Cc1cc(C)n(CCCNC(=O)NC2CCN(C(C)C)CC2)n1;Cc1c(CNC(=O)NC(C)CN2CC(C)CC(C)C2)cnn1C
m_2d1eba,CC1CCC(C)N1C(=O)c1csc(-c2cnccn2)n1;CC1CCN(C)c2ccccc2N1C(=O)c1csnn1;N#Cc1csc(CNc2nnc(CC3CCCC3)o2)c1;CCCCc1ccc(/N=N/c2ccc(O)cc2Cl)cc1;CCC(CC#N)NC(=O)c1noc(-c2ccc(F)cc2)n1;O=C(c1c(F)cccc1F)N(Cc1ccccn1)C1CC1;N#Cc1csc(CNc2nnc(C3CCCCC3)o2)c1;COc1ccc(CCC(OS(=O)(=O)O)C(C)C)cc1;CN1C(=O)C=NC(=C2CCCCC2)c2cc(Cl)ccc21;O=C(c1cc(F)ccc1F)N(Cc1ccccn1)C1CC1;CCc1cc2c(NCc3nocc3C)nc(C)nc2s1;Cc1ccc(CNCc2cccc(C(N)=O)c2)cc1Cl;O=C(NC1CC1)C1CCCN1c1ncnc2ccsc12;CC1CCNC(=O)C1Nc1cc(-c2cccs2)ncn1;CC(NCc1ccc(C(N)=O)cc1)c1ccccc1Cl;C[C@H](N)C(=O)OC(=O)[C@@H](N)CNC(=O)[C@@H]1O[C@H]1C(N)=O;CN1OC(c2ccc(Cl)cc2)CC1(C)c1cccnc1;CC(=NNC(=O)Cc1ccc(F)cc1)c1ccc(F)cc1;COc1ccc(C2C=C(C)N=C3N=C(SC)NN32)cc1;NC(=O)c1ccc(NC(=O)c2cc(C3CC3)[nH]n2)cc1F;CC1CN(C)c2ccccc2N(C(=O)c2csnn2)C1;CC(NCc1cccc(C(N)=O)c1)c1ccc(Cl)cc1;C=CCn1c(C)nnc1SCc1cccc(C(N)=O)c1;Cc1nnc2n1CCN(C(=O)c1sccc1C1CC1)C2;Fc1ccc(/C=C/c2nccc3c2[nH]c2ccccc23)cc1
m_2e265c,CCc1c(C(=O)NC2CCC(=O)NC2c2ccnn2C)ccn1C;CCn1cc(C2NC(=O)CCC2NCc2nc(C)ccc2O)cn1;CCc1[nH]ccc1C(=O)NC1CCC(=O)N(C)C1c1nccn1C;Cc1ccc(C(=O)NC2CCC(=O)N(C)C2c2cncn2C)n1C;COc1cccc(CNC2CCC(=O)N(C)C2c2ccnn2C)n1;Cc1[nH]ncc1C(=O)N1CC2CCCC2(c2nc(C(C)C)no2)C1;Cc1c(C(=O)NCC2CCC(c3nc(C4CC4)n[nH]3)O2)ccn1C;COCc1n[nH]c(C2CCCCN2C(=O)c2cc[nH]c2C2CC2)n1;Cn1cnnc1C1CC(O)C(CNC(=O)c2[nH]ccc2C2CC2)C1;Cc1nc(CC2CC2)oc1C(=O)N1CC(N)C(c2cncn2C)C1;CC(C)c1noc(C23CCCC2CN(C(=O)c2cnn(C)c2)C3)n1;COc1ccc(NC(=O)CN2CCCC(Cn3cncn3)C2)cc1;Cn1nccc1C1C(CNC(=O)c2ccon2)CCCN1C1CC1;Cc1ccc(C(=O)NCC2CC(c3nncn3C)CC2O)nc1C;CCOc1ccc(CN2CCC(NC(=O)c3ccnn3C)C2)cn1;COc1cnccc1C(C)NC(=O)N1CCC(n2ccnc2)CC1;CC(=O)Nc1ccc(C)c(NCC(=O)Nc2c(C)nn(C)c2C)c1;Cc1nc(C(=O)N2CC3CCCC3(c3nc(C(C)C)no3)C2)c[nH]1;Cc1ccc(C(=O)NCC2CC(c3nncn3C)CC2O)c(C)n1;CCc1cncc(C(=O)NCC2CC(c3nncn3C)CC2O)c1;Cc1ccc(O)c(CNCC2CCC(c3nc(C4CC4)n[nH]3)O2)n1;CC(=O)Nc1ccc(CCNC(=O)Nc2cnn(C(C)C)c2)cc1;CC(=O)N(C)Cc1ccccc1NCC(=O)Nc1cc(C)nn1C;Cc1ccc(CNC(=O)CN2CCOC(c3nncn3C)C2)cc1;Cc1nocc1CNC1CCC(=O)N(C2CC2)C1c1nccn1C
m_2efd6f,COc1ccc(SCc2ccc(C(N)=O)cc2)cc1;COc1cccc(SCc2cccc(C(N)=O)c2)c1;COc1cccc(SCc2ccc(C(N)=O)cc2)c1;Cc1ccc(S(=O)(=O)N2C[C@@H]2c2ccccc2)cc1;CNC(=O)c1ccc(CSc2ccccc2O)cc1;CNC(=O)c1cccc(CSc2ccccc2O)c1;COc1ccccc1C(=O)Nc1ccccc1SC;COc1ccc(NC(=O)c2ccccc2SC)cc1;O=C(O[C@@H]1O[C@H](CO)[C@@H](O)[C@H](O)[C@H]1O)c1ccc[nH]1;Cc1ccc(C(=O)Cc2ccc([S+](C)[O-])cc2)cn1;CC1(C)CC(=O)C=C(Sc2nc3ccccc3o2)C1;CCS(=O)(=O)CCNC(=O)c1cc(C)ccc1F;CCc1ccc(S(C)(=O)=O)c2c1[nH]c1ccccc12;O=S(=O)(Cc1ccccc1F)NCC1(CO)CC1;Cc1cc(F)ccc1S(=O)(=O)N1CCC(O)CC1;Cc1cc(S(=O)(=O)N(CCO)C2CC2)ccc1F;NC(=O)CS(=O)C(c1ccccc1)c1ccccc1;CN1C2CCC1CC(OC(=O)[C@@H]1CCSS1)C2;CCS(=O)(=O)C(C)C(=O)Nc1cc(F)ccc1C;CCCS(=O)(=O)CC(=O)Nc1cccc(F)c1C;COc1cc(S(=O)(=O)N2CCCCC2)ccc1F;CC(C)(CNC(=O)c1cccc(F)c1)S(C)(=O)=O;Cn1cc(NC(=O)Cn2ccc(C(F)(F)F)n2)cn1;C=C(C)CN(C)S(=O)(=O)c1ccc(F)c(OC)c1;CCCNC(=O)CCS(=O)(=O)c1ccc(F)cc1
m_2f1128,CCc1nsc(N2CCOC(c3ccc(OC(F)F)cc3)C2)n1;CN1CC(c2nc(Cc3ccc(OC(F)(F)F)cc3)no2)CC1=O;NC(CS)C(=O)NCC(=O)NC(Cc1ccc(O)cc1)C(=O)O;CC(=O)Nc1ccccc1/C=C/c1cc(C)c([N+](=O)[O-])cc1[N+](=O)[O-];NCC(=O)NC(CS)C(=O)NC(Cc1ccc(O)cc1)C(=O)O;NC(Cc1ccc(O)cc1)C(=O)NCC(=O)NC(CS)C(=O)O;O=C1N[C@H]2[C@@H](CS[C@@H]2CCCCC(=O)ON2C(=O)CCC2=O)N1;NCC(=O)NC(Cc1ccc(O)cc1)C(=O)NC(CS)C(=O)O;Cc1nc(CNC(=O)NCCOc2ccc(F)cc2F)sc1C;Cc1nc(C)c(CNC(=O)NCc2cccc(OC(F)F)c2)s1;O=C(NCc1cc2n(n1)CCCO2)c1cccc(OC(F)(F)F)c1;COCC1(C(=O)O)CCCN1C(=O)Cc1c(Cl)cccc1OC;O=C(O)CC1CN(C(=O)CCCOc2ccccc2Cl)CCO1;NC(Cc1ccc(O)cc1)C(=O)NC(CS)C(=O)NCC(=O)O;Cc1nc(NC(=O)N(CCC(F)(F)F)CC(O)CO)sc1C;N#Cc1ccccc1OCC(=O)N1CC(C(N)=O)C(C(F)(F)F)C1;CCOc1cc(Cl)ccc1C(=O)N1CCC(COC)(C(=O)O)C1;O=C(Cc1n[nH]c(=O)c2ccccc12)N1CCOC(C(F)(F)F)C1;COc1ccc(NC(=O)C(=O)N/N=C/c2ccc(C(=O)O)cc2)cc1;CC(C)(NC(=O)c1cccc(-n2nccc2C(F)(F)F)c1)C(=O)O;NC(CS)C(=O)NC(Cc1ccc(O)cc1)C(=O)NCC(=O)O;C=CCNC(=O)c1nc(COc2ccc3c(C)cc(=O)oc3c2)no1;Cc1cc(=O)c(C(=O)NCCO)nn1-c1cccc(C(F)(F)F)c1;NC(=O)C1Cc2ccccc2N1C(=O)COc1ccc([N+](=O)[O-])cc1;CC(C)COc1ccc(NC(=O)C2(C(=O)O)CCCO2)cc1Cl
m_2f9ab1,Cn1cc(Cl)cc1C(=O)NC(C)(C(=O)O)C1CC1;Cn1cc(Cl)cc1C(=O)N1CCCCC1C(=O)O;Cn1cc(Cl)cc1C(=O)NC1(C(=O)O)CCCC1;Cn1cc(Cl)cc1C(=O)N1CCCC(C(=O)O)C1;Cn1cc(Cl)cc1C(=O)N1CCC(C)(C(=O)O)C1;Cn1cc(Cl)cc1C(=O)N1CCC(C(=O)O)CC1;COC(=O)[C@H](C)NC(=O)NCc1ccccc1Cl;CC(C)[C@H](NC(=O)Nc1ccc(Cl)cc1)C(=O)O;CC(C)[C@H](NC(=O)Nc1cccc(Cl)c1)C(=O)O;O=C(NN=Cc1ccccn1)c1cccc([N+](=O)[O-])c1;Cc1cc2nc3c(=O)[nH]c(=O)nc-3n(C=O)c2cc1C;Cc1cc2nc3c(=O)[nH]c(=O)nc-3n(C)c2cc1C=O;COC1CC(CO)N(C(=O)c2ccc(Cl)cn2)C1;O=c1c2ccccc2c2nccc3c4ccccc4n1c32;CC1(C)CC(=O)C(=C2SCCCCS2)C(=O)C1;COC(=O)C1(C)CCN(C(=O)Nc2nncs2)C1;CNCCc1c[nH]c2cccc(OP(=O)(O)O)c12;COC(=O)CC1(NC(=O)Nc2nncs2)CCC1;O=C1c2ccccc2-n2ccc3nc4ccccc4c-3c21;CC(C)(C)NC(=O)Nc1ccc(Cl)c(C(=O)O)c1;NC(=O)Nc1cc(Cl)ccc1OCC1CCOC1;O=C1c2ccccc2-n2ccc3c4ccccc4nc-3c21;O=[N+]([O-])c1ccc(NCc2ccccc2)c2nonc12;CCNC(=O)CNC(=O)c1cc(Cl)c(O)cc1C;NC(=O)CC1CCN(C(=O)c2ccc(Cl)o2)CC1
m_30024e,COCc1cccc(CN2CCOCC2C2CCCC2O)c1;Cc1ccccc1CN(C)C(=O)C(C)OCC1CCCCO1;CCCC[C@@H](C=O)NC(=O)O[C@H](Cc1ccccc1)C(C)C;CCCCCC(O)C=CCNC(Cc1ccccc1)C(=O)O;COCc1cccc(C(=O)NCCOC2CCCCC2C)c1;CN1[C@H](CCCCCC(=O)O)C[C@H](O)[C@@H]1Cc1ccccc1;CC(C)CCCCCC(=O)NC(Cc1ccccc1)C(=O)O;CCOC1CC(O)(CNC(=O)C(C)c2ccccc2)C1(C)C;CC(=O)c1ccc(OCC(=O)NC(C)(C)CC(C)(C)C)cc1;Cc1ccccc1C1CN(CCC(C)(C)CC(=O)O)CCO1;CC(C)CCN[C@H]1CO[C@H]2[C@@H]1OC[C@H]2OCc1ccccc1;Cc1ccc(Cn2c3c(c(=[N])c4c2CCC4)CCCC3)c(C)c1;Cc1ccccc1C1CN(CCOC2CCCCO2)CCO1;CCCCCCCCCC(=O)Nc1ccc(C(=O)OC)cc1;COCC1CCCCN1C(=O)CC(C)c1ccccc1OC;CCC(=O)C1(c2ccccc2)CCN(CCOCCO)CC1;CCCCCCCCC(=O)NC(Cc1ccccc1)C(=O)O;COC(=O)c1ccccc1N=CCC(C)CCCC(C)(C)O;C=CCc1ccccc1OCC(O)CN1CC(C)OC(C)C1;COc1ccccc1C(C)CC(=O)NC(C)C1(OC)CCC1;CCOc1ccc(CCC(=O)NCC2CCCC(O)C2)cc1;CC(c1ccccc1)C(C)(O)C(=O)NCC1CCC(C)(C)O1;COCc1ccc(C(=O)NCCOC2CCCCC2C)cc1;CC(C)CCC(C)(O)CNC(=O)C1(O)Cc2ccccc2C1;CN(C)c1ccc([C@H]2OCC[C@]3(CCOC(C)(C)C3)O2)cc1
m_31ebaa,C#CCOc1cccc(-c2noc(C3CCCN(C(=O)C4CC4)C3)n2)c1;COc1ccc(CN2C[C@H](O)C[C@H]2c2nc(-c3ccccc3)no2)cc1;Cc1cccc(-c2noc([C@@H]3C[C@@H](O)CN3Cc3ccccc3O)n2)c1;COc1ccc(-c2noc([C@@H]3C[C@@H](O)CN3Cc3ccccc3)n2)cc1;O=C(C1CC1)N1CCC(O)(c2csc(CN3CCOCC3)n2)CC1;COc1ccc2c(c1)OCCN(C(C)c1nc(-c3ccccc3)no1)C2;Oc1ccccc1CN1C[C@H](O)C[C@H]1c1nc(Cc2ccccc2)no1;COc1ccc(NC(=O)C2CCC2)cc1OCc1cn2ccccc2n1;COc1ccc(CCNC(=O)CCc2nc3ccccc3[nH]c2=O)cc1;COc1ccccc1CCNC(=O)c1ccc2c(c1)nc(C)c(=O)n2C;COc1ccccc1-c1nnc([C@H]2CCN(Cc3ccccc3O)C2)o1;COc1cccc(CCNC(=O)Cn2c(=O)c(C)nc3ccccc32)c1;COc1cccc(CCNC(=O)c2ccc3c(c2)nc(C)c(=O)n3C)c1;CC(=O)Nc1cccc2c1ccn2CC(=O)NCCc1ccc(O)cc1;COc1ccc2[nH]c([C@H]3CCN(Cc4ccc(C(=O)O)cc4)C3)nc2c1;COc1ccc(CNC(=O)Cn2ccc3c(NC(C)=O)cccc32)cc1;COc1ccc2nc([C@H]3CCN(Cc4ccc5c(c4)OCO5)C3)[nH]c2c1;Cn1ccc(-c2noc(C3CCN(c4ccc5nncn5n4)CC3)n2)n1;O=C(CCCCCn1cnc2ccccc2c1=O)Nc1ccc(O)cc1;O=C(CCCCCn1cnc2ccccc2c1=O)Nc1cccc(O)c1;COc1ccc(CCNC(=O)c2cnn(-c3ccccc3)c2)c(OC)c1;Cc1cc(C)c(C)c(OCC(=O)NCc2nc(-c3ccccc3)no2)c1;COc1ccc(CC(=O)Nc2cccc(-c3nccn3C)c2)c(OC)c1;COc1cccc(NC(=O)N2CC[C@]3(C2)C(=O)N(C)c2ccccc23)c1;COc1ccc(NC(=O)c2cn(CC(C)C)c(=O)c3ccccc23)cn1
m_328338,CCc1nccn1S(=O)(=O)c1ccc(C)c(C)c1;N#Cc1ccc(CS(=O)(=O)NC2CCCC2)cc1;N#Cc1ccccc1CN1CCCS(=O)(=O)CC1;CC(C)(C)c1ccc(S(=O)(=O)n2ccnc2)cc1;COc1ccc(-c2nnc(SCC(C)C)o2)cc1;Cc1cc(C)c(S(=O)(=O)n2ccc(C)n2)c(C)c1;N#Cc1ccc(CN2CCCS(=O)(=O)CC2)cc1;CC(NC(=O)NCCO)c1csc2ccccc12;Cc1ccc(S(=O)(=O)CCc2cn[nH]c2)cc1C;CC(C)(C)c1ccc(S(=O)(=O)n2cccn2)cc1;O=C(CSc1ccccc1)NC1CCCNC1=O;CC(=O)/C=C/C=C/c1csc([C@@H](C)NC(C)=O)n1;CO[C@H]1COCCN(c2nc3ccccc3s2)C1;CC(=O)NC(=O)N[C@@H]1O[C@H](CO)[C@@H](O)[C@H](O)[C@H]1O;CCCNC(=O)CCn1c(=S)oc2ccccc21;CC1CCCN(S(=O)(=O)c2cccc(C#N)c2)C1;C=CCC1(C2C=CCCC2)C(=O)NC(=S)NC1=O;O=C(O)C(CCS)NCc1c[nH]c2ccccc12;CCCC(=O)Nc1nc2ccc(OCC)cc2s1;O=S1(=O)N=C(N2CCCCCC2)c2ccccc21;O=C1CCC(C(=O)N(Cc2cccs2)C2CC2)N1;CC(=O)N[C@]1(C(N)=O)O[C@H](CO)[C@@H](O)[C@H](O)[C@H]1O;C=C1[C@@H]2[C@H]3OC(=O)C(=C)[C@@H]3CCC(=C)[C@@H]2C[C@@H]1Cl;CCSc1ccccc1C(=O)N1CCNC(=O)C1;COc1ccc2sc(NC(=O)CC(C)C)nc2c1
m_347e26,CCOCC1CCN(Cc2ccc(CO)c3c2OC(F)(F)O3)C1;COc1cccc(C(=O)NC2CC(OC(C)C)C2)c1OC(F)F;COc1ccc(CNC(=O)CCSCc2ccccc2C)cc1;CCOC(=O)c1ccc(/C=N/c2ccc(-c3ccccc3)cc2)cc1;COc1cc(C(=O)N2CCC(Oc3ccccc3)CC2)ccc1F;COc1ccc2c(c1)c(C(C)=O)c(C)n2-c1cccc2ccccc12;COc1ccc(CNC(=O)CCSCc2ccc(C)cc2)cc1;COc1cccc(OC)c1C(=O)N1CCC(c2cccc(F)c2)C1;O=c1oc(-c2ccccc2)nc2c1C1(CCCC1)Cc1ccccc1-2;CC(C)S(=O)(=O)CC(=O)NC(c1cccc(F)c1)C(C)(C)C;COc1ccc(N/C=C(\C(=O)c2ccccc2)c2ccccc2)cc1;COC(C(=O)N1CCOC(c2cccc(F)c2)C1)c1ccccc1;COc1ccc(F)cc1C(=O)N1CCC(c2ccccc2OC)C1;COc1ccccc1C(=O)N1c2ccccc2CCc2ccccc21;COc1ccccc1CC(=O)N1CC(O)CC1c1ccc(F)cc1;O=C(CCOc1ccccc1)N1CC(O)CC1c1ccc(F)cc1;COc1ccc(CC(=O)N2CC(O)CC2c2ccc(F)cc2)cc1;COc1ccc(-c2[nH]c3ccccc3c2-c2ccc(OC)cc2)cc1;COc1cccc(C2CC(O)CN2C(=O)Cc2ccc(F)cc2)c1;O=C(CCOc1ccccc1)N1CC(O)CC1c1cccc(F)c1;COc1cccc(C(=O)NC2(c3ccc(F)cc3)CCOCC2)c1;COCc1cccc(C(=O)N2CC(O)CC2c2ccc(F)cc2)c1;CCc1ccccc1NC(=O)c1ccc(C(=O)c2ccccc2)cc1;COc1cccc(C2CC(O)CN2C(=O)Cc2ccccc2F)c1;C=C(OC(=O)N(C)c1ccccc1)c1cccc(-c2ccccc2)c1
m_34c00a,CC1C(=O)NCCN1S(=O)(=O)N1CCCC1c1ccco1;O=C1CCC(CNS(=O)(=O)N2CCCC2c2ccco2)N1;O=C1CCN(S(=O)(=O)N2CCCC2c2ccco2)CCN1;O=C1CCC(NS(=O)(=O)N2CCCC2c2ccco2)CN1;CS(=O)(=O)Nc1ccc(OCCNC(=O)N2CCC2)cc1;CN(C)Cc1c(O)ccc2c1O/C(=C\c1ccc(F)cc1)C2=O;CN(C)Cc1c(O)ccc2c1O/C(=C\c1ccccc1F)C2=O;O=C(O)c1cccc(CNC(=O)C2CC2c2ccc(F)cc2)c1;C/C(=N\c1cccc2ccccc12)c1cc2ccccc2oc1=O;CN(C)Cc1c(O)ccc2c1O/C(=C\c1cccc(F)c1)C2=O;COc1ccc(NC(=O)CN2CCCN(C)S2(=O)=O)cc1;C/C(=N\c1ccc2ccccc2c1)c1cc2ccccc2oc1=O;O=C(O)c1cccc(CNC(=O)C2CC2c2ccccc2F)c1;Oc1ccc(-c2c/c(=N\c3ccccc3)c3ccccc3o2)cc1;CN(C(=O)OC(C)(C)C)[C@H](Cc1ccc(Cl)cc1)C(=O)O;Cc1ccc2nc(-c3ccc(-c4ccccc4)cc3)oc(=O)c2c1;Cc1ccc(F)cc1NC(=O)C1(C)Cc2ccccc2C(=O)O1;NC(=O)CCCNC(=O)NCCS(=O)(=O)c1ccccc1;O=C(O)CCc1ccc(-c2ccc(F)cc2)n1Cc1ccco1;COc1cccc(CNC(=O)N2CCCS(=O)(=O)CC2)n1;CC1(C(=O)O)CCN(C(=O)Cc2ccccc2OC(F)F)C1;COc1cc(C(=O)O)ccc1CCNC(=O)C1(C)CC1(F)F;O=C(Nc1nnc[nH]1)c1nnn(-c2ccc(F)cc2)c1C1CC1;CCN(CCC(F)(F)F)S(=O)(=O)c1c[nH]c(C(C)C)n1;CN(C)c1ccc(S(=O)(=O)N2CCCCC2C(=O)O)cn1
m_34c315,Cc1cc(C)c(N2CCC(NC(=O)CCn3cncn3)C2=O)c(C)c1;CC1CC(NC(=O)N(C)Cc2cnn(C)c2)C(=O)N1c1ccccc1;Cc1nnc(CN2CCN(C3CCN(c4ccccc4)C3=O)CC2)o1;O=C(NCCCn1cncn1)C1CC(=O)N(CCc2ccccc2)C1;CNC(=O)Cc1ccc(NC2CCCN(c3cnn(C)c3)C2=O)cc1;Cc1cnn(CCNCC(=O)N2c3ccccc3NC(=O)CC2C)c1;O=C(CCn1cncn1)N1CCN(Cc2ccc3c(c2)CCO3)CC1;CN(C(=O)NCCc1cn[nH]c1)C1CCCN(c2ccccc2)C1=O;Cc1ccc(CN2CC(C(=O)NCCCn3cncn3)CC2=O)cc1;CC(C(=O)NCC1CCN(C(=O)c2ccccc2)CC1)n1cncn1;O=C(Nc1ccccc1)[C@H]1CN2CC[C@@H]1C[C@@H]2Cn1cc(CO)nn1;CC1CN(Cc2ccccc2)CC1C(=O)Nc1cnn(CC(N)=O)c1;CN(Cc1cccc(C(N)=O)c1)C1CCCN(c2cnn(C)c2)C1=O;CC(C)N1CC(C(=O)NCc2ccc(Cn3cncn3)cc2)CC1=O;COCc1n[nH]c(C2CCCCN2Cc2cc(C#N)ccc2OC)n1;Cn1nc(-c2cccnc2)nc1[C@H]1CC[C@@H](O)[C@H](NC(=O)C2CC2)C1;CCOC(=O)c1ccc(N2CCCN(c3ccc(C)nn3)CC2)nc1;COc1ccc(CCN=c2nc3[nH]c(C)c(C)nc-3n2C)cc1OC;COc1ccnc(N2CCN(C(=O)NC(C)c3ccccc3)CC2)n1;CC(C)N1CC(C(=O)NCc2ccccc2Cn2cncn2)CC1=O;Cn1cnnc1CC1(O)CCCN(CCOc2ccccc2C#N)C1;COc1ccc2c(c1)CCCN2C(=O)CN1CCn2c(C)nnc2C1;COC1CC(c2ncn[nH]2)N(CC(=O)N2CCc3ccccc3C2)C1;Cc1nc(CN2CCN(C3CCc4ccccc4NC3=O)CC2)no1;Cn1cnnc1CC1(O)CCCN(CCOc2ccc(C#N)cc2)C1
m_36d3ce,CS(=O)(=O)C1CCN(C(=O)c2ccc3ccccc3c2)C1;O=C(c1cccc(OCc2cccs2)c1)N1CCC(O)C1;CC(=NNC(=O)Cc1cc(=O)[nH][nH]1)c1ccc([N+](=O)[O-])cc1;N#C[C@@H]1C(O[C@@H]2O[C@H](CO)[C@H](O)[C@H](O)[C@H]2O)=C[C@H](O)[C@H]1O;N#C[C@]1(O[C@@H]2O[C@H](CO)[C@@H](O)[C@H](O)[C@H]2O)C=C[C@H](O)[C@H]1O;N#C[C@@]1(O[C@@H]2O[C@H](CO)[C@@H](O)[C@H](O)[C@H]2O)C[C@@H](O)[C@@H]2O[C@@H]21;CC(Cc1cccs1)C(=O)NC(C(=O)O)c1ccccc1;COc1ccc(F)cc1C(C)NC(=O)C(C)S(C)(=O)=O;N#C[C@@]1(O[C@H]2O[C@H](CO)[C@@H](O)[C@H](O)[C@H]2O)C[C@@H]2O[C@@H]2[C@@H]1O;COc1cc(=O)n(C)cc1O[C@@H]1O[C@H](O)[C@@H](O)[C@H](O)[C@H]1O;CC(CN(C(=O)c1cc2ccccc2s1)C1CC1)C(=O)O;Cc1ccc(CS(=O)(=O)CC(=O)Nc2ccccc2)cc1;Cc1cccc(CC(CNC(=O)c2cccs2)C(=O)O)c1;CN(CC(=O)Nc1cc(F)cc(F)c1)c1nccnc1C#N;O=C(O)CC1CCCCN1C(=O)c1cccc2ccsc12;O=C(Cc1cccs1)NCC1(O)CCOc2ccccc21;COC(=O)C(NC(=O)c1ccc(C)s1)c1ccc(C)cc1;Cc1ccc(CNC(=O)CCc2ccc(C(=O)O)cc2)s1;CCC(NC(=O)c1ccc2c(c1)OCCO2)c1cccs1;Cc1cc(C)c(C(=O)Nc2cccc(CCC(=O)O)c2)s1;Cc1cscc1C(=O)NC(c1ccccc1)C(C)C(=O)O;CC(Cc1ccsc1)NC(=O)c1ccc2c(c1)OCCO2;Cn1cc(-c2noc(C(C)(C)C(N)=O)n2)c(C(F)(F)F)n1;COC(=O)C(NC(=O)CCc1cccs1)c1ccccc1;COc1ccc(F)cc1S(=O)(=O)NCC1(O)CCCC1
m_370436,Cc1ccccc1CN(C)C(=O)Cc1c[nH]c2ccccc12;OC(CN1CCc2ccccc2C1)c1c[nH]c2ccccc12;Cc1ccc(C(=O)NCCc2c[nH]c3ccc(C)cc23)cc1;Cc1cccc(C(=O)NCCc2c[nH]c3ccc(C)cc23)c1;CCc1ccc(C(=O)NCCc2c[nH]c3ccccc23)cc1;CC(=O)NCCc1c(Cc2ccccc2)[nH]c2ccccc12;CC(C)c1ccc(NC(=O)Cc2c[nH]c3ccccc23)cc1;Cc1ccccc1CN(C)C(=O)NCC#Cc1ccccc1;C=CC=CC=CC=CC(=O)NCCc1c[nH]c2ccccc12;CC(=O)N1CC2c3ccccc3CCN2C1c1ccccc1;C=C(C)C1Cc2c(C)nn(C(=O)/C=C/c3ccccc3)c2C1;Oc1ccc2[nH]cc(CCNCC=Cc3ccccc3)c2c1;Cc1ccc(C(=O)NCCc2c(C)[nH]c3ccccc23)cc1;CC(CCc1ccccc1)NC(=O)c1c[nH]c2ccccc12;O=C(CN1CC(F)CC1CO)N1CCc2ccccc2C1;CC(C)C1CN(C(=O)C(N)Cc2ccccc2)CCS1;COc1ccc(C2NCCc3c2[nH]c2ccc(C)cc32)cc1;CCC(NC(=O)c1c[nH]c2ccccc12)c1ccc(C)cc1;Cc1nn(C(=O)/C=C/c2ccccc2)c2c1[C@H]1[C@@H](C2)C1(C)C;CCCCc1nc2ccccc2c(=O)n1-c1cccc(C)c1;CCN(CC)C(=O)N1c2ccccc2C=Cc2ccccc21;Cc1ccccc1CN1CC[C@H](c2nc3ccccc3o2)C1;CCN(Cc1ccc2[nH]ccc2c1)C(=O)c1ccccc1C;CC1(C)c2ccccc2N2CC(=O)N[C@@]21Cc1ccccc1;Cc1noc(C)c1CNc1ccccc1Cc1ccccc1
m_3883ef,Cc1nc(NC(=O)C(C)N2CCCC(Cn3cncn3)C2)sc1C;CCc1nc(NC(=O)CN2CCCC(Cn3cncn3)C2)sc1C;Cc1csc(NC(=O)CN2CCCC(Cn3nc(C)nc3C)C2)n1;CC(NC(=O)N1CCCC1Cc1ccnn1C)c1cccc(F)c1F;Cc1ncsc1CN(C)CC1CCN(C(=O)Nc2cnn(C)c2)C1;CCc1nc(C2CCN(C(=O)Nc3ncc(C(C)C)s3)CC2)n[nH]1;CCc1nc2n(n1)CC(NCc1csc(N(CC)C(C)=O)n1)CC2;O=C(C1CCN(C2CC2)CC1)N1CCN(c2ncccc2Cl)CC1;C#C/C=C/[C@@H](O)CCC/C=C\C#CC#CCCCC#CC#C[C@@H](O)CO;CCn1cnnc1C1CCN(C(=O)CCc2cccc(F)c2F)CC1;C#C/C=C\CCC[C@@H](O)/C=C\C#CC#CCCCC#CC#C[C@H](O)CO;C#C/C=C\CC(O)CC/C=C\C#CC#CCCCC#CC#CC(O)CO;CN1CC(NC(=O)C(F)(F)Cc2ccccc2)C(c2cncn2C)C1;Cc1nc(N2CCN(C(=O)NCCCn3cccn3)CC2)sc1C;CC(CNC(=O)N1CCCC1c1cnn(C)c1)c1ccc(F)cc1F;C#C/C=C\CCCC/C=C\C#CC#C[C@@H](O)CCC#CC#C[C@@H](O)CO;Cc1nc(N2CCN(C(=O)Nc3cnn(C(C)C)c3)CC2)sc1C;Cn1nccc1NC(=O)N1CCC(CCc2ccc(F)cc2F)CC1;COC(=O)/C=C/C=C/C=C/C=C/C=C/C=C/C=C/c1cccc(O)c1C;CC(CNC(=O)N1CCC(c2ccn[nH]2)CC1)c1ccc(F)cc1F;CC1CCC(C(=O)NC2CC3CN(c4ncncc4Cl)CC3C2)C1;CC(C)=CCC/C(C)=C\COc1ccc2c(c1)oc(=O)c1ccccc12;Cc1nc(N2CCN(C(=O)NCCCn3ccnc3)CC2)sc1C;Cc1cc(C(=O)NC2CCN(CC(F)F)CC2)nn1-c1ccccc1;CC(CNC(=O)N1CCC(c2c[nH]cn2)CC1)c1ccc(F)cc1F
m_38941f,Cc1ccccc1C1CC1NC(=O)c1c(C)nc(C(C)(C)C)[nH]c1=O;Cc1nc(C(C)(C)C)[nH]c(=O)c1C(=O)N1CCc2ccccc2CC1;CCc1n[nH]c(=O)c(C(=O)N(C)C2CCc3ccccc3C2)c1CC;CC1c2ccccc2CCN1C(=O)c1cn(C)nc1C1CCOCC1;O=C(CCc1nnc(C2CCCC2)o1)NC1CCCc2ccccc21;CC1(C)CN(C(=O)CCc2nnc(C3CCCC3)o2)c2ccccc21;Cc1c(C2CN(Cc3ccc(C4CC4)cc3)CC2C(=O)O)cnn1C;CC(C)(C)c1ccc(CCC(=O)N2CCc3nc[nH]c(=O)c3C2)cc1;O=C(CCc1nnc(C2CCCC2)o1)NC1(c2ccccc2)CCC1;CC(C)Cc1ccc(CCC(=O)N2CCc3nc[nH]c(=O)c3C2)cc1;Cc1cccc(C(C)NC(=O)c2c[nH]c(C(=O)N3CCCC3)c2)c1C;Cc1ccc(C)c(Cc2nc(C3CC(=O)N(CC4CCC4)C3)no2)c1;Cc1nc(C(=O)N2CCc3cc(C(C)(C)C)ccc3C2)c(=O)[nH]c1C;Cc1ccc2c(c1)CCN(C(=O)NCc1ccnc(OC(C)C)c1)C2;Cc1nc(C(=O)N2CCc3ccc(C(C)(C)C)cc3C2)c(=O)[nH]c1C;Cc1ccccc1CC(C)NC(=O)c1cncc(N2CCOCC2)c1;O=C(C1CC1)N1CCC(c2nc(CCCc3ccccc3)no2)CC1;O=C(NCCN1CCc2ccccc2C1)NC(CO)c1ccccc1;CSC1CCCC(NC(=O)N2CCC(N3CCCC3=O)CC2)C1;CC(C)c1ccc(CN2CCN(C(=O)c3cc[nH]c(=O)c3)CC2)cc1;Nc1ccccc1NC(=O)CCCCCCC(=O)Nc1ccccc1;CC(=O)NCc1ccc(C(=O)NC(c2ncccc2C)C(C)C)cc1;COc1ncccc1C(=O)NC1CCN(CCc2ccccc2)CC1;Cc1ccc(C)c(C(C)NC(=O)CNC(=O)NCc2ccccc2)c1;Cc1ccc(C(=O)NC(C)C2CN(Cc3ccccc3)CCO2)cn1
m_3a5731,O=C(O)CCN(Cc1ccccc1)C(=O)C1C2Cc3ccccc3C21;O=C(O)CCN(C(=O)C1CC1c1cccc(F)c1)C1CCOCC1;CN(Cc1ccc(C(=O)O)cc1)C(=O)C1CC12CCc1ccccc12;O=C(O)C1CN(C(=O)c2ccc3c(c2)CCC3)CC1c1ccccc1;O=C(O)CCN(CC1CCCO1)C(=O)C1CCc2cc(F)ccc21;CCC(C)C(NC(=O)C(NC(=O)C(N)CS)C(C)O)C(=O)O;O=C(O)C1CN(C(=O)c2cccc3c2CCC3)CC1c1ccccc1;C[C@@H]1c2ccccc2C(C)(C)C[C@@H]2c3cccc(C(=O)O)c3C(=O)N12;CCC(C)C(NC(=O)C(CS)NC(=O)C(N)C(C)O)C(=O)O;CCC(C)C(N)C(=O)NC(C(=O)NC(CS)C(=O)O)C(C)O;c1ccc([C@@H](CCNCc2ccc3c(c2)OCO3)c2ccco2)cc1;O=C(O)C1CCCN(C(=O)C2(c3cccc(F)c3)CCOCC2)C1;CCC(C)C(NC(=O)C(N)C(C)O)C(=O)NC(CS)C(=O)O;COc1cc(/C=C/C=C/C(C)=C/C=C/c2cccnc2)oc(=O)c1C;Cc1ccc(N2COc3c(cc4c(C)c(C)c(=O)oc4c3C)C2)cc1;COc1cc(/C=C/C(C)=C/C=C/C=C/c2cccnc2)oc(=O)c1C;CC1(C(=O)O)CCN(C(=O)C2(c3cccc(F)c3)CCOCC2)C1;Cc1ccccc1N1COc2c(cc3c(C)c(C)c(=O)oc3c2C)C1;Cc1c(C)c2cc3c(c(C)c2oc1=O)OCN(Cc1ccccc1)C3;O=C(O)CC1CN(C(=O)C2(c3cccc(F)c3)CCCC2)CCO1;CC(C)CC(NC(=O)C(NC(=O)C(N)CS)C(C)O)C(=O)O;CCC(C)C(NC(=O)C(N)CS)C(=O)NC(C(=O)O)C(C)O;Cc1cccc(N2COc3ccc4c(C)c(C)c(=O)oc4c3C2)c1C;Cc1cccc(N2COc3c(cc4c(C)c(C)c(=O)oc4c3C)C2)c1;O=C(O)C1CCN(C(=O)C2(c3cccc(F)c3)CCOCC2)CC1
m_3aa487,COc1cccc(CCC(=O)NC2CC(O)C2n2cccn2)c1F;COc1ccc(CCC(=O)NC2CC(O)C2n2cccn2)cc1F;COc1ccc(CCC(=O)N2CCc3c(O)nn(C)c3C2)cc1F;CCCn1nc(C(=O)NC(C)c2ccc(OC)c(F)c2)ccc1=O;COc1ccc(CC(=O)NC2CCOC2c2ccnn2C)cc1F;Cc1ccc(F)c(OCC(=O)NC2CCOC2c2ccnn2C)c1;COc1ccc(CN(C)C(=O)Cn2cc3c(n2)CCOC3)cc1F;O=C(NC1CC(Cn2cccn2)CC1O)c1ccc(CO)c(F)c1;COc1ccc(CN2CCN(C(=O)c3cc(C)on3)CC2)cc1F;O=C(NCCc1ccccc1F)NC1CCN(CC(F)(F)F)C1;O=C(NC[C@H]1Cn2c(-c3ccccc3)cnc2CO1)c1ccccc1;COc1ccc(F)cc1CN1CCN(C(=O)c2cc(C)no2)CC1;COc1ccc(C(=O)NCC2CCOC2c2cnn(C)c2)cc1F;O=C(NC[C@H]1Cn2cc(-c3ccccc3)nc2CO1)c1ccccc1;COc1cccc(C2(NC(=O)c3c[nH]c(C)n3)CCOCC2)c1F;CC(CC(=O)N1CCC(c2n[nH]c(=O)o2)CC1)c1ccccc1F;COCc1ccc(C2CCCN2C(=O)NCc2ncccc2F)o1;COc1ccc(F)cc1CC(=O)N1CC(OC)CC1c1ncc[nH]1;O=C(c1cc(N2CCNC2=O)ccc1F)N1CCC2OCCC2C1;O=C(Nc1ccccc1)C1CCOC1c1cnn(-c2ccccc2)c1;Cc1noc(C2C(C)OCCN2C(=O)CCc2ccc(F)cc2)n1;CCc1ccc(F)cc1C(=O)NC1COCC1Oc1cnn(C)c1;COC1CCOCC1NC(=O)Cc1ccn(-c2ccc(F)cc2)n1;O=C(/C=C/c1ccccc1)NCCNC(=O)c1c[nH]c2ccccc12;COC1CC(CO)N(C(=O)c2cnn(-c3ccccc3F)c2C)C1
m_3ae355,Cc1nc(N2CCN(c3ccncc3)C(C)C2)c(Cl)cc1C#N;CN1CCC(CNc2ncc(C#N)cc2Cl)C1c1cccnc1;CN(C)c1ccc(S(=O)(=O)N2CCCCC2CC(=O)O)cn1;Cc1ccc(N2CCCN(c3ccc(C#N)c(Cl)c3)CC2)nn1;COc1ccc(C(NC(=O)C2CCC(F)(F)CC2)C(=O)O)cc1;Cc1ccc(Cl)cc1N1CCN(c2nccn3nccc23)CC1;COCc1cc(NC(=O)C2CCC(F)(F)CC2)cc(C(=O)O)c1;CC(C)c1c(NCc2cncnc2)cnn1-c1ccccc1Cl;CSc1nc(C)cc(N(C)C2CN(c3nccnc3C#N)C2)n1;CN(C(=O)c1ccc(OCC(=O)O)cc1)C1CCC(F)(F)CC1;Cc1ccc(-c2ccc(C(=O)Nc3ccccc3)o2)c2ccccc12;CNc1ccc(S(N)(=O)=O)cc1NC(=O)CC1(OC)CCC1;CO[C@@H]1C[C@H]2C(=O)N3CC[C@H](NC(=O)CSC)[C@H]3C(=O)N2C1;c1ccc(COc2ccc3nc(Oc4ccccc4)ccc3c2)cc1;CC(C)Cn1cnc(S(=O)(=O)N2C3CCC2C(C(=O)O)C3)c1;COc1ccc(-c2c/c(=N\c3ccccc3)c3ccccc3o2)cc1;CC[C@@]12OC(=O)[C@]1([C@@H](O)[C@@H]1C=CCCC1)NC(=O)[C@@H]2CCCl;CC(Nc1ccc(CS(=O)(=O)C(C)C)cc1)C(=O)NC(N)=O;CCn1nc(C)c(S(=O)(=O)NC(COC)c2ccco2)c1C;COc1ccc(/C=C/C(=O)c2ccc3[nH]c4ccccc4c3c2)cc1;Cc1cc(Cl)ccc1-n1ncc2c(N3CCCCC3)ncnc21;CCCCNC(=O)C(CS)NC(=O)C(=NOC)c1ccco1;CCOC(=O)C1(O)CCN(C(=O)Nc2nc(C)c(C)s2)CC1;O=C(O)CCN(Cc1cccc(F)c1F)C(=O)C1CCCOC1;Cc1n[nH]c(C)c1S(=O)(=O)N1C(C(=O)O)CC2CCCCC21
m_3aecdc,COCC1(C(=O)O)CCCN1S(=O)(=O)c1cccc2c1OCCCO2;O=C(O)C1(CNS(=O)(=O)c2ccc3c(c2)OCCCO3)CCOCC1;COC(=O)CC1C=CC(NS(=O)(=O)c2ccc(OC)cc2)C(CO)O1;COC(=O)CC1CC2c3cc(NS(C)(=O)=O)ccc3OC2C(CO)O1;COc1ccc(C(F)(F)F)cc1NC(=O)N/C(=C\N(C)C)C(F)(F)F;COc1ccc(Cl)cc1-c1ccc2c(c1)C(=O)N1CC[C@H](N)[C@H]1C(=O)N2;COc1ccccc1Cc1nnc(C(=O)NCCc2ccc(Cl)cc2)o1;Cc1ccc2c(c1)N1C(=O)OC[C@@H]1CCN(C(=O)c1ccnc(Cl)c1)C2;COc1ccc(Cl)cc1-c1ccc2c(c1)C(=O)N1CCNC[C@@H]1C(=O)N2;COCc1nc2cc(NC3CCN(c4cccc(Cl)c4)C3=O)ccc2o1;COc1ccc2c(c1)nc1n2[C@@H](CNC(=O)c2ccc(Cl)cc2)COC1;COCc1nc2cc(NC3CCN(c4ccc(Cl)cc4)C3=O)ccc2o1;Cc1nc2nc(SCc3ccc(C(N)=O)cc3)nn2c(C)c1CC(=O)O;COc1ccc(C(=O)Nc2nn(-c3ccccc3Cl)cc2C)c(OC)c1;O=C(O)c1nn[nH]c1Oc1ccc(-c2ccc(C3CC(F)(F)C3)cc2)cc1;COc1ccc(C(=O)Nc2ccc(-n3nc(C)cc3Cl)cc2)cc1OC;O=C(NCC1(c2ccc(Cl)cc2)CCC1)c1cnn(CC(F)(F)F)c1;COc1ccc(NC(=O)c2cn(C)nc2-c2ccccc2Cl)cc1OC;CN(C)C(=O)OC1N=C(c2ccccc2)c2cc(Cl)ccc2N(C)C1=O;COc1ccc2cc(-c3n(C)c4ccc(S(C)(=O)=O)cc4[n+]3C)oc2c1;C[C@H](O)c1onc(-c2ccc(Cl)cc2)c1C(=O)N(C)Cc1cccnc1;O=C(c1ccc2ncn(-c3ccc(Cl)cc3)c2c1)N1CC(O)CC1CO;COc1cc(C(=O)Nc2ccn(C)n2)ccc1OCc1ccccc1Cl;O=C(Nc1ccc(Cl)cc1)N1CC2(CC(=O)N(Cc3ccccc3)O2)C1;O=C(CC[C@@H]1NC(=O)c2ccccc2NC1=O)NCc1cccc(Cl)c1
m_3ba5ce,Cc1cc(C)n(CC(=O)Nc2ccnn2C2CCCC2)n1;CCn1ccnc1CNC(=O)c1ccnn1C1CCCC1;CN(Cc1nccn1C)C(=O)c1ccn(C2CCCC2)n1;N#CCCn1ccc(NC(=O)N2CCCC2C2CCC2)n1;Cc1ccc(C(=O)NCc2nnc(C3CCC3)n2C)n1C;CC(NC(=O)c1cc2n(n1)CCC2)c1cnn(C(C)C)c1;Cc1n[nH]c(C)c1CNC(=O)c1c(C2CCC2)cnn1C;CC(C)Cc1nc(-c2cnc(C3CCCC3)nc2N)no1;COc1ccc(NC2=NC3(CCCCC3)N=C(N)N2)cc1;Cc1cc(C)nc(NC2CCOC(c3ccnn3C)C2)n1;Cc1c(CNC(=O)c2c(C3CCC3)cnn2C)cnn1C;Cc1cccc(C2CCCN2Cc2nc(N(C)C)no2)n1;CCc1nn(C)c2[nH]nc(NC(=O)C3CC4CCC3C4)c12;Cc1nn(C)cc1CNc1cccnc1N1CCOCC1;CNc1ccc(-c2noc([C@@H]3CCCN3C(C)C)n2)cn1;Cn1ccc(CNC2CCCN(c3ncc[nH]c3=O)C2)c1;Cc1cc(N2CCCC(Cc3noc(C)n3)C2)nc(C)n1;Cc1n[nH]c(C)c1CNC(=O)c1cnc(C(C)(C)C)nc1;Cc1cccnc1C(NC(=O)Nc1ccnn1C)C(C)C;O=C(Nc1cnc(C2CC2)nc1)N1CCN(C2CC2)CC1;Cc1ccnc2nc(C(=O)NCCCC3CCCC3)nn12;Cc1cnn(CC2CCCCN2C(=O)c2ccnn2C)c1;CN(C)c1cccc(CNC(=O)NCc2ccn(C)c2)n1;CC(C)n1ccc(C(=O)N(C)c2cccnc2N(C)C)n1;N#Cc1ccc(N2CCC3C2CCCN3CCO)nc1N
m_3ce578,Cc1c(C(=O)Nc2ccc(C(=O)NC3CC3)cc2)cnn1-c1ccccc1Cl;Cc1cn(-c2ccccc2Cl)nc1C(=O)Nc1ccc2c(c1)CCCC(=O)N2;Cc1cn(-c2ccccc2Cl)nc1C(=O)Nc1ccc2c(c1)CCC(=O)N2C;Cc1cc(C(=O)Nc2ccc3c(c2)C(=O)N(C)CC3)nn1-c1cccc(Cl)c1;O=C(CCc1nc2ccccc2[nH]c1=O)NCCc1c[nH]c2ccc(Cl)cc12;CCOC(=O)C(=Cc1c[nH]c2ccc(S(=O)(=O)N(C)C)cc12)C(=O)OCC;C[C@@H](O)[C@@H]1N=C(Nc2ncnc3c2ncn3[C@@H]2O[C@H](CO)[C@@H](O)[C@H]2O)OC1=O;C[C@@H]1C/C=C/CC/C=C/[C@H](O)CC(=O)Cc2c(Cl)c(O)cc(O)c2C(=O)O1;Cc1cc(NC(=O)c2cc(N3CCCC3=O)ccc2Cl)n(-c2ccccc2)n1;O=C(NC1CC(=O)N(C2CC2)C1)NC1CCN(c2ccc(F)c(Cl)c2)C1=O;COc1ccc(C(CC(=O)c2ccccc2)S(=O)(=O)c2ccc(C)cc2)cc1;COC1CNCCC1C(=O)NCc1cc(C(F)(F)F)cc(S(C)(=O)=O)c1;CN(C)c1cccc(-c2c3c(=O)n(-c4ccccc4Cl)[nH]c3cc(=O)n2C)c1;COc1cc(C(=O)NCCc2ccc(S(N)(=O)=O)cc2)cc(OC)c1OC;COc1cc2c(cc1OC)CC(=O)N(CC(=O)NC1CCS(=O)(=O)C1)C=C2;CN(C)CC1CN(C(=O)Nc2ncc(Cc3ccccc3Cl)s2)CCO1;O=c1cc(-c2ccccc2)oc2cc(OCc3cccc4ccccc34)cc(O)c12;Cn1c(=O)c2c(nc(NN=Cc3cccs3)n2Cc2ccccc2)n(C)c1=O;COC(=O)C(Cc1ccccc1)(Cc1ccccc1)S(=O)(=O)c1ccccc1;Cc1cc2c(cc1Cl)N(C(=O)Nc1ccc(Oc3cccnc3C)nc1)CC2;CC(NC(=O)c1ccn(-c2cccc(Cl)c2)n1)c1ccc2c(c1)CCC(=O)N2;CCc1nnc(NC(=O)COc2ccc(C)cc2-n2nc3ccccc3n2)s1;COc1cc(O)cc([C@H]2OC[C@@H](Cc3ccc(OC)c(O)c3)[C@]2(O)CCl)c1;O=c1[nH]c(CN2CCC(c3nc4ccccc4o3)CC2)nc2ccc(Cl)cc12;O=C(/C=C/c1ccccc1)Oc1ccc2c(c1)O/C(=C\C=C\c1ccccc1)C2=O
m_3d62dd,Cc1ccc(CNC(=O)N2CCCC2C(C)(C)O)c(N(C)C)c1;Cc1ccc(CNC(=O)N2CCC(C)(CO)CC2)c(N(C)C)c1;COC1CCCCC1NC(=O)NCc1ccc(CN(C)C)cc1;CCC1(C)CN(C(=O)NC(c2ncccc2C)C(C)C)CCO1;Cc1cccnc1C(NCC(=O)N1CC(C)OC(C)C1)C(C)C;Cc1ccc(CN2CCC(CNC(=O)NCC(C)O)CC2)cc1;CCC(NC(=O)N1CCCC1(CO)CC(C)C)c1ccncc1;CC(C)Nc1cccc(C(=O)NCCCN2CCC(O)CC2)c1;CCN(CCNC(=O)N1CC(C)C(CO)C1)c1ccccc1C;CCc1nc(C(C)C)ccc1C(=O)N(C)CCN1CCOCC1;CC(O)CN1CCN(C(=O)C2CCC(n3cccc3)CC2)CC1;Cc1cccnc1C(NC(C)C(=O)NCC1CCCO1)C(C)C;CC(C)c1nccc(C[C@@H]2[C@@H](CO)[C@H](O)C[C@H]2NC2CCC2)n1;CN(C)Cc1ccc(C(=O)N2CCN(CC(C)(C)O)CC2)cc1;CC(=O)N[C@H]1C[C@@H](Cc2cc(CN3CCCCC3)on2)C1(C)C;COC1(CNC(=O)N2CCCC2c2cccn2C)CCCCC1;CC1CN(CCN(C)C(=O)c2ccccc2N(C)C)CC(C)O1;CC(C)c1nccc(C[C@@H]2[C@@H](CO)[C@H](O)C[C@H]2NCC2CC2)n1;COCCN1CCN(CCC(=O)NC(C)c2ccccc2)CC1;CCN(CC)CC(O)CN1C[C@@H]2C[C@@H](C1)c1cccc(=O)n1C2;CC(C)CN[C@@H]1C[C@@H](O)[C@H](CO)[C@H]1Cc1ccnc(C2CC2)n1;CCN(CC(=O)NC(C)(C)C)C(=O)c1cccc(NC(C)C)c1;CN(C)CC1(CNC(=O)NC(CO)c2ccccc2)CCCC1;CCCCc1cc(C[C@H]2CNCC[C@H]2CC(=O)NC2CC2)no1;CC(C)CN1CCOC(CNC(=O)NCCc2ccccc2)C1
m_3db789,CS(=O)(=O)CCn1ccc(NC(=O)c2ccc3ccccc3c2)n1;Cc1c(C(=O)N2CCC(CN)C2)sc2nc(C(F)(F)F)ccc12;CCCS(=O)(=O)c1ccccc1C(=O)Nc1nc2ccccc2[nH]1;Cc1cc(=O)oc2c(CN(C)Cc3ccccc3)c(O)c(Cl)cc12;CS(=O)(=O)CCNC(=O)C1(c2cccc(Cl)c2)CCCCC1;O=C(NCCS(=O)(=O)Nc1ccccc1)c1cccc2cc[nH]c12;CS(=O)(=O)CCC(=O)Nc1ccc(-n2cnc3ccccc32)cc1;Cc1ccc(C(=O)NNC(=S)NC(=O)COc2ccccc2)cc1;Cc1c(C(=O)NCc2ccc(C(=O)O)o2)cnn1-c1ccc(F)cc1;CS(=O)(=O)C1CCCCC1NC(=O)CCc1ccc(Cl)cc1;O=S1(=O)CCC(N(Cc2ccccc2Cl)CC2CCCO2)C1;COc1cc(/C=C/C=C\C=C\C=C\c2[nH]ccc2Cl)oc(=O)c1C;CCCC1(C(=O)NCc2cc(Cl)cc(S(=O)(=O)CC)c2)CC1;CC(C)(C)c1noc(CN2c3cccc4cccc(c34)S2(=O)=O)n1;CNS(=O)(=O)c1cc(NC(=O)c2ccc3[nH]ccc3c2)ccc1C;O=C1NC(=O)C(Cc2ccc(OCCNc3ccccn3)cc2)S1;CCN(c1ccc(O)cc1)S(=O)(=O)c1cnn(-c2ccccc2)c1;CCCCc1noc(CN2c3cccc4cccc(c34)S2(=O)=O)n1;O=C(O)c1ccc(C(=O)N2CCC(c3ccc(Cl)cc3)CC2)cc1;Cc1ccc2c(c1)CCC2NS(=O)(=O)c1cnc2onc(C)c2c1;NC(=O)CN1CCC(c2nc3cc(C(F)(F)F)ccc3s2)CC1;O=C(O)c1ccccc1C1CCN(C(=O)c2ccc(Cl)cc2)CC1;CC(=O)Nc1nc(CNc2ccccc2CCC(F)(F)F)cs1;COc1c(C)cc(=O)oc1/C=C/C=C\C=C\C=C\c1[nH]ccc1Cl;CN(c1ccc(Oc2ccccc2)cc1)S(=O)(=O)c1cn(C)cn1
m_3dc915,COCCN1CCC(CNC(=O)N2CCCCC2c2cn[nH]c2)C1;CN1CCN(C(=O)CCN2CC(CO)C(c3cnn(C)c3)C2)CC1;CNC(=O)[C@@H](CC(C)C)N1CCC[C@H]1C(=O)NCCc1c[nH]cn1;Cc1cc(NC(=O)CN2CCCCC2CC(N)=O)n(C(C)(C)C)n1;Cc1cc(NC(=O)CNC(=O)NC2CCCCC2)n(C(C)(C)C)n1;CCCN(Cc1cnn(C)c1)C(=O)NC1CCC(C(=O)NC)CC1;COC1CCC(NC(=O)N2CCCN(Cc3cnn(C)c3)CC2)C1;CCC(NC(=O)N1CCCN(C(C)=O)CC1)c1c(C)nn(C)c1C;CN(C)C(CNC(=O)CN1CCCCCCC1=O)c1cnn(C)c1;CCCn1cc(CN2CCCN(C(=O)N3CCOCC3)CC2)cn1;CC(C)CNC(=O)N1CCCC(C(=O)N(C)CCn2cccn2)C1;CCC1(C)CN(C(=O)NC2CCCN(c3cnn(C)c3)C2)CCO1;COC[C@@H]1C[C@H](n2cc(NC(C)=O)cn2)CN1C1CCN(C)CC1;CCC(C)C(=O)NCC(=O)N1CCCC1c1nncn1CC(C)C;COC1CC(C(=O)N2CCCN(Cc3cnn(C)c3)CC2)N(C)C1;CC(C)C(=O)NC1CCN(C(=O)C(c2cncn2C)N(C)C)CC1;CCC1(C)CN(C(=O)NC2CCc3nc(C(C)C)nn3C2)CCO1;CC(C)NC(=O)[C@H]1CN2CC[C@@H]1C[C@@H]2Cn1cc(C(C)(C)O)nn1;CC(C)c1nnc2n1CCN(C(=O)NCC1CC(C)(C)CO1)C2C;CC(C)c1noc([C@@H]2C[C@H](NC(=O)NC3CCCCC3)CN2C)n1;CNC(=O)C1CCN(C(=O)NCC(C)Cn2nc(C)cc2C)CC1;Cc1nn(C)c(C)c1CC(C)NC(=O)N1CCCC(CC(N)=O)C1;C=C(C)CN1C(=O)[C@H]2[C@H](N[C@@H]3N(CC(C)C)[C@@H](C)CN32)N(C)C1=O;CN(CCN1CCOC(C)(C)C1)C(=O)C1CCc2nnn(C)c2C1;CC(C)COC(=O)N1CCN(Cc2nnc(C3CCC3)n2C)CC1
m_3f6bab,CNC(=O)CSc1nc2ccccc2c2nc3ccccc3n12;Cn1c(SCc2nc3ccccc3[nH]2)nc(=O)c2ccccc21;C[C@H](O)[C@H](O)[C@@H](O)[C@H](C=O)O[C@H]1OC(C(=O)O)=C[C@H](O)[C@H]1O;CC1(C)C(=O)/C(=C/c2ccc(Cl)cc2Cl)C2CC1C2(C)C;C[C@@H]1O[C@@H]2O[C@H]3[C@@H](O[C@@H]2[C@H](O)[C@H]1O)O[C@H](C(=O)O)[C@H](O)[C@@H]3O;Cn1cc(Cl)cc1C(=O)N1CC(O)CC1c1ccc(F)cc1;C[C@@H]1O[C@H](O)[C@@H](O[C@@H]2OC(C(=O)O)=C[C@H](O)[C@@H]2O)[C@@H](O)[C@H]1O;Cn1cc(Cl)cc1C(=O)N1CC(O)CC1c1cccc(F)c1;O=C(Cc1c[nH]c2ccc(Cl)cc12)NCC1CCSCC1;O=C(C1CCCC1)N1CCN=C1SCc1ccc(Cl)cc1;Cn1c(CSc2nc(=O)c3ccccc3[nH]2)nc2ccccc21;CCN(CC)c1c([N+](=O)[O-])cc(C(F)(F)F)c(N)c1[N+](=O)[O-];COc1ncccc1CN(C)C(=O)Cc1c(F)cccc1Cl;CC#Cc1ccc2c(=O)[nH]c(CSc3ncccn3)nc2c1C;O=C(Nc1cccs1)N1CCCC(Oc2ncc(F)cn2)C1;COc1cccc(C2CC(O)CN2c2ncc(Cl)cc2F)c1;Cc1ocnc1CNc1ncnc2sc(-c3ccccc3)cc12;Cc1nsc(N2CCN(C(=O)c3ccc(O)cc3F)CC2)n1;COc1cc2c(cc1OC)CN(c1ncc(Cl)cc1F)CC2;Cc1ccn(C(=O)c2cc3c(C)nn(-c4ccccc4)c3s2)n1;Nc1c(C(=O)N2CCc3c(F)ccc(F)c3C2)[nH]c(=O)[nH]c1=O;N#CCSc1nnc(COc2ccccc2)n1-c1ccccc1;CCn1ncc(C#N)c1NS(=O)(=O)Cc1ccc(C)c(F)c1;O=C1CCCN1c1cccc(-c2csc(-c3cnccn3)n2)c1;COc1ccc(-c2nn3cnc4cc(F)ccc4c3nc2=O)cc1
m_3f8028,CN(C)C(=O)c1ccc(NCc2ccncc2)cc1;CCNC(=O)c1ccc(NCc2ccncc2)cc1;CNC(=O)c1ccc(C)c(NCc2ccncc2)c1;CCC(=O)Nc1c2c(nc3ccccc13)N(C)CC2;CNCC(=O)Nc1c2c(nc3ccccc13)CCC2;Cc1cccnc1NC(=O)c1cccc(N(C)C)c1;O=C(c1cccc2cnccc12)N1CCCNCC1;CCN(C)c1ccc(C(=O)Nc2cccnc2)cc1;CC1CN(C(=O)c2cccc3ncccc23)CCN1;CCn1c(=O)c2c(c3ccccc31)NCCN=C2C;CCC(CC#N)NC(=O)c1ccc2cc(C)cn2c1;CCCc1nc(N)c(C#N)c(-c2ccco2)c1CC;COc1ccc2c(c1)c1c3n2CCN(C)C3=NCC1;Cc1ccc(C=NNC(=O)Cc2cccn2C)cc1;O=C(NC1CCNCC1)c1cccc2cccnc12;CCn1cc(CC(=O)N2CCc3ccccc32)cn1;CC(CN(C)C)C(C)(O)Cc1ccc(Cl)cc1;CC1=NC[C@@H](C)Nc2c1c(=O)n(C)c1ccccc21;O=C(Nc1ccn(-c2ccccc2)n1)C1CCCC1;CCN(C(=O)c1ccc(C)nc1)c1cccnc1C;Cc1ccccc1NC(=O)Cn1ccnc1C1CC1;CN1CCN(C(=O)c2ccnc3ccccc23)CC1;O=C(Nc1cccc2ccccc12)NC1CCNC1;Cn1cncc1CCNC(=O)/C=C/c1ccccc1;Cc1cncc(C(=O)N(c2cccnc2)C(C)C)c1
m_3ff7be,Cc1ccc2c(c1)OC(C)CN2C(=O)Cc1c(C)nn(C(F)F)c1C;Cc1nn(C(F)F)c(C)c1CC(=O)N1Cc2ccccc2OCC1C;Cc1ccc2c(c1)C(NC(=O)c1nn(CC(C)C)cc1C(F)F)CO2;O=C(C[C@@H]1O[C@H](CNC(=O)Nc2ccccc2)[C@@H](O)[C@H]1O)NC1CC1;CC(C)Cn1ncc(C(=O)NC2CCOc3ccccc32)c1C(F)F;O=C(C[C@H]1O[C@H](CNC(=O)C2CC2)[C@@H](O)[C@H]1O)NCc1cccnc1;O=C(CCc1ccccc1)NCc1nc(C2CCC(F)(F)CC2)no1;CCC1(CNC(=O)c2cnn(C)c2C(F)F)OCCc2ccccc21;Cc1c(C2OCCC2C(=O)NCCc2ccc(F)c(F)c2)cnn1C;N[C@@H]1[C@H](O)[C@@H](O)[C@@H](CO)O[C@H]1/N=C1/N[C@@H]([C@H](N)CO)[C@H](C(=O)O)N1;NC(CO)C(=O)NC(Cc1ccccc1)C(=O)N1CCCC1C(=O)O;COc1ccc(NC(=O)C2CCN(CC(F)F)CC2)c2cccnc12;NC(Cc1ccccc1)C(=O)NC(CO)C(=O)N1CCCC1C(=O)O;NC(CO)C(=O)N1CCCC1C(=O)NC(Cc1ccccc1)C(=O)O;CC(NC(=O)C(N)Cc1ccc(O)cc1)C(=O)N1CCCC1C(=O)O;CC(NC(=O)C(Cc1ccc(O)cc1)NC(=O)C1CCCN1)C(=O)O;CC(NC(=O)C1CCCN1)C(=O)NC(Cc1ccc(O)cc1)C(=O)O;CC(=O)Nc1ccc([C@H]2OCC(=O)N(CC(=O)N(C)C)[C@@H]2CO)cc1;NC(Cc1ccccc1)C(=O)N1CCCC1C(=O)NC(CO)C(=O)O;CC(N)C(=O)N1CCCC1C(=O)NC(Cc1ccc(O)cc1)C(=O)O;O=C(NCCC1CCC(F)(F)CC1)c1cccc(-n2cc[nH]c2=O)c1;NC(N)=NC[C@@H](O)C[C@H](NCCN[C@H](CC(=O)O)C(=O)O)C(=O)O;CC(NC(=O)C1CCCN1C(=O)C(N)Cc1ccc(O)cc1)C(=O)O;Cc1cc(C)n(Cc2ccc(C(=O)N3CC(F)(F)CC3CO)cc2)n1;COc1ccc(CCN2C(=O)N[C@@H](CCC(=O)NCCO)C2=O)cc1
m_402004,COCc1nc(C)cc(N2CCCC(O)(Cc3nc(C)no3)C2)n1;Cc1noc(CC2(O)CCCN(c3cc(OC(C)C)ncn3)C2)n1;Cc1noc(CC2(O)CCCN(C(=O)c3ccnn3C(C)C)C2)n1;COCc1cc(N2CC(N3CC(C(=O)N(C)C)CC3=O)C2)ncn1;Cc1ccc(NC(=O)C2CCN(CCC(=O)NC(N)=O)CC2)nc1;NNC(=O)[C@H](Cc1ccccc1)NC(=O)N1CCC(C(N)=O)CC1;CC(=O)N1CC(C(=O)N2CCOC(c3ccnc(N(C)C)n3)C2)C1;COCc1cn(C[C@H]2C[C@@H](NCc3cccnc3)[C@H](O)[C@@H]2O)nn1;Cc1noc(C)c1CN[C@@H]1[C@@H](O)CO[C@@H]1Cn1cc(C2CC2)nn1;Cc1noc(C2C(C)OCCN2Cc2nc(C3CCCC3)no2)n1;Cn1cccc1C(=O)N1CCN[C@H](C(=O)N[C@@H]2CCCNC2=O)C1;COC1CC(c2nc(C)no2)N(C(=O)c2cc(C(C)(C)C)n[nH]2)C1;CCc1noc(CN2CCC(OC)(c3nc(C4CC4)no3)CC2)n1;CCC(C)C(NC(N)=O)C(=O)Nc1ccc(NC(=O)C2CC2)nc1;Cc1n[nH]cc1CNC(=O)NCC1CCN(CC(F)(F)F)CC1;COC1CC(c2nc(C)no2)N(C(=O)c2cc(CC(C)C)n[nH]2)C1;Cc1ccc(NC(=O)CCNC(=O)N2CCC(C(N)=O)CC2)nc1;CCCCn1ncc(C(=O)N2CCOCC2c2nnc(C)o2)c1C;CCc1cc(=O)n(CC(=O)NCCOC)c(-n2nc(C)cc2C)n1;CCN1CN(C(=O)C2CCC(=O)N(C)C2c2ccnn2C)CC1=O;Cc1nc(C2(NCc3cc(=O)n(C)c(=O)n3C)CCCCC2)no1;Cc1noc(C2CN(C(=O)CCc3cnn(C)c3C)CC(C)O2)n1;CCn1nc(C)c(CC(=O)NC2COCC2Oc2cn[nH]c2)c1C;Cc1cc(C)n([C@H]2[C@@H]3OCC(O3)[C@@H](NCc3cnn(C)c3)[C@@H]2O)n1;Cc1noc(C)c1C(=O)NCC1OCCN(C)C1c1ccnn1C
m_417c79,O=C(Nc1ccc(Cl)cc1)N1CCCC(C(=O)N2CCOCC2)C1;CCN1OC2(CCN(C(=O)Nc3ccc(Cl)c(C)c3)CC2)CC1=O;CCN1OC2(CCN(C(=O)Nc3ccc(C)c(Cl)c3)CC2)CC1=O;CC(C)C(=O)N1CCCC(C(=O)Nc2ccc(Cl)c(C(N)=O)c2)C1;NC(=O)C1CN(C(=O)NCC2(c3ccc(Cl)cc3)CCC2)CCO1;Cc1c(Cl)cncc1C(=O)N1CCC(C2CCC(C(N)=O)O2)CC1;O=C(CN1CCN(C(C(=O)O)C2CC2)CC1)Nc1ccccc1Cl;COc1cccc(Cl)c1CNC(=O)C1CC(=O)N(C2CN(C)C2)C1;COCC(O)CNC(=O)Cc1c(C)nn(-c2ccc(Cl)cc2)c1C;NC(=O)C1CCOC1CC1CCN(C(=O)c2ncccc2Cl)CC1;O=C(Nc1ccc(OC2CCC2)c(F)c1)c1cnn(-c2ccccc2)c1;COC(=O)c1cc(OC)c(OC)cc1NC(=O)[C@@H]1[C@H](C(=O)O)C1(C)C;NC(=O)C1CCOC1CC1CCN(C(=O)c2ccc(Cl)cn2)CC1;Cc1nc([C@H]2CC[C@@H](O)[C@H](NS(=O)(=O)c3cccnc3)C2)n(C)n1;CC(C)(C)C(=O)N1CCCC1C(=O)Nc1ccc(C(N)=O)c(Cl)c1;Cc1nc([C@H]2CC[C@@H](O)[C@H](NS(C)(=O)=O)C2)n(-c2cccnc2)n1;COc1cc2ccncc2c(O[C@@H]2O[C@H](CO)[C@@H](O)[C@H](O)[C@H]2O)c1C;C=CC(=O)N1CCC(Oc2nc(-c3n[nH]c(=O)[nH]3)cc3ccccc23)C1;COC1=CC(=CNNc2nncc(-c3ccc(OC)cc3)n2)C=CC1=O;Cn1nc(-c2cccnc2)nc1[C@H]1CC[C@@H](O)[C@H](NS(C)(=O)=O)C1;CN(C)C(=O)c1cc(NC(=O)CCCNC(=O)C2CC2)ccc1Cl;COc1ccc(/C=C/C(=O)Nc2ccc(-n3cnnn3)cc2)cc1OC;CC(=O)N(C)CC(=O)N1CCCN(C(=O)c2ccc(Cl)cc2)CC1;CC(C)n1nnnc1-c1ccccc1NC(=O)c1ccc2c(c1)OCO2;COc1ccc2c(c1OC)N=C(NC(=O)c1cccnc1)N1CCN=C21
m_43683b,CCn1nncc1C(=O)NCC1(O)Cc2ccccc2C1;Cc1ccc(C)c(C(=O)N2CC(n3cc(CO)nn3)C2)c1;CCn1cc(C(=O)Nc2c(OC)ccc3c2CCC3)nn1;O=C1CCCn2cc(nn2)COCC(c2ccccc2)N1;O=C1CCCc2cnnn2COCC(c2ccccc2)N1;COc1ccccc1CC1CCCN1C(=O)c1c[nH]nn1;Cc1ccc(C(=O)N2CCC(c3nnc[nH]3)C2)c(O)c1C;Cc1ccc2c(c1)CCC(C(=O)NCc1cnn(C)n1)O2;CCn1cc(CN2CCc3ccccc3C2C(=O)O)nn1;Cc1nc(CNC(=O)NC2Cc3ccccc3C2C)no1;CCc1cnccc1C(=O)N1CCC(c2nc(C)no2)C1;COc1ccc2c(c1)CCCCN2C(=O)c1cn(C)nn1;CN(Cc1nnc[nH]1)C(=O)C1(O)CCc2ccccc2C1;Cn1cc(CN2CCc3ccccc3C2CC(=O)O)nn1;Cc1c(C(=O)N2CC(C)(C)Oc3ccccc32)nnn1C;CCn1cc(NC(=O)NC2CCOc3ccccc32)cn1;CCOC(=O)CNc1ccc(-c2nc(C3CC3)n[nH]2)cc1;CCn1ncnc1CN1Cc2ccccc2C(C(=O)O)C1;CCN1CC(c2nc(Cc3ccc(C)nc3)no2)CC1=O;Cc1nnc(-c2c[nH]c(=O)[nH]c2=O)cc1C1CC1C(C)C;COc1ccc(C)cc1CCNC(=O)c1nccnc1N;COc1cccc2c1CCC2(N)C(=O)Nc1ccn(C)n1;C[C@@H]1C[C@H](O)[C@@H](O)CCC(=O)O[C@H](C)C/C=C/C(=O)O1;C[C@H]1CCC/C=C\[C@H](O)[C@@H](O)[C@H](O)[C@H](O)/C=C/C(=O)O1;Cc1nc(C2CCN(C(=O)c3ccc(C)c(O)c3)C2)n[nH]1
m_436a8d,Cn1cc(C(=O)N2CCC(CCO)C2)c(-c2ccccc2Cl)n1;COCC(NC(=O)c1cn(C)nc1-c1ccccc1Cl)C1CC1;COC(=O)C1CCN(Cc2cn(C)nc2-c2ccccc2Cl)C1;Cc1cc(C(=O)NCC2(C)CCOC2)nn1-c1cccc(Cl)c1;Cn1cc(CN2CCCC2CC(=O)O)c(-c2ccccc2Cl)n1;Cc1cc(C(=O)N2CC(O)CCC2C)nn1-c1cccc(Cl)c1;Cc1c(C(=O)NCC2CCCOC2)cnn1-c1cccc(Cl)c1;NCC1(NC(=O)COc2ccc(Cl)c3cccnc23)CCCC1;Cc1cc(C(=O)N2CCCC2(C)CO)nn1-c1ccccc1Cl;COCC(NC(=O)c1cc(C)n(-c2ccc(Cl)cc2)n1)C1CC1;Cc1cn(-c2ccccc2Cl)nc1C(=O)N1CCOCCC1C;Cc1nn(-c2ccc(Cl)cc2)cc1C(=O)NC1(C)CCOCC1;COc1ccccc1-n1nnnc1SCC(=O)NC1CCCC1;CC(O)C1CCN(C(=O)c2cc(-c3ccccc3Cl)[nH]n2)CC1;CNCC1CCN(C(=O)c2conc2-c2ccc(Cl)cc2)CC1;Cc1c(C(=O)NC2(C)CCOCC2)cnn1-c1ccccc1Cl;CNCC1CCCN(C(=O)c2conc2-c2ccc(Cl)cc2)C1;CC(N)C1CCCN(C(=O)c2conc2-c2ccc(Cl)cc2)C1;CNC(=O)C1CCCN(Cc2ncc(-c3cccc(Cl)c3)o2)C1;Clc1ccc(-c2nnc([C@H]3CCN(C4CCOCC4)C3)o2)cc1;CNC(=O)C1CCCN(Cc2ncc(-c3ccccc3Cl)o2)C1;NC(=O)CC1CCN(Cc2ncc(-c3ccccc3Cl)o2)CC1;CNC(=O)C1CCCN(C(=O)Cc2c[nH]c3cc(Cl)ccc23)C1;CN(CC1(CO)CC1)c1cncc(OCc2cccc(Cl)c2)n1;Cc1c(C(=O)N2CCC(Oc3ccccc3Cl)CC2)cnn1C
m_436c77,CCC1CN(C)CCCN1C(=O)C1CC(=O)N(C2CCCCCC2)C1;CC(C)(C)CN[C@H]1C[C@@H](Cc2cc(CN3CCOCC3)on2)C1(C)C;CCCCCCN[C@@H]1C[C@@H](O)[C@H](CO)[C@H]1Cc1ccnc(C(C)C)n1;CC(C)c1nccc(C[C@@H]2[C@@H](CO)[C@H](O)C[C@H]2NCCC(C)(C)C)n1;NC1CCCCCCC1C(=O)N1CCC(CC(=O)N2CCCC2)CC1;CN1CCC(C(=O)NC2CCCCC2NC(=O)C2CCCCC2)CC1;CC(C)CCN[C@@H]1C[C@@H](O)[C@H](CO)[C@H]1Cc1ccnc(C(C)(C)C)n1;CC1CN(C(=O)CC2CCCCC2)CC1CNCC(=O)NCC1CC1;CC(=O)N1CCC(CC(=O)N2CCCCC2CCN2CCCC2)CC1;CCCc1nnc(C[C@@H]2C[C@@H](C(C)C)[C@H](CN(C)CCO)C=C2C)o1;CC(=O)NC[C@@H]1C=C(C)[C@H](CC(=O)N2CCN(C)CC2)C[C@H]1C(C)C;CCNC(=O)NC[C@@H]1C=C(C)[C@H](CC(=O)N2CCCC2)C[C@H]1C(C)C;COCCC1(C(=O)N2CCN(C3CC4CCC(C3)N4C)CC2)CCC1;CC(C)(C)CN[C@@H]1C[C@@H](O)[C@H](CO)[C@H]1Cc1ccnc(C(C)(C)C)n1;CCCCCCCCCCC=CCNC(Cc1cncn1C)C(=O)O;O=C(NCC1(N2CCCCC2)CCCCC1)N1C2CCC1CC(O)C2;C=C(C)[C@H]1C[C@H]2CC[C@@H]1[C@H]1[C@H](CC[C@@]1(O)CCNC(=N)NC)[C@]2(C)O;CCCCCCCCCCCCCCCCNCCP(=O)(O)O
m_43e809,Cc1nc(S(=O)(=O)NC2CCCOC2c2cnn(C)c2)cn1C;CCn1cc(C2OCCC2NS(=O)(=O)c2cn(C)c(C)n2)cn1;CCn1cc(S(=O)(=O)NC2CCOC2c2cnn(C)c2C)cn1;COC1CC(c2nc(C)c(C)[nH]2)N(S(=O)(=O)c2cn(C)cn2)C1;C#CCNC(=O)CN1CCN(S(=O)(=O)c2cnn(CC)c2)CC1;COC1CC(c2nc(C)c(C)[nH]2)N(S(=O)(=O)c2ccnn2C)C1;CC(C)(CNC(=O)C(=O)Nc1ccc(C#N)cc1)c1ccc(F)cc1;COC1CC(c2nc(C)c(C)[nH]2)N(S(=O)(=O)c2cnn(C)c2)C1;COC1CC(c2ncc[nH]2)N(S(=O)(=O)c2cn(C(C)C)cn2)C1;Cc1ccc2oc(C(=O)Nc3c(F)cccc3N3CCCC3)cc2n1;CC(C)(NC(=O)CNC(=O)c1ccc(C#N)cc1)c1ccc(F)cc1;COc1c(C)cnc(Cn2nnc(C(C)(C)S(C)(=O)=O)n2)c1C;Cc1ccc2oc(C(=O)N3CCNCC3c3cccc(F)c3)cc2n1;CC(C)N(C(=O)Cc1coc(-c2ccc(F)cc2)n1)c1cccnc1;CNC(=O)Cc1ccccc1NC(=O)Cc1c[nH]c2cc(F)ccc12;Cn1cc(-c2cccs2)nc1CCNC(=O)CCc1ccccc1;COc1cccn2ncc(C(=O)NCC3(O)CCC(F)(F)CC3)c12;COc1ccc(C(C)NC(=O)c2ccn(-c3ccccc3)n2)cc1F;CN(C)C1C2CN(C(=O)c3cc4n(n3)CCN(C)S4(=O)=O)CC21;CCN(C(=O)c1n[nH]c2ccccc2c1=O)C(C)c1ccc(F)cc1;Cc1cc(CCC(=O)NCc2nccnc2-c2ccoc2)ccc1F;Cn1cc(-c2cc(CN3CCCN(S(C)(=O)=O)CC3)on2)cn1;COC1CC(c2ncc[nH]2)N(S(=O)(=O)c2cnn(C(C)C)c2)C1;CC1CN(Cc2cc(-c3cnn(C)c3)no2)CCN1S(C)(=O)=O;CNC(=O)Cn1ccc2ccc(NC(=O)c3cc(C)ccc3F)cc21
m_444a56,CCN(C)S(=O)(=O)NCC1(Cc2ccccc2)CCC1;CCN(CC)S(=O)(=O)N1CCC(c2ccccc2)CC1;C=CCCCCC[C@H](Cl)[C@H](O)[C@H](O)C#CC#CCCC;C=C[C@H](O)C#CC#CC[C@H](O)[C@H](Cl)CCCCCCC;CC(C)C(NCCc1ccc(S(N)(=O)=O)cc1)C1CC1;CCS(=O)(=O)NC1CCN(Cc2ccccc2C)CC1;CC(C)(C)c1ccccc1S(=O)(=O)N1CCC(N)CC1;C#C/C=C/CC(OC(C)=O)C(Cl)C/C=C\CCCCC;CCNS(=O)(=O)C1CCN(Cc2cccc(C)c2C)C1;Cc1cccc(CN2CCC(NS(C)(=O)=O)CC2)c1C;NCCCC(NCC(O)C(O)C(O)C(O)CO)C(=O)O;CNCC1CCN(S(=O)(=O)c2ccc(C)cc2C)CC1;NC(CCC(O)CNCC(O)C(O)C(O)CO)C(=O)O;CC(CNS(=O)(=O)C(C)C)N1CCc2ccccc2C1;CCS(=O)(=O)NCC(C)(C)N1CCc2ccccc2C1;CCCS(=O)(=O)NCC(C)N1CCc2ccccc2C1;CC1CCN(Cc2ccccc2CNS(C)(=O)=O)CC1;CSC(CO)C(C)NC(=O)c1cc(C)n(C2CC2)c1C;Cc1ccc(NC2CCCCCC2)cc1NS(C)(=O)=O;CCC1CN(C)c2ccccc2CN1CCS(C)(=O)=O;CC(C)c1ccccc1S(=O)(=O)N(C)C1CCNCC1;CC(C)(C)c1csc(CCNC(=O)C2CCOCC2)n1;CC(CNC(=O)NC1CCC(O)CC1)Cc1cccs1;O=C1CC(C(=O)N2CCSC3(CCCCC3)C2)CCN1;CC(CNC(=O)NC1CCCCC1O)Cc1cccs1
m_44cb82,O=C(NC(Cc1ccccc1)C1CC1)N1CCN(C(=O)C2CC2)CC1;O=C(NCC1CC(=O)N(C2CC2)C1)N1CCC(Cc2ccccc2)C1;O=C(NCc1ccc2c(c1)CCC2)N1CCN(C(=O)C2CCC2)CC1;O=C(NC(c1ccccc1)C1CC1)N1CCCN(C(=O)C2CC2)CC1;CC1(CNC(=O)N2CC(NC(=O)C3CCC3)C2)Cc2ccccc2C1;O=C(CN1CCN(C(=O)C2CC2)CC1)NCC1(c2ccccc2)CC1;CC1(CNC(=O)N2CC(=O)NC3CCCCC32)Cc2ccccc2C1;Cc1cc(C)cc(C2(C(=O)N3CCCC(N4CCNC4=O)C3)CC2)c1;CN(C)C(=O)CC1CCN(C(=O)NC2C3Cc4ccccc4C32)CC1;O=C(NC1CC1)C1CCCN1C(=O)NCCC1Cc2ccccc2C1;CN(C(=O)CCc1nc(C(C)(C)C)no1)C1CCc2ccccc2C1;CC1Cc2ccccc2C1NC(=O)N1CCN(C(=O)C2CCC2)CC1;Cc1cccc(C2(C(=O)N3CCCC(N4CCNC4=O)C3)CCC2)c1;O=C(NCCC1Cc2ccccc2C1)NCC1CC(=O)N(C2CC2)C1;O=C(NCC(=O)N1CCC=C(c2ccccc2)C1)NC1CCCCC1;Cc1ccccc1C1(C(=O)N2CCCC(N3CCNC3=O)C2)CCC1;O=C(CN1CCN(C(=O)Cc2ccc3c(c2)CCC3)CC1)NC1CC1;CC=Cc1ccc(C2C3CN(C(=O)CN4CCOCC4)CC2N3)cc1;CC(=O)N1CCCN(C(=O)NCC2CC23CCc2ccccc23)CC1;CN(Cc1ccccc1)Cc1cc(CC2(NCC3CC3)COC2)no1;CN(Cc1ccccc1)Cc1cc(CC2(NC3CCC3)COC2)no1;CCN(C(=O)CNC(=O)CC1CCCC1)C(C)c1ccc(C#N)cc1;Cc1noc(CCCC(=O)NC(Cc2ccccc2)C2CCCC2)n1;CN(CCc1ccccc1)C[C@@H]1OC[C@H](NCc2ccccn2)[C@H]1O;CN(C)C1(C(=O)N2CCN(C(=O)C3CC3)CC2)CCc2ccccc21
m_451ad6,CCCCC(CC)C(=O)N(C)Cc1nnc2n1CCNC2=O;COC1CC(C(=O)NCc2nnc3n2CCCCC3)N(C)C1;CNC(=O)CC(C)NC(=O)c1nnn(CC2CCCC2)c1C;CN1CCC2OCCN(C(=O)c3ncn(C(C)(C)C)n3)C2C1;CCn1nc(C)c(CNC(=O)C(CC2CCC2)NC(C)=O)n1;CCC(NC(=O)CC(C)NC(=O)C1CCCC1)c1nnc[nH]1;CCN1C(=O)CC[C@H]1c1nc(CNC2CCN(C)CC2)no1;CC(=O)N(C)Cc1cn(CC(=O)NC2CCC(C)CC2)nn1;O=C(c1nc(=O)[nH][nH]1)N1CCCN(CC2CCCCC2)CC1;COc1nn(C)cc1NC(=O)NCC1CCCCN1C1CC1;CC1(O)CCCN(C(=O)NCc2nnc3n2CCCCC3)C1;CCc1nc(CNC(=O)N2CC(COC)(C3CCC3)C2)n[nH]1;CCc1nn(C)cc1NC(=O)C1CCN(C(=O)N(C)C)CC1;CCCC(=O)N1CCCN(C(=O)Nc2cc(C)nn2C)CC1;CCN(CC)C(=O)C1CCCN1C(=O)Nc1cc(C)nn1C;COC1CCN(C2CCCC2N(C)C(=O)c2cnn(C)n2)C1;CC(C)n1nccc1NC(=O)CNC(=O)NC1CCCCC1;Cc1cc(NC(=O)NC(C(=O)N2CCCC2)C(C)C)n(C)n1;COC1CCN(C2CCCC2NC(=O)c2nnn(C)c2C)C1;CN(C)C(CNC(=O)CN1CCCCC1=O)c1cnn(C)c1;CC(C)C(C)NC(=O)C1CCN(C(=O)Nc2cn[nH]c2)CC1;Cc1[nH]ncc1CCCNC(=O)N1CCC(CC(N)=O)CC1;CCn1ncc(CNC(=O)N2CC(C)(C)C2C2CCCO2)n1;CCC1CN(C(=O)CCn2ccnn2)CC1N1CCOCC1;CCn1nc(C)c(CNC(=O)N2CCCC2C2CCCO2)n1
m_45d613,CCNC(=O)C1CCCN(c2ccc(C#N)cc2C(F)(F)F)C1;CCNC(=O)C1CCCN(c2ccc(C(F)(F)F)c(C#N)c2)C1;CC(C)(C)NC(=O)CNc1cc(C(F)(F)F)nc2ccccc12;CCCC(=O)OCC(=O)Nc1ccc(N=Nc2ccccc2)cc1;N#Cc1cccc(NC(=O)CCN2C(=O)C3CCCCC3C2=O)c1;O=C(O)c1cccc(N2CCCC(C(=O)Nc3ccccc3)C2)n1;CCCCC#Cc1ccc(C(=O)NNC(=O)Nc2ccccc2)o1;CNC(=O)N=c1ccn(C2CCC(COC(=O)NC)O2)c(O)n1;OCCN1CCN(c2ccnc3cc(C(F)(F)F)ccc23)CC1;NC(=O)CC1CCN(C(=O)c2ncccc2Oc2ccccc2)C1;OC1CCC(NCc2c[nH]nc2-c2ccc(C(F)(F)F)cc2)C1;CC1CC(=O)NCCN1C(=O)c1ccc(Oc2cccnc2)cc1;CC(=O)N1CC(NCc2ccc(C#N)cc2)CCC1C(F)(F)F;CCN(C(=O)CCc1cnn(C)c1)c1ccc(C(F)(F)F)cc1;CC(=O)NC1CCC(C(F)(F)F)N(Cc2cccc(C#N)c2)C1;CCNC(=O)N[C@H]1CO[C@H]2[C@@H]1OC[C@@H]2n1cc(C(=O)OC)nn1;FC(F)(F)c1ccn(-c2ccc(CNC3CCOCC3)cc2)n1;COc1cc(OC)c2ncc(C#N)c(N3CC4C(CO)C4C3)c2c1;CN1CC(C(=O)NCC(=O)Nc2cccc3ccccc23)CC1=O;CNC(=O)c1cc(C(=O)NC2CC2)cn(Cc2ccccc2)c1=O;Cc1ccc(N2CCC(NC(=O)c3ccn(C)c(=O)c3)C2=O)cc1;O=C(NC(Cc1ccccc1)C(=O)O)c1ccc(NC2CC2)nc1;CC1CN(C(=O)c2cccc(Oc3ccccn3)c2)CC(=O)N1C;CC(=O)C1=C(O)C(=O)N(CCCn2ccnc2)[C@H]1c1ccccc1;O=C(Cc1c[nH]c2ncccc12)N(CC1CCC1)CC(F)(F)F
m_466863,CCOc1ccc(S(=O)(=O)NC2CCOc3ccc(F)cc32)cn1;CC1CN(C(=O)c2sc3ccccc3c2CS(C)(=O)=O)CCN1;CC(=O)Nc1ccc(C(=O)Nc2cc(-c3cccs3)ccc2O)cc1;CCNS(=O)(=O)C1CCN(C(=O)Cc2csc3ccccc23)C1;CC1=NN(C(=O)c2cccnc2)C(=O)[C@H]1/N=N/c1ccc([N+](=O)[O-])cc1;Cc1nnc(-c2cccc(O[C@@H]3O[C@H](C(=O)O)[C@@H](O)[C@H](O)[C@H]3O)c2)o1;Cc1nnc(-c2ccc(O[C@@H]3O[C@H](C(=O)O)[C@@H](O)[C@H](O)[C@H]3O)cc2)o1;NC(=O)CCC(NC(=O)C(CS)NC(=O)C(N)CS)C(=O)O;CC1CNCCN1C(=O)c1sc2ccccc2c1CS(C)(=O)=O;CN(C)Cc1c(O)ccc2cc(-c3nc4ccccc4s3)c(=O)oc12;NC(=O)CCC(NC(=O)C(N)CS)C(=O)NC(CS)C(=O)O;CN(C)Cc1c(O)ccc2c(=O)c(-c3nc4ccccc4s3)coc12;Cc1cc(S(=O)(=O)NC(Cc2ccncc2)C(=O)O)cc(C)c1F;N#Cc1cc(F)ccc1CS(=O)(=O)N1CC2CCCC2C1C(=O)O;COc1ccccc1/N=N/c1c(N)nn2c(C(F)(F)F)cc(O)nc12;CN(C(=O)c1sc2ccccc2c1CS(C)(=O)=O)C1CCNC1;NC(=O)CCC(N)C(=O)NC(CS)C(=O)NC(CS)C(=O)O;COc1cc(/C=C(\C#N)c2nc3ccccc3s2)cc(OC)c1OC;Cc1cc(C)c(C#N)c(SCc2cc(=O)oc3c(C)c(O)ccc23)n1;Cc1cc(C)c2c(N)c(-c3cc(=O)oc4c(C)c(O)ccc34)sc2n1;Cc1cc(C)c2c(N)c(-c3cc(=O)oc4cc(C)c(O)cc34)sc2n1;O=C(O)CCC(=O)Nc1cc(NC(=O)CCC(=O)O)cc(C(=O)O)c1;CS[C@@]12Cc3ccccc3N1C(=O)[C@@]1(Cc3ccccc3O1)NC2=O;Cc1cc(C)c(C#N)c(SCc2cc(=O)oc3cc(C)c(O)cc23)n1;CCNC(=O)c1ccc(NS(=O)(=O)c2ccc(OC)cc2F)cc1
m_4690d3,Cc1ncc(C(=O)N(C)C(C)c2ccccc2)c(C(C)C)n1;Cc1ccc(C(C)N(C)C(=O)c2cn3c(n2)CCC3)c(C)c1;CN(CCc1ccccc1)CC(=O)NCCc1ccccn1;Cc1ccccc1CN(CC(=O)N(C)C)Cc1ccccn1;CC(C)C(c1ccccc1)N(C)C(=O)c1cn2c(n1)CCC2;CCc1cccc(NC(=O)CN(C)C(C)c2cccnc2)c1;Cc1ccccc1CN1CCC(NC(=O)c2cc[nH]c2)CC1;NCC1CCN(C(=O)c2cccn2CCc2ccccc2)C1;CC(C)c1[nH]ccc1C(=O)N1CCCC(c2ccccn2)C1;CC(C)(CNC(=O)c1cc[nH]c1C1CCC1)c1cccnc1;CCC1c2ccccc2CCN1C(=O)c1c(C)nn(C)c1C;Cc1cccc(C)c1C(=O)N(C)CC1CCn2ccnc2C1;Cc1cccc(Cn2nc(C(C)(C)C)c(CCC#N)c2O)c1;Cc1cc(C)c(NC(=O)Cn2cc3c(n2)CCCC3)c(C)c1;Cc1ccccc1CNc1cccnc1N1CCC(O)CC1;Cn1ccc(CNC(=O)N2CCCC2Cc2ccccc2)c1;CN1c2ncccc2CN(Cc2ccccc2)CC[C@H]1CO;Cc1cccc(C(C)NCC(=O)NCc2cccnc2)c1C;Cc1cc(C)n(CC(O)Cn2c(C)c(C)c3ccccc32)n1;CC1CN(C(=O)c2cccn2CCc2ccccc2)CCN1;CN1c2cccnc2CN(Cc2ccccc2)CC[C@H]1CO;CC(C)c1[nH]ncc1C(=O)NCC1CCCc2ccccc21;CN(C)Cc1cccc(CNC(=O)c2[nH]ccc2C2CC2)c1;Cc1n[nH]c(C)c1CCC(=O)N1CCc2ccccc2C1C;Cc1ccc(C2CCCN2C(=O)Cc2c(C)n[nH]c2C)cc1
m_471696,Cc1cnc(C(C)NC(=O)N2CCCCC2c2nnc3n2CCCC3)s1;CCCCc1cn(C[C@H]2C[C@H]3CC[N@]2C[C@@H]3C(=O)Nc2nccs2)nn1;Cn1c(C2C(C3CC3)CCN2C(=O)NCCc2ncccc2F)n[nH]c1=O;CCCCCCc1c(C)c2cc3c(-c4ccccc4)coc3c(C)c2oc1=O;CCCCCCc1c(C)c2cc3c(-c4ccccc4)c(C)oc3cc2oc1=O;CC(C)(C)c1cn(C[C@H]2C[C@H]3CC[N@]2C[C@@H]3C(=O)Nc2nccs2)nn1;Cc1nc(C)n(CC2CCCN(C(=O)C(C)Cc3ccccc3Cl)C2)n1;CN(CC1CC(F)CN1c1ccnc(N(C)C)n1)C(=O)c1ncccc1O;Cc1nnc2n1CC(C(=O)NCC1(c3cccc(F)c3F)CCCC1)CC2;O=C(Nc1c[nH]nc1C1CCCN(CC(O)C(F)(F)F)C1)C1CCCC1;CC12CCC(=O)C=C1CC(S)C1C2CCC2(C)C1CCC21CCC(=O)O1;Cc1csc(C2CCCN(C(=O)c3nnn(C4CCNCC4)c3C)C2)n1;C[C@]12CC[C@H]3c4ccc(OC(=O)c5ccccc5)cc4CC[C@H]3[C@@H]1CCC2=O;COc1ncccc1C(=O)NCC1CC(F)CN1c1ccnc(N(C)C)n1;Cc1csc(C2CCN(C(=O)c3nnn(C4CCNCC4)c3C)CC2)n1;CN(Cc1nccc(N)n1)C1CCN(C(=O)c2csc(C(C)(C)C)n2)C1;CC(C)=CCc1c(O)c(C(=O)/C=C/c2ccccc2)cc2c1OC(C)(C)C=C2;CC(C)=CCc1c2c(cc3c1O[C@@H](c1ccccc1)CC3=O)C=CC(C)(C)O2;CC(C)=CCc1cc2c(c3c1OC(C)(C)C=C3)O[C@@H](c1ccccc1)CC2=O;CCCn1cnc2c(NCc3ccc(C)s3)nc(NC(CC)CO)nc21;NCCCCC(N)C(=O)NC(CC(N)=O)C(=O)NC(CC(N)=O)C(=O)O;CC(NC(=O)C1CCN(C)C(C)C1)C(c1ccccc1Cl)n1cccn1;COC1(C(F)(F)F)CCN(C(=O)NCC2CCCn3cc(C)nc32)CC1;N=c1[nH]c(Cl)cc(=NCC2(CO)CC(CCCCc3ccccc3)C2)[nH]1;NCCCCC(NC(=O)C(N)CC(N)=O)C(=O)NC(CC(N)=O)C(=O)O
m_47617a,CCC(C)C(=O)N1CCC(C2CCCN(c3nc(C)cc(C#N)n3)CC2)CC1;CCCCCCC(=O)CCCCCC/C=C/CC1OC(=O)C(N)(CO)C1O;CN(C)c1ccc(C2CCCN2CC(=O)NC2C3CC4CC(C3)CC2C4)nn1;Cc1nn(C)c2nc(C(C)C)cc(C(=O)NC[C@@H]3CCCN4CCCC[C@H]34)c12;CCCN(Cc1cn(C(C)(C)C)nn1)C1CCN(C(=O)c2ccccc2)CC1;CCCCCC/C=C/C=C/CC(O)CC(=O)O[C@@H](CCC(=O)[O-])[N+](C)(C)C;CCCCC/C=C\CC=CCC(O)CC(=O)OC(CC(=O)[O-])C[N+](C)(C)C;CCCCCCC=CCCCCCCCC(=O)NC(CCC(=O)O)C(=O)O;CC1=C[C@@H](CN2CCCC2)[C@H](C(C)C)C[C@H]1Cc1nnc(-c2cncn2C)o1;CCn1cnnc1C1CCCN(CC(=O)N(Cc2ccccc2)C(C)(C)C)C1;CCCNC(=O)NC[C@@H]1C=C(C)[C@H](Cc2nc3ncccc3[nH]2)C[C@H]1C(C)C;CCCCC=CCCCCCCCCC(=O)NC(CCCC(=O)O)C(=O)O;CCC(C)(C)N1CCN(C(=O)NC(Cc2nccn2C)c2ccccc2)CC1;CCCCCCC=CCCCCCCCCC(=O)NC(CC(=O)O)C(=O)O;CCCCCCCCCCCCCC=CC(=O)NC(CCC(=O)O)C(=O)O;Cc1ccc(CN2CCC3(CC2)N(CC2CC2)C(=O)[C@H]2CN(C)CCN23)cn1;CC(C)n1nc(-c2ccccc2)cc1NC(=O)NC1CCC(CN(C)C)CC1;CCn1nc(C)c(CNCc2cccc(CN3CCCC(C(N)=O)C3)c2)c1C;CCN1CCC(CCNC(=O)Nc2nn(C(C)c3ccccc3)cc2C)CC1;CCCCCCCCc1ccc(-c2noc(CC3CCCN3C(=N)N)n2)cc1;CC(C)c1ocnc1CN1CCN(c2nc(C(C)(C)C)nc3c2CCC3)CC1;CC(C)n1nc(-c2ccccc2)cc1NC(=O)NC1CCN(C(C)(C)C)CC1;CN(C)C(CNC(=O)N1CCc2ccc(C(C)(C)C)cc2C1)c1cnn(C)c1;Cc1ccccc1-n1ncc(NC(=O)NC2CCN(C(C)C)CC2)c1C(C)C;CCCCCCCCC(C)C(OC(C)=O)C(C)C(=O)N1CCCC1C(=O)O
m_478c2e,COc1ccnc(N2CCN(C(=O)CNCC(F)(F)F)CC2)c1;O=C(CCNCC(F)(F)F)N1CCCC1c1noc(C2CC2)n1;COc1cc(C(=O)N2CCC(Oc3cccnc3N(C)C)C2)on1;CC(C)(C)c1cc(C(=O)N2CC(C(N)=O)C(C(F)(F)F)C2)[nH]n1;CC(C)c1cc(C(=O)N2CC(C(N)=O)C(C(F)(F)F)C2)nn1C;Cc1ccn(C)c(=O)c1NC(=O)N1CCN(CC(F)(F)F)CC1;CCOC(=O)c1nccc(N2CCCC(NCC(F)(F)F)C2)n1;CCOc1cncc(N2CCCC(C(=O)NCC(F)(F)F)C2)n1;Cc1c[nH]c(=O)c(CNC(=O)NC2CCN(CC(F)(F)F)C2)c1;C[C@H](O[S@](=O)C(C)(C)C)C(O)(c1ccccc1)c1ccccc1;COc1cc(CC(=O)NC2COCC2Oc2cnn(C)c2)ccn1;CCOc1ccc(N2CCCC(C(=O)NCC(F)(F)F)C2)nn1;COc1cccc(-n2cc(NC(=O)COCC3CCCO3)nn2)c1;CN(CC(N)=O)CC1CN(c2cccc(C(F)(F)F)n2)CCO1;COc1ccc(-n2cc(C(=O)N3CCOCC3CCO)nn2)cc1;CCn1cc(OC2COCC2NC(=O)c2cc(C)nc(O)c2)cn1;CN1CCCN(C(=O)Nc2ccnc(OCC(F)(F)F)c2)CC1;CC(=O)Nc1cccc(OCCNC(=O)NCc2cc(C)on2)c1;COC(=O)c1ccc(C(=O)N2CCOCC2c2c(C)n[nH]c2C)[nH]1;CC(C)COc1cncc(N2CC(C(N)=O)C(C(F)(F)F)C2)n1;O=C(C1CC1c1ccc(F)cc1F)N1CCN(c2ncc[nH]2)CC1;COc1cccc(NC(=O)N2CCN3C(=O)[C@@H](C)NC(=O)[C@@H]3C2)c1;Cc1nccc(NC2COCCC2NC(=O)CCC(F)(F)F)n1;CC(C)n1ccc(CC(=O)N2CC(C(N)=O)C(C(F)(F)F)C2)n1;COc1ncccc1C(=O)N1CCOC(c2nnc(C(C)C)o2)C1
m_47ae67,CCC(CC)n1nc(C(=O)N2CCC(c3ncc(C)s3)CC2)cc1C;CCC(C)(NC(=O)c1cc(C2CC2)n(C(C)(C)C)n1)c1nc(C)cs1;COc1c(C(=O)NC2CCN(Cc3ccc(F)cc3)CC2)c(C)nn1C;CCc1cc(C(=O)NCC(c2cccc(F)c2)N2CCOCC2)nn1C;COCCc1cc(NC(=O)N2CCCC2Cc2cccc(F)c2)n(C)n1;CCn1nccc1C1OCCC1CNCc1cnc(C2CCCC2)s1;COCc1nn(C)cc1C(=O)N1CCCN(Cc2ccc(F)cc2)CC1;CCc1nc(CN2CCC(CNC(=O)c3c(C)ccn3C)CC2)cs1;CC(C)C(=O)NCC1CCCN(Cc2nc(-c3ccc(F)cc3)no2)C1;Cc1ccc(C(=O)N2CCN(Cc3nc(CC(C)C)no3)CC2)cc1F;CCCC1(CO)CCN(C(=O)NCc2ccc(-n3ccnc3)c(F)c2)C1;O=C(NC1CC(c2ccccc2F)C1)N1CCC(N2CCNC2=O)CC1;CC(C)CC(NC(=O)C(NC(=O)C(N)CCC(N)=O)C(C)O)C(=O)O;CCC(C)n1nc(NC(=O)N2CCOC(c3ccc(F)cc3)C2)cc1C;O=C(NC1CCN(c2ccc(F)cc2)C1)NC1CCN(C2CCC2)C1=O;CC(C)CC(NC(=O)C(CCC(N)=O)NC(=O)C(N)C(C)O)C(=O)O;C#CCN(C)C[C@H]1CN2CC[C@H]1C[C@@H]2CNC(=S)NCc1ccco1;CCC(C)C(NC(=O)C(N)C(C)O)C(=O)NC(CCC(N)=O)C(=O)O;CCC(C)C(N)C(=O)NC(C(=O)NC(CCC(N)=O)C(=O)O)C(C)O;Cc1ccc(CC(=O)NCC2CC(F)CN2Cc2c(C)noc2C)cn1;CC(C)CC(N)C(=O)NC(C(=O)NC(CCC(N)=O)C(=O)O)C(C)O;CCC(C)C(N)C(=O)NC(CCC(N)=O)C(=O)NC(C(=O)O)C(C)O;CC(C)CC(NC(=O)C(N)CCC(N)=O)C(=O)NC(C(=O)O)C(C)O;CC(C)C(NC(=O)C(N)CCCCN)C(=O)NC(CC(=O)O)C(=O)O;CCC(C)C(NC(=O)C(NC(=O)C(N)CCC(N)=O)C(C)O)C(=O)O
m_47e099,CN1CCN(C)CCN(Cc2nnnn2-c2ccc(Cl)cc2C(F)(F)F)CC1;COCCc1nsc(N2CCOCC2c2c(C)nn(-c3ccccc3F)c2C)n1;COc1ccc2[nH]c3c(c2c1)CCN(C1CC(=O)N(c2ccc(C(C)=O)cc2)C1=O)C3;CCc1ncnc(N(C)CC2CCN(C3=NS(=O)(=O)c4ccccc43)CC2)c1F;CNC(=O)[C@H](C)NC(=O)Cc1c(-c2ccc(OC)cc2)oc2c1ccc1cccnc12;Cc1cc(C)c(NC(=O)CSc2nc(C)nc3c2cnn3-c2ccccc2)c(C)c1;O=C(NCc1ccccc1)C1CCN(c2nn3cc(-c4ccccc4)nc3s2)CC1;COc1ccc(-c2nc(-c3ccc(N(C)C)cc3)[nH]c2-c2oc(C)cc(=O)c2O)cc1;COCc1cc(=O)c(O)c(-c2[nH]c(-c3ccc(N(C)C)cc3)nc2-c2ccccc2)o1;C[C@H]1O[C@@H](O[C@H]2C=C[C@@](C#N)(O[C@@H]3O[C@H](CO)[C@@H](O)[C@H](O)[C@H]3O)C2)C[C@H](O)[C@H]1O;CCOc1ccccc1-c1nc(C(=O)N[C@@H](C)C(=O)OC)cc2c1[nH]c1ccccc12;CC(=O)Nc1ccc(N2CC34C=CC(O3)C(C(=O)NCc3ccccc3)[C@@H]4C2=O)cc1;Cc1ccc(C(=O)Nc2cc(C(=O)N(C)C)cc(-c3ccc(C(=O)NO)cc3)c2)cc1;CCOC(=O)C1=C(CC)Nc2ccccc2N=C1NC(=O)c1oc2ccccc2c1C;COC(=O)CC(c1c(Cc2ccc(OC)cc2)[nH][nH]c1=O)c1ccnc2ccccc12;CCCCN(CC)C(=O)CSc1nnc2c(=O)n(Cc3ccccc3F)ccn12;Cc1c(OCC(=O)NCCCn2ccnc2)ccc2c(-c3ccccc3)cc(=O)oc12;C=C(C)COc1cc2oc(=O)cc(C)c2cc1CCC(=O)N=c1[nH]c2ccccc2[nH]1;COc1ccc(/C=N/NC(=O)c2cccc(NC(=O)Cc3ccccc3)c2)c(OC)c1;COc1ccc(-c2cc3n(c(=N)c2C#N)CCc2cc(OC)c(OC)cc2-3)cc1OC;COc1cc(CC(=O)Nc2ccccc2-c2nc3ccccc3[nH]2)cc(OC)c1OC;NC(CC(=O)O)C(=O)NC(Cc1ccccc1)C(=O)NC(Cc1cnc[nH]1)C(=O)O;CS(=O)(=O)N1CCN(C(=O)N2CCOCC2)C[C@H]1C(=O)N[C@H]1CCCNC1=O;OC[C@H]1O[C@@H](O[C@H]2[C@H](O)[C@@H](O)[C@H](Nc3ccccc3)O[C@@H]2CO)[C@H](O)[C@@H](O)[C@H]1O;C=CC(C)(C)[C@]12C[C@@H]3C(=O)Nc4ccccc4C(=O)N3[C@H]1N(C=O)c1ccc(O)cc12
m_48bfe1,COc1cc(C)c(S(=O)(=O)N2CCc3cnccc32)cc1OC;CCN(c1cccnc1)S(=O)(=O)c1ccc2c(c1)OCCCO2;CCc1ccnc(CNS(=O)(=O)c2ccc(C(=O)O)cc2C)c1;CN(c1cccc(NC(=O)COc2ccccc2)c1)S(C)(=O)=O;COc1ccc(C)cc1S(=O)(=O)N1CCOc2ncc(C)cc21;CCc1ccc(OC)c(S(=O)(=O)Nc2ccccc2C(N)=O)c1;CCc1cccc(S(=O)(=O)NC(Cc2ccncc2)C(=O)O)c1;CCc1ccccc1OCC(=O)Nc1ccc(S(N)(=O)=O)cc1;COC(=O)c1cccc(S(=O)(=O)NCc2ccc(C)nc2)c1C;CCc1ccccc1S(=O)(=O)NC(Cc1ccncc1)C(=O)O;Cc1cnccc1CNS(=O)(=O)c1ccc2c(c1)OCCCO2;CCOC(=O)c1ccc(S(=O)(=O)N(CC)c2ccncc2)cc1;COCCS(=O)(=O)c1ccc(C(=O)Nc2cccc(C)n2)cc1;COc1ccc(C)cc1S(=O)(=O)N1CCOc2nc(C)ccc21;Cc1ccc(C)c(S(=O)(=O)NC(Cc2ccncc2)C(=O)O)c1;CCOC(=O)c1cccc(S(=O)(=O)NC(C)c2ccccn2)c1;CC(C)(S)C(N/C=C1/N=C(Cc2ccccc2)OC1=O)C(=O)O;Cc1ccc(S(=O)(=O)NC(Cc2ccncc2)C(=O)O)c(C)c1;Cc1ccncc1CNS(=O)(=O)c1cc(C(=O)O)cc(C)c1C;CCc1ccc(C(=O)O)cc1S(=O)(=O)NCc1ccc(C)cn1;Cc1cc(C(=O)O)cc(S(=O)(=O)NC(C)c2cccnc2)c1C;Cc1cc(NCc2cc(-c3cnn(C)c3C)no2)c(Cl)cc1F;Cc1ccc(S(=O)(=O)NC(Cc2ccncc2)C(=O)O)cc1C;CCc1ccc(S(=O)(=O)NC(C)c2cccnc2)cc1C(=O)O;CCc1ccc(S(=O)(=O)NCc2cnccc2C)cc1C(=O)O
m_4b55af,Cc1cc(C)c(C(=O)N2CC(O)CC2c2cccc(F)c2)[nH]1;Cc1ccn(C)c1C(=O)N1CC(O)CC1c1cccc(F)c1;COc1cccc(CNCc2ccc(NC(C)=O)cc2)c1F;O=C(Cn1ccc(=NCc2ccccc2)cc1)c1ccccc1;O=C(NCCc1ccccn1)c1ccc(-c2ccccc2)cc1;O=C(c1ccc2ccccc2c1)N1CCCC1c1cccnc1;COc1ccc(/C(=N\Nc2ccccc2)c2ccccc2)cc1;COCC(=O)Nc1cccc(NCc2cc(F)ccc2C)c1;Cc1cccn(CC(=O)N(c2ccc(F)cc2)C(C)C)c1=O;COc1c(C)cnc(CN(C)C(=O)c2cccc(F)c2)c1C;CCOc1ccccc1NC(=O)CNc1ccc(C)cc1F;O=C(NCc1ccncc1)C1CC1c1cccc2ccccc12;CCCCCCOP(=O)(c1ccccc1)c1ccccc1;Cc1ccc(CNc2cccc(NC(=O)CC(C)C)c2)s1;O=C(Cc1ccncc1)NC1CC1c1cccc2ccccc12;CC(=O)C(C)(c1c[nH]c2ccccc12)c1c[nH]c2ccccc12;CCCCC(=O)Nc1ccc(NCc2ccc(C)s2)cc1;COc1ccccc1CNC(=O)NCCc1ccc(F)cc1;CC(NCc1ccc(OCc2ccccc2F)cc1)C(N)=O;Cn1ccc(CN2CCOC(c3ccc(F)cc3)C2)cc1=O;Cc1ccnc(NC(=O)Cc2ccc(-c3ccccc3)cc2)c1;COc1cc(C(=O)N(C)c2ccccc2N(C)C)ccc1F;Cc1ccc(NC(=O)Cc2ccc(-c3ccccc3)cc2)nc1;Cn1c(C(=O)NCC2(CO)CC2)ccc1-c1ccc(F)cc1;O=C(NC(Cc1ccccc1)c1ccccc1)c1cccnc1
m_4b86b5,CC(C1CC1)N(C)C(=O)Cc1cc(Cl)c2c(c1)OCCCO2;CCC(Oc1ccccc1Cl)C(=O)N1CC2(CCOCC2)C1;O=C(Cc1cccc(Cl)c1)N1CCOCC1C1CCCC1O;CC1CC(CCNC(=O)C2COc3ccc(Cl)cc32)CCO1;Cn1cc(S(=O)(=O)NCCc2ccco2)c(C2CCCC2)n1;CC1(C)CC(O)CCN(S(=O)(=O)c2c[nH]c3ncccc23)C1;CC(C)C(C(=O)N1CCC(C(=O)O)CC1)c1cccc(Cl)c1;O=S1(=O)N[C@@H]2CN(CC3CCCC3)C[C@@H]2Oc2ncccc21;COCc1nnc(-c2cccc(C(=O)N(C)c3ccccc3)c2)o1;CN1C(=O)CC(NS(=O)(=O)CCC2CC2)C1c1cccnc1;CCOC(=O)c1ccc(Cl)c(NC(=O)CCC2CCCC2)c1;O=C(NC1CCOC2(CCCCC2)C1)c1ccc(Cl)c(O)c1;COc1cc(C(C)C)c(S(=O)(=O)Nc2cnn(C)c2)cc1C;Cc1cccc(C(=O)NC2CS(=O)(=O)CC2N2CCCC2)n1;Cc1ccc(NC(=O)CCCN2C(=O)c3ccccc3C2=O)nc1;C=CC(C)(C)C1=Nc2ccccc2C1=Cc1[nH]c(=O)c(=O)[nH]c1O;COc1cc(C)c(S(=O)(=O)Nc2c[nH]nc2C)cc1C(C)C;O=C(O)CC1CCCN1Cc1cc(Cl)ccc1OCC1CC1;Cc1ccc2c(c1)COc1c3ccc(C(=O)NCCO)cc3nn1-2;Cc1ccc(C(=O)c2c3ccccc3[n+]([O-])n2CCC(N)=O)cc1;CC(C)c1cc(O)c(-c2ccccc2)c(=O)n1-c1ccc(F)cc1;C=CCCn1nc(C)c(S(=O)(=O)N(C)Cc2ccco2)c1C;CC(C)(C)c1ccccc1S(=O)(=O)Nc1cnn(CCO)c1;NC(=O)C1(O)CCN(C(=O)c2scnc2C2CCCC2)CC1;Cc1onc(N)c1S(=O)(=O)N(C)c1ccc(C(C)(C)C)cc1
m_4bb17c,OC1(Cc2nc(C3CC3)no2)CCCN(CCn2cncn2)C1;CCCc1noc(CCC(=O)N2CCCC(n3cncn3)C2)n1;CCc1noc(CCCC(=O)N2CCCC(n3cncn3)C2)n1;CC(C)c1nc(C2CCCN2C(=O)CCCn2cncn2)no1;CCn1ncnc1CN1CCOC(C)C1c1nc(C2CC2)no1;CCOc1cc(N2CCCC(O)(Cc3nncn3C)C2)ncn1;CC(=CCc1c(O)cc(C)cc1O)CCC=C(C)CCC(=O)O;COc1c(O)cc(C(C)=O)c(O)c1C/C=C(\C)CCC=C(C)C;C=C1C(=O)O[C@H]2/C=C(/C)CC/C=C(/C)C(=O)[C@H](OCC(C)C)[C@@H]12;C=CC(O)C#CC#CC(OC(C)=O)C1OC1CCCCCCC;CC(=O)Oc1cc([C@H](C)CCC=C(C)C)c(OC(C)=O)cc1C;C=C(C(=O)O)[C@H]1CC[C@]2(C)C[C@H]3/C(=C(/O)CC[C@@H]12)C(=O)C[C@@H]3C;C=C(C)C(=O)OC1CC2C(=C)C(=O)OC2C=C(C)CCCC1C;COc1ccc(C(=O)OC/C=C(\C)CCC=C(C)C)cc1OC;CCC(=O)/C=C/C=C/C=C(/C=O)C/C=C/CCCCC(=O)OC;C=C1C(=O)O[C@@H]2C/C(COC(=O)C(C)C)=C\C=C/[C@@H](C)CC[C@@H]12;C=C(C)C(=O)O[C@H]1CC[C@@H]2Cc3occ(C)c3[C@@H](O)[C@]2(C)[C@H]1C;COC(=O)Cc1cc(O)cc(C/C=C(\C)CCC=C(C)C)c1O;C=C(C)C(=O)O[C@H]1C[C@@H]2C[C@@H]3OC(=O)C(C)=C3C[C@]2(C)[C@@H](C)C1;C=C(COC(=O)[C@H](C)CC)c1ccc(C)cc1OC(=O)C(C)C;C=C1C(=O)O[C@@H]2[C@H]3C(=C)[C@@H](O)C[C@H]3C(=C)C[C@H](OCC(C)C)[C@@H]12;C=C[C@@H](O)C#CC#C[C@@H](O)C=CCCCCCCCOC(C)=O;C#C/C=C/C[C@@H](OC(C)=O)[C@@H](C/C=C\C/C=C/CC)OC(C)=O;C[C@H]1[C@@H]2CC3(C(=O)[C@@H](C)CC[C@H]13)C(=O)[C@@]1(C)C(=O)OC(C)(C)[C@@H]21;C=C1C(=O)O[C@@H]2/C=C(/COC(=O)C(C)C)CC/C=C(/C)CC[C@@H]12
m_4bc064,CSC(C)C(=O)Nc1cc(C(=O)O)ccc1OC(C)C;C=CCSCC(NCc1ccc(O)c(OC)c1)C(=O)O;Cn1cc(NC(=O)Nc2cccc(OCC(F)F)n2)cn1;COc1cc(C=CCNC(CCS)C(=O)O)ccc1O;CSc1c(C)cc(OC(=O)NCCCC(=O)O)cc1C;CC(C)C1(S(=O)(=O)NCc2ccc(C(=O)O)cc2)CC1;O=C(COC1CCOCC1)Nc1ccc(C(=O)O)cc1F;Cc1ccc(OCC(=O)NC2CCS(=O)(=O)C2)c(C)c1;CC(C)C1(S(=O)(=O)NCc2cccc(C(=O)O)c2)CC1;O=C(O)CC(NC(=O)C1COCCO1)c1ccc(F)cc1;COCc1ccc(C(=O)N(C)C2CCS(=O)(=O)C2)cc1;CCOC(=O)[C@@H]1CS[C@H](c2ccc(OC)c(OC)c2)N1;CC1CCCCC1OCC(=O)Nc1cc(C(=O)O)cs1;Cc1ccccc1CS(=O)(=O)NC1(C(=O)O)CCCC1;COC(=O)c1ccc(CN(C)C2CCS(=O)(=O)C2)cc1;CCCCOC(=O)Nc1sc2c(c1C(=O)OC)CCC2;CCc1ccccc1S(=O)(=O)N1CCCC1(C)C(=O)O;Cc1ccc(S(=O)(=O)NC2CCC(C(=O)O)C2)cc1C;COc1cc(C(=O)N2CCOCC2CC(=O)O)ccc1F;COCc1cc(C(=O)N2CCOC(C(=O)O)C2)ccc1F;CCOc1cccc(C(=O)N2CCC(S(C)(=O)=O)C2)c1;Cn1nnnc1-c1cccc(NC(=O)c2ccccc2F)c1;C=CCC(C)NS(=O)(=O)c1cc(C(=O)O)cc(C)c1C;CSCCC(NC(Cc1ccccc1)C(=O)O)C(=O)O;C[S+]([O-])c1cccc(NC(=O)COCC2CCCO2)c1
m_4fb975,CC1CCN(CC2CCCN(C(=O)NCc3cccc4c3OCO4)C2)CC1;O=C(NCc1cccc2c1OCO2)N1CCCC(CN2CCCCCC2)C1;CCN(CC)C[C@H]1CN2CC[C@H]1C[C@@H]2CNC(=O)c1ccc2c(c1)OCO2;CC1CCN(CCNC(=O)N2CCCC2c2cccc3c2OCCO3)CC1;CC(C)CN1CC2(CN(Cc3cccc(C(=O)O)c3)C[C@@H]3C[C@@H](O)CN32)C1;CN(C[C@@H]1CCCN2CCCC[C@H]12)C(=O)NCC1COc2ccccc2O1;COc1cccc(C(=O)N2C[C@@H]3COCCN3C3(CN(CC(C)C)C3)C2)c1;COc1ccc(C(=O)N2C[C@@H]3COCCN3C3(CN(CC(C)C)C3)C2)cc1;CC(NC(=O)NC1CCN(C2CCCCC2)CC1)c1ccc2c(c1)OCO2;CCOC(=O)c1ccc(NC(=O)N(C)C[C@@H]2CCCN3CCCC[C@H]23)cc1;O=C(O)C[C@@H]1CCN(C(=O)Nc2ccccc2)C[C@@H]1CCN1CCCCC1;CC[C@H]1CN(Cc2ccc(OC)cc2O)CC[C@H]1CC(=O)N(C)CCC#N;CC1=C[C@@H](CNS(C)(=O)=O)[C@H](C(C)C)C[C@H]1CC(=O)NCCN(C)C;CC[C@H]1CN(C(=O)N2CCOCC2)CC[C@H]1CC(=O)NCc1ccccc1;CC(C)CN1C[C@@H]2C[C@@H](O)CN2C2(C1)CN(Cc1cccc(C(=O)O)c1)C2;CN(C[C@@H]1CCCN2CCCC[C@H]12)C(=O)Nc1ccc2c(c1)OCCCO2;CN1CCN(CC2(C)CCN(S(=O)(=O)CC3CCCCO3)CC2)CC1;O=C(NCC(=O)N1CCC(COc2ccccc2)CC1)NC1CCCCC1;CN(C[C@@H]1CCCN2CCCC[C@H]12)C(=O)[C@H]1CC(=O)N(Cc2ccco2)C1;COc1cccc(CN[C@@H]2CCC[C@@H](C(=O)NC3CC3)CC(=O)N(C)C2)c1;CC(=O)N[C@H]1[C@H](c2ccccc2)N(C(=O)NC2CCCCC2)CC[C@@]1(C)O;Cc1cc(C)cc(OCc2noc(CN(CC(C)O)C3CCCCC3)n2)c1;CN[C@H](C(=O)N[C@H](COC(=O)C(C)C)Cc1c[nH]c2ccccc12)C(C)C;O=C(CN1CCOCC1)Nc1ccc(OC2CCN(C3CCC3)CC2)cc1;COc1cccc2nc(C[C@H]3CN(CC(C)(C)C)CC[C@H]3CC(=O)O)[nH]c12
m_517c87,Cc1cccc(Cl)c1OCC(=O)N1CCC2(CCN(C)CC2)C1;Cc1ccc(Cl)cc1OCC(=O)N1CC2(CCNCC2)CC1C;CC(O)C(=O)NC(c1ccc(Cl)cc1)C1CC2CCC(C1)N2C;CN1CCCC1C1CCCN1C(=O)CC(O)c1ccc(Cl)cc1;COCC(=O)NC(c1ccc(Cl)cc1)C1CC2CCC(C1)N2C;COc1cc(CCNC(=O)N2CCCC3(CCC3)C2)ccc1Cl;COc1ccc(CCNC(=O)CC2CC3CCC(C2)N3)c(Cl)c1;CC(C)Oc1ccc(Cl)cc1C(=O)N1CCC(N2CCCC2)C1;O=C(CN1CCC(Oc2ccccc2Cl)CC1)NCC1CCC1;Cc1cc(C)c(NC(=O)C(C)N2C3CCC2CC(O)C3)c(Cl)c1;CC(=O)N1CCC(CN(C)C(=O)NCc2nc(C3CC3)cs2)C1;CN1CCC(C2OCCC2C(=O)NCc2ccccc2Cl)CC1;CC(C(=O)N1CCCC1)N1CCCC(C(=O)Nc2nccs2)C1;N#CC1(CNC(=O)Cn2nc(-c3ccccc3)ccc2=O)CCCC1;N#CCC1CCN(C(=O)Nc2ccnc(Oc3ccccc3)c2)CC1;COc1ccc2c(c1Cl)C(NC1CCN(C(C)=O)CC1)CCC2;CN1CCC(C(=O)N2c3ccccc3NC(=O)c3cccnc32)CC1;CC(C)c1csc(CNC(=O)NCC2CC(=O)N(C3CC3)C2)n1;O=C(NCC1CCN(Cc2ccccc2Cl)CC1)C1(O)CCC1;CC(C)(C)c1cn(C[C@H]2OC[C@H](O)[C@H]2NCc2ccsc2)nn1;NC(=O)NC(CC(=O)N1CCC(N2CCCC2)C1)c1cccs1;COCC1(C2CCC2)CN(C(=O)NCCc2ccccc2Cl)C1;Cc1cccc(-c2noc([C@@H]3C[C@@H](O)CN3Cc3ccccn3)n2)c1;Cc1cccc(OCc2nc(-c3ccnc(N4CCCC4)c3)no2)c1;CN1CCCC(c2nc(-c3ccc(Oc4ccccc4)nc3)no2)C1
m_53dfe2,Cc1ccccc1CS(=O)(=O)NC1(CN)CCCC1;Cc1ccc(S(=O)(=O)NCC2CCCNC2)c(C)c1;CCc1ccccc1S(=O)(=O)NC1CCNCC1C;Cc1ccc(C)c(S(=O)(=O)NCCC2CCNC2)c1;Cc1ccc(S(=O)(=O)N2CCC(CN)CC2)c(C)c1;Cc1ccc(S(=O)(=O)NCCC2CCNC2)c(C)c1;C(=C\c1ccc(/C=C/c2ccccc2)cc1)/c1ccccc1;C(=C/c1cccc(/C=C/c2ccccc2)c1)/c1ccccc1;CCc1ccccc1S(=O)(=O)N1CC(CN(C)C)C1;c1ccc2c(CCc3cccc4ccccc34)cccc2c1;Cc1ccc2ccccc2c1-c1c(C)ccc2ccccc12;Cc1ccc(C)c2c1[C@H]1c3ccccc3[C@@H]2c2ccccc21;CC(C)c1ccccc1S(=O)(=O)NC(CN)C1CC1;Cc1ccccc1CN1CCCN(S(C)(=O)=O)CC1;CN(C)S(=O)(=O)N1CCC(Cc2ccccc2)CC1;O=C(CCCCCCC(=O)Nc1ccc(F)cc1)NO;CC(C)c1ccccc1S(=O)(=O)N1CCCC1CN;Cc1ccccc1C1CC(C)N(S(=O)(=O)N(C)C)C1;CC1CCCCN1S(=O)(=O)c1ccc(CCN)cc1;CNCC1CCN(S(=O)(=O)c2cc(C)ccc2C)C1;Cc1cccc(C(C)N2CCN(S(C)(=O)=O)CC2)c1;Cc1ccc(S(=O)(=O)N(C)C2CCNCC2)c(C)c1;CC(c1ccc(S(C)(=O)=O)cc1)N1CCC(N)CC1;CC(C)Oc1cccnc1C(=O)N1CCOC(CF)C1;CC(N)CCNS(=O)(=O)c1ccc2c(c1)CCCC2
m_55fde0,Cc1cn2c(=O)c(C(=O)NC(C)(CO)C3CCCCC3)cnc2s1;CCCCCCCC(=O)Nc1nnc(-c2ccc(O)c(OC)c2)s1;CC1CCCCC1N(C)C(=O)c1nc(S(C)(=O)=O)n2ccccc12;CC1CCN(CC(O)CNC(=O)c2csc(-c3ccoc3)n2)CC1;Cc1sc(-c2ccco2)nc1C(=O)NCC(C)CN1CCOCC1;O=S(=O)(c1c[nH]c2ncccc12)N1CCOC2(CCCCCC2)C1;Cn1cc(C(=O)N2CCCCC2CNS(C)(=O)=O)c2ccccc21;Cc1cccn2cc(CS(=O)(=O)C(C)C(=O)NC3CCCC3)nc12;CC(C)(C)Cc1csc(NC(=O)c2coc(C3CCOCC3)n2)n1;CC(C)C(NC(=O)C1CC2(CC(C(=O)O)C2)C1)c1ccc(Cl)cc1;CC(CO)N(C)C(=O)CCn1cnc2sc3c(c2c1=O)CCCC3;CC(C)CC(N)C(=O)N1CCCC(c2nc(C(F)(F)F)cs2)C1;Cn1cc(S(=O)(=O)N(CCO)c2ccccc2)c(C2CCCC2)n1;Cc1ccc(-c2nc(C(=O)N3CCC(N(C)CCO)C3C)cs2)o1;Cc1cc(NC(=O)CCCS(=O)(=O)c2ccccc2)n(C(C)C)n1;Cc1nn(C)cc1C(C)NS(=O)(=O)CCc1ccc2c(c1)CCO2;COCc1nc(OC)c2c(C)c(C(=O)N3CCCCCC3)sc2n1;CCN(CC)c1ccc(N)cc1S(=O)(=O)Nc1ccccc1OC;CC(O)C(N)C(=O)NC(CCC(=O)O)C(=O)NC(C(=O)O)C(C)O;CCSc1ccc(C(=O)N2CCCC2C(=O)N2CCOCC2)cn1;CC(C)N1CCOC[C@H]1c1nc(-c2ccc(S(C)(=O)=O)cc2)c[nH]1;CC(O)C(N)C(=O)NC(C(=O)NC(CCC(=O)O)C(=O)O)C(C)O;CN1CCC2CCN(S(=O)(=O)CCc3noc4ccccc34)C2C1;CCOc1ccc(C2CCCN2S(=O)(=O)c2c(C)cnn2C)cc1;CCOC(=O)C(C)(C)c1csc(-c2c(CC)c(CC)n[nH]c2=O)n1
m_5667e2,CC(C)(C)C(=O)N1CCC(C(=O)N(CCO)Cc2ccccc2)CC1;CN(CC1(O)CCN(Cc2ccccc2)C1)C(=O)C1(O)CC(C)(C)C1;CN(CC(=O)N1CCC(C(=O)O)CC1)Cc1ccc(C(C)(C)C)cc1;CC1CC(O)CN(C(=O)CC2(O)CCCN(Cc3ccccc3)C2)C1;CCN(CC)CC[C@@H]1CN(C(=O)c2ccccc2)CC[C@H]1CC(=O)O;CC(NCc1ccc(C(=O)N2CCCCC2)cc1)C1(O)CCOCC1;O=C(C1CCCCN1Cc1ccccc1)N1CCCC(OCCO)C1;CCOCC(=O)N1CCC2(CC1)CN(Cc1ccccc1)CC(C)O2;O=C(COc1ccccc1CNCC1(O)CCCCC1)N1CCCC1;C=CCN(C)CC[C@@H]1CC[C@H](O)[C@@H](C(=O)N(C)Cc2ccccc2)O1;CCC(C)(CCO)NC(=O)C1CCCN(C(=O)c2ccc(C)cc2)C1;CCCCCC(=O)N1CC[C@@](C)(O)[C@@H](NC(C)=O)[C@@H]1c1ccccc1;Cc1cc(C)cc(C(=O)N2CCCC(C(=O)NC(C)(C)C(C)O)C2)c1;O=C(NCC1CC(O)CN1Cc1ccccc1)C(O)C1CCCCC1;CC(=O)N[C@H]1[C@H](c2ccccc2)N(C(=O)CC(C)(C)C)CC[C@@]1(C)O;CC[C@@H](C)[C@@H](C(=O)N[C@H](CO)[C@H](C)CC)N1Cc2ccccc2C1=O;CCC(CC)C(=O)N1CC[C@@](C)(O)[C@@H](NC(C)=O)[C@@H]1c1ccccc1;CC(NC(=O)CC1(O)CCCN(Cc2ccccc2)C1)C1CCOC1;Cc1ccccc1CN(C)C(=O)CN1CCCC1C1COCCC1O;CC[C@@H](C)[C@@H](CO)NC(=O)[C@H](CC(C)C)N1Cc2ccccc2C1=O;CN(CCc1ccccc1)CC[C@@H]1CC[C@H](O)[C@@H](C(=O)NC2CC2)O1;CN(C)C(C(=O)N1CCC(C(=O)OC(C)(C)C)CC1)c1ccccc1;Cc1ccccc1CNC(=O)CN1CCC(OC2CCOCC2)CC1;CN(CCc1ccccc1)C[C@@H]1OC[C@H](NC(=O)C2CCCC2)[C@H]1O;CN(Cc1ccccc1)C(=O)CN1CCCC1C1COCCC1(C)O
m_568a04,CCc1cc(C(=O)N2CC(O)C(CC(=O)NC)C2)ccc1Br;O=C(CSc1nncn1C1CC1)NC(=O)c1ccc(OC(F)F)cc1;CN(Cc1ccccc1Br)C(=O)CN1CCCC(C(=O)O)C1;COC(=O)[C@H]1O[C@@H](Oc2cc(O)c3c(=O)ccoc3c2)[C@H](O)[C@@H](O)[C@@H]1O;N=C1N(O)[C@@H](CO)[C@@H]2N=C(N)N[C@]23N1C[C@H](OS(=O)(=O)O)C3(O)O;COc1cc2ccc(=O)oc2cc1OC1OC(C(=O)O)C(O)C(O)C1O;COC(=O)c1cc(C(=O)OC)c(C(=O)OC)c(C(=O)OC)c1C(=O)OC;CCOC1CC2(CCN(C(=O)Cn3cc(Br)ccc3=O)C2)C1;COC(=O)[C@H](CC(=O)O)[C@@H](OC(=O)/C=C/c1ccc(O)c(O)c1)C(=O)O;CC(NC(=O)CN1CCCC(C(=O)O)C1)c1ccc(Br)cc1;O=C(O)C1OC(Oc2ccc3cc(CO)oc(=O)c3c2)C(O)C(O)C1O;CC(CNC(=O)N1CC2CCC(C1)O2)Oc1ccccc1Br;CC(C(=O)O)N(C)C(=O)C(c1cccc(Br)c1)N1CCCC1;COC(=O)C(O)(CC(=O)O)C(OC(=O)C=Cc1ccc(O)cc1)C(=O)O;CC(C)(CC(=O)NC1CCN(c2ccccc2Br)C1)C(=O)O;O=S1(=O)CCC2(CCCN(c3ccnc4cc(F)c(Cl)cc34)C2)C1;CN1c2ccc(F)cc2N(CCNC(=O)c2ccncc2F)S1(=O)=O;NC(=O)C1CN(C(=O)c2csc(Nc3cc(F)cc(F)c3)n2)CCO1;Cc1cc(Br)ccc1NC(=O)CN(C)C(=O)C1CCOCC1;Cc1cccc(-c2nnc(SCc3coc(-c4cccs4)n3)n2C)c1;CC(Sc1nnc2sc3ccccc3n12)C(=O)NCc1ccccc1;CC(C)(C)N1CC(NC(=O)COc2ccc(Br)cc2)CC1=O;O=C(Nc1cc(Cl)ccc1OCC1CCCO1)c1ncc(F)cc1F;O=S(=O)(c1ccccc1)N1CCN(Cc2c(F)cccc2Cl)CC1;O=C(NCCc1cccs1)N1CCOC(c2ccc(F)c(Cl)c2)C1
m_56bcbe,Clc1ccc(CN2CCC(n3ccnn3)C2)c2ncccc12;N#Cc1cnc(N2CCN(Cc3cccnc3)CC2)c(Cl)c1;Cc1nccn1CC1CN(c2ncnc3ccc(Cl)cc23)C1;O=C1CCN(S(=O)(=O)N2CCCC2c2ccco2)CCN1;CCc1c(NCc2ncccn2)cnn1-c1ccc(Cl)cc1;O=C(Nc1nnc[nH]1)c1nnn(-c2ccc(F)cc2)c1C1CC1;COc1ccc(NC(=O)CN2CCCN(C)S2(=O)=O)cc1;O=C1CCC(CNS(=O)(=O)N2CCCC2c2ccco2)N1;O=C1CCC(NS(=O)(=O)N2CCCC2c2ccco2)CN1;Cc1nccc(C2CCCN(c3ccc(Cl)c(C#N)n3)C2)n1;CC1C(=O)NCCN1S(=O)(=O)N1CCCC1c1ccco1;C/C(=N\c1cccc2ccccc12)c1cc2ccccc2oc1=O;COCCS(=O)(=O)NC1CC(=O)N(C)C1c1cccnc1;CC1(C(=O)O)CCCN1S(=O)(=O)c1cnn(C2CCC2)c1;Clc1cnc2nc(N3CCC(c4ncc[nH]4)CC3)ccc2c1;CCN(CC)C(=O)c1sc(NC(=O)OC)c(C(N)=O)c1C;Cn1nc(C2CC2)cc1S(=O)(=O)N1CCCC1(C)C(=O)O;NC(=O)CCCNC(=O)NCCS(=O)(=O)c1ccccc1;CC1CN(S(=O)(=O)c2ccc(N(C)C)nc2)CC1C(=O)O;C/C(=N\c1ccc2ccccc2c1)c1cc2ccccc2oc1=O;N#Cc1ncccc1N1C2CCC1CC(n1cc(Cl)cn1)C2;Cc1ccnc(N2CCN(c3ncc(C#N)cc3Cl)CC2)c1;CN(C)c1ccc(S(=O)(=O)N2CCCCC2C(=O)O)cn1;O=C(O)CC1COCCN1C(=O)CCc1cccc(F)c1F;O=C(O)C1CCN(S(=O)(=O)c2cnn(C3CCC3)c2)CC1
m_572a36,Cc1cc(C2CCCN(C(=O)c3c[nH]nc3-c3cccc(Cl)c3)C2)[nH]n1;Cc1n[nH]cc1C1CCN(C(=O)c2ccn(-c3ccccc3Cl)n2)CC1;Cn1cc(C2CCCCN2C(=O)c2cn(-c3cccc(Cl)c3)cn2)cn1;COc1ccccc1C(=O)N1C[C@@H]2C[C@@H](C1)c1ccc([N+](=O)[O-])c(=O)n1C2;O=C(c1[nH]c2ccccc2c1Cl)N1CCC(c2nncn2C2CC2)CC1;CC(C)c1c(NC(=O)c2c[nH]nc2C2CC2)cnn1-c1ccc(Cl)cc1;NC(=O)c1cnn2c1CC(CNCc1cc(Cl)cc3cccnc13)CC2;Cc1ccnc(N2CCN(Cc3nc4ccc(Cl)cc4c(=O)[nH]3)CC2)c1;Cc1[nH]nc(NC(=O)C2CCn3c(cnc3C)C2)c1-c1ccc(Cl)cc1;Cc1cccc(-c2cc(=O)c3cc(NC(=O)c4ccccc4C)ccc3o2)c1;Cc1ccccc1C(=O)Nc1ccc2oc(-c3ccccc3C)cc(=O)c2c1;COc1ccc(Nc2nc(N)nc(CSc3nc(C)cc(C)n3)n2)cc1;Cc1ccc(C(=O)Nc2ccc3oc(-c4ccccc4C)cc(=O)c3c2)cc1;Cc1ccc(C(=O)Nc2ccc3oc(-c4cccc(C)c4)cc(=O)c3c2)cc1;Cc1ccc(C(=O)Nc2ccc3oc(-c4ccc(C)cc4)cc(=O)c3c2)cc1;Cc1ccccc1C(=O)Nc1ccc2oc(C(=O)c3ccccc3)c(C)c2c1;O=C(O)CC(O)CC(O)C=Cc1[nH]c2ccccc2c1-c1ccc(F)cc1;Cc1ccc(C(=O)Nc2ccc3oc(C(=O)c4ccccc4)c(C)c3c2)cc1;Cc1ccc(C(=O)Nc2ccc3c(C)c(C(=O)c4ccccc4)oc3c2)cc1;Cc1ccccc1C(=O)Nc1ccc2c(C)c(C(=O)c3ccccc3)oc2c1;COC(=O)C[C@H](O)N(C)C(=O)c1cc2c([nH]c3ccccc32)c(C(C)=O)n1;O=c1cc(-c2ccccc2)c2ccc3c(c2o1)CN(Cc1ccccc1)CO3;Cc1ccc(-c2cc(=O)c3cc(NC(=O)c4ccccc4C)ccc3o2)cc1;COc1ccc(C(=O)N2C[C@H]3C[C@H](C2)c2ccc([N+](=O)[O-])c(=O)n2C3)cc1;O=c1c(-c2ccccc2)coc2c3c(ccc12)OCN(Cc1ccccc1)C3
m_57bec0,O=C(Nc1ccc2nncn2c1)c1ccccc1OCC1CCCO1;COc1ccccc1C(=O)Nc1cccc(OCCn2cncn2)c1;Cc1nn(C)c2ncc(NC(=O)c3ccc4c(c3)OCCCO4)cc12;O=C(NCc1nc(-c2ccco2)n[nH]1)c1ccccc1OCC1CC1;C/C=C(\C)C(=O)OC[C@H]1O[C@@H](Oc2ccccc2)[C@H](O)[C@@H](O)[C@@H]1O;COc1ccccc1C(=O)NC[C@H]1COCc2nc3cccnc3n21;C=CCc1ccc(O[C@@H]2O[C@H](COC(C)=O)[C@@H](O)[C@H](O)[C@H]2O)cc1;COc1cccc(C(=O)Nc2cccc(OCCn3cncn3)c2)c1;COc1cccc(OCCOc2cccc(C=Nn3cnnc3)c2)c1;C=C=CCOc1ccc(CO[C@H]2O[C@H](CO)[C@@H](O)[C@H](O)[C@H]2O)cc1;COc1cc(C=Nn2cnnc2)ccc1OCCOc1ccccc1;CC1COc2ccccc2CN1C(=O)c1cnc2c(cnn2C)c1O;Oc1ccccc1CN1C[C@H](O)C[C@H]1c1nc(-c2ccncc2)no1;O=C(Nc1cnn(CC2CCCO2)c1)c1cc(O)nc2ccccc12;COc1ccc(-c2nc(CNC(=O)c3ccccc3OC)n[nH]2)cc1;COc1ccc(C(=O)NC[C@H]2COCc3nc4cccnc4n32)cc1;COc1ccccc1/C=C\C(=O)NCC(=O)N/N=C/c1ccccn1;COc1ccc(-c2nc(CNC(=O)c3cccc(OC)c3)n[nH]2)cc1;COc1ccccc1C(NC(=O)Nc1ccccc1)c1noc(C)n1;O=C(c1ccc(-n2cccn2)c(F)c1)N1CCN(CC(F)F)CC1;COc1ccccc1/C=C\C(=O)NCC(=O)N/N=C/c1cccnc1;O=C1CCN(Cc2cc(Cl)ccc2OCC2CCCO2)CCN1;COc1ccc(-c2nc(CNc3ccc(C(N)=O)c(C)c3)no2)cc1;CC1(C)C=Cc2cc(C(=O)OC[C@@H](O)[C@H](O)[C@H](O)CO)ccc2O1;COc1cccc(CC(=O)NCC(=O)Nc2nc3ccccc3[nH]2)c1
m_57f31b,CC(=O)N1CCC(Nc2ccc(C)cc2OCC(F)(F)F)CC1;CC(=O)N1CCC(Nc2cccc(OCC(F)(F)F)c2C)CC1;O=C(CC1CCNCC1)NCc1ccc(OCC(F)(F)F)cc1;CC(N)C1CCCN(C(=O)COc2cccc(C(F)(F)F)c2)C1;COc1ccc(-c2noc(C(=O)N3CCCCC3)c2[C@H](C)O)cc1;CCOc1ccc(NC(=O)CN2CCC(C(F)(F)F)CC2)cc1;CNC1CCN(C(=O)C(C)Oc2ccccc2C(F)(F)F)CC1;COc1ccc(-c2noc(C(=O)NC3CCCC3)c2[C@H](C)O)cc1;COc1ccc(-c2noc([C@H](C)O)c2C(=O)NC2CCCC2)cc1;COc1ccc(-c2noc([C@H](C)O)c2C(=O)N2CCCCC2)cc1;O=C(NC(Cc1ccccc1)C(=O)O)C1CC(=O)N(CC2CC2)C1;O=C(O)c1ccc(CNC(=O)C2CCCN(C(=O)C3CC3)C2)cc1;COC[C@H]1CCCN1C(=O)c1c(-c2ccccc2)noc1[C@H](C)O;O=C(c1ccccc1NCc1cc(F)cc(F)c1)N1CCCCC1;COc1ccc2c(c1)CN(C(=O)C1CCC1)CC[C@H]1COC(=O)N21;COc1ccc(OC)c(-c2cc(C(=O)N(C)C3CCCC3)no2)c1;CCCCCNC(=O)[C@@H]1CCC(=O)N1[C@H]1OC(=O)c2ccccc21;CC(C)CCNC(=O)[C@@H]1CCC(=O)N1C1OC(=O)c2ccccc21;CC(NC(=O)C1CC(=O)N(CC2CC2)C1)(C(=O)O)c1ccccc1;O=C(NCc1cccc2c1OCO2)C1CC(=O)N(C2CCCC2)C1;CC(=O)NC1CC=CCCC(=O)NC(c2ccccc2)COC1=O;CCC(C)c1cc(C(=O)NC(Cc2ccccc2)C(=O)OC)on1;O=C(O)CN(C(=O)C1CC(=O)N(C2CCCC2)C1)c1ccccc1;CC(C)CC(=O)Nc1cc(C(F)(F)F)ccc1N1CCOCC1;O=C(NC(Cc1ccccc1)C(F)(F)F)N1CCCCC1CO
m_59b1bd,CC1(C(=O)O)CCN(C(=O)c2ccccc2OCC2CCCO2)C1;O=C(O)C1CCCN(C(=O)c2ccccc2OCC2CCCO2)C1;CC1(C(=O)O)CCN(C(=O)c2cccc(OCC3CCCO3)c2)C1;O=C(O)C1CCN(C(=O)c2cccc(OCC3CCCO3)c2)CC1;O=C(O)C1CCCN(C(=O)c2cccc(OCC3CCCO3)c2)C1;O=C(O)C1CCN(C(=O)c2ccc(OCC3CCCO3)cc2)CC1;CC1(C(=O)O)CCN(C(=O)c2ccc(OCC3CCCO3)cc2)C1;O=C(O)C1CCN(C(=O)c2ccc(OC3CCOCC3)cc2)CC1;COc1ccc(CNCc2cc(OC)c(OC)c(OC)c2)cc1O;O=C(O)CN(C(=O)c1ccc(OCC2CC2)cc1)C1CCOCC1;O=C(O)CC1CN(C(=O)c2cccc(OC3CCCC3)c2)CCO1;CC(C)C/C=C/C=C/C(=O)Nc1cc(CCC(=O)O)cc(O)c1O;Cn1cnc(CNC(=O)N2CCCC2COc2ccc(F)cc2)n1;Cn1cnc(CNC(=O)NC2CC(C)(C)Oc3cc(F)ccc32)n1;Cn1cc(NC(=O)[C@H]2C[C@H](O)C(=N)N2)cc1C(=O)N/C=C/C(=N)N;O=C(NCC(C(=O)O)C1CCOCC1)C1COc2ccccc2C1;Cc1nnc(CNC(=O)c2ccc(N3CCOCC3)c(F)c2)n1C;O=C(O)COc1cccc(C(=O)N2CCCC3(CCOCC3)C2)c1;O=C(O)COc1cccc(C(=O)N2CCC(C3CCOCC3)C2)c1;Cc1cc(C2CN(C(=O)NCc3ncn(C)n3)CCO2)ccc1F;CC(C)C/C=C/C=C/C(=O)Nc1cc(CCC(=O)O)c(O)cc1O;CC1N(C(=O)c2cccc(OCC(=O)O)c2)CCC12CCOCC2;COc1cc(CCNCc2cc(OC)c(O)c(OC)c2)ccc1O;O=C(O)C1c2ccccc2OCCN1C(=O)CCC1CCOCC1;COc1c2c(cc3c1[C@@H](CC(=O)CCC(C)=O)N(C)CC3)OCO2
m_59bced,Cc1cc(Br)ccc1C(=O)NCC1CN(C)CCO1;O=C(NCCCN1CCOCC1)c1ccccc1Br;CCCNC(=O)CCNC(=O)c1cc(C)cc(Br)c1;Cc1cc(C(=O)NCC(C)(C)C(N)=O)c(C)cc1Br;CC(=O)NC(C(=O)Nc1ccc(Br)c(C)c1)C(C)C;Cc1cc(Br)ccc1NC(=O)CN(C)C(=O)C(C)C;Cc1ccc(CN2CC(C)OC(C(N)=O)C2)c(Br)c1;CCC(C)C(=O)NCC(=O)Nc1ccc(Br)cc1C;CCC(Cc1ccccc1Br)C(=O)NCCC(N)=O;CC1CCN(C(=O)NCc2ccc(Br)cc2)CC1O;NC(=O)CC1(O)CCCN(Cc2ccccc2Br)C1;COc1ccc(Br)cc1CC(=O)N1CCC(CN)C1;NC(=O)CC1(O)CCCN(Cc2cccc(Br)c2)C1;COC1CC(C(N)=O)N(Cc2ccc(C)cc2Br)C1;Cc1ccc(OC(C)C(=O)N2CCC(N)C2)c(Br)c1;NC(=O)CN(Cc1cccc(Br)c1)C1CCOCC1;CC(C)C(O)CNC(=O)c1cc(Br)cnc1C1CC1;COC1CNC(C(=O)NCc2ccc(Br)cc2C)C1;Cc1ccc(OCCC(=O)N2CCC(N)C2)c(Br)c1;CCC1OCCCC1C(=O)Nc1ncc(Br)cc1C;COc1ccc(Br)cc1CCC(=O)N1CCC(N)C1;CCC(=O)N(CC1CCOCC1)c1ccc(Br)cn1;CNCC1CCN(C(=O)c2cc(OC)ccc2Br)C1;O=C(O)c1cc(Br)cc(NCCCN2CCCC2)c1;CC(Cc1ccccc1Br)NC(=O)C1CC(O)CN1
m_5ae66f,Cc1n[nH]c(C)c1C1COCCN1C(=O)c1cccc(C(C)C)n1;Cn1cc(C2(C)CN(C(=O)C(N)Cc3ccccc3)CCO2)cn1;O=C(CCCc1ccccn1)NC1CC(Cn2cccn2)CC1O;Cc1nn(C)cc1C(=O)NCC1OCCN(C)C1c1ccccc1;CC(C)Oc1cccc(C(=O)N2CCC(c3ccnn3C)CC2)n1;CCN1CCOC(CNC(=O)c2cn[nH]c2C)C1c1ccccc1;O=C(NC1CC(Cn2cccn2)CC1O)c1cc2n(c1)CCCC2;CCn1ccnc1C1OCCC1NCc1ccc(C(=O)NC)cc1;Cc1cccc(NC(=O)N2CCOCC2c2c(C)nn(C)c2C)c1;Cc1nn(C)c(C)c1C1COCCN1C(=O)c1cc[nH]c1C1CC1;CCc1ccnc(C(=O)N2CCN(Cc3c(C)noc3C)CC2)c1;CCOc1ccccc1CCNC(=O)NC1CCc2cn[nH]c2C1;CCc1cnccc1C(C)NC(=O)c1c[nH]nc1C1CCOCC1;COCCn1ncc2c1C(NC(=O)c1[nH]ccc1C1CC1)CCC2;CCn1cc(C2CN(C(=O)c3ccc(N(C)C)cc3)CCO2)cn1;Cc1cc(C(=O)N(C)CC2OCCN(C)C2c2ccccc2)[nH]n1;CNC(=O)c1ccc(CNCC2CCOC2c2cnn(C)c2)cc1;Cc1cc(CN2CCN(C(=O)c3cccc(N(C)C)c3)CC2)no1;Cc1cccnc1CCNC(=O)C1CCCOC1c1nccn1C;CN(C)c1ccc(CN2C[C@H](O)C[C@H]2c2nc(C3CC3)no2)cc1;Cc1cccnc1CCNC(=O)c1cc(C2CCOCC2)nn1C;CC(C)c1noc([C@@H]2C[C@H](NC(=O)Cc3ccccc3)CN2C)n1;CCOc1cccnc1C(=O)N1CCC(c2cnn(CC)c2)CC1;CCCS(=O)(=O)NC1CCN(Cc2c(C)nn(C)c2C)CC1;Cc1cc(C)c(CNC(=O)C2CCCOC2c2nccn2C)cn1
m_5bfac3,CC(C(=O)N1CCC(Cc2occc2C(=O)O)CC1)c1ccccc1;O=C(O)c1ccccc1CCC(=O)N1CCCCCC1c1ccco1;COc1c2c(cc3c1[C@H](C[C@H](O)c1ccccc1)N(C)CC3)OCO2;COc1ccccc1C(C)NC(=O)CC(C)(C(=O)O)c1ccccc1;CCC(C(=O)NCCC(O)c1ccc2c(c1)OCO2)c1ccccc1;CCOc1cccc2cc(C(=O)NCCC3=CCCCC3)c(=O)oc12;CC(C)C1CCc2ccccc2C1NC(=O)c1ccoc1CC(=O)O;COc1cccc(C(=O)N[C@H]2[C@H](O)[C@H](O)C[C@@H]2c2ccccc2C)c1;CCc1cc(C)c(C(=O)N2CCC(C(=O)O)(c3ccccc3)CC2)o1;COc1ccc(CC(=O)N[C@H]2[C@H](O)[C@H](O)C[C@@H]2c2ccccc2)cc1;COc1ccc(C2CCN(C(C(=O)O)c3cccc(OC)c3)C2)cc1;COc1ccc(CNC(=O)CCC(=O)c2ccc(C)cc2)cc1OC;COc1cccc(C(C(=O)O)N2CCC(c3ccccc3OC)C2)c1;COc1cc2c(cc1OC)CCN(C(=O)COc1ccccc1)CC2;COc1ccc(CC(=O)N[C@H](CC(C)=O)c2ccccc2)cc1OC;Cc1ccccc1[C@H]1C[C@@H](O)[C@@H](O)[C@@H]1NC(=O)COc1ccccc1;CCc1cccc(C)c1NC(=O)c1cc(C)c(OCC(=O)O)c(C)c1;Cc1c(C(=O)N2CCC(C3CCOC3)CC2)oc(=O)c2ccccc12;COc1ccc(CCNC(=O)[C@H]2OCCc3ccccc32)cc1OC;Cc1ccc(C(C)C(=O)Nc2ccc(C)c(OC(C)C(=O)O)c2)cc1;COc1ccc(OCC(=O)NCCOc2ccc3c(c2)CCC3)cc1;Cc1cc(C)c(OCC(=O)N2CCOc3cc(O)ccc3C2)c(C)c1;COC[C@@H]1CN(C(=O)c2cc(C)oc2C)[C@H]2c3ccccc3OC[C@@H]12;COc1ccc2c(CC(=O)NCCC3=CCCCC3)cc(=O)oc2c1;CCC(C)c1ccc(OCC(=O)Nc2ccc3c(c2)OCCO3)cc1
m_5c710b,O=C(CCc1nnc[nH]1)N1CCN(c2ccccc2Cl)CC1;O=C(NCc1cc[nH]n1)N1CCN(c2ccccc2Cl)CC1;Cn1cc(NC(=O)N2CCN(c3ccccc3Cl)CC2)cn1;O=C(NCc1cc[nH]n1)N1CCN(c2cccc(Cl)c2)CC1;CC(C(=O)N1CCN(c2cccc(Cl)c2)CC1)n1cncn1;CN(C)C(CNC(=O)c1nccnc1N)c1ccccc1Cl;CC(O)C(N)C(=O)N1CCCC1C(=O)NC(CS)C(=O)O;CC(O)C(NC(=O)C1CCCN1C(=O)C(N)CS)C(=O)O;COc1ccc(/C=C/C(=O)c2c(C)[nH]c3ccccc3c2=O)cc1;CSCCC(NC(C)=O)C(=O)NC(CCC(N)=O)C(=O)O;CCn1cc(/C=C2\Oc3cc(OC)ccc3C2=O)c2ccccc21;CN(C)c1ccc(/C=C/C(=O)c2cc3ccccc3oc2=O)cc1;CC(O)C(NC(=O)C(N)CS)C(=O)N1CCCC1C(=O)O;O=C(CCn1cncn1)N1CCNC(c2cccc(Cl)c2)C1;Cc1c(C(=O)c2ccccc2)oc2ccc(NC(=O)C3CC3)cc12;CCn1cc(/C=C2\Oc3cc(O)cc(C)c3C2=O)c2ccccc21;CCn1cc(/C=C2\Oc3c(ccc(O)c3C)C2=O)c2ccccc21;COc1ccc(-c2cc3n(c2)CCc2cc4c(cc2-3)OCO4)cc1;Cc1cccc(-n2ncc3c(Nc4ccc(F)cc4)ncnc32)c1;CN1[C@@H]2CN(C(=O)N3CCOCC3)C[C@@H]2OCCS1(=O)=O;Fc1cc(CNc2cccc(-c3nnc[nH]3)c2)c2ncccc2c1;COc1ccc(NC(=O)C(C)Oc2ccc(F)cc2)cc1OC;CC(O)C(NC(=O)C1CCCN1)C(=O)NC(CS)C(=O)O;CCOc1ccc2c(c1)O/C(=C\c1cn(C)c3ccccc13)C2=O;CNC(=O)c1ccn(C2CCCN(c3ccc(Cl)cn3)C2)n1
m_5c8d41,O=C(CCn1cccn1)NC1CCCOc2cc(Cl)ccc21;O=C(CCCn1cccn1)NC1CCOc2c(Cl)cccc21;CN1C(=O)CCC(NC(=O)c2ccsn2)C1c1ccnn1C;Cc1nn(C)c(C)c1CC(=O)Nc1cc(Cl)cc2c1OCC2;Cc1cc(CC(=O)NC2CCCOc3cc(Cl)ccc32)n[nH]1;CCc1nnsc1C(=O)NCCC(=O)NCc1ccncc1;COc1cc(C(=O)N2CCCCC2c2cn[nH]c2)ccc1Cl;O=C(NCCCn1cccn1)C1COc2ccc(Cl)cc2C1;COc1ccccc1NC(=S)NNC(=O)c1cc(C)n(C)n1;O=C(NCCCn1ccnc1)C1COc2ccc(Cl)cc2C1;Cc1c(CCC(=O)Nc2cc(Cl)cc3c2OCC3)cnn1C;Cn1nccc1CCNC(=O)C1COc2ccc(Cl)cc2C1;COc1cccc(Cl)c1CC(=O)N1CCCC1c1ncc[nH]1;Cc1[nH]ncc1C(=O)N1CCC(Oc2ccccc2Cl)CC1;OC1CC(NCc2cc(Cl)cc3c2OCC3)C1n1cccn1;O=C(COc1ccccc1Cl)N1CCCC(c2ccn[nH]2)C1;Cc1cc(C(=O)N2CCC(Oc3cccc(Cl)c3)C2)n(C)n1;CC1CN(C(=O)CCc2cnn(C)c2)c2cccc(Cl)c2O1;Cc1cccc(OCC(=O)N2CC(Cn3cc(Cl)cn3)C2)c1;Cc1cc(Cl)ccc1OC(C)C(=O)N1CCc2[nH]ncc2C1;COc1ccccc1N/N=C(/C#N)c1nc(O)c2ccccc2n1;Cn1ccnc(N2CCCC(Oc3ccccc3Cl)C2)c1=O;CC(C(=O)N1CCOC(c2ccc(Cl)cc2)C1)n1ccnc1;Cc1cc(C#N)ccc1S(=O)(=O)Nc1nc(C(C)C)nn1C;Clc1cccc(CN2CCOC[C@H](Oc3cnccn3)C2)c1
m_5da1ef,Cc1ccc(CC(C)NC(=O)c2c(C)c(C)n[nH]c2=O)c(C)c1;CCc1cc(NC(=O)c2c(CC)c(CC)n[nH]c2=O)ccc1C;Cc1ccc(CCN(CC2CCCO2)C(=O)c2cc[nH]n2)cc1;Cn1nc(C(=O)NC2CCCC(c3ccccc3)CC2)cc1O;CC(C)CC(NC(=O)c1cnn2c1OCCC2)c1ccccc1;Cc1noc(C2CCC(CNC3CCc4ccccc4C3)O2)n1;CC(C)c1ccc(C(C)CC(=O)Nc2ccn(C)c(=O)n2)cc1;CC(C)(C)c1ccc(-c2noc(CCC(=O)NC3CC3)n2)cc1;CCCn1nc(C)c(C(=O)NC2c3ccccc3CC2O)c1C;Cc1c(C(=O)NC2c3ccccc3CC2O)cnn1CC(C)C;Cc1ocnc1CNC(=O)N1CCCC1CCc1ccccc1;Cc1ccccc1CCC(=O)N1CCN(Cc2ccon2)CC1;CCC(=O)N1CCC(c2nc(Cc3cc(C)ccc3C)no2)C1;CCCC(NC(=O)Cn1cnc(C)c(C)c1=O)c1ccccc1;COC(=O)C1CCn2c(nnc2-c2ccc(C(C)(C)C)cc2)C1;Cc1nnc(C2CN(CCC=Cc3ccccc3)CC(C)O2)o1;CCC(C(=O)N1CCC(c2nc(C)no2)CC1)c1ccccc1;CC(=O)N1CCC(c2nc(Cc3c(C)cc(C)cc3C)no2)C1;COCCc1cc(NC(=O)CC2CC2c2ccccc2)n(C)n1;CC(C)c1nnc(CCC(=O)NC2CCCc3ccccc32)o1;O[C@@H]1C[C@@H](c2nc(C3CC3)no2)N(CCCc2ccccc2)C1;CCC(CO)NC(=O)NC(C)c1ccc(-c2cccnc2)cc1;CCN1OC2(CCN(Cc3ccc(C)c(C#N)c3)CC2)CC1=O;CCCCCCCCCCCCSc1[nH]nnc1C(=O)O;Cc1nc(C(=O)NCC2CCN(c3ccccc3)CC2)c(C)o1
m_5dda21,COCc1ccc(CNc2cccc(N3CCCS3(=O)=O)c2)cc1;Cc1ccc(NC(=O)C2CC3C=CC2C3)cc1N1CCCS1(=O)=O;Cc1ccc(C(=O)NC(C)c2ccccc2NS(C)(=O)=O)c(C)c1;Cc1ccc(C(=O)NC(C)c2ccccc2NS(C)(=O)=O)cc1C;CCS(=O)(=O)Nc1ccc(NC2CCc3ccccc32)cc1OC;Cc1ccc(CC(=O)NC(C)c2ccccc2NS(C)(=O)=O)cc1;CC(C)C(CNS(=O)(=O)c1ccc2c(c1)CCO2)c1cccnc1;Cc1cc(C)cc(C(=O)NC(C)c2ccccc2NS(C)(=O)=O)c1;CC(NC(=O)CCc1ccccc1)c1ccccc1NS(C)(=O)=O;CCCCNS(=O)(=O)c1ccc(NC(=O)c2cccc(C)c2)cc1;Cc1ccc(CN(C)C)cc1NS(=O)(=O)c1ccc2c(c1)CCO2;CCC(C(=O)NCCc1ccc(S(N)(=O)=O)cc1)c1ccccc1;CC(=O)N(C)c1cccc(NC(C)c2ccc(S(C)(=O)=O)cc2)c1;CCCCC(Sc1nc(=O)c(Cc2ccccc2)c(C)[nH]1)C(=O)O;CCS(=O)(=O)NCCNC(=O)Cc1ccc(-c2ccccc2)cc1;CC(C)=CCOc1ccc(C[C@H]2C(=O)N(C)C(=S)C(=O)N2C)cc1;CCOc1ccc(-c2nc(CSCC(=O)NC3CC3)c(C)o2)cc1;CCNS(=O)(=O)c1ccc(CC(=O)NCc2cccc(C)c2)cc1;CC(C)(C)c1nc(CNC(=O)CCc2ccc(C(=O)O)cc2)cs1;CC(C)c1nc(C(C)NC(=O)CCc2ccc(C(=O)O)cc2)cs1;Cc1ccc(CN[C@@H]2CO[C@H](CNC(=O)c3cccs3)[C@H]2O)cc1;CC(NC(=O)N1CCC(S(C)(=O)=O)C1)c1ccc2ccccc2c1;CCN(CC)S(=O)(=O)c1cccc(C(=O)Nc2ccccc2C)c1;COc1c(C)cc(S(=O)(=O)Nc2cccc3c2CN(C)C3)cc1C;Cc1ccc(CNC(=O)CN(Cc2ccccc2)S(C)(=O)=O)cc1
m_5fef1c,CC(c1ccccc1)N(CC1CCC1)C(=O)NC1CCC(=O)N(C)C1;Cc1ccccc1CN1CCCN(C(=O)CC2CCCC(=O)N2)CC1;CN(CC1CCCCN1Cc1ccccc1)C(=O)C1CCCC(=O)N1;CC1CC(NC(=O)C2CCCC(=O)N2)CC(C)N1Cc1ccccc1;CC1CCN(Cc2cccc(CNC(=O)CN3CCCC3=O)c2)CC1;CC(=O)N1CCN(C(=O)CN2CCCCC2Cc2ccccc2)CC1;CC(=O)N1CCN(C(=O)CN2CCC(c3ccccc3C)CC2)CC1;CNC(=O)[C@@H](Cc1ccccc1)N1CCC[C@H]1C(=O)N1CCCCC1;CC(=O)N1CCN(C(=O)CN2CCC(Cc3ccccc3)C2C)CC1;Cc1ccc(C(=O)NC(C(=O)N2CCN3CCCC3C2)C(C)C)cc1;CC1CC(N(C)C(=O)CNC(=O)C2CC2)CCN1Cc1ccccc1;CN(C)CCN1CC(C(=O)N2CCC(Cc3ccccc3)C2)CC1=O;CC1CN(Cc2ccccc2)CCCN1C(=O)CCN1CCCC1=O;CCc1ccc(C(=O)N2CCCC(CNC(=O)C3CCCN3)C2)cc1;CC(NC(=O)N1CCCC1c1ccccc1)C(=O)N1CCCCC1C;O=C1NCCCCC1NC(=O)N1CCC(CCc2ccccc2)CC1;C[C@@]1(CO)CN(Cc2ccccc2)C[C@@H]2CN(C(=O)C3CC3)CCN21;Cc1cccc(C(=O)N2CCCC(CNC(=O)C3CCCN3)C2)c1C;Cc1ccc(CN2C[C@H]3CN(C(=O)CC(C)(C)C)CCN3C2=O)cc1;O=C(NCC1CC1c1ccccc1)N1CCCC1CN1CCOCC1;O=C(CN1CCCCC1Cc1ccccc1)NCC(=O)N1CCCC1;NC(=O)Cc1ccc(CNC(=O)N2CCCC(C3CCCC3)C2)cc1;CC(C)N1CC2(CN(C(=O)Cc3ccccc3)C[C@@H]3C[C@@H](O)CN32)C1;CCC1CN2CCCCC2CN1C(=O)CNC(=O)Cc1ccccc1;Cc1ccc(CN(Cc2nnc(C3CCCOC3)o2)C(C)(C)C)cc1
m_6007c7,CCn1ccnc1CN(C(=O)c1ccc(C(N)=O)cc1)C1CC12CCNCC2;O=C(NC1CCN(C(=O)c2ccccc2)CC1)N1CCC(n2ccnc2)CC1;Cn1cncc1CN1CC2(C1)CN(C(=O)c1ccccc1)C[C@@H]1COCCN12;COc1ccc2c(=O)n(CC3CCN(CCn4cc(C)cn4)CC3)cnc2c1;O=C1OC2(CCN(Cc3cnc[nH]3)CC2)C2CN(Cc3ccccc3)CCN12;CC(=O)N1CCN(Cc2ccc(NC(=O)c3cc(C4CC4)n(C)n3)cc2)CC1;Cc1cc(C)nc(NCCCC(=O)N2C[C@H]3C[C@@H](C2)c2cccc(=O)n2C3)n1;CC(C)=CC(=O)O[C@@H](C)[C@@](O)(C(=O)OCC1=CCN2CC[C@@H](O)[C@@H]12)C(C)C;N[C@H](Cc1ccccc1)C(=O)N1CCC[C@H]1C(=O)NCCNc1ccncc1;Cn1cc(CN[C@@H]2C[C@H](Cn3cc(C4CC4)nn3)[C@@H](O)[C@H]2O)c2ccccc21;CN(C)CC(=O)Nc1ccc2n(c1=O)C[C@H]1C[C@@H]2CN(Cc2ccccn2)C1;CN(C)Cc1ccc(C(=O)NCC(=O)N2CCN(c3ccccc3)CC2)cn1;CC(C)(C)C(=O)N1CCC2(CC1)CC(=O)N(Cc1ccncc1)c1ccnn12;Cc1cccc(CC(=O)NCC(=O)N2CCC3(CC2)NCCc2nc[nH]c23)c1;Cc1cnn(C2CCN(CC(=O)N3c4ccccc4NC(=O)CC3C)CC2)c1;Cc1nnc2n1CCN(C(=O)C1Cc3ccccc3CN1C(=O)CC(C)C)C2;CC(C)NC(=O)N1CC2(C1)C(c1ccccc1)C(CO)N2Cc1cncnc1;O=C(NCc1ccccc1)[C@@H]1Cc2[nH]cnc2CN1C(=O)NC1CCCCC1;Cc1ccc(C)c(OCC(O)Cn2cnc3c(N4CCCC4)ncnc32)c1C;C=CCN(C)C(=O)[C@H]1CN2CC[C@@H]1C[C@@H]2Cn1cc(-c2cccc(O)c2)nn1;C/C=C(\C)C(=O)O[C@H](C)[C@@](O)(C(=O)OCC1=CCN2CC[C@H](O)[C@@H]12)C(C)C;O=C1C(N2CCN(Cc3nnc(C4CC4)o3)CC2)CCCN1c1ccccc1;O=C(NC1CC1)[C@H]1C[N@]2CC[C@H]1C[C@@H]2Cn1cc(COc2ccccc2)nn1;CC(C)=CC(=O)O[C@@H]1CCN2CC=C(COC(=O)[C@](O)(C(C)C)[C@H](C)O)C12;Cc1ccc(NCc2cc(-c3cnn(C)c3C)no2)cc1C(=O)N(C)C(C)C
m_60e7b1,CS(=O)(=O)c1ccc(N2CCCC(Cn3ccnn3)C2)nc1;CS(=O)(=O)c1ccc(N2CCCC(n3ccnn3)CC2)nc1;COc1ccc(-n2nc(C(=O)NC3(C(F)F)CC3)cc2C)cc1;CN(Cc1ccncc1)C(=O)NCCOc1ccc(F)c(F)c1;N#Cc1ccc(CNCCc2coc(-c3ccc(F)cc3)n2)cc1;CCn1ncc(Cl)c1C(=O)NC(C)(C)c1ccccc1OC;O=C(c1cccc(-n2cccn2)c1)N1CCCc2cc(F)ccc21;O=S(=O)(NC1CCN(c2nccn3nccc23)CC1)C1CC1;Cc1nc(NS(=O)(=O)c2cn(C(C)C)cn2)cc(C2CC2)n1;CCOc1ccc(CN(C)C(=O)CSc2nnnn2C)cc1;Cc1nnc(-c2ccc(C(=O)N3CCCCC3C(F)F)cc2)o1;O=C(Nc1cnn(CC(F)F)c1)c1cccc(C2CCOC2)c1;O=C(NCc1ccncc1)NCc1cccc(OCC(F)F)c1;CCN(Cc1ccc(OC)cc1)C(=O)c1c(Cl)cnn1CC;CC(NC(=O)NCCOc1ccc(F)c(F)c1)c1ccncc1;CC(C)(C(=O)O)C1(O)CCN(S(=O)(=O)C2CCOC2)CC1;CN(C1CCCN(c2ncnc3cnccc23)C1)S(C)(=O)=O;O=C(NC1CCc2ccc(F)cc21)c1cn[nH]c1-c1ccccc1;CCOC(=O)c1csc(C2CCCN2Cc2ncnn2C)n1;COc1ccccc1-n1nnnc1SCC(=O)NC(C)(C)C;Cn1ccnc1C1OCCC1C(=O)NCc1ccc(F)c(F)c1;O=C(CN1CCCC1=O)N1CCN(c2cccc(Cl)c2)CC1;COc1ccc(-n2cnnc2SCC(=O)N(C)C(C)C)cn1;COc1cccc(C2(C(=O)Nc3ccn(CC(F)F)n3)CC2)c1;O=C(NCc1cc(F)ccc1F)C1CCCOC1c1ncc[nH]1
m_6105c1,NC(=O)CC1(O)CCCN(Cc2nncn2-c2ccccc2)C1;COCC1(C(N)=O)CCCN1Cc1ncnn1-c1ccccc1;O=C(NCc1nncn1-c1ccccc1)NC1CCC(O)CC1;NC(=O)CC1(O)CCCN(Cc2cnn(-c3ccccc3)n2)C1;COCC1(C(N)=O)CCCN1Cc1cnn(-c2ccccc2)n1;CN1CC(O)C(CC(=O)NCc2cccc(-c3nnc[nH]3)c2)C1;COC1CC(C(=O)NCc2cccc(-n3cncn3)c2)N(C)C1;CCOC(=O)C1CCCN(Cc2nnnn2-c2ccccc2)C1;CC(=O)NC1CCCN(C(=O)Cn2cc(-n3cccc3)cn2)C1;CCC(NC(=O)c1ccc(-n2cnnc2)cc1)(C(N)=O)C(C)C;CC(=O)N1CCCN(C(=O)CN(C)c2ccc(C#N)cn2)CC1;CN1CCOC(C(=O)NCCc2nc(-c3ccccc3)n[nH]2)C1;O=C(NCc1cccnc1-n1cccn1)NCC1CCCOC1;COCCn1nnc(C2(NC(=O)c3ccccc3)CCCC2)n1;CCOC(=O)C1CCN(Cc2nnnn2-c2ccccc2)CC1;CCC1COCCN1C(=O)NCc1cn(-c2ccccc2)nn1;CNC(=O)C(CC(C)C)NC(=O)c1cnn(-c2ccccc2)n1;Cn1nccc1-c1ccc(CNC(=O)NC2CCOCC2)cn1;O=C(NCc1nc(-c2ccccc2)n[nH]1)NC1CCC(O)CC1;Cc1nc2ccnn2c(C)c1C(=O)N1CC2OCCN(C)C2C1;COCCC1(CNC(=O)Nc2cccc(-n3ccnn3)c2)CC1;c1ccc(-c2nnc3n2C2(CCCCC2)Cc2ccccc2-3)cc1;CNC(=O)NCC(=O)N1CCCC1Cn1cnc2ccccc21;CC(NC1CCOCC1)C(=O)Nc1ccc(-n2cncn2)cc1;CC(O)CN1CCN(C(=O)c2c[nH]nc2-c2ccncc2)CC1
m_610a9f,COc1ccccc1-n1ncc(C(=O)N2CC(CN(C)C)C2)c1C;CCCn1nc(C(=O)N2CCN(C)CC2C)c2ccccc2c1=O;Cc1nn(-c2ccccc2)cc1CNC(=O)N(C)CC1(CO)CC1;CNCC1CCN(C(=O)c2cnn(Cc3ccc(OC)cc3)c2)C1;CC1CN(C)CCN1C(=O)CCCc1nnc(-c2ccccc2)o1;NC(=O)c1cn(-c2ccccc2)nc1C1CCCN(CCCO)C1;Cc1nn(-c2ccccc2)c(C)c1CNC(=O)C1NCCOC1C;Cc1ccccc1-n1nc(C)c(CNC(=O)N2CCOCC2)c1C;Cc1nn(-c2ccccc2)c(C)c1CNC(=O)NCC1CCOC1;CCc1c(C(=O)N2CC(C)OC(C)(C)C2)cnn1-c1ccccn1;COC(=O)C1(C)CCN(Cc2c(C)nn(-c3ccccn3)c2C)C1;CN1CCN(CC(=C2N=C(c3ccccc3)OC2=O)N(C)C)CC1;CC1CN(C(=O)NCc2cccc(-c3cnn(C)c3)c2)CC1CO;CC[C@@](C)(O)C[C@@H](C)/C=C\[C@H]1O[C@@H]2[C@@H](C(=O)O[C@@H]2C)[C@@H](O)[C@@H]1O;CCCCC[C@H]1OC(=O)[C@@H](C)C(=O)C[C@H](OC(C)=O)CC[C@@H]1O;Cc1cc(C)n(-c2cccc(NC(=O)C(N)C3CCOCC3)c2)n1;CC(C)c1nn(-c2ccccc2)cc1CNC(=O)C1COCCN1;CN1CCC(Oc2ccc(CNC(=O)c3ccnn3C)cc2)CC1;CN1CCN(CCOc2ccc(NC(=O)c3ccc[nH]3)cc2)CC1;Cc1nc(-c2ccco2)ccc1C(=O)NCCN1CCN(C)CC1;COC1CC(C(=O)Nc2cnn(-c3ccc(C)cc3C)c2)N(C)C1;COC1CC(C(=O)NCc2ccccc2Cn2cccn2)N(C)C1;CN1CCC(N2C[C@H](O)C[C@H]2c2nc(-c3ccccc3)no2)CC1;CN1CCC(NC2(Cc3cc(-c4ccccn4)on3)COC2)CC1;COc1ccccc1N1CCN(C(=O)c2c(C)nn(C)c2C)CC1
m_612431,Cc1cnn(CCNC(=O)c2cc(C3CC3)nn2C(C)(C)C)c1;CCCCCCCCCCC(=O)NC(CCC(=O)O)C(=O)O;Cc1nc([C@H]2CC[C@@H](O)[C@H](NC(C)C)C2)n(-c2cccnc2)n1;CCCCCCCCCC(=O)NC(CCCC(=O)O)C(=O)O;CC(C)N[C@@H]1C[C@@H](c2nc(-c3cccnc3)nn2C)CC[C@H]1O;CCCCCCCCCC(=O)CC(=O)NC(CCO)C(=O)O;CCCCC(CC)CNC(=O)CC(C)OC(=O)CCC(=O)O;COCC1CCCN(Cc2nnnn2-c2c(C)cccc2C)C1;CCCCCCCCCCCC(=O)NC(CC(=O)O)C(=O)O;CC(CNC(=O)c1nc2ccccc2[nH]1)CN1CCN(C)CC1;Cc1cnn(-c2cccc(N3CC(C)N(CCO)C(C)C3)n2)c1;CC(C)C[C@@](O)(C(=O)OC[C@H]1CC[N@@+]2([O-])CCC[C@@H]12)[C@H](C)O;Cc1nn(C)c2ncc(CNCC3CN(C4CC4)CCO3)cc12;COCCOC[C@]1(CNC(=O)C2CCCC2)C[C@@H](O)[C@@H](O)C1;CNc1ccc(-c2noc([C@@H]3CCCN3CC(C)(C)C)n2)cn1;CC(C)CN1CCC[C@H]1c1nc(-c2ccc(N(C)C)nc2)no1;CCC(C)C(O)(C(=O)OC[C@@H]1CC[N+]2([O-])CCC[C@@H]12)C(C)O;CCn1cnnc1C1CN(Cc2cccc(C(C)C)n2)CCO1;Cn1cncc1-c1nnc([C@H]2CCN(CC3CCCCC3)C2)o1;CCCCOc1ccc(NC2=NC3(CCCC3)N=C(N)N2)cc1;Cc1[nH]nc2ncc(C(=O)N3CCN(CCC(C)C)CC3)cc12;CCn1c(CNC(=O)CN2CCN(C)CC2)nc2ccccc21;Cc1nn(CCC#N)c(C)c1[C@@H]1C=C[C@@H](NC(=O)NC(C)C)C1;CC(C)c1cc(C(=O)N2CCCC(Cc3nccn3C)C2)n[nH]1;CCCCCC=CC=CCNC(C=O)C(O)C(O)C(O)CO
m_62973b,O=C(CS(=O)(=O)C1CCOCC1)N1CCCCC1;CC(C(=O)NC1CCCC1)S(=O)(=O)C1CCOC1;COC1CCCC1NC(=O)C1(S(C)(=O)=O)CCC1;CC1(C(=O)N2CCC(CS(C)(=O)=O)CC2)COC1;Cn1nnnc1SCCNCC=Cc1ccccc1;COC1CCN(C(=O)C(C)(C)S(=O)(=O)C2CC2)C1;O=C(NS(=O)(=O)CC1CCCCO1)C1CCCC1;CC1COCCN1C(=O)C1(S(C)(=O)=O)CCCC1;CC1CC(C)C(C(=O)NC2(C)CCS(=O)(=O)C2)O1;CNCCN(Cc1ccc(Cl)cc1)c1ccccn1;C=CCNC(=O)NCc1nc(-c2ccc(F)cc2)n[nH]1;C=CCSCC(NC(CC(C)C)C(=O)O)C(=O)O;COCC1(C(=O)N2CCCS(=O)(=O)CC2)CCC1;CCOC(=O)C1CN(C(=O)OC(C)(C)C)CCS1;COc1ccc(Cc2nnnn2CCCC#N)cc1F;O=C(O)C1CCN(S(=O)(=O)CC2CCCCC2)C1;COC1CC(N(C)S(=O)(=O)C2COC2)C12CCC2;O=C(NCc1nc(-c2ccc(F)cc2)n[nH]1)NC1CC1;Cc1cc(N2CCN(c3nccs3)CC2)nc(C)n1;CCn1c(SC(C)C2CC2)nnc1-c1cnccn1;O=C(c1cn[nH]n1)N1CCN(c2ccc(F)cc2)CC1
m_62dd85,O=C(NCCS(=O)(=O)Nc1ccccc1)C1C2CCCCC21;O=C1CCCN1c1ccc(NS(=O)(=O)C2CCCCC2)cc1;CN(c1ccc(C(=O)NC2CC3CCC2C3)cc1)S(C)(=O)=O;C=CCN1CCC(N(C)S(=O)(=O)c2ccc(C)c(C)c2)C1=O;CC(C)S(=O)(=O)Nc1ccc2c(c1)CN(C(=O)C1CC1)CC2;C=C(C)CN(CC)C(=O)c1cc2c(c(S(N)(=O)=O)c1)CCC2;COCCc1ccc(S(=O)(=O)N(C)C(C)(C#N)C2CC2)cc1;CC1CCC(C(N)=O)CN1S(=O)(=O)c1ccc2c(c1)CCC2;CC(C)(C#N)c1ccc(NS(=O)(=O)CC2CCCCO2)cc1;CS(=O)(=O)CC(NC(=O)NC1C=CCCC1)c1ccccc1;C[C@H]1C[C@H]2NC(=O)C[C@H]2[C@@H]1CNS(=O)(=O)Cc1ccccc1;CC[C@H]1CN(S(C)(=O)=O)CC[C@H]1CC(=O)NCCSC;CSCCCCCCCCC(=NO)SC[C@H](N)C(=O)O;CCc1ccccc1S(=O)(=O)NCc1oc(C(C)C)nc1C;O=C(NC1CCCCC1)NS(=O)(=O)c1ccc2c(c1)CCC2;CCCC(=O)N1CSCC1C(=O)NCc1cccc(OC)c1;CC(C)(C)NS(=O)(=O)c1ccccc1NC(=O)C1CC=CC1;NC1CCN(C(=O)CCS(=O)(=O)c2ccc3c(c2)CCC3)C1;CC(=O)Nc1ccc(S(=O)(=O)NCC2CC3CCC2C3)cc1;CS(=O)(=O)c1ccccc1CCNC(=O)C1CC(N)C2CC12;CC(NCc1c(F)cccc1Cl)c1nnc2n1CCCCC2;C=CCNC(=O)C1(NS(=O)(=O)c2ccccc2)CCCCC1;CN(C)C(CNS(=O)(=O)CCc1ccccc1)c1ccco1;CCCS(=O)(=O)NCCc1cc2cc(C)c(C)cc2[nH]c1=O;CCn1cnnc1C1CCN(Cc2ccc(Cl)cc2F)CC1
m_637284,CCC(Cc1ccccc1C(F)(F)F)NC(=O)Cc1ncc[nH]1;CC(CCc1ccccc1)NC(=O)Cn1ccc(C(F)(F)F)n1;Cc1c[nH]nc1CN1CCOC(c2ccccc2C(F)(F)F)C1;COc1cccc(CC(=O)Nc2ncccc2OCCCC#N)c1;CN1C(=O)CC(NC(=O)Cc2cccc(O)c2)C1c1cccnc1;Cn1cncc1CN1CC(O)CC1c1cccc(C(F)(F)F)c1;CCCCC#Cc1ccc(C(=O)NNC(=O)Nc2ccccc2)o1;CC(Oc1ccccc1)C(=O)NCCn1cc(-c2ccoc2)cn1;COc1ccccc1CC(=O)Nc1ncccc1OCCCC#N;COc1ccc(/C=N/NC(=O)CNC(=O)Cc2ccccc2)cc1;CNC(=O)N=c1ccn(C2CCC(COC(=O)NC)O2)c(O)n1;CCN(C(=O)Cn1ccc(C(F)(F)F)n1)c1cc(C)ccc1C;COc1cccc(/C=N/NC(=O)C(=O)NCCc2ccccc2)c1;C#CCCC1(CCC(=O)NC2CC(C(=O)O)c3ccccc32)N=N1;c1cncc(CO[C@H]2COCCN(c3nc4ccccc4o3)C2)c1;Cc1cc(C2CCCN2C(=O)COc2ccc(CC#N)cc2)no1;Cc1ccc(N2CCC(NC(=O)c3ccn(C)c(=O)c3)C2=O)cc1;Cc1cc(C2CCCN2C(=O)COc2ccc(CC#N)cc2)on1;CCCc1cc(C(=O)NCC(c2ccccc2)C(F)(F)F)[nH]n1;COc1ccc(/C=N/NC(=O)CCNC(=O)c2ccccc2)cc1;CC(=O)Nc1cc(C(C)=O)n(CCc2c[nH]c3ccc(O)cc23)c1;COC1CC(c2ncc[nH]2)N(C(=O)c2cc3cccc(C)c3o2)C1;COC(=O)[C@@H]1Cc2ncn(C)c2CN1Cc1cc2ccccc2o1;COc1ccccc1CC(C)OC(=O)c1cnc2c(c1)ncn2C;Cn1cc(CNC(=O)C(C)(C)c2cccc(C(F)(F)F)c2)cn1
m_64030c,Cc1ccc(-c2nnc(CCC(=O)N3CCCC(C)CC3)o2)cc1;COc1ccc(-c2nnc([C@H]3CCN(C4CCCCC4)C3)o2)cc1;COc1ccccc1-c1nnc([C@H]2CCN(C3CCCCC3)C2)o1;CC1(C)CCC(C(=O)NCCc2nnc(-c3ccccc3)o2)CC1;CN(C(=O)NCCc1coc(-c2ccccc2)n1)C1CCCCC1;OC1CCCCC1C1CCCN1Cc1nnc(-c2ccccc2)o1;Cc1cccc(-c2noc([C@@H]3C[C@@H](O)CN3C3CCCCC3)n2)c1;CC1=C[C@@H](CO)[C@H](C(C)C)C[C@H]1Cc1nnc(-c2ccncc2)o1;O[C@@H]1C[C@@H](c2nc(Cc3ccccc3)no2)N(C2CCCCC2)C1;CC1CN(C)CCN1C(=O)CCCc1ncc(-c2ccccc2)o1;O[C@@H]1C[C@@H](c2nc(-c3ccccc3)no2)N(CC2CCCCC2)C1;N#CC1C(c2ccccc2)C(CO)N1C(=O)CCN1CCCCC1;Cc1cccc(CCc2nc(CC(=O)NC3CCCCC3)no2)c1;COCc1c(C(=O)N2CC(C)CC(C)C2)cnn1-c1ccccc1;Cc1cc(C)n(Cc2cccc(C(=O)N3CCOCC3(C)C)c2)n1;O=C(O)C[C@@H]1CCN(CC2CC2)C[C@@H]1Cc1nc2ccccc2[nH]1;CN(C)C(=O)CC1CCN(C(=O)NCC#Cc2ccccc2)CC1;CC(C)(C)OC(=O)N1CCCC(c2ncc(-c3ccccc3)[nH]2)C1;COC1CC(CN(C)C(=O)c2ccc(-c3ccccc3)[nH]2)N(C)C1;O=C(c1ccccc1)N1CCN2C(=O)N(C3CCCCC3)C[C@H]2C1;Cc1nc(CCC(=O)N2CC(C)NC(C)C2)oc1-c1ccccc1;O=C(O)C[C@@H]1CCN(C2CCC2)C[C@@H]1Cc1nc2ccccc2[nH]1;Cn1ccc2ccc(NC(=O)N3CCC(C(C)(C)C)C3)cc2c1=O;CC(C)(O)CN(C1CC1)C1CCCN(c2ccc(C#N)cc2)C1=O;CC1=C[C@@H](CO)[C@H](C(C)C)C[C@H]1Cc1nnc(-c2cccnc2)o1
m_64306c,CCOc1ccc(S(=O)(=O)NC2CCCN(c3ccnn3CC)C2=O)cn1;CCOc1ccc(S(=O)(=O)NC2CCCN(c3cc(C)nn3C)C2=O)cn1;Cc1cc2n(n1)C1(CCN(S(=O)(=O)c3c(C)noc3C)CC1)CC(=O)N2C;CC(=O)c1cccc(N2C(=O)[C@@H]3C[C@@H](NC(=O)c4cnccn4)CCN3C2=O)c1;O=C(Nc1ccccc1C(=O)NCCCn1ccnc1)c1ccc([N+](=O)[O-])cc1;CCOc1ccc(-n2ccnc2SCC(=O)N2CCCc3ccccc32)cc1;COc1ccc(-c2nc(C)c(C(=O)N3CCCC[C@H]3c3cccnc3)s2)cc1;COc1ccc(-c2nc(NCCc3c[nH]c4ccc(OC)cc34)sc2C)cc1;Cn1c(CO)nc2cc(NC(=O)C[C@H]3NC(=O)c4ccccc4NC3=O)ccc21;O=C(Nc1ccc(N2CCN(C(=O)c3ccco3)CC2)cc1)c1ccccc1F;NC(=O)C1CCN(c2nc(-c3ccc(OCc4ccccc4)cc3)cs2)CC1;CCc1ccc(C2CN(C(=O)Cc3csc(-c4cccnc4)n3)CCO2)cc1;Cc1cc(C)c(N2C(=O)NC(=O)C(=CNNC(=O)c3ccncc3)C2=O)c(C)c1;CNC(=O)[C@@H]1Cc2ccccc2CN1C(=O)CC(c1ccsc1)n1cccc1;O=C(Cn1c(=O)cc(C(=O)N2CCCC2)c2ccccc21)Nc1ccc(F)cc1;O=C(CC(c1ccsc1)n1cccc1)N1C[C@H]2C[C@@H](C1)c1cccc(=O)n1C2;Cn1c(=O)n(C)c2cc(NC(=O)C[C@H]3NC(=O)c4ccccc4NC3=O)ccc21;O=C(Nc1ccc(OCc2noc(C3CC3)n2)cc1)C1(c2ccc(F)cc2)CC1;COc1cc(CNC(=O)c2c3c(nn2C)C(C)OC(C)C3)cc(Cl)c1OC;CC(C)C(NC(=O)Cn1cnc2c(oc3ccccc32)c1=O)c1ccc(F)cc1;O=C(NC1CCN(C(=O)c2ccc(-c3ccc(F)cc3)o2)CC1)c1cccnc1;O=C(Nc1ccccc1)O[C@@H]1CO[C@H]2[C@@H]1OC[C@@H]2n1nnnc1-c1ccccc1;O=C(Nc1ccccc1)O[C@@H]1CO[C@H]2[C@@H]1OC[C@@H]2n1cc(-c2ccccn2)nn1;Cc1ccc(S(=O)(=O)N/N=C(\c2ccccc2)c2ccc(N(C)C)cc2)cc1;Cc1nccn1-c1ccc(Sc2cccc(C3(C(N)=O)CCOCC3)c2)cc1
m_65a7ff,Cc1nc(COc2ccc(C(=O)N3CCCC3c3ccncc3)cc2)no1;O=C(c1ccc(Oc2cccnc2)cc1)N1CCCCCC1c1ncon1;Cc1ccc2nc(C3CC3)cc(C(=O)N3CCOCC3c3ncon3)c2c1;CNC(=O)C(=O)Nc1ccccc1C(=O)NCCc1c[nH]c2ccccc12;O=C(c1cnc2[nH]c(=O)[nH]c2c1)N1CC2(CCOCC2)C1c1ccccc1;O=C(Cn1nc(-c2ccco2)ccc1=O)N1CCCC[C@H]1c1cccnc1;C[C@@H](c1ccccc1)N1C(=O)[C@@H]2CN(C(=O)c3cccnc3)CCN2C1=O;COc1cc(O)c2c(c1)/C=C\C[C@H](O)[C@H](O)[C@H](O)/C=C\C[C@H](C)OC2=O;O=C(NC1CCN(Cc2ccncc2)CC1)c1cccnc1C(F)(F)F;C=C(C)C#Cc1cc(CO)ccc1O[C@@H]1O[C@H](CO)[C@@H](OC)[C@H](O)[C@H]1O;COc1cnccc1-c1noc(C2CCC(=O)N(C)C2c2ccccc2)n1;C/C=C/C=C/[C@H]1Cc2cc(O)cc(O[C@@H]3O[C@@H](C)[C@H](O)[C@@H](O)[C@H]3O)c2O1;COc1ccccc1OCc1nc(-c2ccc3ncn(C(C)C)c3c2)no1;Cc1noc(-c2ccccc2C(=O)N2CCN(c3ccccc3O)CC2)n1;COc1cc2c(cc1OC)CN(C(=O)c1cc(-c3cccnc3)n[nH]1)CC2;COC(=O)Nc1cccc(C(=O)Nc2cc(C)nn2-c2ccc(C)cc2)c1;COc1ccc(OCC(=O)NN=C(C)c2ccc(-n3ccnc3)cc2)cc1;COC(=O)C[C@@H](O)CCCCc1cc(=O)c2c(OC)cc(OC)cc2o1;NC(N)=NCCCC(NC(=O)C(CO)NC(=O)C(N)CS)C(=O)O;NC(N)=NCCCC(NC(=O)C(CS)NC(=O)C(N)CO)C(=O)O;CONC(=N)c1ccc(-c2ccc(-c3ccc(C(=N)NOC)cc3)o2)cc1;COc1ccc(C(=O)N2CCN(c3ccc(-c4ccco4)nn3)CC2)cc1;NC(N)=NCCCC(N)C(=O)NC(CO)C(=O)NC(CS)C(=O)O;CCN(Cc1ccc2[nH]ccc2c1)C(=O)Nc1ccc2c(c1)NC(=O)CO2;O=C(Cn1ccc2c([N+](=O)[O-])cccc21)N1CCCC[C@H]1c1cccnc1
m_6817b1,O=C(c1cnccn1)N(Cc1c(F)cccc1F)C1CCCC1;O=C(NCc1ccncc1)N(Cc1ccc(F)cc1F)C1CC1;Cc1nccnc1C(=O)N1CCC(c2ccc(F)c(F)c2)C1C;O=C(c1n[nH]c2c1CCC2)N1CCCC1c1ccc(F)c(F)c1;COc1cc(CN(C)C(=O)c2cnccn2)cc(OC)c1OC;CN1CCC(NC(=O)c2ccccn2)C1c1ccc(F)c(F)c1;CCn1cc(C(=O)NCCc2ccc(OCC(=O)O)cc2)cn1;Cc1c(C(=O)NCCc2ccc(OCC(=O)O)cc2)cnn1C;NC(=O)CC[C@H](NC(=O)/C=C/C=C/c1ccc(N)cc1)C(=O)O;CC1CCn2ncc(C(=O)N3CCc4cc(F)c(F)cc43)c2C1;Oc1ccccc1CN[C@@H]1C2CO[C@H](O2)[C@H](n2ccnc2)[C@H]1O;Oc1ccccc1CN[C@@H]1C2CO[C@H](O2)[C@H](n2cccn2)[C@H]1O;COC(=O)c1cc(CN(C)C(=O)c2cc(C3CC3)[nH]n2)oc1C;O=C(c1cccc(F)c1F)N1CCN(Cc2cccnc2)CC1;CC1CCn2ncc(C(=O)N3CCc4c(F)cc(F)cc43)c2C1;CC1CN(C(=O)c2ccc(OCC(F)(F)F)nc2)CC(C)N1;Cc1oc(CNC(=O)c2ccn(C3CCCC3)n2)cc1C(=O)O;Cc1cc(NC(=O)c2cccc(OCC(=O)O)c2)nn1C(C)C;COCc1cc(C(=O)NC2CCCOC2c2ccncc2)no1;O[C@@H]1[C@@H](n2cnc3ccccc32)[C@@H]2OCC(O2)[C@H]1NC1COC1;CC1CCCN(C(=O)Cc2csc(NCC(F)F)n2)C1C;CCc1nc(C(C)NC(=O)NC2CCC(F)(F)CC2)cs1;COc1ccc(NC(=O)CCn2nc(C)cc2C)c(C(=O)O)c1;CCn1nc(C)c(C(=O)Nc2cccc(OCC(=O)O)c2)c1C;Cc1ccnc(C(NC(=O)Cc2ccc(F)c(F)c2)C2CC2)n1
m_6b66aa,Cc1cc(S(=O)(=O)Nc2cc(Cl)ccc2O)ccc1F;O=C(CSc1nnc2sc3ccccc3n12)c1ccco1;Nc1nc(N)nc(-c2cc3ccccc3cc2Br)n1;O=C1c2cc([N+](=O)[O-])ccc2-c2c1cc([N+](=O)[O-])cc2[N+](=O)[O-];COc1cccc(S(=O)(=O)Nc2ccc(F)c(Cl)c2)c1;COc1ccccc1S(=O)(=O)Nc1ccc(F)c(Cl)c1;COC(=O)[C@@H]1Cc2cc(Br)c(OC)c(O)c2CN1;COc1ccc(Cl)cc1S(=O)(=O)Nc1ccccc1F;C[As](C)(=O)CCCC(=O)NCCS(=O)(=O)O;COC(=O)[C@@H]1Cc2cc(O)c(OC)c(Br)c2CN1;Nc1c(S/C=C/Cl)ccc2c1C(=O)c1ccccc1C2=O;O=C(Nc1ccc(I)cc1)C1CCCC1;O=c1c2sccc2ncn1Cc1ncc(-c2cccs2)o1;O=C(OCc1cccnc1)c1cc2c(nc3sccn32)s1;COc1cc(Br)ccc1C(=O)NCCCC(=O)O;O=C(c1cc(Br)co1)N1CCOCC12CCOC2;COc1ccc(Cl)cc1C[S+]([O-])Cc1csc(C)n1;Brc1ccc2ncnc(NCc3ncccn3)c2c1;O=c1c2sccc2ncn1Cc1cc(-c2cccs2)on1;CC1CCC(C(=O)O)CN1C(=O)c1occc1Br;COCCC(=O)Nc1cc(Br)cc(C(=O)O)c1C;COc1cc(C(=O)N(C)CCC(=O)O)ccc1Br;COc1cc(Br)ccc1C(=O)NCC(C)C(=O)O;O=C(NC1CCC(C(=O)O)CC1)c1occc1Br;COCC(=O)NC(CC(=O)O)c1cccc(Br)c1
m_6d224e,CCN1CCN(C(=O)Cc2csc(NC(=O)c3cccs3)n2)CC1;COc1ccccc1C(CNC(=O)c1ccc(Cl)s1)N1CCCC1;CCNC(=O)N1CCC(NC(=O)c2sc(-c3ccsc3)nc2C)C1;CCc1ccc(C(C)=NNC(=O)C(C)Oc2ccc(Cl)cc2C)s1;CC(C)C(=O)N1CCC(C(=O)Nc2nc(-c3cccs3)ns2)CC1;O=C(NCc1nccs1)C1CCC(C(=O)NCc2nccs2)CC1;CC(C)c1cnc(NC(=O)C2(c3ccc(Cl)cc3)CCOCC2)s1;COCc1nc(C(=O)NCC2(c3ccc(Cl)cc3)CCCC2)cs1;O=C(Oc1ccc([N+](=O)[O-])cc1)N(Cc1ccccc1O)c1ccccc1;COc1cc([C@@H]2Oc3ccc4[nH]cc5c4c3[C@H]2C(=O)NCC5=O)ccc1O;CC(C)C(=O)N1CCN(S(=O)(=O)c2ccccc2C(F)(F)F)CC1;NC(=O)CC(N)C(=O)NC(CCC(=O)O)C(=O)NC(CS)C(=O)O;NC(=O)CC(NC(=O)C(N)CCC(=O)O)C(=O)NC(CS)C(=O)O;Cc1sc2ncnc(SCCC(=O)NC3CCCNC3=O)c2c1C;COC(=O)CCCC#CC#C/C=C/CCCCCC/C=C/Br;O=C(Nc1ccccc1CC(F)(F)F)c1cccc(N2CCOC2=O)c1;CC(N)C1CCCCN1C(=O)c1ccc(S(=O)(=O)C(F)(F)F)cc1;COC(=O)CCCCCC#C/C=C/CCCCC#C/C=C/Br;NC(=O)CCC(NC(=O)C(N)CC(=O)O)C(=O)NC(CS)C(=O)O;COC(=O)CCCC#CC#CCCCCCCC=C/C=C/Br;O=C(CNC(=O)C1c2ccccc2Oc2ccccc21)NCC(F)(F)F;COC(=O)CCCC#CC#CCCCCCCCC#CCBr;CNCC1CCCN(C(=O)c2ccc(S(=O)(=O)C(F)(F)F)cc2)C1;COC(=O)CCCC#CC#CCCCCCCCCC#CBr;NC(=O)CCC(NC(=O)C(N)CS)C(=O)NC(CC(=O)O)C(=O)O
m_6d3dc0,CN(C)S(=O)(=O)N1CCN(C(=O)Cc2ccccc2F)CC1;CN(Cc1cccc(F)c1)C(=O)C1CCN(S(N)(=O)=O)CC1;CC(NC(=O)C1CCN(S(N)(=O)=O)CC1)c1cccc(F)c1;O=S(=O)(N1CCOCC1)N1CCN(c2ccc(F)cc2)CC1;O=S(=O)(N1CCOCC1)N1CCN(c2ccccc2F)CC1;O=C(Cc1ccc(F)cc1)N1CCSC(c2ccccc2)CC1;CCc1nc(C2CCCN2C(=O)C2Cc3ccccc3S2)no1;CS(=O)(=O)N1CCC(CNC(=O)NCc2ccc(F)cc2)C1;NS(=O)(=O)N1CCN(C2c3ccccc3-c3ccccc32)CC1;NS(=O)(=O)CC1CCN(C(=O)NCc2cccc(F)c2)CC1;CC(C)Cc1cc(C(=O)Nc2sc3c(c2C#N)CCCC3)no1;O=C(Cn1cnc(C2CCC2)cc1=O)N1CCc2sccc2C1;CC1CN(C(=O)c2csc(Cc3ccccc3)n2)CC1C(N)=O;CCSc1ccc(C(=O)Nc2ccc(CNC(C)=O)cc2)cn1;Cc1nc(-c2ccc(CCNC(=O)C3CCC(=O)N3)cc2)cs1;Cc1ccsc1-c1cccc(NC(=O)C2CCCN2C(N)=O)c1;CSc1cccc(NC(=O)c2cc(C3CCOCC3)ncn2)c1;NC(=O)C1(NC(=O)c2csc(-c3ccccc3)n2)CCCCC1;Nc1ccc2n(c1=O)C[C@H]1C[C@@H]2CN(C(=O)Cc2cccs2)C1;CN(C)C(=O)C1(NC(=O)Cc2nc(-c3ccccc3)cs2)CC1;CC(C)N1CCC(NC(=O)c2ncsc2-c2ccccc2)C1=O;Cc1ccc2snc(C(=O)N3CCC4NC(=O)CCC4C3)c2c1;CS(=O)(=O)N1CCC(NC(=O)NCc2ccccc2F)CC1;Cc1ccc(C2CC2C(=O)NCc2cccc(NC(N)=O)c2)s1;CN1CCC2(CCN(C(=O)c3cnc4ccsc4c3)CC2)C1=O
m_6d9287,Cc1cncc(C(=O)N(c2cccnc2)C(C)C)c1;CCN(C(=O)c1ccc(C)nc1)c1cccnc1C;Cc1cnc(C(=O)Nc2ccc(C(C)C)cc2)cn1;Cc1cccnc1NC(=O)c1cccc(N(C)C)c1;CCN(C)c1ccc(C(=O)Nc2cccnc2)cc1;Cc1ccc(C=NNC(=O)Cc2cccn2C)cc1;Cc1ccccc1N(C(=O)c1cnccn1)C(C)C;CNC(=O)c1ccc(C)c(NCc2ccncc2)c1;CCNC(=O)c1ccc(NCc2ccncc2)cc1;O=C(c1cccc2cnccc12)N1CCCNCC1;CCC(=O)Nc1c2c(nc3ccccc13)N(C)CC2;Cc1ccccc1CNC(=O)Nc1ccncc1C;CNCC(=O)Nc1c2c(nc3ccccc13)CCC2;CC1CCN(C(=O)c2cnc3ccccc3n2)CC1;CC1(C)CC1C(=O)Nc1cnn(-c2ccccc2)c1;O=C(c1cnc2ccccc2n1)N1CCCCCC1;Cc1ccccc1CNC(=O)NCc1cccnc1;O=C(c1ccc(Cn2ccnc2)cc1)N1CCCC1;Cc1ccc(CNC(=O)NCc2cccnc2)cc1;CCCc1nc(N)c(C#N)c(-c2ccco2)c1CC;CC1CN(C(=O)c2cccc3ncccc23)CCN1;Cc1nn(-c2ccccn2)c(C)c1[C@H]1C=C[C@@H](O)C1;O=C(NCc1ccc2ncccc2c1)NCC1CC1;O=C(CN1CCCC1)Nc1cnc2ccccc2c1;CCC(CC#N)NC(=O)c1ccc2cc(C)cn2c1
m_6e1c94,O=c1cc(CN2CCOC(c3ccccc3F)C2)[nH]c2ccnn12;Cc1cc(C2CN(c3ncnc4onc(C)c34)CCO2)ccc1F;Cc1n[nH]c(=O)c(C(=O)NCCc2c[nH]c3ccc(F)cc23)c1C;N#Cc1c[nH]c(C(=O)NCC2CCN(Cc3cccs3)CC2)c1;COc1ccc(C(C)NC(=O)Cn2nnc3ccccc32)cc1F;N#Cc1ccc(CNC(=O)C2CCCOC2c2cn[nH]c2)cc1F;Cc1cc(N2CC(O)CC2c2nnc(C)o2)c2cccc(F)c2n1;COc1cc(CCCOC(=O)/C=C/c2ccc(O)cc2)ccc1O;Cc1cccnc1NC(=O)NC1CC(=O)N(c2cccc(F)c2)C1;Cc1cc(N2CC(O)CC2c2nnc(C)o2)c2cc(F)ccc2n1;COc1cccc(CCc2ccc(OC(C)=O)c(OC(C)=O)c2)c1;CN1CCn2nc(NC(=O)C3CC3c3ccc(F)cc3)cc2C1=O;COC1CC(c2nnc(C)o2)N(c2ccnc3cc(F)ccc23)C1;CC1OC(OC(CO)C(O)C(O)C(O)CO)C(O)C(O)C1O;COc1ccc(C(=O)/C=C/c2cc(OC)c(OC)c(OC)c2)cc1;Cn1cc(C(=O)NCc2cc(C#N)ccc2F)c(C2CCOC2)n1;C=C(C=O)[C@H]1C[C@H](CO/C=C/c2ccc(O)cc2)C(CO)=C1C=O;O=C(C1CC(O)CN1c1ccncn1)N1Cc2cccc(F)c2C1;N#Cc1ccc(CNC(=O)C2CCCOC2c2ncc[nH]2)cc1F;COc1cc(C2Oc3cc(C=CCO)ccc3OC2C)ccc1O;O=C(/C=C/c1ccc(O)c(O)c1)C[C@@H](O)CCc1ccc(O)cc1;O=C(NCc1cccnc1)NC1CCN(c2ccccc2F)C1=O;CCc1ncnc(N2CCCN(S(=O)(=O)C3CC3)CC2)c1F;COc1ccc(CN(C)C(=O)Cn2nnc3ccccc32)cc1F;C/C=C/c1ccc2c(c1)O[C@@H](c1ccc(O)c(O)c1OC)[C@@H](C)O2
m_6ebcf9,COC1CC(c2nc(C3CC3)n[nH]2)N(Cc2ccc3c(c2)CCO3)C1;CNC(=O)C1CN(Cc2ccc3c(c2)CCO3)CC1c1cnn(C)c1;Cc1ccc(C(=O)N2CCN(Cc3noc(C4CC4)n3)CC2)cc1C;Cc1cccc(C(=O)N2CCN(Cc3noc(C4CC4)n3)CC2)c1C;CCOc1ccccc1C(=O)N1CCC(c2nc(C3CC3)n[nH]2)CC1;COC1CC(c2nc(C)n[nH]2)N(C(=O)CCC=Cc2ccccc2)C1;Cc1nc(NCc2ccccc2OCC(=O)N(C)C)cc(C2CC2)n1;COC1CC(c2nc(C)c(C)[nH]2)N(CCOc2ccc(C#N)cc2)C1;Cc1ccc(C)c(C(=O)NCc2nc(C)cc(N3CCOCC3)n2)c1;COC1CC(c2nncn2C)N(C(=O)Cc2ccc3c(c2)CCC3)C1;COC1CC(c2nncn2C)N(C(=O)c2ccc(C3CCC3)cc2)C1;COC1CC(c2nc(C)n[nH]2)N(C(=O)Cc2ccc3c(c2)CCC3)C1;CCOC1CCCN(C(=O)c2ccc(-c3nc(C4CC4)n[nH]3)cc2)C1;COc1ccccc1C=CCNC1CCC(=O)NC1c1ccnn1C;c1cc2cc(c1)COCCOCCOCCOCCOCCOC2;NC(=O)c1cc(C2CCCN(CCc3ccc4c(c3)CCO4)C2)n[nH]1;CC(=O)NC(CC(=O)N1CCCC1c1cnn(C)c1)c1ccccc1;COC1CC(c2nncn2C)N(C(=O)c2ccc3c(c2)CCCC3)C1;CCCc1ccc(C(=O)N2CCCC(c3cc(C(N)=O)[nH]n3)C2)cc1;O=C(COc1ccc2c(c1)CCC2)NCc1nnc2n1CCCCC2;CN(C)C(=O)COc1ccccc1CNc1ccnc(C2(C)CC2)n1;Cn1c(CNC(=O)CC2CCOc3ccccc32)nnc1C1CCC1;O=C1C(Cc2ccccc2)CCn2cc(nn2)COCC2CCCN12;CNc1nc(C)cc(C(=O)N2CCOC(CCc3ccccc3)C2)n1;CN(C)c1ncccc1CNC(=O)N1CCc2ccccc2C1CO
m_6f127a,O=C(c1coc(C2CCC2)n1)N1CC(O)CC1c1cccc(F)c1;O=C(c1coc(CC2CC2)n1)N1CC(O)CC1c1cccc(F)c1;O=C(c1coc(C2CCC2)n1)N1CC(O)CC1c1ccc(F)cc1;O=C(c1coc(CC2CC2)n1)N1CC(O)CC1c1ccc(F)cc1;O=C(NC1CCCOc2c(F)cccc21)c1coc(CC2CC2)n1;COc1cc(C(=O)N2CC(O)CC2c2cccc(F)c2)cc(C)n1;COc1cc(C(=O)N2CC(O)CC2c2ccc(F)cc2)cc(C)n1;COc1cccc(CC(=O)N2CC(O)CC2c2cccc(F)c2)n1;COc1ccc(CC(=O)N2CC(O)CC2c2cccc(F)c2)nc1;COC(=O)NCc1ccc(NC(=O)CCc2cccc(F)c2)cc1;O=C(NC1CCCOc2cc(F)ccc21)c1noc2c1CCCC2;O=C(NC1CCCOc2c(F)cccc21)c1noc2c1CCCC2;O=C(c1coc(C2CCOCC2)n1)N1CCCc2ccc(F)cc21;CC(C)Oc1ncccc1C(=O)NC1CCOc2ccc(F)cc21;Cc1nc(C2CC2)oc1C(=O)Nc1ccc(F)cc1OCC1CC1;COc1cccnc1CC(=O)NC1CCCOc2cc(F)ccc21;COc1ccc(/C(=N/NC(=O)c2ccccc2)c2ccccc2)cc1;CC(=O)N(C)CC(=O)NCc1ccccc1Oc1ccccc1F;Cc1ccc(C(=O)NC(C)c2ccc(SC(C)C)cc2)c(=O)[nH]1;CCNC(=S)N[C@@H]1C=C(C(=O)NCCC(N)=O)C[C@@H](O)[C@@H]1O;CCOc1ccc(C=Cc2ncc(C(=O)O)c(C(C)C)n2)cc1F;CCC(=O)NCC(=O)NCc1ccccc1Oc1ccccc1F;CC(=O)NCc1ccc(C2CCCN2C(=O)c2ccccc2F)o1;CCCCCCSC1=C(C#N)C(c2ccc(O)cc2)CC(=O)N1;Cc1ccc(O)c(NC(=O)c2ccc(N3CCOCC3)c(F)c2)c1
m_6f3a5c,Cc1n[nH]c(C)c1C1CCCN1C(=O)Cc1ccc2c(c1)CCO2;Cc1cnn(CC2CCCN2C(=O)Cc2ccc3c(c2)CCO3)c1;Cc1n[nH]c(C)c1C1CCCN1C(=O)c1cccc2c1OC(C)C2;Cc1cc(C2CCCN(C(=O)Cc3ccc4c(c3)CCO4)C2)n[nH]1;COc1ccccc1C1CCCN1C(=O)c1[nH]nc2c1CCCC2;CCOc1ccc(C2CC2NC(=O)c2cn(C)nc2C2CC2)cc1;COc1ccccc1CCC(=O)Nc1ccc(N2CCCC2)cn1;Cn1nccc1C1CCCN(C(=O)c2ccccc2OC2CC2)C1;COc1ccccc1C1(CNC(=O)N(C)Cc2cccnc2)CC1;COc1ccccc1C1(CNC(=O)c2cn(C)nc2C2CC2)CC1;CC(Cc1ccc(O)cc1)NC(=O)N1CCCC1c1ccncc1;COc1cccc(C2CC2CNC(=O)c2cnn(C)c2C2CC2)c1;O=C(c1cc(C2CC2)[nH]n1)N1CCCC(CO)(c2ccccc2)C1;Cn1nc(C2CC2)cc1C(=O)NCC1CCC(c2ccccc2)O1;CCC(C(=O)NCCn1cnc(C2CC2)cc1=O)c1ccccc1;CCc1ccc(O)c(C(=O)N2CCN(Cc3ccccn3)CC2)c1;CN(C)c1ncccc1N(C)C(=O)CC1OCCc2ccccc21;CC(C)c1ccc(OCC(=O)NC2CN(c3ccccn3)C2)cc1;COc1ccc2oc(CN3CCC(Cc4cnn(C)c4)C3)cc2c1;Cc1nn(C(C)(C)C)cc1C(=O)N1CC[S+]([O-])C(C)(C)CC1;CCCc1ccc(C(=O)NCCC(=O)NCc2ccncc2)cc1;CCNCC(=O)Nc1ccc(C(=O)Nc2c(C)cccc2C)cc1;CC(C)Cn1[nH]c(CC(=O)N2C3CCC2c2ccccc23)cc1=O;CC(C)c1ncncc1C(=O)N1CCC(Oc2ccccc2)CC1;CC(C)(CNC1CCN(Cc2ccccn2)CC1)S(C)(=O)=O
m_6f414f,Cc1cccc(S(=O)(=O)Nc2cccc(-c3ccc(=O)[nH]n3)c2)c1;Cc1ccc(S(=O)(=O)Nc2cccc(-c3ccc(=O)[nH]n3)c2)cc1;Cn1nc(-c2ccccc2NS(=O)(=O)c2ccccc2)ccc1=O;CCSC1=NCCN1C(=O)c1ccc(S(=O)(=O)N(C)C)cc1;O=C(CC1CCC(F)(F)C1)Nc1ccc(Cl)cc1-c1nnn[nH]1;CS(=O)(=O)c1ccc2ncnc(Nc3ccc4c(c3)COC4)c2c1;Cc1c(Cl)cccc1N1COc2ccc3c(C)cc(=O)oc3c2C1;Cc1ccc(Cl)cc1N1COc2ccc3c(C)cc(=O)oc3c2C1;O=C(CC1CCC(F)(F)C1)Nc1cc(Cl)ccc1-c1nnn[nH]1;CN(c1ccccc1C(N)=O)S(=O)(=O)c1cccc2ncccc12;Cc1c(C)c2ccc3c(c2oc1=O)CN(c1ccccc1Cl)CO3;Cc1ccc(O)c(C(=O)c2cnn(C(=O)Cc3csc(C)n3)c2)c1;Cc1c(C)c2ccc3c(c2oc1=O)CN(c1cccc(Cl)c1)CO3;Cc1c(C)c2ccc3c(c2oc1=O)CN(c1ccc(Cl)cc1)CO3;CC(C)n1cnc(S(=O)(=O)NCc2cc(C(=O)O)ccc2F)c1;O=C(O)CC1CN(C(=O)C2CC2c2c(F)cccc2Cl)CCO1;CC(NS(=O)(=O)Cc1noc2ccccc12)c1ccc(C#N)cc1;Cc1cc(=O)oc2c3c(ccc12)OCN(Cc1ccc(Cl)cc1)C3;O=C(Nc1nc(-c2ccccc2C(F)(F)F)cs1)C1CCNC1;CCc1nnsc1C(=O)NC1CC1c1ccccc1C(F)(F)F;NS(=O)(=O)c1ccc2c(c1)N(C(=O)c1cc3ccccn3c1)CC2;Cc1cc(=O)oc2c3c(ccc12)OCN(Cc1cccc(Cl)c1)C3;C=C(CCl)C1Cc2c(cc(O)c3c(=O)c4ccccc4n(C)c23)O1;CS(=O)(=O)C1CCCC(NC(=O)Cc2cn3ccsc3n2)C1;CS(=O)(=O)CC1(CC(=O)N2CCCc3cccc(Cl)c32)CC1
m_6f45e5,O=C(NC1CCN(CCc2ccccc2)CC1)N1CCCC(n2cncn2)C1;CN(C)Cc1cn(C[C@H]2C[C@H]3CC[N@]2C[C@@H]3C(=O)NCc2ccccc2)nn1;O=C(Nc1ncn(C2CCCCC2)n1)NC(CN1CCCC1)c1ccccc1;CC(C)n1nnc(-c2ccc(C(=O)NC[C@@H]3CCCN4CCCC[C@H]34)cc2)n1;C\C(C=O)=C/C=C/C=C(C)/C=C/C=C(\C)C=C=C1C(C)(C)CC(O)CC1(C)O;CC1=CC(=O)[C@H]2/C(C=O)=C\C[C@H]3[C@@H]([C@@H](C)C4C=CC(C)(C)O4)CC[C@]3(C)C[C@H]12;C=C1CCC[C@]2(C)CC[C@@H](C(C)C)[C@H](OC(=O)C=Cc3ccc(OC)cc3)[C@@H]12;CC(C)=C[C@@H]1C[C@H](C)C2=C3C/C=C(/C=O)[C@H]4CC[C@@](C)(O)[C@H]4C[C@@]3(C)C=C2O1;CCCCc1cn(C[C@H]2C[C@H]3CC[N@]2C[C@@H]3C(=O)NCc2cccnc2)nn1;C/C(C=O)=C/C=C/C=C(C)/C=C/C=C(C)\C=C\C12OC1(C)CC(O)CC2(C)C;CC1=CC(=O)[C@H]2/C(C=O)=C\C[C@H]3[C@@H]([C@@H](C)/C=C\[C@H]4OC4(C)C)CC[C@]3(C)C[C@H]12;O=C(NCC1CCCN1Cc1ccccc1)Nc1ncn(C2CCCCC2)n1;CC(=CCC[C@H](C)C1=CC[C@]2(C)C[C@@H]3C(C)=CC(=O)[C@@]34C(CO)=CC[C@@]124)CO;CC(C)(C)c1cn(C[C@H]2C[C@H]3CC[N@]2C[C@@H]3C(=O)NCc2cccnc2)nn1;CC1=C/C(=C/C(C)CCC/C(C)=C/CC/C(C)=C/CCc2ccoc2)OC1=O;CC(C)=C[C@H]1C[C@H](C)[C@]2(CC[C@]3(C)C[C@@H]4C(C)=CC(=O)[C@@H]4/C(C=O)=C\C[C@H]32)O1;C#C[C@]1(O)CC[C@@H]2[C@H]3CC=C4C=C(C(C)(C)C(=O)O)CC[C@]4(C)[C@H]3CC[C@@]21C;CC1=C(CC[C@]2(C)[C@H]3CCC(C=O)=C[C@H]3[C@@H]2C2=CC(=O)OC2)C(C)(C)CCC1;O=C(O)c1c(O)cccc1CCCCCCCCCCCCc1ccccc1;CC(C=O)=CC=CC=C(C)C=CC=C(C)C=CC(=O)C1(C)CC(O)CC1(C)C;COC(=O)/C=C/C(C)[C@H]1CCC2C3CCC4=CC(=O)C=C[C@]4(C)C3CC[C@@]21C;COc1cc(C)c(/C=C/C(C)=C/C=C/C(C)=C/C(=O)OCC(C)C)c(C)c1C;CC1=C2C[C@H]3CC[C@@H](CCCCO)[C@]2(CC1=O)[C@@]3(C)CCc1ccc(O)cc1;COc1cc(C)c(CCC(=O)c2cc(C(C)C)c(OC)cc2C)cc1C(C)C;C/C=C(/C)C(=O)OC(=O)[C@]1(C)CCC[C@@]2(C)C3=C[C@@H]4[C@@H]5CC3(CC[C@H]12)C[C@@]45C
m_70464b,Cc1occc1C(=O)N1CCS(=O)(=O)C(C)C1C;Cc1occc1C(=O)N1CCS(=O)(=O)C(C)(C)C1;COc1ncccc1-c1nnn(-c2ccc(F)cc2)n1;O=C(Nc1cn[nH]c1)c1c[nH]nc1-c1ccccc1F;CCCN(C(=O)c1ccoc1)C1CCS(=O)(=O)C1;CS(=O)(=O)N1CCOC[C@H](Oc2ccccc2)C1;CS(=O)(=O)N[C@H]1[C@H](O)[C@H](O)C[C@@H]1c1ccccc1;COC(=O)CN(c1c(C)cccc1C)S(C)(=O)=O;COc1cc(CNC(CCS)C(=O)O)ccc1O;CCN(CCO)S(=O)(=O)c1ccc2c(c1)CCO2;Cc1ccc(C)c(S(=O)(=O)NCCCC(=O)O)c1;CSc1nc(N(C)c2ccccc2)n2nccc2n1;COCCS(=O)(=O)N1CCOc2cc(C)ccc21;C=CCSCC(NCc1ccc(CO)o1)C(=O)O;Clc1cccc(N2CCC/C2=N\c2ccncc2)c1;NC(Cc1nc2ccccc2[nH]1)c1ccc(Cl)cc1;CCN(CC)S(=O)(=O)c1cc(C(=O)O)ccc1C;Cc1cc(-c2n[nH]c(=S)n2-c2ccccc2)nn1C;Cc1cc(C)c(S(=O)(=O)NCCC(=O)O)c(C)c1;Nc1cc(CCCC(=O)O)sc1CCCC(=O)O;Cc1ccc(S(=O)(=O)N[C@H](C(=O)O)C(C)C)cc1;CC(C)c1ccc(C(=O)O)cc1S(=O)(=O)N(C)C;CS(=O)(=O)c1ccc(O[C@@H]2CNCCOC2)cc1;C/C(=C\c1csc(C)n1)C(O)CC(O)CC(=O)O;Cc1ccc(C)c(CSc2ccc3nnnn3n2)c1
m_70fe91,Cn1ccnc(NC2CCN(c3ccc(Br)cc3)C2)c1=O;Cn1ccnc(NC2CCN(c3ccccc3Br)C2)c1=O;Cc1nc(C(=O)NC2CCN(c3ccccc3Br)C2)c[nH]1;Cn1cnc(C(=O)NC2CCN(c3ccccc3Br)C2)c1;COc1nc(C)cc(N2CCCC2c2cncc(Br)c2)n1;O=C1NCCC1Nc1ccc(CCn2cc(Br)cn2)cc1;Cc1nc(C(=O)N2CCN(c3cccc(Br)c3)CC2)c[nH]1;COCc1cc(N2CCCC2c2cncc(Br)c2)ncn1;Cn1cncc1CCNC(=O)c1cc(Br)cnc1C1CC1;Nc1ccnc(CN2CCOC(c3cccc(Br)c3)C2)n1;Cc1c(C(=O)N2CCNCC2)cnn1-c1cccc(Br)c1;O=C(c1cn[nH]c1)N1CCN(Cc2ccc(Br)cc2)CC1;Cn1cc(CCNC(=O)c2cc(Br)cnc2C2CC2)cn1;CC(C(=O)N(Cc1cccc(Br)c1)C1CC1)n1cncn1;O=C(c1cn[nH]c1)N1CCCC(Nc2cccc(Br)c2)C1;Cc1nc(C2CCN(C(=O)c3ccc(Br)cc3)CC2)n[nH]1;Cc1cc(NC(=O)C2CCNC2)n(-c2cccc(Br)c2)n1;O=C(O)c1ccc(C(=O)NC2CCN(c3ccccc3F)C2=O)s1;CCN(C(=O)c1cc(C2CC2)nn1C)c1ccc(Br)cn1;CCn1nncc1C(=O)N1CCCc2ccc(Br)c(C)c21;Cc1c(C(=O)NC2CC(c3ccc(Br)cc3)C2)nnn1C;Cc1n[nH]c(CC(=O)N2CC(Cc3ccc(Br)cc3)C2)n1;O=C(c1cn(-c2ccccc2Br)nn1)N1CCCCCC1;Cc1c(Br)cccc1C(=O)NCCc1nncn1C1CC1;Cn1nncc1C(=O)N1CCC(C)(C)c2ccc(Br)cc21
m_70ff2a,Cc1n[nH]cc1CNc1ccc(C(=O)N2CC(C)OC(C)C2)cc1;Cc1c(CNc2ccc(C(=O)N3CCC(O)CC3)cc2)cnn1C;Cc1ccc(OC2CCN(C(=O)c3c(C)nn(C)c3C)CC2)nc1;CCOCC1CN(C(=O)c2cccnc2C)CC1c1cnn(C)c1;CCc1cnccc1C(=O)NC1CCOC1c1c(C)nn(C)c1C;Cc1cnccc1OC1CCN(C(=O)c2cnn(C(C)C)c2)CC1;CCc1c(C(=O)N2CC(C)OC(C)(C)C2)cnn1-c1ccccn1;CCc1cncc(C(=O)N2CC(COC)C(c3cnn(C)c3)C2)c1;CCc1cnccc1C(=O)N1CC(COC)C(c2cnn(C)c2)C1;Cc1cccc(NC(=O)N2CCOCC2c2c(C)nn(C)c2C)c1;CCc1ccnc(C(=O)NC2CCCOC2c2cnn(CC)c2)c1;CN1CCN(CCOc2ccc(NC(=O)c3ccc[nH]3)cc2)CC1;CCOc1ccc(CN2CCN(C(=O)c3cn[nH]c3C)CC2)cc1;CCCc1nnc([C@H]2CCN(Cc3ccc(NC(C)=O)cc3)C2)o1;Cc1cccc(C(=O)N[C@@H]2C[C@@H](c3nc(C)nn3C)CC[C@H]2O)c1;CC(C)CNC(=O)CNC(=O)N1CCc2c([nH]c3ccccc23)C1;CCN1CCOC(CNC(=O)c2cn[nH]c2C)C1c1ccccc1;CC1CN(C(=O)NCCc2ccn(-c3ccccc3)n2)CC(C)O1;CCn1cc(C2CN(C(=O)c3ccc(N(C)C)cc3)CCO2)cn1;CCC(NC(=O)c1cc(C)n(Cc2ccncc2)c1C)C(=O)NC;CNC(=O)c1ccc(CNCC2CCOC2c2cnn(C)c2)cc1;Cc1nn(C)cc1C(=O)NCC1OCCN(C)C1c1ccccc1;Cc1cnc(C(=O)NC2CCOC2c2ccnn2C(C)C)cc1C;CC1(C)CN(C(=O)NCCc2ccn(-c3ccccc3)n2)CCO1;Cc1cc(C)n(-c2cccc(NC(=O)C(N)C3CCOCC3)c2)n1
m_7108be,COCC1COCCN1C(=O)C1OCCC1C(C)C;COC1CC(CO)N(C(=O)CC2(O)CCCCC2)C1;COCC1CC(OC)CN1C(=O)C1CCC(O)CC1;COC1CC(CO)N(C(=O)COC2CCCCC2)C1;CCCCCCCCC=CC(=O)NC(CO)C(=O)O;NC(N)=NCCCC1NCCc2c1[nH]c1ccccc21;CC1CCCC(OCC(=O)NC(C(=O)O)C(C)C)C1;CC(C)(C)OC(=O)NCC1(CC(=O)O)CCCCC1;CC(NC(=O)OC(C)(C)C)C1CCC(C(=O)O)CC1;CCCCCC=CC(C)C(O)C(=O)NC(C)C(=O)O;CCOC(=O)C1CCCCC1NC(=O)OC(C)(C)C;CC(C)=CCCC(C)CNC(CCC(=O)O)C(=O)O;CCCCCCCC(O)CC(=O)NC1CCOC1=O;CC(C)(C)OC(=O)NC(CC(=O)O)C1CCCCC1;CC1CCC(OCC(=O)NC(C)C(C)C(=O)O)CC1;CCCCCCCC(=O)C(C)NC(=O)CCC(=O)O;C=CCCCCCCCCC(=O)NC(CO)C(=O)O;CC(C)(C)OC(=O)NC(CC1CCCCC1)C(=O)O;CCCCCC=CCCCNC(CC(=O)O)C(=O)O;CCCCCCC(O)CC(=O)N1CCCC1C(=O)O;CCCCCCCCCC(=O)N=C(CCO)C(=O)O;CC1CCC(CCC(=O)NC(C(=O)O)C(C)(C)C)O1;CCOC(=O)C1CCN(C(=O)COC(C)CC)CC1;CC1(C)CC2CC(C)(CN2c2ncnc3[nH]cnc23)C1;Cc1cccc(C2CCCN2Cc2nnn(C)n2)c1C
m_7125ae,COc1cc(C(=O)NC(C)(CO)C2CCCCC2)on1;COc1cc(C(=O)NCC2CCOC2C(C)(C)C)on1;COCc1nocc1C(=O)NCC1(O)CCCC1(C)C;NC(CCCCNC(=O)OC1CC2C=CC1C2)C(=O)O;COCc1cc(C(=O)NCC(O)C2CCCCC2)no1;NC(CCCCNC(=O)OCC1CC2(C=C2)C1)C(=O)O;COCC(=O)N[C@H]1C[C@@H](Cc2cc(CO)on2)C1(C)C;CCCCC=CC=CC(=O)NC(CCC(N)=O)C(=O)O;CCOC1CC(CO)(NC(=O)c2cc(C)on2)C1(C)C;COC(=O)[C@@H]1[C@@H](NC(=O)C2CCCC2)CCN1C(C)=O;Nc1ncnc2c1ncn2CCNCCc1ccccc1;CC(C)n1cc(CNc2nncn2-c2ccccc2)cn1;OCCc1cc(CC2(NC3CCOCC3)COC2)no1;NC(=O)C1CCCN(C(=O)C2CCCC(C(=O)O)C2)C1;CC(Cc1ccccc1)N=c1[nH]c2[nH]cnc2c(=N)n1C;Cc1n[nH]c(C)c1CNc1cccc(-c2ncn(C)n2)c1;CN(C)CCNc1ncnc2c1cnn2-c1ccccc1;CC(C)(C)C(=O)N1CCN(C(=O)C2(C(=O)O)CC2)CC1;C=C[C@H]1C[N@]2CC[C@H]1C[C@@H]2CNC(=O)COCC(=O)O;CCCCOP(=O)(OCCCC)OCCC(C)O;CC(C)NCC(O)COc1ccc(C(O)C(N)=O)cc1;COc1ccc(CNCC(O)CCC(N)C(=O)O)cc1;Cc1nc(-c2cccc(NCc3nn(C)cc3C)c2)n[nH]1;CCCOC(=O)C[C@@H](C)c1c(C)n(C)c(=O)n(C)c1=O;Cc1c(CNc2cccc(-c3ncn(C)n3)c2)cnn1C
m_741f2c,O=C(NCc1ccc(Br)cn1)C1NCC12CCCC2;NC1CC2CC(C(=O)NCc3ccc(Br)cn3)CC12;O=C(NCc1ncccc1Br)C12CCCC1NCC2;COc1cc(-c2[nH]ccc2Br)[nH]c1C=NCC(C)C;Cc1ccc(Br)c(C(=O)N2CC3CCCC3(N)C2)n1;Cc1ccc(Br)c(C(=O)NC23CCCC2NCC3)n1;COc1cc(-c2ccc(Br)[nH]2)[nH]c1C=NCC(C)C;Cc1ccc(Br)c(C(=O)N2CC(N)C3(CCC3)C2)n1;CC[C@H](C)N/C=C1\N=C(c2ccc(Br)[nH]2)C=C1OC;COc1ccc(CNc2nc(Cl)cnc2C(=O)O)c(OC)c1;CN1CC2CCCN(C(=O)c3ncccc3Br)C2C1;Cc1noc([C@@H](C)NC(=O)Nc2ccc(Cl)cc2)c1C(=O)O;Cc1ccc(S(=O)(=O)NC(=O)OCc2ccccc2F)cc1;Cc1ccc(N(C)S(=O)(=O)c2ccc(F)c(C(=O)O)c2)cc1;O=C(COc1ccccc1Cl)N1CCOC(c2ncon2)C1;CC1CCN(Cc2nc3cc(Br)ccc3[nH]2)CC1O;COc1ccc(Br)cc1CNCCCn1ccnc1;CC(CO)N1CCN(c2ccc(Br)cc2C#N)CC1;O=C1CC(c2coc3ccccc3c2=O)Sc2ccccc2N1;NC(=O)C1(O)CCCN(c2ncc(C(F)(F)F)cc2Cl)C1;O=S(=O)(NCc1ccccc1OC1CCC1)c1ccsc1;CCC(C)C(NCc1ccc(C#N)cc1Br)C(N)=O;CCOc1cccc2cc(-c3nc4ccccc4s3)c(=O)oc12;O=S(=O)(c1ccsc1)N1CCC(Oc2ccccc2)CC1;N#Cc1ccc(N2CCCN(CCO)CC2)c(Br)c1
m_75100f,O=C(NCCN1CCN(c2ccc(F)cc2)CC1)NC1COc2ccccc21;CCNC(=O)N1CCN(C(C(=O)Nc2ccc(F)cc2)c2ccccc2)CC1;CC(NC(=O)NC1CCN(c2ccccc2F)C1)C(=O)NCc1ccccc1;COc1ccc(-c2ccnc(C3CCN(C(=O)C4(F)CCNC4)CC3)n2)cc1;C/C=C(\C=C(C)C=CC=CC=CC=C(C)C(=O)[C@H]1CC(=O)CCO1)C(=O)OC;CC(=O)O[C@H](C/C=C/C=C/C=C/C=C/C=C/C=C/C=C(\C)C(C)=O)CC(=O)O;CCCCCCCCOc1ccc(C2CC(=O)Oc3cc(C)oc(=O)c32)cc1;COc1cccc(O)c1C(=O)CCCCCCCCc1ccc2c(c1)OCO2;C=C1C[C@H]2CC=CC(=O)C/C(C)=C\C=C/C(=O)OC(C=O)C/C(C)=C/[C@@H](C1)O2;CCC[C@H](CC(=O)CC(=O)CCc1ccc(O)c(OC)c1)c1cccc(O)c1;CC(=O)OCC(=O)[C@@]1(O)CC[C@H]2[C@@H]3CCC4=CC(=O)C=C[C@]4(C)C3=CC[C@@]21C;COC(=O)[C@]1(C)CCC[C@]2(C)c3cc4occc4c(C)c3C[C@@H](OC(C)=O)[C@@H]12;Cc1ccc(C(O)(COCC(C)C)COC(=O)/C=C/c2ccccc2)c(O)c1;CC(C)=CC(=O)C/C(C)=C/CC[C@@]1(C)C=Cc2c(cc(C)c(C(=O)O)c2O)O1;COc1cc2cc(c1O)-c1cc(ccc1O)C[C@@H]1OC(C)(C)O[C@H]1CCCC2;CC(C)=Cc1cc(CCC/C(C)=C/Cc2c(O)cc(C)c(C(=O)O)c2O)co1;CCCc1cc(=O)oc2c3c(c4c(c12)OC(C)(C)C=C4)O[C@H](C)[C@@H](C)[C@H]3OC;O=C(C1CCN(c2cnccn2)CC1)N1CCC(Oc2ccc(F)cc2)CC1;C/C(=C\C=C\[C@@H](C)CC/C=C(\C)[C@@H]1OC(=O)C(=O)C1=O)CCCc1ccoc1;CCO[C@H]1C2=C(C(=O)[C@]3(C)C(=O)C=C(C)[C@H]23)[C@@]23CCCC(C)(C)[C@@H]2[C@@H]1OC3=O;O=C(Nc1ccc(N2CCOCC2)nc1)NC1(c2ccc(F)cc2)CCCC1;COc1ccc(C(=O)O[C@H]2C[C@H](C(C)=O)[C@@H]3C2=C(C)C(=O)C[C@H]3C(C)C)cc1;CCCCCCCCCC(=O)C1=C2C3=COC(C)=CC3=CC(=O)[C@]2(C)OC1=O;CC(=O)c1ccc(OC(=O)C(C)(C)CCCOc2cc(C)ccc2C)cc1O;Cc1cc(O)cc(O)c1C(=O)O[C@@H]1C[C@@]2(C)[C@@H]1C(C=O)=C[C@@H]1CC(C)(C)C[C@@H]12
m_75dece,Cn1c(=O)[nH]c2ccc(NC(=O)CCC3CCCC3)cc21;Cn1c(=O)[nH]c2ccc(NC(=O)C3CCCCCC3)cc21;CCCC1(CCC)C(=O)NC(=O)N=C1Nc1ccccc1;CCCC1(CCC)C(=O)N=C(Nc2ccccc2)N=C1O;CCc1n[nH]c(CC)c1NC(=O)Cc1cccc(OC)c1;COCCC1(CNc2nc3ccccc3c(=O)[nH]2)CCC1;CC(=O)Nc1cccc2c1ccn2CC(=O)NCC(C)C;Cn1c(C[C@H]2CNCC[C@H]2CC(=O)O)nc2ccccc21;COCCC(=O)Nc1nc2ccccc2n1C1CCCC1;CC1CCC(O)(CNC(=O)c2cc3cccnc3[nH]2)CC1;CC1(C)CC(NC(=O)c2c[nH]c3cccnc23)C(C)(C)O1;CCCCCCN1C(=O)/C(=N\NC(C)=O)c2ccccc21;CCC1(CO)CCN(C(=O)c2ccc3cc[nH]c3n2)CC1;Cc1ncc(C(=O)N2CCC(O)(C3CC3)C2)c(C2CC2)n1;CCn1c(NC(=O)C2CCCOC2C)nc2ccccc21;Cn1ccnc1CN1CCOC[C@H](Oc2ccccc2)C1;Cn1cc(CN2CCOC[C@H](Oc3ccccc3)C2)cn1;Cc1cn2ccc(C(=O)NC3CCC(CO)CC3)cc2n1;Cc1ccc(-c2noc(C3CCC(C)(C)CC3)n2)c(=O)[nH]1;CC(CNc1nc2ccccc2c(=O)n1CCO)C1CC1;CC(C)Oc1ccccc1C(=O)NCCc1nccn1C;COc1ccccc1CCNC(=O)Cc1c(C)n[nH]c1C;CC(C)CNC(=O)CCc1nc2ccccc2n(C)c1=O;NC(=O)Nc1cccc(C(=O)NCCC2=CCCCC2)c1;CCC(OC1CCCCC1)c1nc(-c2ccccn2)no1
m_762dcf,Cc1cccc(C(NC(=O)c2ccnn2C)C(=O)O)c1C;Cc1cc(C)cc(C(NC(=O)c2ccnn2C)C(=O)O)c1;Cn1cncc1C(=O)Nc1ccc(C(C)(C)C(=O)O)cc1;Cc1cc(C(=O)NCCc2ccc(C(=O)O)cc2)n(C)n1;Cc1cc(C(=O)Nc2cccc(C(C)C(=O)O)c2)n(C)n1;CCCn1nccc1C(=O)NCc1cccc(C(=O)O)c1;COC(=O)c1cc(NC(=O)Cc2ccccc2C)n(C)n1;Cn1cc(C(=O)Nc2ccc(C(C)(C)C(=O)O)cc2)cn1;CC(Cc1ccc(NC(=O)c2cncn2C)cc1)C(=O)O;CC(C)(C(=O)O)c1ccc(NC(=O)Cn2cccn2)cc1;CC(C)c1cccc(C(=O)Nc2cnn(CC(=O)O)c2)c1;Cc1cc(C)cc(CC(=O)Nc2cnn(CC(=O)O)c2)c1;Cc1cc(C(=O)N(C)Cc2ccc(C(=O)O)cc2)nn1C;O=C(CCc1ccccc1)NC(Cc1cnc[nH]1)C(=O)O;CCn1cc(C(=O)NCC(C(=O)O)c2ccccc2)cn1;COc1cc(NC(=O)CCc2ccccc2)nc(OC)n1;COC(=O)C(Cc1ccccc1)NC(=O)c1cnn(C)c1;Cc1nc(C(=O)Nc2ccc(CC(C)C(=O)O)cc2)c[nH]1;CCCn1nccc1C(=O)Nc1ccc(CC(=O)O)cc1;CC(C(=O)NCc1ccc(CC(=O)O)cc1)n1cccn1;Cc1cc(NC(=O)NC2(CO)Cc3ccccc3C2)no1;C=CC=CC=CC=CC(=O)NC(Cc1c[nH]cn1)C(=O)O;O=C(NCCCO)c1cc(-c2ccc3c(c2)CCO3)n[nH]1;CC(C)C(NC(=O)c1ccc(-n2ccnc2)cc1)C(=O)O;CCn1cc(C(=O)NCCc2cccc(C(=O)O)c2)cn1
m_76b47b,CCOc1ccccc1NC(=O)C(C)Nc1cccc(N2CCCC2=O)c1;CCOc1ccccc1NC(=O)C(c1ccccc1)N1CC(C)(C(N)=O)C1;COc1ccc(/C=N/NC(=O)CCCCCNC(=O)c2ccccc2)cc1;CC(=O)N1CCN(c2ccccc2NC(=O)COc2ccccc2C)CC1;CC(CNC(=O)NCCCN1C(=O)COc2ccccc21)c1ccccc1;COc1cccc(CC(=O)N2CCc3ccc(NC(=O)CC(C)N)cc32)c1;COC(=O)c1ccc(CN2CCN(CC(=O)Nc3ccccc3)CC2)cc1;O=C(CCCCCCC(=O)NN=Cc1ccc(-c2ccccc2)cc1)NO;COc1ccccc1CNC(=O)[C@@H](C)NC(=O)[C@@H]1Cc2ccccc2CN1;CCC1CN(CC(=O)Nc2cccc(C(=O)N(C)C)c2)c2ccccc2O1;Cc1ccccc1-c1ccc(C=NNC(=O)CCCCCC(=O)NO)cc1;CC(NC(=O)C1CCCC1)C(=O)Nc1cccc(OCc2ccccn2)c1;COc1cccc(C(CNC(=O)c2cccc(C(N)=O)c2)N2CCCC2)c1;O=C(Cc1ccccc1)NC[C@H](C(=O)O)N1CCCC[C@@H]1c1cccnc1;CC(=O)NC1CCN(C(=O)c2cccc(COc3ccc(C)nc3)c2)CC1;COc1cccc(NC(=O)CN(C)C(=O)CN2CCc3ccccc3C2)c1;CCCn1nc2cc(C(=O)NCc3ccc(OC)cc3)ccc2c1OCC;CCCCC(=O)Nc1ccc(C(=O)NNC(=O)CCc2ccccc2)cc1;C[C@]12CN3C[C@](C)(CN(C1)C3c1cn(CCC(=O)O)c3ccccc13)C2=O;COC(=O)Nc1ccc2c(c1)N(C(=O)CCN(C)C)c1ccccc1CC2;CCOc1ccc(C(=O)N2CCCC(C(=O)Nc3cccc(C)n3)C2)cc1;COc1ccccc1N1CCN(C(=O)CNC(=O)Cc2ccccc2)CC1;NC(=O)COc1cccc(NC(=O)C2CCN(Cc3ccccc3)CC2)c1;Cc1ccc(CN2CC3(C2)OC(=O)N2CCN(Cc4ccccc4)CC23)o1;COc1ccc(CCNC(=O)N2C[C@H]3C[C@@H](C2)c2cccc(=O)n2C3)cc1
m_76ffc5,COc1ccc2c(c1)CCN2C(=O)c1ccn(-c2cccc(Br)c2)n1;O=C(CCCC[C@@H]1SC[C@@H]2NC(=O)N[C@@H]21)Nc1cccc(Br)c1;COc1ccc2c3c([nH]c2c1)C1(NCC3)C(=O)Nc2ccc(Br)cc21;O=C(NNC(=O)c1ccccc1Cl)c1cc2cc(OC(F)(F)F)ccc2[nH]1;CSc1nnc2c(n1)O[C@@]1(Nc3ccccc3-2)C(=O)Nc2ccc(Cl)cc21;O=C(/C=C/c1cccc([N+](=O)[O-])c1)C(C(=O)c1ccccc1)=C1SCCS1;O=C1/C(=C/c2cccnc2)Oc2cc(OS(=O)(=O)c3ccc(F)cc3)ccc21;O=C(CCCCC1SCC2NC(=O)NC21)Nc1ccc(Br)cc1;O=C1/C(=C/c2ccncc2)Oc2cc(OS(=O)(=O)c3ccc(F)cc3)ccc21;Cc1cc(O)c(-c2ccc3c(=O)[nH]c(=O)n(-c4ccc(Cl)cc4)c3n2)c(=O)o1;Cc1c(C(=O)NCC(F)(F)c2ccc(Cl)cc2)sc2ncn(C)c(=O)c12;O=C(Oc1ccc(F)cc1C(=O)/C=C/c1cccs1)c1ccc([N+](=O)[O-])cc1;Cn1c(C(=O)Nc2ccccc2C(N)=O)ccc1-c1ccccc1Br;Cn1nc(-c2ccc(NC(=O)Cc3ccc(Br)cc3)cc2)ccc1=O;CSCCC(NC(=O)c1ccc(Cl)cc1Cl)C(=O)Nc1cccnc1;CN1CCOC2CN(C(=O)c3csc(-c4ccc(Cl)c(Cl)c4)n3)CC21;O=C(Cc1ccc(Br)cc1)Nc1cccc(-c2noc(C3CC3)n2)c1
m_773a95,CCC(CC#N)NS(=O)(=O)c1ccc(C)c(F)c1;CCC(CC#N)NS(=O)(=O)c1c(C)cccc1F;CCN(CCC#N)S(=O)(=O)c1ccc(C)c(F)c1;COC(=O)C1OC(n2cc(C)c(=O)[nH]c2=O)CC1O;O=S1(=O)NC2CCCCCN2c2ccc(F)cc21;Cc1ccc(C)c(C(=O)c2c(C)nc3sccn23)c1;NC(=O)c1cn([C@H]2O[C@H](CO)[C@@H](O)[C@H]2O)ccc1=O;N=c1ccn([C@@H]2O[C@H](CO)[C@@H](O)[C@H]2O)cc1C(=O)O;CN(C(=O)c1ccccc1)c1ccccc1C(N)=S;N=C(N)SCC(=O)c1ccc(-c2ccccc2)cc1;Cc1cccc(-c2nc(-c3c(C)noc3C)cs2)c1;Cn1nc(-c2ccccn2)nc2c(=O)n(C)c(=O)nc1-2;N/C(=N\c1ccccc1)SCC(=O)c1ccccc1;Cc1ccc(-c2nc(-c3c(C)noc3C)cs2)cc1;CCCS(=O)(=O)N(C)Cc1ccc(F)cc1C#N;C[S@+]([O-])CCCCNC(=S)Nc1ccccc1;O=[N+]([O-])c1ccccc1N[C@@H]1OC[C@H](O)[C@H](O)[C@H]1O;CC(C)C(Sc1ccccc1F)C(=O)NC(N)=O;COc1ccc(N=c2sc3ccccc3n2C)cc1;O=C1CN(C(=O)COc2ccc(F)cc2F)CCN1;CNC(=O)c1cc(OC)c(OC)c(OC)c1[N+](=O)[O-];O=[N+]([O-])c1ccc(N[C@@H]2OC[C@H](O)[C@H](O)[C@H]2O)cc1;O=C1CCC(C(=O)Nc2ccc(OC(F)F)cc2)N1;CC(=O)n1c(=O)ccn([C@H]2C[C@H](O)[C@@H](CO)O2)c1=O;O=[N+]([O-])c1ccccc1N[C@@H]1O[C@H](CO)[C@H](O)[C@H]1O
m_77b2b0,CC1(C)CC(NC(=O)c2n[nH]c(=O)c3ccccc23)c2ccccc21;Cc1ccc2c(c1)C(NC(=O)c1n[nH]c(=O)c3ccccc13)CCC2;O=C(c1n[nH]c(=O)c2ccccc12)N1CCCCCc2ccccc21;CC1CCCN(C(=O)c2n[nH]c(=O)c3ccccc23)c2ccccc21;c1coc(CNCc2ccc(OCc3cn4ccccc4n3)cc2)c1;N#Cc1cccc(NC(=O)C(c2ccccc2)N2CCCCC2=O)c1;CCN(C(=O)c1nn(-c2ccccc2)c(=O)c2ccccc12)C1CC1;N#Cc1ccc(NC(=O)C(c2ccccc2)N2CCCCC2=O)cc1;C[C@H](NC(=O)c1ccc2c(=O)n3c(nc2c1)CCC3)c1ccccc1;CC1CC(CS(=O)(=O)NCc2ccc(Cn3cccn3)cc2)C1;CC1Cc2ccccc2N(C(=O)Cc2n[nH]c(=O)c3ccccc23)C1;O=C(Cc1n[nH]c(=O)c2ccccc12)Nc1cccc2c1CCCC2;CCc1ccc(NC(=O)c2ccc3c(=O)n4c(nc3c2)CCC4)cc1;O=C(c1ccccc1)N1CC[C@H](c2nnc(Cc3ccccc3)o2)C1;CC(C)N1C(=O)C(Cc2nc(O)c3ccccc3n2)c2ccccc21;CN1Cc2ccccc2C(NC(=O)c2c[nH]c(=O)c3ccccc23)C1;Cc1ccc(-c2nnc([C@H]3CCN(C(=O)c4ccccc4)C3)o2)cc1;CCOc1ccccc1C=NNC(=O)c1cc2ccccc2nc1C;CCCn1nc(C(=O)NC(C)c2ccc(OC)c(F)c2)ccc1=O;O=C(NCCc1ccccc1)c1ccc2c(=O)n3c(nc2c1)CCC3;Cc1ccccc1C(=O)Nc1ccccc1Cc1nc(C2CC2)no1;N#Cc1cccc(C(=O)NC2CCCN(C(=O)c3ccccc3)C2)c1;COc1cccc(C=NNC(=S)NC2CC3CCC2C3)c1OC;CN(C(=O)C1CC1)c1ccccc1C(=O)NCc1ccc(C#N)cc1;O=C(CC1NC(=O)c2ccccc21)NCCc1c[nH]c2ccccc12
m_7874d0,O=C(c1ccc2ccc(Cl)cc2n1)N1CCC(N2CCCCC2=O)CC1;O=C(c1cc(Cl)cc2cccnc12)N1CCC(N2CCCCC2=O)CC1;CC1(C)CN(C(=O)C2CC2)CCN1C(=O)c1ccc2ccc(Cl)cc2n1;NC(CCC(=O)O)C(=O)NC(CO)C(=O)NC(Cc1cnc[nH]1)C(=O)O;NC(CCC(=O)O)C(=O)NC(Cc1cnc[nH]1)C(=O)NC(CO)C(=O)O;CC(O)C(NC(=O)C(N)CC(=O)O)C(=O)NC(Cc1cnc[nH]1)C(=O)O;CC(C)(C(=O)N1CCN(C(=O)c2ccc(Cl)cn2)CC1)c1ccccc1;NC(CO)C(=O)NC(CCC(=O)O)C(=O)NC(Cc1cnc[nH]1)C(=O)O;CC(O)C(NC(=O)C(N)Cc1cnc[nH]1)C(=O)NC(CC(=O)O)C(=O)O;CC(C)C(=O)N[C@@H]1C[C@H](COc2ccc(S(C)(=O)=O)cc2)[C@@H](O)[C@H]1O;NC(Cc1cnc[nH]1)C(=O)NC(CO)C(=O)NC(CCC(=O)O)C(=O)O;CC(O)C(NC(=O)C(Cc1cnc[nH]1)NC(=O)C(N)CC(=O)O)C(=O)O;CC(O)C(NC(=O)C(CC(=O)O)NC(=O)C(N)Cc1cnc[nH]1)C(=O)O;O=C(NCc1ccc(Cl)s1)NC1CCN(C2CCCCC2O)CC1;CCNC(=O)C1(NC(=O)c2cncc(-c3ccc(Cl)cc3)c2)CCCC1;CC(=O)N(C)c1cccc(NC2CCCN(c3ccccc3Cl)C2=O)c1;NC(Cc1cnc[nH]1)C(=O)NC(CCC(=O)O)C(=O)NC(CO)C(=O)O;CC(O)C(N)C(=O)NC(CC(=O)O)C(=O)NC(Cc1cnc[nH]1)C(=O)O;O=C(NCC1(c2ccccc2Cl)CC1)c1cc(N2CCOCC2)ccn1;CC(O)C(N)C(=O)NC(Cc1cnc[nH]1)C(=O)NC(CC(=O)O)C(=O)O;CN1CCN(C(=S)Nc2ccc(Nc3ccc([N+](=O)[O-])cc3)cc2)CC1;NC(CO)C(=O)NC(Cc1cnc[nH]1)C(=O)NC(CCC(=O)O)C(=O)O;CC(=O)Nc1ccc(NC2CCCN(c3ccccc3Cl)C2=O)cc1C;CCC(=O)Nc1ccc(NC2CCCN(c3ccccc3Cl)C2=O)cc1;N[C@H]1[C@@H](OC[C@H](O)[C@H]2O[C@H](O)[C@@H](O)[C@@H](O)[C@@H]2O)O[C@H](CO)[C@@H](O)[C@@H]1O
m_78c402,CCn1cc(S(=O)(=O)NC(CN)C2CC2)nc1C;CCn1cc(S(=O)(=O)N2CC(N(C)C)C2)nc1C;Cc1nc(S(=O)(=O)NCCC2CCCN2)cn1C;Cc1nc(S(=O)(=O)NC2CCNCC2C)cn1C;Cc1nn(C)c(C)c1S(=O)(=O)NC1CCCNC1;CN1CCCC(N(C)S(=O)(=O)c2cn(C)cn2)C1;Cn1cc(C2CCCN2CCCS(N)(=O)=O)cn1;CN(C)S(=O)(=O)C1CCCN(Cc2ncc[nH]2)C1;CC1CCN(S(=O)(=O)N(C)Cc2cnn(C)c2)C1;CC1CCCN(S(=O)(=O)c2cnn(C)c2)C1CN;CNCC1CCCN(S(=O)(=O)c2cnn(C)c2)C1;Cc1nc(C)n(CC2CCCN(S(C)(=O)=O)C2)n1;CC(N)C1CCCN(S(=O)(=O)c2cnn(C)c2)C1;Cc1cnn(C)c1S(=O)(=O)NC1CCCNC1C;CC(N)C1CCCCN1S(=O)(=O)c1cnn(C)c1;Cc1[nH]ncc1CNS(=O)(=O)N1CCCCC1C;C1=C2C=C3C4=Nc5ccccc5C4=CCN3C=C2CCC1;CC(=O)N(CCc1ccccn1)Cc1ccc(F)cc1;CC(C)N(C(=O)CSc1n[nH]c(=O)n1C)C(C)C;NC(=O)CNC(Cc1ccccc1)c1ccccc1F;Cc1cc(C(=O)N(C)C(C)c2cccnc2)ccc1F;CCC(Nc1ccc(C)c(OCC(F)F)c1)C(N)=O;Cc1cc(C)c(C(=O)NCC2CCNCC2(F)F)o1;CCOC1CC(c2nc(C3CCC(F)(F)C3)no2)C1;CC(C)(O)CNC(=O)NCCc1cc(F)ccc1F
m_78cd05,O=C(NC1CC(C(=O)O)C2CC12)c1ccccn1;Cn1c(C(=O)NCCC(=O)O)cc2ccccc21;C[C@H](NC(=O)c1cc2ccccc2n1C)C(=O)O;COC(=O)CNC(=O)c1cc2ccccc2n1C;COc1ccc(N2C(=O)[C@@H]3CCCN3C2=O)cc1;CC(CC(=O)O)NC(=O)c1ccc(CC#N)cc1;N#Cc1ccc(OCC(=O)N2CCOCC2)cc1;N#Cc1cccc(C(=O)NCC2(O)CCOC2)c1;COc1ccc(/C=C2/NC(=O)[C@H](C)NC2=O)cc1;O=C(O)C1CCCN(c2nc3ccccc3o2)C1;CCc1nccn1CC(=O)c1ccc(O)c(O)c1;CN(CCC(=O)O)C(=O)c1ccc(CC#N)cc1;CCOC(=O)C(C)c1nc2ccccc2[nH]c1=O;O=C(c1ccccc1)N1CCN2C(=O)OC[C@H]2C1;C[C@H](NC(=O)c1ccc2c(ccn2C)c1)C(=O)O;COc1cc(CO)nc(-c2ccccn2)c1OC;COc1ccccc1CNC(=O)c1coc(C)n1;O=C(O)CNC(=O)CCc1c[nH]c2ccccc12;CCC1(c2ccccc2)C(=O)NC(=O)N(C)C1=O;Cn1ccc2c(C(=O)NCCC(=O)O)cccc21;CC(=O)NCCNc1cc(=O)oc2ccccc12;O=C1CC[C@H](NC(=O)Cc2ccccc2)C(=O)N1;CNC(=O)c1c(-c2ccccc2)noc1[C@H](C)O;C[C@H](NC(=O)c1ccc2ccn(C)c2c1)C(=O)O;C[C@H](NC(=O)c1cccc2c1ccn2C)C(=O)O
m_79cf07,COC(=O)C1CC1C(=O)Nc1cc(C2CCCC2)[nH]n1;O=C(O)C1CCC(C2CCN(c3ncccn3)CC2)O1;CSCCC(N)C(=O)NC(CCCCN)C(=O)O;COC(=O)C1CCN(C(=O)c2cc(C3CC3)[nH]n2)CC1;COc1c(C)nc(C2CC2)nc1N1CCC(C(=O)O)C1;O=C(O)CCNC(=O)C1CCCN(c2ccccn2)C1;CC(C(=O)O)N(C)C(=O)c1ccc(N2CCCC2)nc1;CSCC[C@H](NC(=O)[C@@H](N)CCCCN)C(=O)O;C/C(=N\NC(N)=O)c1cc(C)ccc1[C@@H](C)CC(=O)O;CC(C)N(CCC(=O)O)C(=O)c1ccnc(C2CC2)n1;O=C(O)CCCCNC(=O)C1CCc2ncncc2C1;CCC(CNC(=O)c1ccc2c(n1)CNCC2)C(=O)O;Cc1cc(C(=O)NC2CC(O)C23CCOCC3)ncn1;CC(=O)Nc1cccnc1NC(=O)C1CCCOC1C;CC1CCN(C(=O)C2CC2C(=O)O)CC1n1ccnc1;CC[C@@H](NC(C)=O)C(=O)NC(=O)NCc1ccccc1;O=C(O)Cn1ccc(NC(=O)CC2CC3CCC2C3)n1;CNC(=O)c1ccc(NC(=O)C2CCCOC2C)nc1;CC(C)CC(NC(=O)c1ccnc2c1CCN2)C(=O)O;Cc1ncc(C(=O)NC2CC(C(=O)O)C2)c(C(C)C)n1;CC(O)C(=O)NC(C)(CO)Cn1cnc2ccccc21;CCCCCC(=O)[C@H](C[C@H](Cl)[N+](C)(C)C)C(=O)[O-];O=C(NC1CC(C(=O)O)C1)c1ccnn1C1CCCC1;CCc1cncc(C(=O)N2CC(OC)CC2C(N)=O)c1;COC(=O)c1ccc(N2CC(C)OC(C3CC3)C2)nn1
m_7b993b,CC(NC(=O)CN1CCN(Cc2ccc3c(c2)OCO3)CC1)C1CC1;O=C(NC1CCCCC1)N1CCN(Cc2ccc3c(c2)OCO3)CC1;O=C(NCc1cccc2c1OCO2)N1CCC(CN2CCCC2)CC1;COc1cccc(C(=O)N2CCN(C(=O)C3CCN(C)C3C)CC2)c1;COc1ccc(C(C)(C)CNC(=O)Cn2nc(C)cc2C)cc1OC;COc1cccc(CN2CCN3C(=O)N(C4CCOCC4)C[C@H]3C2)c1;COc1ccccc1C(=O)N1CCN2[C@H](CN(C(C)=O)CC2(C)C)C1;CC1CN2CCCC2CN1C(=O)NCc1ccc2c(c1)OCCCO2;COc1cc(C(=O)NC2CCN(C3CCN(C)C3=O)CC2)ccc1C;Cc1ccc(OCC(O)CN2CCN(Cc3cc(C)no3)CC2)cc1;COc1ccc(CN2CC3(C2)CN(C(C)=O)C[C@@H]2C[C@@H](O)CN23)cc1;CC1CN(C(=O)C2CC2)CCC1NCc1ccc(OCC(N)=O)cc1;COc1ccc(CCNC(=O)C[C@H](C)n2nc(C)cc2C)cc1OC;COC(=O)c1ccc(NC(=O)NC[C@@H]2CCCN3CCCC[C@H]23)cc1;Cc1ccc(OCC(O)CN2CCN(Cc3cc(C)on3)CC2)cc1;CCN1CC2(CN(Cc3cccc(C(=O)O)c3)C[C@@H]3C[C@@H](O)CN32)C1;CC(=O)N1CCC(NC(=O)N(Cc2cccc(O)c2)CC2CC2)CC1;COc1cc(C(C)NC(=O)Cn2cc(C)cn2)ccc1OCC(C)C;CC(=O)N1C[C@@H]2CN(C(=O)COc3ccccc3)CCN2C(C)(C)C1;COc1cc(C(=O)N2CCC(N3CCCC3C(N)=O)CC2)ccc1C;COc1ccc(CN2CC(C(=O)NC3CCCN(C)C3)CC2=O)cc1;O=C(NCCc1ccc2c(c1)OCCO2)NC1CCN2CCCCC12;COc1ccc(COCC(O)CN2CCC(c3cn[nH]c3)CC2)cc1;CC(NC(=O)CN1CCOCC1=O)C1CCN(Cc2ccccc2)C1;COC[C@H]1CCCN1C[C@H]1CN2CC[C@H]1C[C@@H]2CNS(C)(=O)=O
m_7d4c58,O=C(Nc1cnn(CC2CC2)c1)N1CC(O)C2(CC2)C1;Cc1noc(CC2(O)CCCN(Cc3cc[nH]c3)C2)n1;CNc1ccccc1C(=O)N1CCC(NC(N)=O)CC1;CC(C)c1cc(=O)n(Cc2nc(C(C)(C)C)no2)cn1;Cc1nnc(C2CN(CC3(C#N)CCC3)CC(C)O2)o1;NC(=O)CCN1CCN(C(=O)Cc2cccnc2)CC1;CCc1ccnc(C(=O)N2CCC(NC(N)=O)CC2)c1;CC(C1CC1)n1cc(NC(=O)NC2C3COCC32)cn1;CN(C)c1ccc(C(=O)N2CCN[C@@H](C(N)=O)C2)cc1;COCc1ccnc(NC(=O)N2CC3CCC3(N)C2)c1;C=CCNC(=O)CN(C)CC(=O)Nc1cccc(C)n1;NC(=O)C(O)C1CCN(c2ccnc(C3CC3)n2)CC1;CC(=O)N1CCCN(C(=O)Nc2ccncc2C)CC1;NC(=O)CC1CCCCN1C(=O)c1cc(C2CC2)[nH]n1;O=C(NCCN1CCCCCC1=O)Nc1cccnc1;CCc1cccnc1C(=O)N1CCCN(C(N)=O)CC1;Cn1cc(CN2CCCC(O)(CC(N)=O)C2)cc1C#N;Cc1cc(C)c(C(=O)N2CCC3C(C2)NC(=O)N3C)[nH]1;NC(=O)c1ccc(CNC(=O)CC2CCC(N)C2)cn1;Cc1cc(NC(=O)CC(C)n2nc(C)c(C)c2C)no1;Cc1cc(NC(=O)N2CCC3CCC(O)C32)nnc1C;COc1cccc(CN2CCN3C(=O)N(C)C[C@H]3C2)n1;CC(=O)N(C)C1CCN(C(=O)Nc2ccncc2)CC1;COC1(CNC(=O)Nc2cnc(C3CC3)nc2)CCC1;COC1CC(C(N)=O)N(c2cc(C)nc(C3CC3)n2)C1
m_7e912f,O=C(CCc1ccccc1)N1CCC(NC(=O)N2CCC3(COC3)C2)CC1;CCC(=O)N1C(CO)C(c2ccccc2)C12CN(C(=O)NC1CCCC1)C2;O=C(NCC1C(c2ccccc2)C(CO)N1C(=O)C1CC1)NC1CCCC1;CC(=O)N1CCN(C(=O)NC2Cc3ccccc3C2)CCC12CCOCC2;CC(C)CC(NO)NC(=O)C(Cc1ccc(O)cc1)NCc1ccccc1;CC(C)CC(=O)N1CC[C@@H](CC(=O)O)[C@@H](Cc2nc3ccccc3n2C)C1;CC(C)C(=O)N1C[C@H]2C[C@@H](O)CN2C2(CN(C(=O)Cc3ccccc3)C2)C1;O=C1COC2(CCN(C(=O)NCC3(Cc4ccccc4)CCCC3)CC2)N1;CCCCCC(=O)N1CC[C@@H](CC(=O)O)[C@@H](Cc2nc3ccccc3[nH]2)C1;Cn1c(C[C@H]2CN(C(=O)C(C)(C)C)CC[C@H]2CC(=O)O)nc2ccccc21;Cn1c(C[C@H]2CN(C3CCOCC3)CC[C@H]2CC(=O)O)nc2ccccc21;CC(C)(C)CC(=O)N1CC[C@@H](CC(=O)O)[C@@H](Cc2nc3ccccc3[nH]2)C1;Cc1ccc2nc(C[C@H]3CN(C4CCOCC4)CC[C@H]3CC(=O)O)[nH]c2c1;Cc1ccc2nc(C[C@H]3CN(C(=O)C(C)(C)C)CC[C@H]3CC(=O)O)[nH]c2c1;CCC(CC)C(=O)N1CC[C@@H](CC(=O)O)[C@@H](Cc2nc3ccccc3[nH]2)C1;Cc1ccc2nc(C[C@H]3CN(C(=O)CC(C)C)CC[C@H]3CC(=O)O)[nH]c2c1;O=C(NCC1CCOc2ccccc21)N1CCC(N2CCCCC2=O)CC1;C[C@H]1C[C@@H]2[C@@H](CC(=O)N2Cc2ccccc2)[C@@H]1CNC(=O)N1CCOCC1;CCCNC(=O)N1CC2(C1)C(c1ccccc1)C(CO)N2C(=O)CC1CC1;COc1ccc(-c2cc(C[C@H]3CNCC[C@H]3CC(=O)NC(C)C)no2)cc1;O[C@H]1CC[C@@H](Cc2cc(-c3ccccc3)on2)O[C@@H]1CNC1CCNCC1;CC(C)NC(=O)N1CC2C(c3ccccc31)C(CO)N2C(=O)C1CCCC1;CC(C)c1ccc(N2C(=O)N[C@@H]3CCN(C(=O)CC(C)(C)C)[C@@H]3C2=O)cc1;CCC(CC)C(=O)N1CC[C@@H]2NC(=O)N(c3ccc(C(C)C)cc3)C(=O)[C@H]21;CCCC(=O)N1CCC2(CC1)CNC(CO)c1[nH]c3cc(OC)ccc3c12
m_7ee70f,Cc1noc(COCC(=O)N2CCCNC(=O)C2C)n1;CC(=O)CNCCC(=O)NC(Cc1cnc[nH]1)C(=O)O;CC(=O)NC(C)C(=O)N1CC(OCc2nc(C)no2)C1;O=C1NCC(=O)N2CCN(C(=O)N3CCOCC3)C[C@H]12;OCC1CC(n2cnc3c2NC=NCC3O)C(O)C1O;CC(C(C)N1CC(=O)NC(=O)C1)N1CC(=O)NC(=O)C1;O=C(Cc1cc(=O)[nH]c(=O)[nH]1)NCCN1CCOCC1;O=C(CN1CCCC1=O)NNC(=O)CN1CCCC1=O;OCC(CO)(CO)CO[C@@H]1OCOCC1(CO)CO;CC(C)C(=O)NCC(=O)NC(Cc1c[nH]cn1)C(=O)O;CC(=O)C=Nc1c(NCCCCCO)[nH]c(=O)[nH]c1=O;CC(NC(=O)CN(C)C(=O)C(C)n1cccn1)C(=O)O;COc1nccc(NC(=O)NCC2(O)CCOCC2)n1;COc1cncnc1NC(=O)NCC1(O)CCOCC1;N=C(N)NOCCC(NCc1ccccc1O)C(=O)O
m_80401f,CCC1C(=O)NCCN1C(=O)CCOCC(F)(F)F;CC1C(=O)NCCCN1C(=O)CCOCC(F)(F)F;CC(=O)N1CCN(Cc2oc(CO)cc(=O)c2O)CC1;CN1CCC(NC(=O)Cc2cccc(F)c2F)CC1=O;COc1cc(=O)oc(C2N=NC[C@H]2C(OC)OC)c1C;COC(=O)c1c[nH]c(=O)c(C(CC(N)=O)C(C)C)c1O;CC(=O)CCCC/[N+]([O-])=N/C(C)=C1/OC(=O)C=C[C@@H]1O;CC(=O)Nc1ccc(N[C@@H]2O[C@H](CO)[C@@H](O)[C@H]2O)cc1;O=[N+]([O-])c1ccc(OCC(O)CN2CCOCC2)cc1;CNC(=O)C1(COC)CCCN1C(=O)CC(F)(F)F;CC(=O)Nc1c[nH]c(C(=O)O[C@H](C)CCCC(=O)O)c1;CN(CC(F)(F)F)C(=O)CN1CCCCC(O)C1=O;O=C(Cc1cccc(F)c1F)N1CCOC2CNCC21;S=C=N/C=C/CCCCCCCCCCN=C=S;CC(C)(C)OC(=O)N[C@H](Cc1ccc(O)nc1)C(=O)O;CSCc1cc(F)ccc1CNC(=O)C1CCNC1;NC(=O)CN(C(=O)COCC(F)(F)F)C1CCCC1;NC(CCC(=O)NCCc1ccc(O)c(O)c1)C(=O)O;CC1CN(C(=O)Cc2ccc(F)c(F)c2)CC1C(N)=O;COC(=O)CNC(=O)CCCn1c(C)cc(O)cc1=O;NC(=O)C1CCN(CCSc2ccccc2F)CC1;CCc1ocnc1C(=O)N1CCCC1(COC)C(=O)O;NC(Cc1ccc(O)c(O)c1)C(=O)NCCCC(=O)O;CC1(C(=O)Nc2ccccc2C(F)F)CCNC(=O)C1;COCC(C)(CC(=O)O)NC(=O)c1ccc(=O)n(C)c1
m_8071e1,COC1CCC(NC(=O)N2CCCCCC2c2ccco2)CC1;COC1CCN(C(=O)NCCc2cc(C)c(O)c(C)c2)C(C)C1;COC1(CNC(=O)N(Cc2ccoc2)C2CCCCC2)CCC1;COc1ccccc1CCC(=O)N(C)CC1CC(OC)CN1C;Cc1cc2c(o1)CC(C)(C)CC2NC(=O)NC1CCC(O)CC1;Cc1ccc(CN(C)C(=O)NC2CCOC3(CCCCC3)C2)o1;COc1ccc(CCC(C)NC(=O)NC2CCC(O)CC2)cc1;COc1ccccc1CN(CCO)C1CCCN(C(C)C)C1=O;O=C(C1CCN(Cc2ccc(CO)o2)CC1)N1CCCCCC1;Cc1ccc(C(CNC(=O)C2(C)CCOCC2)N2CCCC2)o1;COCc1cc(C[C@@H]2C[C@H](NC(=O)C3CCCC3)C2(C)C)no1;CCC(=O)N(Cc1ccco1)C(CC)C(=O)NC1CCCCC1;CC(C)Oc1ccc(CCNC(=O)NC2CCC(CO)C2)cc1;CC(C)(C)CC(=O)NC[C@H]1OC[C@@H](NCc2ccccc2)[C@@H]1O;CC(NC(=O)NC(CCO)C(C)(C)C)C1COc2ccccc21;CC1CCN(C[C@@H]2OC[C@H](NCc3ccccc3O)[C@H]2O)CC1;COC1CC(CN(C)C(=O)CCOc2cccc(C)c2)N(C)C1;CCCN(CCC(=O)Nc1cc(OC)cc(OC)c1)CC1CC1;Cc1ccc(CN(CCO)C(=O)NC2CC(C)OC(C)C2)cc1;CCOC1CCN(C(=O)NC(C)Cc2cccc(OC)c2)CC1;CC(CNC(=O)C(CCCO)c1ccccc1)N1CCOCC1;O[C@@H]1C[C@@](CNCC2CCCC2)(COc2cccnc2)C[C@@H]1O;CCCCN(C)C[C@@H]1OC[C@H](NC(=O)Cc2ccccc2)[C@H]1O;CCOc1cccc(CCNC(=O)N2CCCC2C(C)(C)O)c1;COc1ccc(CNCCC(=O)NC2CCCCC2)cc1OC
m_808712,COC1CC(C(N)=O)N(Cc2ccc(Cl)c3cccnc23)C1;COC1CC(C(N)=O)N(Cc2cc(Cl)cc3cccnc23)C1;CC1OCCN(Cc2cc(Cl)cc3cccnc23)C1C(N)=O;CNC(=O)C1CCCN1C(=O)c1[nH]c2ccc(C)cc2c1Cl;CC(C)C(Sc1nncn1-c1ccccc1)C(=O)NC(N)=O;COc1ccccc1N/N=C(/C#N)c1nc(O)c2ccccc2n1;COC(=O)c1cc2c([nH]c3ccccc32)c(-c2ccnc(N)n2)n1;Cn1c(/C(C#N)=N/Nc2ccc(C(=O)O)cc2)nc2ccccc21;CC(=O)N1CCOC2CCN(c3ccc(C#N)c(Cl)c3)CC21;CC(=O)NCC1CN(c2ccc(-n3ccnn3)c(F)c2)C(=O)O1;CCC1C(=O)NCCN1Cc1ncc(-c2cccc(Cl)c2)o1;CCCOc1cncc(NC(=O)C(N)c2cccc(Cl)c2)c1;CC(=O)N1CCOC2CCN(c3cc(Cl)ccc3C#N)CC21;CC1CNCCN1C(=O)COc1ccc(Cl)c2cccnc12;COC(=O)[C@@H]1Cc2ncn(C)c2CN1Cc1ccc(Cl)cc1;CCN(CC)CCC(CO)NC(=O)Nc1ccsc1Cl;Cc1ccc(C(=O)Nc2cccc(Cl)c2NC(C)C)c(=O)[nH]1;CC(C)c1nnc2n1CCN(C(=O)c1cc(C(N)=O)cs1)C2;CNC(=O)C12CCOCC1CN(c1cc(Cl)ccc1C#N)C2;CN(C)S(=O)(=O)CCn1cc(-c2ccc3[nH]ccc3c2)nn1;Clc1cccc(CN2CCOC[C@H](Oc3cnccn3)C2)c1;O=C(NCc1nc(-c2ccco2)n[nH]1)c1ccc2ccccc2n1;NC(=O)c1ccc(CSc2nnnn2C2CCOCC2)cc1;COc1ccccc1NC(=S)NNC(=O)c1cc(C)n(C)n1;Cc1[nH]c(=O)[nH]c1C(=O)NC1(c2ccc(Cl)cc2)CCCC1
m_80b537,COc1ccc(C(=O)N2CCC(N(C)C(C)=O)CC2)cc1-c1ccccn1;CCN1CCN(C(=O)c2ccc(OC)c(-c3ccccn3)c2)C(C)(C)C1=O;CC(=O)N(C)C1CCN(C(=O)c2ccc(OCc3ccccc3)nc2)CC1;CC(=O)NC1CCN(C(=O)c2cccc(COc3ccc(C)nc3)c2)CC1;CNC(=O)C1CCN(C(=O)c2cccc(COc3ccc(C)nc3)c2)CC1;C=CC(C)(C)c1[nH]c2ccccc2c1/C=C1\NC(=O)[C@@H](CCCO)NC1=O;CCNC1CCCN(C(=O)c2occc2CN2C(=O)Cc3ccccc32)C1;O=C(c1cccc(OCc2cccnc2)c1)N1CCC(N2CCOCC2)C1;CCOc1ccc(Oc2cc(CNC(=O)N3CCC4CC4C3)ccn2)cc1;COC[C@H]1CCCN1Cc1nc(C2(O)CCN(C3COC3)CC2)cs1;CC(C)=CCc1[nH]c2cc(O)ccc2c1C[C@@H]1NC(=O)[C@@H]2CCCN2C1=O;Cc1ccc2nc(C3CC3)cc(C(=O)NCC3(C(N)=O)CCOCC3)c2c1;COc1ccccc1CCC(=O)NC1CCN(C(=O)c2ccncc2)CC1;C=CC(C)(C)c1[nH]c2ccccc2c1[C@@H](O)[C@@H]1NC(=O)[C@@H]2CCCN2C1=O;Cc1cccc(-c2ccc(C(=O)NC3C(=O)NCC34CCOCC4)n2C)c1;OC1(c2csc(CN3CCOCC3)n2)CCN(C2CCOCC2)CC1;Cc1ccc(OCc2cccc(C(=O)N3CCC(CC(N)=O)CC3)c2)cn1;COCCn1cc(CCCC(=O)Nc2ccc(OC)nc2)c2ccccc21;Cc1ccc(Oc2ccc(NC(=O)N3CCC(C4CCOC4)C3)cn2)cc1;C#CCn1cc(C[C@@H]2NC(=O)[C@H](C[C@@H](C)CO)N(C)C2=O)c2ccccc21;CC1CN(C(=O)Nc2cccnc2-c2ccccc2)CC2(CCOC2C)O1;COc1ccc(NC(=O)c2ccc(CN3CCCC(C(N)=O)C3)cc2)cc1;CCS(=O)(=O)NCc1ccc(C(=O)NC2CN(C(C)C)CC2C)cc1;CCCN(C(=O)c1cc(C)c(C)c(S(=O)(=O)N(C)C)c1)C1CCNC1;CCOC(=O)c1cnn(-c2ccc(C(=O)N3CCCC4(CC4)C3)cc2)c1C
m_8114e3,CC(C)OC(=O)c1ccc(NC(=O)c2ccc(-n3cncn3)cc2)cc1;CCCOC(=O)c1ccc(NC(=O)c2ccc(-n3cncn3)cc2)cc1;CCOC(=O)c1ccccc1NC(=O)c1cnn(-c2ccccn2)c1C;CCOC(=O)c1ccc(NC(=O)c2cn(Cc3ccccc3)nn2)cc1;Cc1nc([C@H]2CC[C@@H](O)[C@H](NS(C)(=O)=O)C2)n(-c2ccccc2)n1;COCOc1ccc(NC(=O)c2cccc(Nc3cnccn3)c2)cc1;COc1ccccc1C=CC=NNC(=O)c1cc(-c2ccc(C)o2)[nH]n1;CCN(Cc1ccc2c(c1)OCO2)C(=O)c1ccc(-n2cccn2)nc1;Cc1ccc2c(OC3OC(C)C(O)C(O)C3O)c(O)c(C)c(O)c2c1;COC(=O)c1cccc(NC(=O)c2cnn(-c3ccccn3)c2C)c1C;O=C(c1cccnn1)N(CCc1c[nH]c2ccc(O)cc12)C(=O)C1CC1;COC(=O)c1ccc(C)c(NC(=O)c2cnn(-c3ccccn3)c2C)c1;CCCS(=O)(=O)N[C@H]1C[C@@H](c2nc(-c3ccccc3)no2)N(C)C1;C/C=C(/C)C(=O)O[C@@H](C)[C@@H](OC(C)=O)c1cc(OC)c2c(c1)OCO2;C[C@H]1C/C=C/[C@H](O)[C@@H](O)[C@@H](O)C/C=C/c2cc(O)cc(O)c2C(=O)O1;O=C(Nc1cccc(OCCO)c1)c1ccc(Nc2ncccn2)cc1;CCCn1c(NC(=O)c2ccc3c(c2)OCC(=O)N3)nc2ccccc21;c1cncc(-c2nnc([C@H]3CCN(Cc4ccc5c(c4)OCO5)C3)o2)c1;FC(F)(F)C1CCC(Cc2nc(-c3ccnc4[nH]ccc34)no2)CC1;O=[N+]([O-])c1ccc(-c2nc(NCC3CCCO3)c3ccccc3n2)cc1;COc1ccc2[nH]cc(CCNC(=O)c3cc(-c4ccco4)[nH]n3)c2c1;COC(=O)C[C@H]1C[C@@H](C)O[C@@H](c2cc(C)c(OC)c3c2COC3=O)O1;O[C@@H]1CO[C@H]2[C@@H]1OC[C@@H]2n1nnnc1-c1ccc(-c2ccccc2)cc1;O=C(O)c1ccc(CN2CC[C@H](c3nnc(-c4cccnc4)o3)C2)cc1;CCO[C@H]1C=C[C@@H](O)[C@@H](OC(C)=O)[C@@]1(O)COC(=O)c1ccccc1
m_82f2e2,Cc1nc(C2CC2)ccc1C(=O)NCC1CCC2(CCCCC2)O1;CCC(C#CCN1CCCC[C@H]1c1cccnc1)(CC)OC(C)=O;COc1ccc2[nH]cc(CCNC(=O)CCC3CCCCC3)c2c1;NC1CCOC(C2CCN(C(=O)c3ccc4c(c3)CCC4)CC2)C1;CC[C@H]1CN(C(=O)C2CC2)CC[C@H]1CC(=O)NCc1ccccc1;CC(C)N1C(=O)C[C@H]2[C@H](CNC(=O)Cc3ccccc3)[C@@H](C)C[C@H]21;Cc1ccc(CN2CC(C(=O)NC3CCCCCC3)CC2=O)cc1;Cc1cccc(C(C)NC(=O)NCC23CC2COC32CCC2)c1C;C=C1Nc2ccccc2C1(O)CCN1CCCC2(CC)CCOC12;CC1Cc2ccccc2N1C(=O)C1CCN(C(=O)C(C)(C)C)CC1;CC(CC(=O)N(C)c1ccccc1)NC1C2CCOC2C12CCC2;CC[C@H]1CN(C(=O)C(C)(C)C)CC[C@H]1CC(=O)NCCSC;CC[C@H]1CN2CCc3c([nH]c4cc(OC)ccc34)[C@@H]2C[C@@H]1CCO;O=C(NC1COCC1C1CC1)c1cccc(CN2CCCCC2)c1;Cc1cccc(C(CNC(=O)C2C3CCCC32)N2CCOCC2)c1;O=C(CCN1CCC2OCCCC2C1)N1CCc2ccccc2C1;C/C=C(/CO)[C@H](CCO)C[C@@H]1c2[nH]c3ccccc3c2CCN1C;CC(C)n1cc(CC(=O)N[C@@H]2CCOC(C)(C)C2)c2ccccc21;Cc1ccc(C(=O)NC2CCCC2N2CCC(O)C2)c2c1CCC2;CC[C@H]1CN2CCc3c([nH]c4ccc(OC)cc34)[C@@H]2C[C@@H]1CCO;O=C(NCCC1=CCCCC1)c1ccc(CN2CCOCC2)cc1;CC(C)(C)C(=O)N1CC[C@H]2CC(=O)N(c3ccccc3)CC[C@H]2C1;CC1(C)N[C@H](Cc2c[nH]c3ccccc23)[C@H]2C[C@@H]1C[C@@H](O)[C@@]2(C)O;Cn1cc(CCCC(=O)N[C@@H]2CCOC(C)(C)C2)c2ccccc21;CCn1cc(CC(=O)NCC(C)(O)C2CCCC2)c2ccccc21
m_83ac87,COc1cccc(Cl)c1CC(=O)Nc1c[nH]c(=O)c(C)c1;COc1ccc(NC(=O)Cc2cc(Cl)ccc2OC)cn1;COc1ccc(NC(=O)COc2ccc(Cl)cc2C)cn1;C[C@H](O)c1onc(-c2ccc(Cl)cc2)c1C(=O)NC1CC1;C[C@H](O)c1c(-c2ccc(Cl)cc2)noc1C(=O)N1CCC1;Cc1cc(NS(=O)(=O)c2ccc(NC=O)cc2)nc(C)n1;C[C@H](O)c1c(-c2ccc(Cl)cc2)noc1C(=O)NC1CC1;C[C@H](O)c1onc(-c2ccc(Cl)cc2)c1C(=O)N1CCC1;COc1ncccc1CNC(=O)C(=O)Nc1nc(C)cs1;NC(=O)C1CN(Cc2cccc(Cl)c2)CC1C(F)(F)F;COC1=CC(=CNNC(=O)c2sc(N)nc2C)C=CC1=O;CCOC(=O)Cc1csc(NC(=O)c2cnc(C)cn2)n1;CN(Cc1ccccc1Cl)C(=O)CNC(=O)c1ccco1;CC(C)c1ocnc1C(=O)N1CCOc2c(Cl)cccc21;CC1NC(=O)CCC1NC(=O)c1c(Cl)oc2ccccc12;Cn1cc(S(=O)(=O)N2CCc3cnccc32)cc1C(N)=O;CC(C)OC(=O)c1ccn(Cc2ccc(Cl)cn2)c(=O)c1;O=C(Cc1ccon1)N1CCOC(c2cccc(Cl)c2)C1;COc1cn(C)c(C(=O)NCc2ccc(Cl)cc2)cc1=O;COC(N)=NP(=O)(Oc1ccccc1)Oc1ccccc1;CC(=O)Nc1ccc(S(=O)(=O)Nc2nccc(C)n2)cc1;O=C(c1ccon1)N1CCC(Oc2ccccc2Cl)CC1;COc1cccc(NC(=O)CSc2nc(=O)cc(N)[nH]2)c1;C=CCO[C@@H]1C[C@H]2C(=O)Nc3cc(Cl)ccc3C(=O)N2C1;O=C1NC(=O)C2CN(Cc3cc(Cl)cc4c3OCC4)CC12
m_83e861,CCn1ccnc1C1OCCCC1Nc1nc2cc(F)ccc2o1;CN1C(=O)CCC(C(=O)NCC(F)(F)CO)C1c1nccn1C;O=C(NCC1CCC(c2nc(C3CC3)n[nH]2)O1)c1ccccc1F;Cn1cnnc1C1CN(C(=O)C2CC2c2ccc(F)cc2)CCO1;Cc1cc(C(=O)NC2CCCN(c3ccccc3F)C2=O)n(C)n1;Cc1cc(N2CCOC(c3nc(C)cs3)C2)nc(C2CCC2)n1;Cc1c(C(=O)NC2CCN(Cc3ccc(F)cc3)C2=O)cnn1C;Cc1cc(C(=O)NC2CC(=O)N(C)C2c2ccc(F)cc2)n(C)n1;O=C(NCC1CCOC1c1ncn[nH]1)C1(c2ccccc2F)CC1;O=C(CNC(=O)c1ccc(F)cc1)NCc1cc2n(n1)CCCC2;Cc1nc(CC2CC2)sc1C(=O)NC1CCCc2nn(C)cc21;Cn1c(CNC(=O)C2Cc3cccc(F)c3O2)nnc1C1CCC1;Cc1cc(F)ccc1-n1cc(C(=O)N2CCOCC2C2CC2)nn1;CCCc1nc(C)c(C(=O)N2CCN(c3ccccn3)CC2)s1;CCc1cnc(OC2CCN(C(=O)c3cncc(F)c3)CC2)nc1;NC(=O)C(CNC(=O)c1cc(C2CC2)[nH]n1)Cc1ccc(F)cc1;Cc1cc(F)cnc1C(=O)NCc1ccnc(N2CCOCC2)c1;CC(C)(C)n1nc(C(=O)Nc2nc3c(s2)CCC3)cc1C1CC1;Cn1nc(O)c2c1CN(C(=O)NC1CCc3c(F)cccc31)CC2;Cc1cnc(C2CCN(C(=O)c3cc4n(n3)CCCC4)CC2)s1;CC(C)(C)n1nc(C(=O)Nc2nc(C3CC3)cs2)cc1C1CC1;CCc1ncnc(OC2CCN(C(=O)c3cccnc3C)C2)c1F;Cc1ccc(F)c(N2CCCC(NC(=O)c3cnn(C)c3)C2=O)c1;CN(C)c1cc(C(=O)NCCc2nc3c(s2)CCCC3)ccn1;Cc1cccnc1NC(=O)C1CCCN(c2nc(C)c(C)s2)C1
m_83fdb3,CC(C(=O)NCc1cccs1)N1CC(O)CC1CO;CC(C)N[C@@H]1CO[C@H](CNC(=O)c2cccs2)[C@H]1O;CCCCNC(=O)C(CO)NC(=O)Cc1cccs1;COCC(=O)NC(C(=O)NCc1ccsc1)C(C)C;COC(CNC(=O)c1cc(C(N)=O)cs1)C(C)(C)C;Cc1ccc(C2c3ccccc3C(=O)c3ccccc32)cc1;Cc1ccc2cc3c(c4c2c1CC4)C1OC1c1ccccc1-3;CCOC1CC(O)(CNC(=O)c2cscn2)C1(C)C;Cc1nc(C)c(C(=O)N(C)CC2(O)CCOCC2)s1;CCc1ccsc1C(=O)N(CCOC)C(C)C(N)=O;COCC(NC(=O)c1cc(C)sn1)C1CCOCC1;COCC1CC(O)CN1C(=O)CCc1scnc1C;CCOC(=O)C(C)(NC(=O)c1scnc1C)C(C)C;Cc1ccc(C(=O)P(=O)(OC(C)C)OC(C)C)cc1;COCc1ncsc1C(=O)NC1CCCCC1OC;CCCCC(COC)NC(=O)c1cc(C(N)=O)cs1;COCC(=O)N[C@H]1[C@H](c2cccs2)NCC[C@@]1(C)O;CCOC(=O)c1csc(CNC(=O)C(C)(C)CC)n1;Cc1c(O)c2c(c(C)c1CCCl)[C@@H](O)[C@](C)(CO)C2;CCOC(=O)CN(CC(C)C)C(=O)c1scnc1C;C#C/C=C\CC(Cl)[C@@H]1C[C@H](O)[C@@H](/C=C\C(O)CC)O1;CC12CCC3(CC1Cl)C(CC(=O)CC3(C)C)C(=O)O2;COC(=O)c1sccc1CN(CC(N)=O)C(C)(C)C;C#C/C=C/C[C@H]1O[C@H]2C[C@@H](O)[C@@H](CC)O[C@H]2C[C@H]1Cl;C=C1C(=O)O[C@@H]2C[C@]3(Cl)[C@H](O)CC[C@H](C)[C@@]3(C)C[C@H]12
m_847112,O=S(=O)(c1cccs1)N1CCCC1c1nc(CCC(F)(F)F)no1;O=S1(=O)N[C@@H]2CN(S(=O)(=O)c3ccccc3)C[C@@H]2Oc2ncccc21;O=[N+]([O-])c1ccc(OC2OC(COP(=O)(O)O)C(O)C(O)C2O)cc1;COc1ccc(C2=N/C(=C\c3coc4ccccc4c3=O)C(=O)O2)c(Cl)c1;CCS(=O)(=O)Nc1cc(-n2nnn(CCCF)c2=O)c(F)cc1Cl;O=C(CCn1ccc2ccc(Br)cc21)Nc1ccc2[nH]ccc2c1;O=C(CCn1ccc2c(Br)cccc21)Nc1cccc2[nH]ccc12;O=C(CSc1ccncc1)NC1C(=O)N2C(C(=O)O)=C(CO)CSC12;O=C(CCn1ccc2c(Br)cccc21)Nc1ccc2[nH]ccc2c1;O=C(CCn1ccc2cc(Br)ccc21)Nc1ccc2cc[nH]c2c1;O=C(CCn1ccc2c(Br)cccc21)Nc1ccc2cc[nH]c2c1;CC(NC(=O)C(C#N)=CC=Cc1cccc(Br)n1)c1ccccc1;O=C(CCn1ccc2cc(Br)ccc21)Nc1cccc2[nH]ccc12;O=C(CCn1ccc2ccc(Br)cc21)Nc1ccc2cc[nH]c2c1;O=C(CCn1ccc2ccc(Br)cc21)Nc1cccc2[nH]ccc12;Cc1ccc2[nH]c3c(c2c1)CCNC31C(=O)Nc2ccc(Br)cc21;Cn1ccc2c(NC(=O)Cn3ccc4cc(Br)ccc43)cccc21;Cn1ccc2c(NC(=O)Cn3ccc4c(Br)cccc43)cccc21;CN1C(=O)C2(NCCc3c2[nH]c2ccccc32)c2cc(Br)ccc21;Cn1ccc2c(NC(=O)Cn3ccc4ccc(Br)cc43)cccc21;Cc1ccc(S(=O)(=O)NCC(=O)OCC(=O)c2ccccc2Cl)cc1;CC(=O)Nc1nc(C)c(S(=O)(=O)N2c3ccccc3CC2C(=O)O)s1;COC(=O)C1=C(N)Oc2c(oc(CO)cc2=O)C1c1c(F)cccc1Cl;CCCN(CCOc1c(Cl)cc(Cl)cc1Cl)C(=O)N(C=N)CO;CCn1c(SCC(O)=Nc2ccc(F)c(Cl)c2)nc2c(O)ncnc21
m_875d74,Cc1cnccc1NS(=O)(=O)c1ccc2c(c1)CCC2;Cc1ccncc1NS(=O)(=O)c1ccc2c(c1)CCC2;CCc1ccc(S(=O)(=O)N2CCc3cnccc32)cc1;C=Cc1ccc(S(=O)(=O)NC(C)c2cccnc2)cc1;C/C(=N/NS(=O)(=O)c1ccc(C)cc1)c1ccccc1;O=C(NCC(=O)N1CCCC1)c1csc2ccccc12;O=S(=O)(c1ccccc1)N1CCCC1c1cccnc1;O=C(CCNc1ccc(F)cc1)c1cccc([N+](=O)[O-])c1;CC(=O)CC/C=C/c1ccc2c(c1)C=C/C(=C\Cl)CO2;COc1ccc(OC)c(NC(=S)Nc2ccccc2)c1;CC(CNC(=O)c1csc(C(C)(C)C)n1)[S+](C)[O-];O=C(NC(Cc1ccccc1)C(=O)O)c1cncc(F)c1;CS/C=C/C(=O)NCCCCNC(=O)/C=C/SC;CN(C(=S)NC1=CCS(=O)(=O)C1)C1CCCCC1;CCn1nc(C)cc1C(=O)Nc1nnc(C(F)(F)F)[nH]1;CNS(=O)(=O)c1ccc(NC2CCCC2O)c(F)c1;O=C(NCCc1ccc(F)cc1)c1ccc([N+](=O)[O-])cc1;CCC(NC(=O)CCC(=O)C(=O)O)C(=O)NCC(=O)O;CCCC(C)C1(CCSC)C(=O)NC(=S)NC1=O;Cc1cc(C(=O)NC2(C(=O)O)CC2)c2ccc(F)cc2n1;COc1cccc(NC(=O)Nc2ccccc2SC)c1;O=C(C1CCCO1)N(Cc1ccsc1)c1cccnc1;CN(C(=O)C12CCC(=O)N1c1ccccc1S2)C1CC1;NC(=O)C1CCN(C(=O)c2ccc3sccc3c2)CC1;CCc1ccc(S(=O)(=O)NC2(CN)CCCC2)s1
m_88505f,Cc1noc(C2CN(Cc3cc(Br)c[nH]3)CCN2C)n1;CC(C)c1noc(CN2CC(Cn3cc(Br)cn3)C2)n1;CC(C)c1nnc(CNC(=O)c2cc(Br)cn2C)n1C;CCn1cc(Br)cc1C(=O)NCC(C)c1nncn1C;Cc1nc(C(C)C)nc(Nc2cnn(CCO)c2)c1Br;CCn1ncc(Br)c1C(=O)N(C)Cc1cnn(C)c1C;Cc1ccc(S(=O)(=O)N2CC(c3cc(C(=O)O)[nH]n3)C2)cc1F;O=[N+]([O-])c1ccc(N/N=C(\Sc2ccccc2)c2ccco2)cc1;CCOC(=O)c1cn[nH]c1S(=O)(=O)N1CCc2c(F)cccc21;COC(=O)c1cc(C2CN(S(=O)(=O)c3cccc(F)c3)C2)n[nH]1;COC(=O)c1c(NS(=O)(=O)c2cccc(F)c2)nc2n1CCC2;CCCCn1nnc(NCc2cc(Br)ccc2OC)n1;Cc1c(C(=O)NCc2ccsc2)cnn1C1CCS(=O)(=O)C1;COC(=O)c1cccc(C(=O)Nc2nnc(-c3ccccc3)s2)c1;CSc1nnc(C)c(=O)n1COC(=O)COc1ccccc1F;Cn1c(NC(=O)c2ccn(CC(F)F)n2)nc2cccc(Cl)c21;CN(C)S(=O)(=O)c1cccc(NC(=S)NCc2ccco2)c1;Cn1cc(-c2nsc(NC(=O)c3ccn(CC(F)F)n3)n2)cn1;O=C(Cc1csc(-c2ccc3c(c2)OCO3)n1)Nc1cccnc1;O=C(CN1CCN(c2ncc(Br)cn2)CC1)NC1CC1;O=C(CCc1ccsc1)Nc1ccnn1C1CCS(=O)(=O)C1;Cc1occc(=O)c1OCC(=O)N(C)Cc1ccc(F)c(Cl)c1;CCC1C(=O)NCCN1S(=O)(=O)c1ccc2nc(C)sc2c1;Cc1cnc(CNS(=O)(=O)c2cc3c(cc2F)NC(=O)CC3)o1;CCOc1cc(S(=O)(=O)Nc2ccc(CC)cc2)ccc1Cl
m_88a263,CC1CN(C)c2ccccc2N(C(=O)c2ncc(F)cc2F)C1;COC(=O)[C@@H](NC(=O)C(=O)Nc1cccc2[nH]ccc12)C(C)C;CC1CCn2ncc(C(=O)N3CCc4c(F)cc(F)cc43)c2C1;O=C(O)COCC1CCN(C(=O)c2cc3cccnc3[nH]2)CC1;CC(NC(=O)C(CC(N)=O)NC(=O)C(N)CC(N)=O)C(=O)O;NC(=O)CC[C@H](NC(=O)/C=C/C=C/c1ccc(N)cc1)C(=O)O;CC1CCn2ncc(C(=O)N3CCc4cc(F)c(F)cc43)c2C1;CN1CCC(NC(=O)c2ccccn2)C1c1ccc(F)c(F)c1;NCC(=O)NC(CC(N)=O)C(=O)NC(CCC(N)=O)C(=O)O;Cc1ccc2c(c1)cc(C(=O)N[C@@H](C)C(=O)NCC(=O)O)n2C;COCC1(C(=O)O)CCCN1C(=O)Cc1c[nH]c2ncccc12;NC(=O)CCC(NC(=O)C(N)CC(N)=O)C(=O)NCC(=O)O;NC(=O)CCC(NC(=O)CNC(=O)C(N)CC(N)=O)C(=O)O;CCOC(=O)CNC(=O)O[C@@H]1CCN2Cc3ccccc3N=C12;CC(NC(=O)C(N)CC(N)=O)C(=O)NC(CC(N)=O)C(=O)O;COC(=O)[C@@H](C)NC(=O)Cn1ccc2c(NC(C)=O)cccc21;NC(=O)CCC(N)C(=O)NCC(=O)NC(CC(N)=O)C(=O)O;CCOC(=O)CN(CCOC)C(=O)c1cnc2ccccc2n1;COC(=O)CCNC(=O)CCCc1nc2ccccc2c(=O)[nH]1;Cn1c([C@H]2CCN(C(=O)COCC(=O)O)C2)nc2ccccc21;N[C@@H](Cc1c[nH]c2ccccc12)C(=O)N1C[C@H](O)C[C@H]1C(=O)O;Cn1nc(CC(=O)N2CCOCC2CC(=O)O)c2ccccc21;Cc1ccc2c(c1)nc1n2[C@@H](CNC(=O)CCC(=O)O)COC1;Cc1ccc2nc3n(c2c1)[C@@H](CNC(=O)CCC(=O)O)COC3;Cc1cccc2c1nc1n2[C@@H](CNC(=O)CCC(=O)O)COC1
m_895051,Cc1nccc(CCC(=O)N2CCNC(=O)CC2c2ccccc2)n1;O=C(c1n[nH]c2c1CCCC2)N1C[C@H]2C[C@@H](C1)c1cccc(=O)n1C2;Cc1nccc(CNC(=O)C2CCC(=O)N(C)C2c2ccccc2)n1;CCN1C(=O)CC(CNC(=O)c2cccc(C)n2)C1c1cccnc1;CN1C(=O)CC(CNCc2ccc(C(N)=O)cc2)C1c1ccncc1;Cc1ccccc1C1C(=O)NCCN1C(=O)c1cc(N(C)C)ccn1;Cc1nccc(CNC(=O)C2CC(=O)N(C(C)c3ccccc3)C2)n1;CN(C)c1ccc(C(=O)NCc2cccc(NC(=O)C3CC3)c2)cn1;CCN1C(=O)CC(CNC(=O)c2cccnc2C)C1c1cccnc1;Cc1nc(C)c(C(=O)N(C)C2CCN(c3ccccc3)C2=O)nc1C;CC(=O)N1CCc2ccccc2C1CC(=O)N(C)Cc1cnccn1;CCN1C(=O)CC(CNC(=O)c2cncc(C)c2)C1c1cccnc1;Cc1cc[nH]c1C(=O)NCC1CC(=O)N(C2CC2)C1c1cccnc1;CN(C)C(=O)c1ccc(NC2CC(=O)N(Cc3ccccc3)C2)nc1;COc1ccc2[nH]cc(CCNC(=O)c3n[nH]c4c3CCCC4)c2c1;C#CCCC1(CCC(=O)N2CCC(C(N)=O)(c3ccccc3)C2)N=N1;Cc1nc(C)c(C(=O)NC2CCN(Cc3ccccc3)C2=O)nc1C;Cc1cc(NC(=O)NCc2ccc(CN3CCCC3=O)cc2)ccn1;C#CCCC1(CCC(=O)NC2CCN(C(C)=O)c3ccccc32)N=N1;CN(C)CC(=O)N1c2ccccc2CCc2ccc(NC(N)=O)cc21;O=C(NCc1ccc(N2CCCC2=O)cc1)C1CCn2cncc2C1;Cc1ccccc1CNC(=O)N1CCN(C(=O)c2ccccn2)CC1;CN(CC1(O)CCN(Cc2ccccc2)C1)C(=O)c1c[nH]c(C#N)c1;COc1ccc2[nH]cc(CCNC(=O)C3CCc4cn[nH]c4C3)c2c1;CN(CC1(O)CCN(Cc2ccccc2)C1)C(=O)c1cc(C#N)c[nH]1
m_89a6f2,CC(C(=O)Nc1ccnn1C(C)C)N1CCN(c2cnccn2)CC1;CN(C)CCn1ccc(NC(=O)C2CCN(c3cnccn3)CC2)n1;CNc1cc(N2CCCC2CNC(=O)c2cc(C(C)C)[nH]n2)ncn1;Cc1nccc(N2CCN(C(=O)Nc3cnn(CC(C)C)c3)CC2)n1;Cc1ccc(N2CCCC(NC(=O)Nc3ccn(C(C)C)n3)C2)nn1;COc1ccc(CCc2cc(OC)c(OC)cc2CCN(C)C)cc1;Cc1cc(N2CCCC(NC(=O)c3cnc(N(C)C)cn3)C2)n(C)n1;CCC(=O)N(CC[C@H](c1ccc(OC)cc1)C(C)C)Cc1ccco1;Cn1cnnc1CC1(O)CCCN(c2cc(NCC3CC3)ncn2)C1;CCC(=O)N(CC[C@H](c1ccco1)C(C)C)Cc1ccc(OC)cc1;C[C@H](c1ccc(C=O)cc1)[C@H]1C[C@@H](CCC2(O)CCCC2)[C@@]2(O)CN12;CCn1nc(C)c(NC(=O)N2CCN(c3ccnc(C)n3)CC2)c1C;CCCCCCC=CCCCC1=NC(Cc2ccc(O)cc2)C(=O)O1;CC(=C/C(=O)C1=CC=CCN1)/C=C/C(O)C(C)(C)CC/C=C(\C)C=O;CC(C)C(C(=O)N1CCC(N(C)c2cccnn2)CC1)n1cncn1;CC1=C2[C@H]3OC(=O)[C@@H](CN4CCC(C)CC4)[C@@H]3CC[C@@]2(C)C=CC1=O;COc1ccc([C@@]2(CCNCc3ccco3)CCOC(C)(C)C2)cc1;Cc1nc2n(n1)CCCC2NC(=O)Nc1ccnn1C1CCCCC1;Cc1c(C(=O)N2CCCC2c2ccc(N(C)C)nn2)nnn1C(C)C;CC[C@@H](C)CNC(=O)/C=C/CCCC/C=C/c1ccc2c(c1)OCO2;CC1=C2[C@H]3OC(=O)[C@H](CN4CCC[C@@H](C)C4)[C@@H]3CC[C@@]2(C)C=CC1=O;CCCC1CC1NC(=O)Nc1cnn(Cc2nnc3n2CCCC3)c1;C=C1N=C(O)C2=C1CC[C@@H]1[C@@]3(C)CCC[C@](C)(C(=O)O)[C@@H]3CC[C@@]21C;CN(C)C(C(=O)N1CCCC(c2ccnc(N)n2)C1)c1cncn1C;CCN(CC)c1ccc(N2CCN(C(=O)Cn3cccn3)CC2)nn1
m_89b9d2,COC1(C(C)NC(=O)c2cc(F)c(O)c(Cl)c2)CCC1;COc1cc(Cl)c(F)c(C(=O)NCC2CCCC2O)c1;CC(C)(O)C1CCCN1C(=O)c1cc(F)c(O)c(Cl)c1;COC1CN(C(=O)c2cc(F)c(O)c(Cl)c2)CCC1C;COC(=O)C(CC(C)C)NC(=O)c1ccc(F)cc1Cl;CCCC1(O)CCN(C(=O)c2scc(C)c2Cl)CC1;COC(=O)C(NC1CCCOC1)c1ccc(Cl)c(F)c1;CC(CO)(NC(=O)COc1ccc(Cl)c(F)c1)C1CC1;CC(C)CC(CNC(=O)c1cccc(F)c1Cl)C(=O)O;CCOC1=CC(=O)C(=C2NNC=C2c2csc(C)n2)C=C1;CC(C)C(C)(CC(=O)O)NC(=O)c1ccc(Cl)c(F)c1;CCC(CC)(CNC(=O)c1cc(Cl)ccc1F)C(=O)O;C=CCNC(=S)N/N=C(\C)c1cc2ccccc2oc1=O;Cc1cc(C(=O)Nc2sc3c(c2C#N)CCC(C)C3)no1;Cn1cc(-c2ccc(CCNC(=O)c3ccoc3)s2)cn1;COc1ccccc1NC(=S)NNC=C1C=CC(=O)C=C1;CCOc1cccc(C(=O)NC(=S)Nc2cccnc2)c1;O=c1oc2cccnc2n1Cc1csc(C2CCCC2)n1;O=C1C=CC([N+](=O)[O-])=CC1=C1CC(c2ccccc2F)NN1;CCC1C(=O)NCCCN1S(=O)(=O)c1cncc(F)c1;COC1CC(CO)N(C(=O)Cc2ccc(F)cc2Cl)C1;Cc1cnc(NC(=O)c2ccc(NC(=O)C3CC3)cc2)s1;O=C(Nc1ccccc1Oc1ccccc1Cl)C1CCC1;COc1ccc2[nH]cc(C(=O)CNc3nc(C)cs3)c2c1;CC1CC1C(=O)Nc1ccccc1Oc1ccccc1Cl
m_8b6b8e,Cc1nn(C)c(C)c1CC(=O)Nc1ncccc1O;Cc1nn(C)c(C)c1CC(=O)Nc1cccnc1O;Cc1cc(CNC(=O)c2cc(C3CC3)n(C)n2)on1;CCCc1cc(NC(=O)c2ncccc2O)n(C)n1;C=CC(C)(C)c1[nH]cnc1/C=C1\NC(=O)CNC1=O;CC=C(C)C(=O)O[C@@H]1O[C@H](CC)[C@@H](O)[C@H](O)[C@H]1O;O=C(Cc1ccc[nH]1)NC1CC(O)C1n1cccn1;CC(O)C/C=C/C=C/C(=O)OC[C@@H](O)[C@@H](O)CO;CN1C[C@H]2CN(C(=O)c3cccnc3)CCN2C1=O;Cc1noc(C2COCCN2Cc2ccccn2)n1;CCOc1cc(NCc2cccc(OC)n2)ncn1;Cc1cc(C)c(CNC(=O)Cn2cccn2)c(=O)[nH]1;Cc1cc(C)c(C(=O)NCCc2c[nH]cn2)c(=O)[nH]1;CC(O)CC(=O)OC(C)CC(=O)OC(C)CC=O;CCCCc1cc(NC(=O)c2cncc(O)c2)[nH]n1;CCOc1cnc(-c2noc(C3CCCC3)n2)cn1;Cc1cc(CN2CCc3nn(C)c(=O)cc3C2)on1;Cc1ccc(Cc2noc(C(C)(C)C(N)=O)n2)cn1;CC(C)n1nccc1NC(=O)Cn1ccccc1=O;CC(CC(=O)O)OC(=O)C=C[C@@H](O)CC[C@@H](C)O;C#CCC(CO)NC(=O)Nc1ccc(C2CC2)nn1;COc1ccc(Nc2nccc(NCCO)n2)cc1;COc1ccc(-n2cc(CN(C)C(C)=O)nn2)cc1;O[C@@H]1[C@H](O)[C@H](O)[C@@H]2OC3(CCCCC3)O[C@H]2[C@H]1O;CC1(C)O[C@@H]2[C@@H](O)[C@@H]3OC(C)(C)O[C@H]3[C@H](O)[C@@H]2O1
m_8bb047,Cc1ncccc1NC(=O)Cc1c[nH]c2ncccc12;Cc1ccnc2c1NC(=O)c1cccnc1N2C1CC1;O=C(CCc1cccnc1)Nc1nc2ccccc2[nH]1;CC(NC(=O)c1ccccn1)c1nc2ccccc2[nH]1;Cc1ccc(-c2[nH]nc3c2C(C)C(C#N)=C(N)O3)cc1;CN(Cc1ccc(C(N)=O)cc1)c1ccc(C#N)cn1;C=Cc1ccc(OC2O[C@@H](C)[C@H](O)[C@@H](O)[C@H]2O)cc1;CC(NC(=O)c1cccnc1)c1nc2ccccc2[nH]1;O=C1CCC(c2ccc(Nc3ccncc3)cc2)=NN1;Cc1ccc(NC(=O)c2ccc3nncn3c2)c(C)c1;COC[C@@H](COC(=O)/C=C/c1ccc(O)cc1)OC;CN(C(=O)c1cccnc1)c1nc2ccccc2n1C;Cn1ccc2cc(NC(=O)Nc3cccnc3)ccc21;CC(=O)/C=C/C=C/C=C/[C@@H]1O[C@@](C)(C(=O)O)O[C@H]1C;CC#CC#CC=C(O)[C@@H](O)[C@H](O)[C@]1(O)CCCCO1;COc1cc2c(c(O)c1C)C(=O)CC(O)(C(C)C)O2;COc1cc(O)c2c(c1C)[C@](C)([C@H](O)CO)CC2=O;C=C1C(=O)O[C@@H]2CC(=C)[C@@]3(OO)CC[C@@H](O)[C@@H]3CC12;COc1cc(O)c2c(c1C)[C@](C)([C@@H](C)CO)OC2=O;Cc1cc(C)n2ncc(C(=O)Nc3ccccc3)c2n1;CC(=O)O[C@@H](C)C(O)C[C@H]1OCc2c(O)cccc21;CC(=O)O[C@H]1[C@@H](O)CC2=CC(=O)C(O)=C[C@]2(C)[C@H]1C;COc1cc2c(c(O)c1C)C(=O)C(C)(C)O[C@@H](O)C2;COC(=O)CC[C@@H]1O[C@H](c2ccccc2)[C@@H](O)[C@@H]1O;O=C1/C=C\C(O)/C=C\C/C=C\CCC[C@@H](C(=O)O)O1
m_8c72d4,O=C(NCC1CCN(CC(F)(F)F)CC1)c1nc(N2CCCC2)ncc1Cl;COc1cccc(NC(=O)CCc2c(C)c3cc4c(C)c(C)oc4cc3oc2=O)c1;COc1ccccc1NC(=O)CCc1c(C)c2cc3c(C)coc3c(C)c2oc1=O;C[C@@]1(O)CCN(Cc2nccs2)[C@@H](c2cccs2)[C@@H]1NC(=O)C1CCCC1;O=c1ccc(-n2cccn2)nn1CC1CCN(c2nccc(C(F)(F)F)n2)CC1;COC(=O)C1CCN(C(=O)c2cccc3c(=O)c(C)c(-c4ccccc4)oc23)CC1;Cc1c(CC(=O)NCc2ccco2)c(=O)oc2c(C)c3oc4c(c3cc12)CCCC4;CCOc1ccccc1NC(=O)Cc1c(C)c2c(cc(C)c3c(C)coc32)oc1=O;COc1ccccc1CNC(=O)Cc1c(C)c2c(cc(C)c3c(C)coc32)oc1=O;Cc1coc2c(C)c3oc(=O)c(CC(=O)Nc4ccc(CCO)cc4)c(C)c3cc12;COc1ccccc1CNC(=O)CCc1c(C)c2cc3c(C)coc3cc2oc1=O;COc1ccc(CNC(=O)Cc2c(C)c3cc4c(C)c(C)oc4cc3oc2=O)cc1;CCOc1ccc(NC(=O)CCc2c(C)c3cc4c(C)coc4cc3oc2=O)cc1;COc1cccc(CNC(=O)CCc2c(C)c3cc4c(C)coc4cc3oc2=O)c1;COc1ccc(CNC(=O)Cc2c(C)c3c(cc(C)c4c(C)coc43)oc2=O)cc1;Cc1coc2c(C)c3oc(=O)c(CC(=O)NC[C@@H](O)c4ccccc4)c(C)c3cc12;COc1ccccc1CNC(=O)Cc1c(C)c2cc3c(C)c(C)oc3cc2oc1=O;COc1ccccc1CNC(=O)Cc1c(C)c2cc3c(C)coc3c(C)c2oc1=O;Cc1coc2cc3oc(=O)c(CCC(=O)N[C@H](CO)c4ccccc4)c(C)c3cc12;COc1cccc(CNC(=O)Cc2c(C)c3c(cc(C)c4c(C)coc43)oc2=O)c1;COc1ccc(CNC(=O)Cc2c(C)c3cc4c(C)coc4c(C)c3oc2=O)cc1;Cc1coc2cc3oc(=O)c(CCC(=O)NC[C@H](O)c4ccccc4)c(C)c3cc12;COC(=O)c1ccc(N2COc3c(cc4c5c(c(=O)oc4c3C)CCCC5)C2)cc1;COc1ccc(CNC(=O)CCc2c(C)c3cc4c(C)coc4cc3oc2=O)cc1;Cc1oc2cc3oc(=O)c(CC(=O)NC[C@H](O)c4ccccc4)c(C)c3cc2c1C
m_8d19fa,Cc1cccc2c1OCCC2NC(=O)c1coc(CC2CC2)n1;Cc1cccc([C@H]2C[C@@H](O)[C@@H](O)[C@@H]2NC(=O)c2cccnc2)c1;COc1cc2nc(COc3ccc(C)c(C)c3)[nH]c2cc1OC;Cc1ccccc1[C@H]1C[C@@H](O)[C@@H](O)[C@@H]1NC(=O)c1ccncc1;Cc1cccc([C@H]2C[C@@H](O)[C@@H](O)[C@@H]2NC(=O)c2ccncc2)c1;Cc1ccc([C@H]2C[C@@H](O)[C@@H](O)[C@@H]2NC(=O)c2ccncc2)cc1;Cc1ccc([C@H]2C[C@@H](O)[C@@H](O)[C@@H]2NC(=O)c2cccnc2)cc1;Cc1cccc([C@H]2C[C@@H](O)[C@@H](O)[C@@H]2NC(=O)c2ccccn2)c1;Cc1ccc([C@H]2C[C@@H](O)[C@@H](O)[C@@H]2NC(=O)c2ccccn2)cc1;Cc1ccccc1[C@H]1C[C@@H](O)[C@@H](O)[C@@H]1NC(=O)c1ccccn1;O=C(NC1CCc2ccccc2OC1)c1noc2c1CCCC2;Cc1ccc(NC(=O)c2ccc(C(C)(C)C)cc2)cc1[N+](=O)[O-];CC(NC(=O)c1ccc2c(c1)CCC2)C(=O)NCc1ccco1;COc1ccc(OCC(=O)N/N=C(/C)Cc2ccccc2)cc1;COc1cn(CC(=O)N2CCc3ccccc3C2)c(C)cc1=O;CCOC(=NC(=O)c1cccc(OC)c1)NCc1ccccc1;CC1Cc2cc(CNC(=O)c3noc4c3CCCC4)ccc2O1;COc1ccc(CCNC(=O)C(=O)Nc2ccc(C)cc2)cc1;Cc1cc(=O)c(C(=O)N2CCOC(c3ccccc3C)C2)c[nH]1;Cc1ccc(C)c(C(=O)Nc2ccc(C(=O)NCCO)cc2)c1;CCOc1ccc(NC(=O)C(=O)NCCc2ccccc2)cc1;Cc1ccc(C)c(CN(C)C(=O)c2ccc(C(=O)O)c(C)n2)c1;C=CCCOc1cccc(NC(=O)Cn2ccc(C)cc2=O)c1;COc1ccccc1C1CC1C(=O)Nc1cn(C)c(=O)cc1C;CCC(=O)Nc1ccc(C(=O)NCc2ccc(OC)cc2)cc1
m_8d374f,Cc1nc(Nc2ccccc2)cc(N2CCS(=O)(=O)CC(C)C2)n1;CC1(C)CCN(c2cc(Nc3ccccc3)ncn2)CCS1(=O)=O;CS(=O)(=O)CC1CCN(c2cc(Nc3ccccc3)ncn2)CC1;CS(=O)(=O)C1CCCN(c2cc(Nc3ccccc3)ncn2)CC1;CC(C)C(NC(=O)C(N)CC(N)=O)C(=O)NC(CC(=O)O)C(=O)O;CC(C)C(NC(=O)C(CC(N)=O)NC(=O)C(N)CC(=O)O)C(=O)O;Cc1nc2ccccc2nc1N1CCCC(NS(=O)(=O)C2CC2)C1;CC(C)S(=O)(=O)c1ccc(N2CCN(c3ccccc3)CC2)nn1;CCc1ccc(S(=O)(=O)NCc2nccc(N3CCCC3)n2)cc1;CC(C)C(NC(=O)C(N)CC(=O)O)C(=O)NC(CC(N)=O)C(=O)O;CC(NC(=O)C(CCC(N)=O)NC(=O)C(N)CCC(=O)O)C(=O)O;CCN(C(=O)CCCNC(=O)c1ccccc1)c1ccc(F)c(F)c1;Cc1ccc(C2CN(c3cc(N4CCSCC4)ncn3)CCO2)o1;CC(NC(=O)C(CCC(=O)O)NC(=O)C(N)CCC(N)=O)C(=O)O;CCc1nsc(N2CCCN(Cc3ccc(C(=O)O)cc3)CC2)n1;CC(C)C(N)C(=O)NC(CC(N)=O)C(=O)NC(CC(=O)O)C(=O)O;CN(CC1(O)CCOCC1)C(=O)NCc1ccc(C(F)(F)F)cc1;COCC1CN(C(=O)NC(C)c2ccccc2C(F)(F)F)CCO1;CC(C)C(N)C(=O)NC(CC(=O)O)C(=O)NC(CC(N)=O)C(=O)O;Cc1ccc(CN(C)C(=O)NCCC(=O)NCc2ccncc2)s1;CC(Cc1ccccc1C(F)(F)F)NC(=O)NCC1(O)CCOC1;CC(NC(=O)C(N)CCC(N)=O)C(=O)NC(CCC(=O)O)C(=O)O;CC(NC(=O)C(N)CCC(=O)O)C(=O)NC(CCC(N)=O)C(=O)O;CC(C)C(NC(=O)C(CC(=O)O)NC(=O)C(N)CC(N)=O)C(=O)O;CC(N)C(=O)NC(CCC(N)=O)C(=O)NC(CCC(=O)O)C(=O)O
m_8d75c7,Cc1nc(C2CCCN2C(=O)c2nn(C)cc2Br)cs1;Cc1ccc(NC(=O)COc2ccc(Cl)cc2Cl)c([N+](=O)[O-])c1;NC(=O)NC(=O)C(Oc1ccc(Cl)cc1)Oc1ccc(Cl)cc1;Cc1cc(Br)oc1C(=O)N1CC(N)CCC1C(F)(F)F
m_8db7e3,Cn1ncc(NC(=O)NC2CCNCC(C)(C)C2)c1C(F)F;CC12CNCC1(C)CN(Cc1ccc(-n3cncn3)c(F)c1)C2;CCc1ncnc(N2CCCC2c2nc3c([nH]2)CCCC3)c1F;CN(C(=O)CC1(CS(C)(=O)=O)CC1)C1CCCCCCC1;CN1CC2CCCN(Cc3cn(-c4ccc(F)cc4)nn3)C2C1;CC1CCC(CN(C)C(=O)CC2(CS(C)(=O)=O)CC2)CC1;CN(Cc1cccnc1)CC1CC(F)CN1Cc1ncccn1;CCCCC1CCC(C(=O)NCC2CCS(=O)(=O)C2)CC1;CN(C)c1nccc(N2CCCN(c3ccccc3F)CC2)n1;CC(CS(C)(=O)=O)N(C)C(=O)C1CCCC2CCCCC21;CC(C)(C)S(=O)(=O)CC(=O)N(C1CCCC1)C1CCCC1;CC(C)(C)C1CCCN(C(=O)CC2CCS(=O)(=O)C2)CC1;CCCCC1CCC(C(=O)NCCC2CS(=O)(=O)C2)CC1;CCS(=O)(=O)CCN1CC(C)(C)OC2(CC3CCC2C3)C1;CC1CC(C(=O)N2CCCC2CS(C)(=O)=O)CC(C)(C)C1;CCS(=O)(=O)C1CCN(C(=O)C2(C)CCCCCC2)CC1;CC1(C)CC(NC(=O)CC2CCS(=O)(=O)C2)CC(C)(C)C1;C=CCCCCCCCCC(=O)NC(CCSC)C(=O)O;CCC1CCCCC1C(=O)NC1CCCC(S(C)(=O)=O)C1;Cc1ccc(F)c(NCc2cnc(N3CCN(C)CC3)nc2)c1;CS(=O)(=O)C1CCCC(NC(=O)CCC2CCCCC2)C1
m_8e45f7,Cc1ncsc1C(=O)N(C)Cc1nccn1CC(F)(F)F;O=C(O)c1ccc(C(=O)N2CCN(c3ncccn3)CC2)s1;COc1nc(-c2ccnc(NC(=O)C3CC3)c2)sc1C(N)=O;CC(c1nc(-c2ccc(S(C)(=O)=O)cc2)no1)n1ccnc1;COc1cccc(C(=O)ON=C(N)Cc2ccc(Cl)cc2)c1;CCOc1ccccc1S(=O)(=O)Nc1cnc2ccnn2c1;O=C1C(=C2SCCCS2)CCC/C1=C\c1cccc(O)c1;COc1cc(C(=O)Nc2ccc(Cl)c(C(N)=O)c2)ccc1C;COc1nscc1CN(C)c1nc(C)cc(C(F)(F)F)n1;COc1ncccc1C(=O)N1CCN(c2nccs2)C(=O)C1;CC(CC(=O)Nc1ccc(Cl)c([N+](=O)[O-])c1)c1ccccc1;N#Cc1cnc(N2CCN(c3ncc(F)cn3)CC2)c(Cl)c1;CCOc1cccc(S(=O)(=O)Nc2ccc3[nH]nnc3c2)c1;O=C1C[C@@H](n2nnn(Cc3ccccc3)c2=S)C2CO[C@H]1O2;Cc1ccccc1NCC(=O)NN=Cc1ccc([N+](=O)[O-])s1;Fc1cc(F)c2nc(NC3CN(c4ccccn4)C3)sc2c1;CC(C)CC(=O)OCCC#Cc1ccc(-c2cccs2)s1;O=C(O)C1CCCN(C(=O)c2csc(-c3ncccn3)n2)C1;COC(=O)CNc1ccccc1NC(=O)c1ccc(Cl)cc1;O=C(O)C1CCCCN1C(=O)c1csc(-c2ncccn2)n1;CC(C)(C(=O)O)c1ccc(NC(=O)c2ccc(Cl)cn2)cc1;NC(=O)Cc1ccc(NC(=O)COc2ccc(Cl)cc2)cc1;CC(C)N(C(=O)CS(=O)(=O)c1ncccc1Cl)C(C)C;CNC(=O)CNC(=O)c1cccc(NC(=O)c2cscn2)c1;COCC(=O)Nc1ccccc1NC(=O)c1ccc(Cl)cc1
m_8eaf01,Cc1ncc(C(=O)N2CCC(NCC3CC3)CC2)c(N)n1;Cn1cncc1-c1nnc([C@H]2CCN(CC(C)(C)C)C2)o1;CC1CCC(C(N)=O)CN1c1cc(NCC2CC2)ncn1;CNC(=O)c1ccc(N2CCC3(CCCN(C)C3)C2)nn1;Cc1cc(NC(=O)N2CCC(N3CC=CC3)CC2)nn1C;CC(Cc1cc(NC(=O)c2cnn(C)c2)[nH]n1)C(C)(C)C;CCCCn1cc(C(=O)Nc2cnn(C)c2CC)c(C)n1;CC(C)(C)c1c[nH]c([C@@H]2COCCN2Cc2c[nH]cn2)n1;CC(C)(C)c1c[nH]c([C@@H]2COCCN2Cc2ncc[nH]2)n1;Cc1cnn(CCNC(=O)c2cc(C(C)(C)C)nn2C)c1;CCn1cncc1CNCC1CCCOC1c1cn[nH]c1;CC(C)n1cc(C2CN(Cc3cc[nH]n3)CC2CO)cn1;NC(=O)c1ncn(C2CCCN(CC3CC=CCC3)C2)n1;CCCCCC=CCNC(C=O)C(O)C(O)C(O)CO;CCCCC(O)CC(=O)OC(CC(=O)[O-])C[N+](C)(C)C;CC(C)c1nc2c(OCC3CCCCC3)nc(N)nc2[nH]1;Cc1oncc1CN1CCCCC1c1n[nH]c(C(C)C)n1;CC(C)c1nnc(CNC(=O)c2cccn2C(C)C)n1C;CCC(CC)NC(=O)c1c(C)nn(C)c1-n1ccnc1C;CCc1[nH]nc(NC(=O)c2cc(C(C)(C)C)nn2C)c1C;Cc1nn(C)c(C)c1CCC(=O)N(C)Cc1cnn(C)c1;CC(C)CC1NC(CC(C)C)SC(CC(C)C)S1;CCn1nc(C)c(C(=O)NC(C)c2cnn(C)c2C)c1C;CC(C)c1noc(C(C)N2CCCc3c(cnn3C)C2)n1;NC(=O)CC1CCN(c2cc(N3CCCC3)ncn2)CC1
m_9068e1,CC(C)(C)n1cc(C#N)c(NC(=O)C2CCC(F)(F)CC2)n1;Cc1cnn([C@H]2[C@@H]3OCC(O3)[C@@H](NC(=O)NC(C)C)[C@@H]2O)c1;CCCNC(=O)N[C@@H]1C2CO[C@H](O2)[C@H](n2cc(C)cn2)[C@H]1O;Cc1nccn1[C@H]1[C@@H]2OCC(O2)[C@@H](NC(=O)NC(C)C)[C@@H]1O;CCCNC(=O)N[C@@H]1C2CO[C@H](O2)[C@H](n2ccnc2C)[C@H]1O;CC(C)c1noc([C@@H]2C[C@H](NC(=O)CCC(=O)O)CN2C)n1;COCCn1ccc(NC(=O)N2CCOC3(CCOC3)C2)n1;CC(C)(C)CC(=O)N1CCN2C(=O)N(CC(N)=O)C(=O)[C@@H]2C1;C=C(CCCC(C)C)CCOS(=O)(=O)c1ccc(C)cc1;CC(C)(C)n1cnc(C(=O)NC2(CC(=O)O)CCCOC2)n1;Cn1ccnc1CNC(=O)C[C@@H]1C[C@H]2O[C@H](CN)[C@@H](O)[C@H]2O1;CCOC(=O)CNc1cc(NCC(=O)OCC)c(N)cc1N;CN1CCN(c2nccc3[nH]c(-c4cccc(F)c4)cc23)CC1;Cn1cc(CNC(=O)C[C@@H]2C[C@H]3O[C@H](CN)[C@@H](O)[C@H]3O2)cn1;CO[C@@H]1O[C@@H](C[C@H](O)[C@H](O)[C@@H](C)O)[C@](O)([C@@H](C)O)C[C@H]1O;COc1cc(CNC(CCCNC(=N)N)C(=O)O)ccc1O;CC(=O)N1CCN(C(C)=O)[C@H](C(=O)N[C@H]2CCCNC2=O)C1;Fc1cccc(C2CNCCN2Cc2ccc3cn[nH]c3c2)c1;CNC(=O)NC(=O)CN1CCN(CC(F)(F)F)CC1(C)C;COCCC1(CNC(=O)Nc2cc(C(=O)OC)n(C)n2)CC1;CCOC1CC(NC(=O)C(C)n2cncn2)(C(=O)O)C1(C)C;Fc1ccc2c(c1)CCCC2NCCc1nnc2ccccn12;Fc1ccc2c(c1)C(NCCc1nnc3ccccn13)CCC2;CCC(C(=O)O)N1CCN(CC(=O)Nc2cc(C)on2)CC1;CNC(=O)CC1(O)CCCN(c2nc(OC)cc(OC)n2)C1
m_907412,Cc1oc(C(=O)N(C)c2ccc(F)cc2)cc1S(N)(=O)=O;O=C(NC(=S)Nc1cccc2c(O)cccc12)c1ccco1;O=C(Nc1ccc(NC(=O)c2cccs2)cc1)c1ccco1;O=c1c2ccccc2[nH]c(=S)n1-c1ccc2c(c1)OCCO2;Cc1cc(CS(=O)(=O)CC(=O)Nc2ccccc2F)no1;O=C1c2ccccc2NC(c2ccc(-c3cccs3)o2)N1O;COC(=O)c1ccc(C(=O)Nc2ccc3scnc3c2)cc1;O=C(O)CCN=C(S)CCNC(=S)c1ccc(O)cc1;Cc1ccc2c(N)c(C(=O)c3ccc4c(c3)OCO4)sc2n1;COc1ccc(S(=O)(=O)Nc2ccc(F)cn2)cc1OC;CC(=O)N[C@@H](CSC(=S)NCc1ccccc1)C(=O)O;O=C(Nc1ccc2ncsc2c1)C1COc2ccccc2O1;CN(C)c1ncc(Br)cc1C(=O)N1CCNCC1;O=C(CCC(=O)ON1C(=O)CCC1=O)ON1C(=O)CCC1=O;CN1C(=O)NC2C1N(S(C)(=O)=O)CCN2S(C)(=O)=O;CCS(=O)(=O)CC(=O)Nc1nc2c(C)ccc(C)c2s1;CCC1(CNS(=O)(=O)c2ccc3[nH]c(=O)sc3c2)CC1;CCOC(=O)c1cc(C(=O)OCC)c([N+](=O)[O-])cc1[N+](=O)[O-];Cc1ncc(Br)cc1NC(=O)NC1CCCNC1;COC(CS(=O)(=O)Nc1nsc2ccccc12)C1CC1;CSC1NC(=O)C(Cc2ccc(O)cc2)(SC)NC1=O;O=C1NCCCC1N1CC(Cn2cc(Br)cn2)C1;CS(=O)(=O)c1cccc2sc(N3CCCC(O)C3)nc12;CCOC(=O)C(CC)Sc1nnc(-c2sccc2C)o1;CC1(C)CCCN1S(=O)(=O)c1ccc2[nH]c(=O)sc2c1
m_90baa7,CCC(=O)NCc1cc(S(=O)(=O)N(C)C2CCCc3nc(C)sc32)ccc1OC;COc1cc(C(=O)Nc2ccn([C@@H]3O[C@H](CO)[C@@H](O)[C@H]3O)c(=O)n2)cc(OC)c1OC;CCNS(=O)(=O)c1ccc(S(=O)(=O)N(Cc2ccccn2)C2CCCCC2)cc1;Cc1cccc(OC[C@@H]2CN(S(=O)(=O)c3cccnc3)[C@H]3c4ccccc4OC[C@@H]23)n1;O=C(Cc1cccs1)Nc1ccc([C@@H](O)[C@H]2COCC(=O)N2Cc2ccccn2)cc1;COc1ccc(S(=O)(=O)N2C[C@@H]3C[C@H](C2)c2ccc(-c4cccnc4)c(=O)n2C3)cc1;Cc1ncsc1CN1C(=O)CO[C@H](c2ccc(NC(=O)c3ccccc3)cc2)[C@H]1CO;COc1ccc(C2CC(c3cccc(OC)c3)=NN2c2ccc(S(N)(=O)=O)cc2)cc1;Cc1cccc2sc(N(CC3CCCO3)C(=O)C3CCN(S(C)(=O)=O)CC3)nc12;COc1ccc2[nH]cc(CCNC(=O)c3cccc(NC(=O)C4=CSCCO4)c3)c2c1;COc1ccc(N2C(=O)[C@@H]3[C@H](CCSC)N[C@]4(C(=O)Nc5ccccc54)[C@@H]3C2=O)cc1;COc1ccc2[nH]cc(CCNC(=O)c3ccccc3NC(=O)C3=CSCCO3)c2c1;CC(=O)N1CC2=C(C1=O)C(c1cccc(Oc3ncccn3)c1)c1c[nH]c3cccc(c13)N2;COc1ccc(-c2cc(=O)oc3cc(OCC(=O)N4CCC[C@@H](C(=O)O)C4)ccc23)cc1;COc1ccc2c(c1OC)C(=O)N1C2SC[C@H]1C(=O)NCCc1c[nH]c2ccccc12;CSCC[C@H](NC(=O)COc1ccc2c(C)cc(=O)oc2c1)c1nc2ccccc2[nH]1;COC(=O)C1CCN(C(=O)COc2cc(O)c3c(=O)cc(-c4ccccc4)oc3c2)CC1;COC(=O)C1CCN(C(=O)c2ccc(Oc3coc4cc(OC)ccc4c3=O)cc2)CC1;COc1c(O)c(CC2=CN=CC2)c2[o+]c(-c3ccc(O)cc3)[cH-]c(=O)c2c1OCCCO;COc1ccc(-c2cc(=O)oc3cc(OCC(=O)N4CCC(C(=O)O)CC4)ccc23)cc1;COC(=O)Cc1c(C)c2cc3c(c(C)c2oc1=O)OCN(Cc1ccc2c(c1)OCO2)C3;Cn1cc(CN2C(=S)N(Cc3ccco3)[C@H]3[C@H]2[C@H]2OC(=O)[C@H]3C[C@H]2O)c2ccccc21;CSCC(=O)N[C@H]1CCN2C(=O)c3cc(/C=C/c4ccc(O)cc4)ccc3NC(=O)[C@H]12;COc1ccc(/C=C2\Oc3cc(OCC(=O)N4CCC(C(=O)O)CC4)ccc3C2=O)cc1;CCOc1ccccc1NC(=O)Cc1csc2nc(-c3ccc(OC)c(OC)c3)cn12
m_91512a,CCc1cnc(CNC(=O)N2CCOC(COC)C2)s1;Cc1ncc(CN(C)C(=O)NCC2CCC(CO)O2)s1;COc1ccnc(CNC(=O)N2CC(O)CC2CO)c1F;COC1CC(CO)N(C(=O)CCc2cccc(F)c2F)C1;N[C@@H](CCCC[P@](=O)(O)CCc1ccccc1)C(=O)O;COC1COCC1NC(=O)Nc1ncc(C(C)(C)C)s1;CC(C)C[C@H](C[P@@](=O)(O)[C@H](N)c1ccccc1)C(=O)O;O=C(CCc1cc(F)ccc1F)NCC1(O)CCOCC1;CCC(C(=O)O)N1CCC(Oc2ccc(F)cc2F)CC1;O=C(/C(=C\Nc1ccccc1)c1ccccc1)c1ccccc1;O=C(NC1CC2OCCCC12)c1ccc(F)c2ccccc12;O=C(/C=C(\Nc1ccccc1)c1ccccc1)c1ccccc1;O=C(Nc1ccccc1)C(=Cc1ccccc1)c1ccccc1;O=C(Nc1ccccc1/C=C\c1ccccc1)c1ccccc1;COCC1CCC1NC(=O)Cc1ccccc1OC(F)F;Cc1ccc(C(=O)c2ccc(N3CCOCC3)c(F)c2)cc1;COc1ccc(CCC(=O)N2CC(F)CC2CO)cc1F;COCC1CCC1NC(=O)Cc1ccc(OC(F)F)cc1;COC1CC(CN(C)S(=O)(=O)c2cccnc2)N(C)C1;Cc1cc(NC(=O)C(N)C(C)(C)C)cc(S(N)(=O)=O)c1;c1ccc(-c2nn(-c3ccccc3)[n+](-c3ccccc3)n2)cc1;O=C1[C@@H](c2ccccc2)[C@H](c2ccccc2)N1c1ccccc1;COc1cc(CNC2CCC(O)CC2)cc(Cl)c1OC;CCc1cccc(NC(=O)CN(C)S(=O)(=O)N(C)C)c1;Cc1cc(C)c(NC(=O)CNS(=O)(=O)N(C)C)c(C)c1
m_916daf,Cn1cc(C(=O)NCC2CC(c3nnc[nH]3)CC2O)c2ccccc21;Cn1ccc2c(C(=O)NCC3CC(c4nnc[nH]4)CC3O)cccc21;Cc1nnc(C2CC(O)C(CNC(=O)c3cc4ccccn4c3)C2)[nH]1;Cn1cnnc1C1CC(O)C(CNC(=O)c2cccc3[nH]ccc23)C1;COCCn1nnc2c1CCN(C(=O)c1cn(C)c3ccccc13)C2;Cn1cnnc1C1CC(O)C(CNC(=O)c2ccc3cc[nH]c3c2)C1;Cn1cnnc1C1CC(O)C(CNC(=O)c2cc3ccccn3c2)C1;Cn1cnnc1C1CC(O)C(CNC(=O)c2ccc3[nH]ccc3c2)C1;CCn1cnnc1C1CN(C(=O)c2c(C)[nH]c3ccccc23)CCO1;Cc1[nH]c2ccccc2c1C(=O)N1CCCC(O)(Cn2ccnn2)C1;Cc1nnc(C2OCCC2CNC(=O)c2cc3ccccc3n2C)[nH]1;COCc1nc2n(n1)CC(NC(=O)c1c[nH]c3cc(C)ccc13)CC2;CCn1c(C(=O)N2CCC(c3nc(=O)[nH][nH]3)CC2)cc2ccccc21;COC1CN(C(=O)c2cn(C)c3ccccc23)CC1c1cn(C)nn1;CCn1cnnc1C1CN(C(=O)NCC2(C)CCCS2)CCO1;COC1CC(c2ncn[nH]2)N(C(=O)c2cc3c(C)cc(C)cc3[nH]2)C1;Cc1cn(CC(=O)NCCCC(=O)Nc2cn[nH]c2)c2ccccc12;COC1CC(c2nc(C)n[nH]2)N(C(=O)CCc2ccc(C#N)cc2)C1;Cc1n[nH]c(C2CCOC2CN(C)C(=O)c2ccc(C)c(C#N)c2)n1;COC1CC(c2nncn2C)N(C(=O)c2cc3ccc(C)cc3[nH]2)C1;N#Cc1ccc(CCC(=O)N2CCCC(O)(Cn3ccnn3)C2)cc1;Cc1ccc(-c2cnc(CN3CCC(O)(Cn4ccnn4)C3)o2)cc1;CCOc1cccc2[nH]cc(CC(=O)NC3(c4nnc[nH]4)CCC3)c12;Cn1cc(C(=O)N2CCCC2)c(O)c1-c1nc2cc(N)ccc2n1C;COC1CN(C(=O)CCc2ccc(C#N)cc2)CC1c1cn(C)nn1
m_921c43,CC1CN(C(=O)CNC2CC2)CC(c2ccc(F)cc2)O1;CC(C(=O)NC1CC1)N1CCOC(c2cccc(F)c2)C1;O=C(NCCC1CC1)N1CCOC(c2cccc(F)c2)C1;O=C(NC1CCCC1)N1CCOC(c2ccc(F)cc2)C1;O=C(C1CCCNC1)N1CCOC(c2ccccc2F)C1;CC(=O)N(C)CC(=O)N1CCCC1Cc1cccc(F)c1;O=C(C1CNCCO1)N1CCCC1Cc1cccc(F)c1;Cc1cc(NC2CCSCC2)ccc1C(=O)NC(C)C;NC1CC(C(=O)N2CCC(Oc3cccc(F)c3)CC2)C1;O=C(NCC1(c2cccc(F)c2)CC1)NC1CCCOC1;CC(C)N(Cc1ccc(F)cc1)C(=O)C1CCCC(=O)N1;COc1ccc(F)cc1CC(=O)NC1(C2CCNC2)CC1;NC1CCN(C(=O)C2(c3cccc(F)c3)CCOCC2)C1;CC(Cc1cccc(F)c1)NC(=O)NC1CC2CCC1O2;O=C(NC1CC1)C1CCCN1CCOc1cccc(F)c1;CCCNC(=O)C1CCN(C(=O)c2cccc(F)c2)CC1;NC(=O)CCC1CCCN(CCSc2ccccc2)C1;O=C(NC1CC1)C1CCCN1CCOc1ccccc1F;CCC(C(=O)N1CCCNC(=O)C1C)c1ccc(F)cc1;O=C(CC=Cc1ccc(F)cc1)N1CCN(CCO)CC1;C=C(C)C1Cc2c(C)nn(C(=O)/C=C/c3ccccc3)c2C1;CC(=O)NCCc1c(Cc2ccccc2)[nH]c2ccccc12;CCC(NC(=O)C1CCCC(=O)N1)c1ccc(C)c(F)c1;O=C(CN1CCOC(C2CC2)C1)NCc1ccccc1F;O=C(CCC1CCNC1)NC1CCOc2c(F)cccc21
m_930a3b,O=C(NCCc1ccccn1)C1CCN(Cc2ccc(F)cc2)C1;CC1CN(Cc2ccccn2)CCC1NC(=O)c1cccc(F)c1;Cc1cccc(N2CCC(C(=O)NCc3ccc(F)cc3)CC2)n1;O=C(C1CCc2cncn2C1)N(Cc1ccccc1F)C1CCC1;O=C(NCc1ccc(F)cc1)C1CCCCN1Cc1cccnc1;O=C(NCCN1CCc2ccccc2C1)NCc1ccccc1F;Cc1ccc(NC(=O)C2CCCCN2Cc2cccnc2)c(F)c1;CN(C)c1ccc(C(=O)N2CCC(Cc3ccc(F)cc3)C2)cn1;Cc1cnccc1CN1CCCN(C(=O)c2cccc(F)c2)CC1;Cc1cc(C(=O)N2CCN(C(C)c3cccnc3)CC2)ccc1F;Nc1ccccc1/C=C\c1cc(/C=C/c2ccccc2)c(N)cc1N;Cc1cnn(CC2CCCN2C(=O)C2CC2c2ccccc2F)c1;Cc1ccc(CN(C)C(=O)NC2CCCc3ccc(F)cc32)nc1;Cc1ccc(F)c(N2CCCC(NC(=O)Cc3cccnc3)C2)c1;CN(CC(=O)NCc1cccnc1)C(c1ccc(F)cc1)C1CC1;Cc1cc(F)ccc1CN1CCCN(C(=O)c2ccncc2)CC1;Cc1ccc(CNC(=O)N2CCN(c3ccc(F)cc3)CC2)cc1;CN(C(=O)C1CCCc2[nH]ncc21)C(c1ccc(F)cc1)C1CC1;C#C[C@H]1C[N@]2CC[C@H]1C[C@@H]2CNC(=S)Nc1cc(C)cc(C)c1;O=C(C1CC1c1ccc(F)cc1)N1CCCCC1Cn1cccn1;CN(C)CC1CCCCN1C(=O)c1cc(OCC(F)F)ccn1;COc1ccc(N2CCN(C(=O)C(C)(C)C(C)(F)F)CC2)nc1;Cn1cc(C(=O)NCC2CCC(F)(F)C2)c(C2CCOCC2)n1;Cn1cc(CC2CCN(C(=O)C3CC3c3ccccc3F)C2)cn1;Cc1ccc(CN(C)C(=O)NC2CCCc3cc(F)ccc32)nc1
m_935b22,Cc1ccc(CNC2CCN(c3ncccn3)CC2)c(C)c1;Cc1cccc(CNC2CCN(c3ncccn3)CC2)c1C;Cc1ccc(CNC2CCN(c3ncccn3)CC2)cc1C;Cc1cccc(CNC2CCCN(c3cccnn3)C2)c1C;Cc1ccc(CNC2CCCN(c3cccnn3)C2)c(C)c1;Cc1ccc(C2CC(C)N(c3ccnc(N(C)C)n3)C2)cc1;c1ccc(CCCNC2CCCN(c3cccnn3)C2)cc1;CN(C)c1nccc(N2CCCC(c3ccccc3)CC2)n1;Cn1nc(-c2ccccc2)cc1[C@H]1CN2CC[C@H]1C[C@@H]2CN;CCCCCCCC(O)C(O)CC#CC#CC(O)CCO;c1ccc(C(CC2CCC2)NCc2nnc3n2CCC3)cc1;CC1=CC(=O)[C@@H](C(C)C/C=C/C(C)CC(C)(O)C(C)O)O1;CC(COc1ccc(C=Cc2ccccc2)cc1)[N+](C)(C)C;CC1(C)C(NC2CCc3ncnn3C2)CC1c1ccccc1;CC(=O)OC[C@](C)(O)[C@@H]1CC[C@H](C)[C@@H]2CCC(=O)[C@@]2(C)C1;C=C[C@]1(C)CC[C@@H]([C@](C)(CO)OC(C)=O)[C@H](O)[C@H]1C(=C)C;CC(=O)OCC(C)(O)[C@H]1/C=C/[C@](C)(O)CC/C=C(/C)CC1;COC(=O)C1=CC[C@](C)([C@@](C)(O)C/C=C/C(C)(C)O)CC1;CC12CC1CCCC2NCc1ccc(Cn2cncn2)cc1;CC(=O)O[C@H]1C[C@@H](O)[C@]2(C)C[C@H]2[C@H](O)C(C)(C)C/C=C\1C;C=C(CCC(=O)O)C1CC(C)(C)C1CCC(C)OC(C)=O;C=C[C@](C)(O)C[C@@H](/C=C(\C)C/C=C/C(C)(C)O)OC(C)=O;C=C1CC[C@@H]2[C@](C)(CO)[C@H](O)CC[C@@]2(C)[C@@H]1CCC(=O)O;CC(=O)OCC1=CC[C@]2(C)C[C@@H](O)[C@](O)(C(C)C)[C@H]2CC1;C=C[C@@](C)(C/C=C/[C@](C)(O)C/C=C/C(C)(C)O)OC(C)=O
m_93b6a1,CCN(CC)C(=O)CN(C)c1nn2cc(C)nc2s1;Cc1cc(CNC2CCN(C(N)=O)CC2)ccc1Cl;CC(N)C(=O)N1CCN(Cc2cccc(Cl)c2)CC1;COC[C@H]1C[C@@H](NS(=O)(=O)CC(C)C)[C@H](O)[C@@H]1O;CC(C)c1nnc(NC(=O)NCCN2CC=CC2)s1;CC(C)C(C(=O)N(C)C)n1cnc2cc(F)c(F)cc21;Cc1nsc(N2CCCN(C(=O)NC3CC3)CC2)n1;CCCCC(=O)N1CCN(c2ccc(Cl)cn2)CC1;C=CCn1c(N)nnc1SCC(=O)NCC1CCC1;CC(C)N1CCC(NC(=O)c2cc(Cl)ccn2)CC1;C=C1CCN(c2cnn(C(C)(C)C)c(=O)c2Cl)CC1;O=C1NCCCCC1Sc1nnnn1C1CCCC1;CC(C)c1cc(-c2ccc(F)c3ccccc23)nc(N)n1;CC(Sc1nnc(N)n1C)c1ncc(C(C)(C)C)o1;CC1CC(C)(C)CCC1NC(=O)c1ncncc1Cl;Cc1ccc(-c2n[nH]cc2CNc2ccccc2F)cc1
m_94a765,O=C(NCCN1CCc2ccccc2C1)NCc1cc[nH]n1;CN1CCC(NC(=O)Cc2cnnn2C)C1c1ccccc1;O=C(NCCCn1cncn1)NC1CCCc2ccccc21;Cn1nccc1NC(=O)N1CCC(Cc2cccnc2)CC1;CCc1nnc(CN2Cc3ccccc3CC2C(N)=O)n1C;NC(=O)N1CCCN(Cc2ccn(-c3ccccc3)n2)CC1;CC(CNC(=O)C(C)n1cncn1)N1CCc2ccccc21;CN(CC1CCCN1C(=O)Nc1cn[nH]c1)c1ccccc1;CCc1nc(CN2CCN(C(=O)c3ccccc3)CC2)n[nH]1;CC(C)c1ccccc1NC(=O)NC1CCCn2ncnc21;CC(C)[C@](O)(C(=O)OCC1C=CN2CC[C@@H](O)[C@@H]12)[C@@H](C)O;CC(NC(=O)C1(c2ccc(N(C)C)cc2)CC1)c1nc[nH]n1;CC(C)=CCC/C(C)=C/CN[C@H](C(=O)O)[C@H](O)CC(=O)O;CC(=O)N1CC(C)CN(Cc2cnnn2C)c2ccccc21;Cc1[nH]ccc1C(=O)N1CCCC(c2n[nH]c(C3CC3)n2)C1;CC(c1ccccn1)N1CC(C(N)=O)C(c2cnn(C)c2)C1;Cn1cc(NC(=O)c2ccc(N3CCCCCC3)nc2)cn1;COc1c(N)ncnc1N1CCC(Cc2cccnc2)CC1;Cc1c[nH]cc1C(=O)N1CCCC1c1ccc(N(C)C)nn1;CC(C)[C@@](O)(C(=O)O[C@@H]1CCN2CC=C(CO)[C@H]12)[C@@H](C)O;Cc1ccc(C(=O)N2CCN(Cc3cnnn3C)CC2)cc1;N=C(N)NCCCC(N)C(=O)Nc1ccc2ccccc2c1;CC(C)[C@@](O)(C(=O)OCC1=CC[N@@+]2([O-])CCC[C@@H]12)[C@@H](C)O;CCc1nc(CN2c3ccccc3C(C(N)=O)CC2C)n[nH]1;CCc1ccc(NC(=O)NC2CCCn3nc(C)nc32)cc1
m_95e8da,CC(N)C1CCCN(C(=O)C2CC2c2cc(F)ccc2F)C1;CC(N)C1CCCN(C(=O)C2CC2c2cccc(F)c2F)C1;CN(Cc1ccc(F)cc1F)C(=O)C1CCCNC1C1CC1;CC1(C(=O)NC2CCCN(Cc3c(F)cccc3F)C2)CC1;COc1cc(C(=O)NCCN2CCCC2)cc(OC)c1OC;O=c1cc(CN2CCCCC2)oc(CN2CCOCC2)c1O;CC(C)(C)NCC(O)COc1ccc(O)c2c1CCC(=O)N2;NC(=O)CN(CCC1CCCCC1)Cc1cc(=O)c(O)co1;CC(C)(C)OC(=O)C[C@H](CN)NC(=O)OCc1ccccc1;CCOc1ccc(OCC(O)CN2CCCC2C(N)=O)cc1;O[C@@H]1[C@@H](N2CCCCC2)[C@@H]2OCC(O2)[C@H]1NCc1ccco1;O=C(CC1C=CC(NC(=O)C2CC2)C(CO)O1)NC1CCC1;COCCN[C@H]1[C@@H]2OCC(O2)[C@@H](NCc2ccccc2)[C@@H]1O;CC(C)CC(NC(=O)C(O)C(N)Cc1ccccc1)C(=O)O;COc1ccc(C(=O)NCCCCCNC(=O)CO)c(C)c1;COc1ccc(CCNC(=O)C(=O)NC(C)(C)C)cc1OC;CC(C)NC[C@@H](O)C(=O)N[C@H](C)[C@@H]1COc2ccccc2O1;COCCOc1ccc(C(=O)N[C@@H]2CNCCC[C@H]2O)cc1;CC(=O)NCCCCCNC(Cc1ccc(O)cc1)C(=O)O;CCOC(=O)C1(C(C)C)CCN(C(=O)Cc2cc(C)on2)C1;CCN(CC)C(=O)c1ccc(OCCN=C(C)O)c(OC)c1;CCOc1cc(N2CCOCC2)c(OCC)cc1NC(C)=O;CC(=O)N1CCCC1C1CCCN1CCOCC(F)(F)F;COc1ccc(CCNC(=O)N[C@@H](CC(C)C)C(=O)O)cc1;CN1CCOC(CN(CC2CC2)C(=O)CCC(F)(F)F)C1
m_966da0,CC(C(=O)NCCN1CCN(C(=O)C(C)C2CC2)CC1)C1CC1;CN(CCN(CCN1CCCCC1)C(=O)C1CC1)C(=O)C1CC1;CC(=O)N1C[C@@H]2CN(C(=O)C3CCCCC3)CCN2C(C)(C)C1;CCCCc1cc(C[C@@H]2C[C@H](NC(=O)NC(C)C)C2(C)C)no1;CC(C)Cc1cc(C[C@@H]2C[C@H](NC(=O)NC(C)C)C2(C)C)no1;CN(C)Cc1cc(C[C@@H]2C[C@H](NC(=O)C(C)(C)C)C2(C)C)no1;CCCCCC(=O)N1CC[C@@H](CC(=O)N(C)CC#N)[C@@H](CC)C1;CC(C)(C)CNC1(Cc2cc(CN3CCCCC3)on2)COC1;CC(C)(C)NC(=O)CN1CCC(CNC(=O)C2CC=CC2)CC1;CC(C)NC(=O)C[C@@H]1CCNC[C@@H]1Cc1cc(C(C)(C)C)on1;CC(C)(C)c1cnc(CN2CCC(CN3CCOCC3)CC2)o1;CC(NC(=O)C1CCCCC1)C(=O)N1CCCN(C2CC2)CC1;CC(C)N[C@H]1C[C@@H](Cc2cc(CN3CCOCC3)on2)C1(C)C;CC(N)C(C)C(=O)N1CCC2(CC1)CC2C(=O)N1CCCCC1;C=CCNC(=O)C(C)N1CCCN(C(=O)CC2CCCC2)CC1;CCCCN1CCCCC1C(=O)NCC(c1ccco1)N(C)C;Cc1noc(C)c1C(C)CNC(=O)N(C)C1CCC(C)(C)CC1;O=C(CCN1CCN(C2CC3CCC2C3)CC1)N1CCOCC1;CCN(CCC#N)C(=O)CN1CCCC1C1CCCCC1(C)O;CCNC(=O)N1CC[C@H]2CC(=O)N(C3CCCCC3)CC[C@H]2C1;NC(=O)C1(N2CCCCC2)CCN(C(=O)C2CCCCC2)CC1;CN(C)Cc1cc(C[C@@H]2C[C@H](NC3CCOCC3)C2(C)C)no1;CC(C(=O)N1CCOCC1)N1CCN(CC2CC=CCC2)CC1;CC(C)C(=O)N1C[C@@H]2COCCN2C2(C1)CN(C1CCCC1)C2;CC/C=C\C/C=C\[C@@H]1CC(=O)NCCCCN(C=O)CCCN1
m_97693a,Cc1ccc2oc(C(=O)N3CCNC(=O)C3c3ccc(C(F)(F)F)cc3)cc2c1;CS(=O)(=O)N1CCCC(NCc2ccc(-c3ccc(C(F)(F)F)cc3)o2)C1;CC(=O)Oc1ccc(CC(=O)Nc2ccc(O)c(-c3nc4ccccc4o3)c2)cc1;COc1ccc(-c2cc(=O)oc3cc(OCC(=O)Nc4ccccn4)ccc23)cc1;COc1ccc(/C=C2\Oc3c(ccc4c3C(c3cnn(C)c3)CC(=O)O4)C2=O)cc1;COc1ccc(-c2cc(=O)oc3cc(OCC(=O)Nc4cccnc4)ccc23)cc1;COc1ccc(-c2coc3cc(OCC(=O)Nc4cccnc4)ccc3c2=O)cc1;CC(=O)[C@H]1[C@@H]2C(=O)N(c3ccc4c(c3)OCO4)C(=O)[C@@H]2[C@H]2c3ccccc3C=CN21;Cc1ccccc1OCC(=O)Nc1ccc(Oc2ccc3c(c2)C(=O)N=C3O)cc1;COc1ccc2oc(=O)c(-c3ccc(OCC(=O)Nc4ccccn4)cc3)cc2c1;COc1ccc(/C=C2\Oc3c(ccc4c3C(c3ccnn3C)CC(=O)O4)C2=O)cc1;COc1ccccc1S(=O)(=O)NC1CCc2nnc(-c3ccc(F)cc3)n2C1;COc1ccc2c(=O)c(Oc3ccc(C(=O)NCc4ccncc4)cc3)coc2c1;COc1ccc2c(=O)c(Oc3ccc(C(=O)NCc4ccccn4)cc3)coc2c1;COc1ccc(-c2cc(=O)c3cc(NC(=O)c4ccncc4)ccc3o2)cc1OC;COc1ccc2c(=O)c(Oc3ccc(C(=O)Nc4cccnc4)cc3)c(C)oc2c1;COc1ccc2c(=O)c(Oc3ccc(C(=O)NCc4cccnc4)cc3)coc2c1;COc1ccc(-c2cc(=O)c3cc(NC(=O)c4cccnc4)ccc3o2)cc1OC;Cc1c(C2CC(=O)Oc3cc(O)c4c(=O)cc(-c5ccccc5)oc4c32)cnn1C;COc1ccc(/C=C2\OC(=O)[C@H](Cc3ccc(O)c(Cl)c3)[C@]2(O)C(C)C)cc1;COc1ccc2c(c1OC)c(=O)n1c3ccc(OCC(C)=O)cc3c3ccnc2c31;COc1cc2c(c3oc(-c4ccccc4)cc(=O)c13)C(c1ccnn1C)CC(=O)O2;O=C(COc1cc(O)c2c(=O)cc(-c3ccccc3)oc2c1)NCc1ccccn1;O=C(COc1cc(O)c2c(=O)cc(-c3ccccc3)oc2c1)NCc1cccnc1;O=C(COc1cc(O)c2c(=O)cc(-c3ccccc3)oc2c1)NCc1ccncc1
m_97cca9,CCN(C(=O)Cc1nnc(C2CCOCC2)[nH]1)c1ccccc1;CC1CCc2cnnn2COCC(Cc2ccccc2)NC1=O;Cc1n[nH]c(C2CCC(CNC(=O)Cc3ccccc3C)O2)n1;CC(=O)Nc1cccc(CN2CCC(c3nc(C)no3)CC2)c1;CC(=O)N[C@@H]1C[C@@H](c2nc(C)nn2-c2ccccc2)CC[C@H]1O;Cc1nc([C@H]2CC[C@@H](O)[C@H](NC(=O)c3ccccc3)C2)n(C)n1;CC1CCn2cc(nn2)COCC(Cc2ccccc2)NC1=O;CC(C)C(=O)Nc1ccc(OCc2nnc(C3CC3)n2C)cc1;CC(C)c1ccc(C(=O)NCc2nnc(C3CCOC3)[nH]2)cc1;CNc1ccccc1C(=O)N1CCN(Cc2cc(C)on2)CC1;CCNC(=O)N1CCN(c2ccnc3ccc(OC)cc23)CC1;COC1(c2nc(C3CC3)no2)CCN(Cc2ccccn2)CC1;CC(=O)N1CCc2cc(NC(C)c3nc(C(C)C)no3)ccc21;Cc1nnc(C2CCCN(Cc3ccc(C(N)=O)cc3)C2C)o1;C[C@H]1NC(=O)N(C)[C@@H]2NC(=O)N(C)[C@@H](/C=C/c3ccccc3)[C@@H]21;CCc1ccccc1NC(=O)C(=O)Nc1c(C)nn(CC)c1C;Cc1ccnc(N2CCC(C3CCC(C(N)=O)O3)CC2)c1C#N;O[C@H]1CO[C@H](Cn2cc(C3CC3)nn2)[C@@H]1NCc1ccccc1;CCC(=O)NCC(=O)N1CCC(c2nc3ccccc3[nH]2)CC1;Cc1ccnc(N2CCC(C3OCCC3C(N)=O)CC2)c1C#N;CCc1[nH]nc(C(=O)Nc2ccc(C3CNCCO3)cc2)c1C;COCc1c(CO)cc(OC[C@H](O)C(C)(C)O)c(C)c1OC;Cc1cc(N2CCC(C3CCC(C(N)=O)O3)CC2)c(C#N)cn1;Cn1cnn(CC(=O)N(c2ccccc2)C2CCCCC2)c1=O;C=C[C@](C)(CC/C=C(\C)C=O)O[C@@H]1O[C@H](C)[C@@H](O)[C@H](O)[C@H]1O
m_982aac,Cc1c(Cl)cccc1C(=O)N1CCC(C2OCCC2C(N)=O)CC1;Cc1ccc(Cl)cc1C(=O)N1CCC(C2OCCC2C(N)=O)CC1;Cc1cc(C(=O)N2CCC(C3OCCC3C(N)=O)CC2)ccc1Cl;Cc1cc(Cl)cc(C(=O)N2CCC(C3OCCC3C(N)=O)CC2)c1;Cc1cccc(C(=O)N2CCC(C3OCCC3C(N)=O)CC2)c1Cl;CC(=O)N1CCOCC1C(=O)N(Cc1ccccc1Cl)CC1CC1;O=C(c1ccc(Cl)cc1)N1CCCN(C(=O)C(O)C2CCC2)CC1;O=C(c1cccc(Cl)c1)N1CCN(C(=O)C2(O)CCCCC2)CC1;CCCn1nnnc1COC(=O)c1ccccc1C(=O)c1ccccc1;CCN(C(C)=O)c1nc(CN2C(=O)NC3(CCCCC3)C2=O)cs1;CCN(C(=O)N1CCOCC1c1nnc(-c2cccs2)o1)C(C)C;COC(=O)C1C2CCCC2CN1CC(=O)Nc1ccc(Cl)cc1C;CN1CCC(N2CCC(NC(=O)c3ccc(C(N)=O)s3)CC2)C1=O;CCN1C(=O)[C@H]2CN(C(=O)c3nccs3)CCN2C12CCOCC2;CC(C)(C)c1ccc(OP(=O)(c2ccccc2)c2ccccc2)cc1;COc1ccc(Cl)c(CN2C(C(=O)NC3CC3)CC3OCCC32)c1;O=C(NCCC(c1ccccc1)c1ccccc1)c1n[nH]c(=O)[nH]c1=O;CC(C)Oc1ccc(Cl)cc1C(=O)N1CC(NC(=O)C2CCC2)C1;O=C(NC1CC1c1cccc(Cl)c1)N1CCOC2(CCOCC2)C1;COc1ccc(S(=O)(=O)NCc2nnc(C3CCC3)n2C)c(C)c1;CSc1nc(C)c(CCC(=O)OCCc2c(C)n[nH]c2C)c(=O)[nH]1;COc1ccccc1C=CC=NNC(=O)c1cc(-c2ccc(C)o2)[nH]n1;Cc1nc2cc3c(cc2c(=O)n1/N=C/c1ccc(N(C)C)cc1)OCO3;Cc1nnc(C2OCCC2CNS(=O)(=O)c2ccc(C)c(C)c2)[nH]1;CCCS(=O)(=O)N[C@H]1C[C@@H](c2nc(-c3ccccc3)no2)N(C)C1
m_987cff,CC(C)c1nnc2n1CCN(C(=O)COC1CCCCC1)C2;COCCC1(C(=O)NCc2nnc3n2CCCCC3)CCC1;Cn1c(CN2CC(C)(C)OC3(CCOC3)C2)nnc1C1CC1;Cc1nc(C2CCCCN2C(=O)CC2(O)CCCCC2)n[nH]1;CCC1OCCCC1C(=O)N1CCN(c2cc(C)[nH]n2)CC1;Cn1cnnc1C1CC(O)C(CNC(=O)C2CCCCC2)C1;O[C@H]1CO[C@H](Cn2cc(C3CC3)nn2)[C@@H]1NC1CCCCC1;CCn1ccnc1CNC(=O)N1CCOCC(C2CCC2)C1;CCN1CCN(C(=O)C(C)OCC2CC2)CC1c1ncc[nH]1;CC1(C)CN(Cc2nnc3n2CCOC3)CC2(CCCC2)O1;COC1CC(c2nncn2C)N(C(=O)C2CCCCCC2)C1;CC1CCCCC1OCC(=O)Nc1ccn(C2CCNC2)n1;CCc1cc(NC(=O)N2CCC(OCC3CC3)CC2)n(C)n1;Cc1cc(C)nc(NCCC(=O)N[C@@H]2CCOC(C)(C)C2)n1;CC1CCCC(C(=O)N2CCCC(O)(Cn3ccnn3)C2)C1;CCN1CCN(C(=O)C2(O)CCCCC2)CC1c1ncc[nH]1;CC1CC(C(=O)NCC(=O)Nc2ccn(C)n2)CC(C)(C)C1;CN1CCN(C(=O)CCC2CCCCO2)CC1c1ncc[nH]1;Cc1nnc(CN2CCN(C(=O)CCC3CCCC3)CC2)o1;O=C(c1cn(CC2CC2)nn1)N(CCO)CC1CCCCC1;O=C(CNCC1CCCO1)Nc1ccnn1C1CCCCC1;Cc1nc([C@H]2CC[C@@H](O)[C@H](NC(=O)C3CCCC3)C2)n(C)n1;COC1(C)CC(N(C)C(=O)C2CCc3[nH]nnc3C2)C1(C)C;COC[C@@H]1C[C@H](n2cc(NC(C)=O)cn2)CN1CC1CCC1;COCCn1c(C2CCC2)nnc1N1CCOC2(CCC2)C1
m_9910fd,COc1ccc(Cn2ccc(NC(=O)C3COc4ccccc43)n2)cc1;COc1ccc(Cn2nccc2NC(=O)C2COc3ccccc32)cc1;CC(NCc1ncc(-c2ccccc2)o1)c1ccc2c(c1)NC(=O)CO2;COc1ccc(CN(C(=O)c2cc(-c3cccnc3)on2)C2CC2)cc1;NC(=O)c1ccccc1CC(=O)N1CCC2(C1)C(=O)Nc1ccccc12;COc1ccccc1-c1nnc([C@H]2CCN(C(=O)c3ccccc3)C2)o1;CS(=O)(=O)NCC1CCCCN1Cc1ncc(-c2ccccc2)o1;COc1ccc(CCNc2oc(-c3ccccc3OC)nc2C#N)cc1;O=C(COc1ccccc1-c1nnco1)NC(c1ccccc1)C1CC1;Cc1ccc2c(c1)C(NC(=O)N1CC(Oc3ccc(C#N)cc3)C1)CO2;O=C(NC[C@@H](O)c1ccccc1)c1ccc2c(=O)n3c(nc2c1)CCC3;CCOc1ccc(NC(=O)c2nn(-c3ccc(C)cc3)ccc2=O)cc1;COc1ccc2cc(C(=O)N3CCc4ccccc4C3C(N)=O)[nH]c2c1;COc1ccc(CNC(=O)c2ccc3c(=O)n4c(nc3c2)CCC4)cc1;O=C(NCCc1ccc(O)cc1)c1ccc2c(=O)n3c(nc2c1)CCC3;COc1ccc(Cn2cnc3c4cc(OC)ccc4n(C)c3c2=O)cc1;COc1ccc(-c2ccc(OCCNC(=O)c3ccccc3)nn2)cc1;Cc1ccc(NC(=O)C(C)n2ccc3ccccc3c2=O)cc1C(N)=O;CC(=O)N(C)Cc1cccc(NC(=O)c2ncoc2-c2ccccc2)c1;COc1ccc(CNC(=O)c2ccc(-c3noc(C4CC4)n3)cc2)cc1;O=C(NCCc1ccc(O)cc1)c1cc(-c2ccc3c(c2)CCO3)n[nH]1;CCc1nc2cc(-c3noc(CCc4ccccc4OC)n3)ccc2o1;COc1ccc(CC(=O)Nc2ccc(-c3nc(C)cc(=O)[nH]3)cc2)cc1;CCOc1ccccc1CS(=O)(=O)Cc1nnc(C2CCC2)n1C;O=C(O)c1ccc(CN2CC[C@H](c3nnc(-c4ccccc4)o3)C2)cc1
m_997dbc,CCOC(=O)C1CCN(S(=O)(=O)c2cc(Br)ccc2OC)CC1;CCOC(=O)C1CCCN(S(=O)(=O)c2ccc(Br)c(OC)c2)C1;COc1cccc(=O)c2c(C)n(-c3ccc(I)cc3)c(C)c12;C/C(=N\c1c(Cl)cc([N+](=O)[O-])cc1Cl)c1c(O)n(C)c2ccccc2c1=O;O=C(O)C1CCCN1c1nc(-c2ccc(Cl)c(Cl)c2)cc(C(F)(F)F)n1
m_99e777,CC(SCc1ccccc1)C(=O)NCCC(=O)N(C)C;CC(C)NC(=O)CNC(=O)C(C)SCc1ccccc1;CC(=O)NCCNC(=O)CSCc1cc(C)ccc1C;C1=CC2=CC=CC(c3ccccc3)=C(C2)C(c2ccccc2)=C1;CSc1ccc(CNC(=O)N(C)CC(O)C2CC2)cc1;C=CCCCCC[C@@H](Cl)[C@H](O)CC#CC#C[C@@H](O)C=C;CC(C)SCc1cccc(NC(=O)C2COCCN2)c1;Cc1cc(C)cc(CC(C)NC(=O)CSCC(N)=O)c1;C#C/C=C\C[C@@H](Cl)[C@H](C/C=C\C/C=C/CC)OC(C)=O;CC1(CNC(=O)NC(CO)c2ccccc2)CCCS1;CCSc1ccc(C(C)NC(=O)N2CCOCC2)cc1;C#C/C=C\C[C@@H](OC(C)=O)[C@H](Cl)C/C=C\C/C=C\CC;CCc1ccccc1S(=O)(=O)N1CCCC2CNCC21;CC(C)(CNC(=O)c1ccccc1)N1CC[S+]([O-])CC1;CSCC(=O)NCc1ccnc(OC2CCCCC2)c1;CSC1CCCCC1NC(=O)c1onc2c1CCCC2;CC(C)(C)Oc1ccc(C(=O)N2CCCSCC2)cn1;Cc1ccc(C2CC2C(=O)NCCNC(=O)C(C)C)s1;CSCc1cccc(CNC(=O)N2CCCC(O)C2)c1;O=C(c1ccoc1)N1CCC(NC2CCSCC2)CC1;CCOC(=O)C(F)(F)C1(O)CCN(C(=O)N(C)C)CC1;CC(NC(=O)N1CCCC1c1cccs1)C1CCCO1;CC1C(O)CCCN1C(=O)NC(c1cccs1)C1CC1;CSc1ccc(CNCC2(C(N)=O)CCOCC2)cc1;CSCc1cccc(CNC(=O)N2CCCC2CO)c1
m_9b41d0,CN(C(=O)C1CCCC1)c1ccccc1S(C)(=O)=O;Cc1ccc(S(=O)(=O)CCNC(=O)C2CC2)cc1C;CC1CCCN(S(=O)(=O)c2ccc3c(c2)CCO3)C1;CCn1c(SCC(C)(C)F)nnc1-c1cnccn1;O=CN[C@H](CO)COC1O[C@H](CO)[C@@H](O)[C@H](O)[C@H]1O;CC(O)[C@H](NCC1(O)O[C@H](CO)[C@@H](O)[C@@H]1O)C(=O)O;CC(OC1OC(CO)C(O)C(O)C1O)C(N)C(=O)O;CSCC[C@H](NCCC(=O)c1ccccc1)C(=O)O;C[C@@H](O)[C@H](NCC(=O)[C@@H](O)[C@H](O)[C@H](O)CO)C(=O)O;CS(=O)(=O)NC1c2ccccc2CC12CCOCC2;Cc1ccc(O)c(C(=O)N2CC[S+]([O-])CCC2C)c1;C=CCSCC(NCc1ccc(OC)cc1)C(=O)O;CO[C@@]1(C(=O)O)C[C@H](O)[C@@H](N)[C@H]([C@H](O)[C@H](O)CO)O1;Cn1ncnc1CNC(=O)NCc1cc(F)cc(F)c1;Cc1ccccc1CC(=O)N(C)C1CCS(=O)(=O)C1;CN(C)CC(=O)OCC(O)C(O)C(O)C(O)C(=O)O;O=C(O)CCCNCC(O)C(O)C(O)C(O)C(=O)O;CC(C)S(=O)(=O)c1ccccc1C(=O)NC1CCC1;C=CC=CC=CC=CC(=O)NC(CCSC)C(=O)O;O=C(O)CCC(NCC(O)C(O)C(O)CO)C(=O)O;CSCCC(NC(=O)CCc1ccccc1)C(=O)O;CC(NC(=O)C1(c2cccs2)CCCCC1)C(=O)O;CC(=O)OCC(NCC(O)C(O)C(O)CO)C(=O)O;CCOc1ccc(C(=S)N2CCOCC2)cc1OC;CC(C)(NCC(O)C(O)C(O)C(O)C(=O)O)C(=O)O
m_9b8030,CC(=O)N1CCOC2CCN(C(=O)c3cn(C(C)(C)C)nc3C)CC21;CCn1cc(C(=O)N2CCC(CC3OCCC3C(N)=O)CC2)c(C)n1;CCn1ncc(C(=O)N2CCC(CC3OCCC3C(N)=O)CC2)c1C;CC(C)C(NC(=O)N1CC2CCCC(C1)C2O)c1nc(C2CC2)no1;CCCCC(=O)NCC1COCCN1C(=O)c1cc(C2CC2)n(C)n1;CC(=O)N1CCN(C(=O)c2cc(C3CCOCC3)nn2C)C(C)(C)C1;CC(=O)N1CCCN(C[C@@H]2OC[C@H](NCc3ccccn3)[C@H]2O)CC1;CC1Cc2c(C(=O)N3CC(=O)N(C(C)C)C(C)(C)C3)n[nH]c2C(C)O1;CC[C@H]1C[N@]2CC[C@H]1C[C@@H]2CNC(=O)c1ccc(-c2ccccc2)cc1;COCC1(C(N)=O)CCCN1C(=O)c1cc(C)n(C2CCCCC2)n1;COc1c(C)cnc(CNC(=O)NCCC(=O)NC2CCCC2)c1C;COc1c(C)cnc(CNC(=O)NCCN2CCCCCC2=O)c1C;COCC1(C(N)=O)CCCN1C(=O)c1cc(C2CC2)n(C(C)(C)C)n1;Cc1nc(CN2CCC(CNC(=O)CN3CCCC3=O)CC2)oc1C;Cc1nc(CN2CCN(C(=O)C34CCOCC3CNC4)CC2)oc1C;COc1nn(C)cc1C(=O)N1CCC(C(=O)N2CCCC(C)C2)CC1;CN1CCC(N[C@@H]2CO[C@H](CNC(=O)Nc3ccccc3)[C@H]2O)CC1;CCNC(=O)NC1CCC(OC(=O)c2nc(C)n3c2CCCC3)CC1;CCCOc1ccc(CNC(=O)NC2CCC(C(=O)NC)CC2)cn1;COCC1(CNC(=O)NC2CCC(Oc3cnccn3)CC2)CCC1;CCCCCCCCC(CC(=O)O)OC1OC(C)C(O)C(O)C1O;COCCN1CCC(NC(=O)N2CCC(Oc3cccnc3)C2)CC1;Cn1cc(C(=O)NC2CCN(C(=O)OCC3CCCCC3)CC2)cn1;CCOCC(NC(=O)C1CCN(c2oc(C)nc2C#N)CC1)C(C)C;CCC(CCNC(=O)NCc1ccc(C)nc1OC)N1CCCC1=O
m_9b95d4,COCC1(CO)CCN(C(=O)c2cccnc2SCc2ccc(C(N)=O)cc2)C1;Cc1ccc(-c2nc(CC(=O)N(C)CC(=O)N3CCC(C(=O)O)CC3)cs2)cc1;CCCS(=O)(=O)Nc1ccc2n(c1=O)C[C@H]1C[C@@H]2CN(C(=O)c2ccccc2)C1;CCOC(=O)c1c(NC(=O)CNC2CCCc3ccccc32)sc(C(N)=O)c1C;COc1cccc(-n2c(=O)c(C(=O)NCCc3ccccc3)c(O)c3cccnc32)c1;CCOC(=O)N1CCC(NC(=O)c2ccccc2N(C)C(=O)c2cccs2)CC1;COc1cccc(-c2nc(-c3ccc(NC(=O)Cc4ccccc4OC)cc3)no2)c1;COc1ccc(Cn2c(=O)[nH]c3cc(C(=O)NCc4ccccc4)ccc3c2=O)cc1;NC(CS)C(=O)NC(Cc1ccccc1)C(=O)NC(Cc1ccccc1)C(=O)O;O=C(Nc1ccc(OCc2ccccc2)cc1)OCCn1ncc2ccccc2c1=O;NC(Cc1ccccc1)C(=O)NC(Cc1ccccc1)C(=O)NC(CS)C(=O)O;NC(Cc1ccccc1)C(=O)NC(CS)C(=O)NC(Cc1ccccc1)C(=O)O;COc1ccc(CNC(=O)COc2ccccc2-c2nnc(-c3ccccc3)o2)cc1;COc1ccccc1-n1cnc2cc(C(=O)NCCc3ccc(O)cc3)ccc2c1=O;CNC(=O)c1ccc(NC(=O)c2cccc(S(=O)(=O)N3CCCCCC3)c2)cc1;COc1ccc(-c2cc(C(=O)NN=C(C)c3ccco3)c3ccccc3n2)c(OC)c1;COc1ccc(CN2C[C@H]3CN(S(=O)(=O)c4ccc(C)cc4)CCN3C2=O)cc1;COc1ccccc1Oc1cnc(N)nc1-c1ccc(OCc2ccccc2)cc1O;C=C(C)COc1cc2oc(=O)cc(C)c2cc1CCC(=O)N=C1N=c2ccccc2=N1;COc1ccc(CC(=O)Nc2ccccc2-c2nc(-c3ccccc3)no2)cc1OC;CCCNC(=O)c1cc2c3ccccc3n3c(=O)c4c(OC)c(OC)ccc4c(n1)c23;CN(CCc1ccccc1)C[C@@H]1OC[C@H](NS(=O)(=O)c2cccc(C#N)c2)[C@H]1O;O=C(NCCc1ccccc1)/C(=C\c1cccc([N+](=O)[O-])c1)NC(=O)c1ccccc1;O=C(c1cc2ccccc2[nH]1)N1CCN(C(=O)C2CC23CCS(=O)(=O)CC3)CC1;CCC(=O)Nc1ccc(C(=O)NNC(=O)c2ccccc2C(=O)c2ccccc2)cc1
m_9c4788,COc1ccc(S(=O)(=O)Nc2ccc(C)c(O)c2)cc1OC;CCN(CC)S(=O)(=O)c1cccc2cc(C(=O)O)c(O)cc12;COc1cc(S(=O)(=O)Nc2ccccc2O)c(OC)cc1C;CCS(=O)(=O)CC(C)NC(=O)c1ccc(C(F)(F)F)cc1;CC1CN(S(=O)(=O)c2ccc(C(F)(F)F)cc2)CC(C)O1;O=S(=O)(NCCC1CCCO1)c1ccc(C(F)(F)F)cc1;CN(C1CCOC1)S(=O)(=O)c1ccc(CC(F)(F)F)cc1;CC1Cc2cc(S(=O)(=O)NC3C=CC(C(=O)O)C3)ccc2O1;Cc1cc(C(F)(F)F)ccc1CNC(=O)C(C)S(C)(=O)=O;CCc1cc2c(NNC3=c4ccccc4=NC3=O)ncnc2s1;N#Cc1cnn(-c2ccc(C(=O)NCc3ccsc3)cc2)c1N;Cc1sc2ncnc(NNC3=c4ccccc4=NC3=O)c2c1C;CC(C)(C)S(=O)(=O)c1ccc(NC(=O)CC(F)(F)F)cc1;COC(=O)c1cccc(S(=O)(=O)N(C)Cc2ccoc2C)c1;CS(=O)(=O)C1CCN(C(=O)CS(=O)(=O)C2CCCC2)C1;O=C(NC1(C(=O)O)CCSC1)c1ccc2c(c1)OCCCO2;CC(=O)NC1=CC(=O)[C@@H]2CC(C)=C3[C@@H](CCS3(=O)=O)[C@H]2C1=O;Clc1ccc(-c2c[nH]c([C@@H]3COCCN3CC3CC3)n2)s1;COC(=O)[C@@H]1SC[C@@H](NC(=O)c2ccccc2)[C@@H]1OC(C)=O;O=S(=O)(NCC1CCOCC1)c1ccccc1C(F)(F)F;Clc1ccc(-c2c[nH]c([C@@H]3COCCN3C3CCC3)n2)s1;Cc1ccccc1C(C)N(C)S(=O)(=O)c1ccc(C(=O)O)o1;CS(=O)(=O)C1(C(=O)NC2CCCS(=O)(=O)C2)CCCC1;Cc1nnc(-c2cc3ccccc3n2Cc2ccccc2Cl)o1;CCN(CC1CCOC1)S(=O)(=O)c1cc(F)c(F)cc1F
m_9dc5c4,Cc1nn(C)c2ncc(S(=O)(=O)NC(C)c3cccc(F)c3)cc12;Cc1nn(C)c2ncc(S(=O)(=O)NC(C)c3ccc(F)cc3)cc12;Cc1cnn(CC(=O)Nc2nc(-c3ccc4ccccc4c3)cs2)c1;COc1ccc(-c2csc(/C(C#N)=N\Nc3ccc(C)cc3)n2)cc1;CN(Cc1cn2c(n1)CCCC2)S(=O)(=O)c1ccc(C#N)cc1F;COc1ccc(N/N=C(/C#N)c2nc(-c3ccc(C)cc3)cs2)cc1;Cn1cc(-c2ccc(CNC(=O)c3cc4ccccc4s3)cn2)cn1;O=C(Nc1ccccc1NCc1cn2ccccc2n1)c1cccs1;CC(=O)c1ccc(Nc2nc(-c3c(C)nc4ccccn34)cs2)cc1;O=C(O)C1=C/C(=C/C=N/[C@@H](Cc2cnc[nH]2)C(=O)O)C[C@@H](C(=O)O)N1;CCn1c2ccccc2c2nnc(SCC(=O)c3ccccc3)nc21;O=c1nc2n(CC(O)C(O)C(O)CO)c3ccccc3nc-2c(=O)[nH]1;C/C(O[C@@H]1O[C@H](CO)[C@H](O)[C@H](O)[C@H]1O)=C(\C=C/C(=O)O)CC(=O)O;Cn1nc(-c2nc(C3CCOc4ccccc43)no2)cc1OC(F)F;N#CCN(C1CCCC1)S(=O)(=O)c1cnn(-c2ccccc2F)c1;Cc1ccnc(NC(=O)c2sc3nc(-c4ccccc4)cn3c2C)c1;COC(=O)C1=C(c2ccsc2C)O[C@](C)(C=CC=C[C@@H](C)O)C1=O;Cn1nc(-c2ccco2)cc1NC(=O)c1ccc(OCC(F)F)nc1;O=C(O)CCC(NC(=O)CCn1nnc2ccccc2c1=O)C(=O)O;Cc1nc(C(F)(F)F)ccc1C(=O)NCCc1cc2ccccc2o1;OC[C@H]1O[C@@H](O[C@@H]2OC=C[C@]3(O)[C@H]2[C@H]2O[C@H]2[C@@H]3O)[C@H](O)[C@@H](O)[C@@H]1O;CC(NC(=O)c1cccc(CC#N)c1)c1nc(-c2cccnc2)cs1;CN(C(=O)Cc1c(F)cccc1Cl)C1CCOC1c1cccnc1;O=C(Nc1cccc(NC(=O)C2CC2)c1)c1ccccc1C(F)(F)F;CC(Sc1nc(N)c2c3c(sc2n1)CCCC3)C(=O)NC1CC1
m_9e99f7,Cn1cc(S(=O)(=O)NCC(=O)NC2CCN(CC3CCCC3)CC2)cn1;CC(=O)NCC1CCCN(C(C(=O)Nc2ccc(F)cc2)c2ccccc2)C1;CCn1nc(C)cc1C(=O)Nc1ccccc1C(=O)N1CCC(C(N)=O)CC1;O=C(NC1CCN(Cc2ccccc2F)CC1)NC1CCOc2ccccc21;OC1(c2csc(CN3CCc4ccccc4C3)n2)CCN(C2CCC2)CC1;O=C1Cn2c(nc3cc([N+](=O)[O-])ccc32)CN1C[C@@H]1CCCN2CCCC[C@H]12;CC(C)(C(=O)N1CCC(CNC(=O)c2ccccn2)CC1)c1ccc(F)cc1;OC1(c2csc(CN3CCc4ccccc4C3)n2)CCN(CC2CC2)CC1;CC1CCCN(C(=O)C(Cc2cn(-c3cncc(C(=O)O)c3)nn2)C2CC2)C1;CC1CCN(C(=O)c2ccc(NC(=O)c3cn(C4CCOC4)nn3)cc2)CC1;COc1cccc(NC(=O)N2CCC3(CC2)CC(=O)N(C)c2cc(C)nn23)c1;O=C(NCc1noc([C@@H]2CCC(=O)N2Cc2ccccc2)n1)NC1CCCC1;COc1ccccc1NC(=O)N1CCC2(CC1)CC(=O)N(C)c1cc(C)nn12;COc1ccc(NC(=O)N2CCC3(CC2)CC(=O)N(C)c2cc(C)nn23)cc1;O=C(Nc1ccc(C(=O)N2CCCCCC2)cc1)c1cn(C2CCOC2)nn1;COc1ccc(N2CCC(CNC(=S)Nc3c(C)cc(C)cc3C)C2)cc1;CC(C)N1CCCN(C(=O)C2c3cnn(C)c3CCN2S(C)(=O)=O)CC1;CCC(=O)N1CCN2CC(=O)Nc3cc(-c4cnn(C)c4)ccc3OC[C@@H]2C1;CCCNC(=O)N1C[C@@H]2Oc3cc(-c4cnn(C)c4)ccc3C(=O)N(C)[C@@H]2C1;Cc1nn(C(C)C)c(C)c1NC(=O)CC[C@H]1NC(=O)c2ccccc2NC1=O;COCC1(CNC(=O)CC(NC(C)=O)c2c(F)cccc2F)CCNCC1;COc1nc(N(C)c2ccccc2)n2ncc(CCC(=O)OC(C)(C)C)c2n1;CC(C)c1ccc(N2C(=O)N[C@@H](CCC(=O)NCCc3c[nH]cn3)C2=O)cc1;Cc1c(F)cc(C(=O)NC2CC2)cc1-c1ccc(C(=O)NCC(C)(C)C)cn1;COc1ccc2nc(C[C@H]3CN(Cc4cnc[nH]4)CC[C@H]3CC(=O)O)[nH]c2c1
m_9f1fb6,CC(C)CCN1CCC(CNC(=O)NCCO)CC1;CCNC(=O)N1CCC(CN(CCO)C(C)C)CC1;CCC(O)CN(C)CC1CCN(CC(=O)NC)CC1;CC(C)N(C)CC(=O)N1CCN(CC(C)(C)O)CC1;CCC1CN(CCC(=O)N(C)C)CCN1CCOC;CCN(CCNC(=O)N1CC(C)OC(C)C1)C(C)C
m_9fcc62,O=C(Nc1cncnc1N1CCCC1)C1CC=CC1;N#Cc1cnc(NC2CCOC3(CCCC3)C2)cn1;CCCCc1cc(NC(=O)c2cncc(C)c2)[nH]n1;Cc1ccc(NC(=O)CCn2nc(C)nc2C)cc1;Cc1nc(N2CCC3(CCO3)CC2)c2cc[nH]c2n1;CC(C)Oc1ccc(Cc2cnc(N)nc2N)cc1;CC/C=C/C=C/CO[C@H]1O[C@@H](C)[C@H](O)[C@@H](O)[C@H]1O;Cc1nc(N2CCC3(CCOC3)C2)c2cc[nH]c2n1;COc1cccc2ncnc(N3CCN(C)CC3)c12;C#CCOCCOCCOCC(=O)OC(C)(C)C;CC1CCCCC1NC(=O)c1cnn2cccnc12;CCC(CC)C(=O)Nc1ccc(-c2nnc[nH]2)cc1;Cc1cccc(CNC[C@H]2Cn3ccnc3CO2)n1;COc1cccc(-c2nnn(CC3CCCC3)n2)c1;Cc1nn(C)c2ncc(NC(=O)C3CC3(C)C)cc12;Cc1cc(C)c(CNc2ncc(C)c(C)n2)c(=O)[nH]1;COc1ccc(CNc2nnc(C3CC3)n2C)cc1;Cn1cc(CNC(=O)C(CN)c2ccccc2)cn1;CC1=CC(=O)CC(C)(C)[C@@]1(O)[C@@H](O)[C@@H](O)[C@H](C)O;Cc1ccc(NC(=O)CC(C)n2cncn2)c(C)c1;Cc1cc(N2CCCC2c2cc(C)on2)nc(C)n1;CC(C)(C)C1CC(c2nc(-c3ccncn3)no2)C1;CC1CN(C(=O)Cc2ccc3cn[nH]c3c2)CC1N;Cc1nnc(NCc2ccc(CCO)cc2)nc1C;Cc1cnn(CCNC(C(N)=O)c2ccccc2)c1
m_a06450,CC(C)C(=O)NC(Cc1c[nH]c2ccccc12)C(=O)NC1CCCC1CCO;CCC(C)C(=O)C(=O)N(C)C(C(=O)NCCc1c[nH]c2ccccc12)C(C)C;CC(=O)CCCC(=O)NCCCCNC(=O)CCCc1c[nH]c2ccccc12;Cc1cccc2[nH]cc(CCNC(=O)N3CCC(OCC4CCCO4)CC3)c12;O=C1C[C@@H]2CCN(C(=O)c3ccccc3)C[C@@H]2CCN1CCN1CCOCC1;CC=Cc1ccc(C2C(CO)N(C(=O)C3CC3)C2CNC(=O)NC(C)C)cc1;Cc1ccc2c(c1)C(C[C@H]1CN(C(=O)NC(C)C)CC[C@H]1CC(=O)O)=NCC2;CCOc1cccc2[nH]cc(CC(=O)NC3CCN(CC4CCOC4)CC3)c12;CNC(=O)C1CCC(NC(=O)N2CC(c3ccccc3)C3COCCC32)CC1;CN1CCC(NC[C@H]2O[C@H](Cc3cc(-c4ccccc4)on3)CC[C@@H]2O)CC1;Cc1cc(C)cc(C2(C(=O)N3CCN(C(=O)CN4CCOCC4)CC3)CC2)c1;CN(C(=O)CCNC(=O)C1CCCN1C(=O)C1CCCCC1)c1ccccc1;CC1(C)[C@H](Cc2cc(CN3CCOCC3)on2)C[C@@H]1NCc1ccccc1O;Cc1ccc(CN2CC(C(=O)N3CCC(NC(=O)C(C)C)CC3)CC2=O)cc1;CCCNC(=O)N1C(CO)C(c2ccc(C3=CCCC3)cc2)C1CNC(C)=O;CCC1CCCCN1CCCNC(=O)COc1cc(=O)n(C)c2ccccc12;CCCNC(=O)C1CCCN(C(=O)C2CCCN2C(=O)Cc2ccccc2)C1;CC[C@H]1CN(C(=O)c2ccccc2)CC[C@H]1CC(=O)N1CCC(C(N)=O)CC1;CC1CC(C)CN(CCCNC(=O)COc2cc(=O)n(C)c3ccccc23)C1;COCC(=O)N[C@H]1C[C@@H](Cc2cc(CN(C)Cc3ccccc3)on2)C1(C)C;C#CCNC(=O)[C@H]1O[C@H](CCN2CCN(Cc3ccccc3)CC2)CC[C@@H]1O;CC(C)c1ccc2c(c1)NC(=O)CN1CCN(C(=O)C3CCCC3)C[C@H]1CO2;CCCCCC(=O)N1CC[C@@H](CC(=O)O)[C@@H](Cc2nc3ccc(C)cc3[nH]2)C1;CCCCCC(=O)N1CC[C@@H](CC(=O)O)[C@@H](Cc2nc3ccccc3n2C)C1;CCC(CC)C(=O)N1CC[C@@H](CC(=O)O)[C@@H](Cc2nc3ccccc3n2C)C1
m_a0edff,COc1ccc(CNC(=O)N2CCN3CCC2CC3)c(OC)c1;CNC(=O)COc1ccc(CNC(=O)N2CCCCCC2)cc1;COc1ccccc1CNC(=O)NCCC(=O)NC1CCCC1;COCCN1C[C@H]2CN(Cc3cccc(OC)c3)CCN2C1=O;CC(NC(=O)N1CCC(N2CCOCC2)C1)c1cccc(O)c1;CC(C)NC(=O)NCCc1ccc(OCC(=O)NC2CC2)cc1;CNC(=O)NC(=O)CN1CCCC(Cc2ccccc2OC)C1;COc1ccccc1CN1CCN(C(=O)C2COCCN2)CC1;COc1ccccc1CC1CCCN(C(C)C(=O)NC(N)=O)C1;CCN1CC/C(=C2/c3ccccc3CCc3cc(O)ccc32)[C@H]1C;Cc1ccc([C@H](CCN[C@@H](C)c2ccccc2)c2ccco2)cc1;CCCOc1ccc(CNC(=O)C2CCCN2C(N)=O)c(C)c1;CCNC(=O)[C@@H]1CCCN1[C@@H](C(=O)NC)c1ccccc1OC;CCNC(=O)[C@@H]1CCCN1[C@@H](C(=O)NC)c1ccc(OC)cc1;COCc1ccccc1CNC(=O)N1CCCN(C(C)=O)CC1;COc1ccc(CCNC(=O)CN2CCC(C(N)=O)CC2)cc1;CC1CCCN(C(=O)COc2ccc(CC(N)=O)cc2)C1CN;COc1ccccc1C(CNC(=O)NC1CC1)N1CCOCC1;COc1ccc(C2CCCCCN2CCC(=O)NC(N)=O)cc1;C[C@H](NCC[C@@H](Cc1ccccc1)c1ccco1)c1ccccc1;COc1cccc(CC(NC(C)=O)C(=O)N2CCCC(N)C2)c1;CC(=O)N1CCC(NC(=O)NC(C)Cc2ccc(O)cc2)CC1;Cc1cccc(OCCC(=O)N2CCCN(C(N)=O)CC2)c1C;CCOc1ccccc1CCNC(=O)N1CCCNC(=O)C1C;CCOC(=O)N1CCC(NCCNC(=O)c2ccccc2)CC1
m_a12514,Cc1ccc(C2CCCN2C(=O)C2CCCC(=O)N2)cc1;CC(C)C(=O)NC1CCCN(/C=C/c2ccccc2)C1=O;CN1C(=O)CCCC1C(=O)N1CCCc2ccccc2C1;O=C1CCCCC(C(=O)N2CCC2Cc2ccccc2)N1;CC(NC(=O)C1CC(=O)N(C)C1)c1ccc2c(c1)CCC2;O=C1CCC(C(=O)N2CCCC2Cc2ccccc2)CN1;Cc1cccc(C2C(=O)NCCN2C(=O)CC2(C)CC2)c1;CN1CC(C(=O)N2CCC(Cc3ccccc3)C2)CC1=O;CC(C)CCN1C(=O)[C@H]2CCCN2C(=O)c2ccccc21;CCC/C=C/C=C(C)/C=C/C(=O)NC1=CC(=O)C2CCN12;CC(C)(C#N)C(=O)N1CCOC(CCc2ccccc2)C1;C=CC(C)(C)n1cc(CC(NC)C(=O)O)c2ccccc21;Cc1cc(C)cc(CC(C)N2C(=O)NC3(CCC3)C2=O)c1;CC(C)C(=O)N[C@@H]1CCCN1C(=O)/C=C\c1ccccc1;NC(=O)C1CCCC1NC(=O)c1ccc(C2CCC2)cc1;O=C(NC1CC=CC1)N1CCOC(Cc2ccccc2)C1;COc1ccc2c(c1)CCCC2CNC(=O)C(C)(C)C#N;CC1(NC(=O)CN2CCCCC2=O)Cc2ccccc2C1;Cc1cc(C)c(CC(=O)NCc2c(C)noc2C)c(C)c1;C#Cc1cccc(N(C)C(=O)CCCC(=O)NCCC)c1;CC(/C=C/C(N)=O)=C\C(C)C(=O)c1ccc(N(C)C)cc1;C=CC(CO)NC(=O)c1cc2cc(C(C)(C)C)ccc2[nH]1;O=C1[C@@H](O)[C@H]2CN(CC3CC3)C[C@H]2N1Cc1ccccc1;CCCCNC(=O)CCc1cc2ccc(C)cc2[nH]c1=O;CC(C)C(CNC(=O)Cc1ccon1)Cc1ccccc1
m_a3c949,N#Cc1cc(F)ccc1CN1CCCC(c2noc(C3CC3)n2)C1;Cc1nnc(C2CC23CCN(Cc2cc(C#N)ccc2F)CC3)o1;CC1CN(Cc2ccc(F)cc2)CCN1C(=O)c1cc(C#N)c[nH]1;CN1C(=O)CCC(C(=O)N2CCC(F)(F)C2)C1c1nccn1C;Nc1ccc(C2CCCN2C(=O)C2(c3ccccc3F)CC2)nn1;CN1C(=O)CCC(C(=O)N2CCC(F)(F)C2)C1c1ccnn1C;CN1CCC2CN(C(=O)Nc3cccnc3OCC(F)F)CC21;Cc1nn(C)cc1C1CCCN1C(=O)c1cc2cc(F)ccc2[nH]1;O=C(c1ccc(N2CCCC2)nn1)N1CCCc2ccc(F)cc21;CCn1ncc2c1CCCC2NC(=O)c1cc2cc(F)ccc2[nH]1;CCn1c(NCc2ccc(C(=O)NC)cc2)nc2cc(F)ccc21;O=C(O)CCCCCCCc1ccc(CCCCC(=O)O)s1;Cc1c(C2C(C(=O)N3CCC(F)(F)C3)CC(=O)N2C)cnn1C;Cc1cc(F)ccc1C(C)n1cc(CC(O)c2ccccn2)nn1;O=C(NCCc1c[nH]c2ccc(F)cc12)C1CCc2cn[nH]c2C1;CO[C@H](CCO)[C@H](O[C@H]1O[C@@H](CO)[C@H](O)[C@@H](O)[C@@H]1O)[C@@H](C)O;COc1ccc(C)cc1CS(=O)(=O)CC1(O)CCC(C)CC1;O=C(Cc1c[nH]c2cc(F)ccc12)NCc1[nH]nc2c1CCCC2;CCOC(=O)C(OCC)c1ccc(O[Si](C)(C)C)c(OC)c1;C=C[C@H]1C[N@]2CC[C@H]1C[C@@H]2CNC(=S)Nc1ccc(C#N)cc1;C/C(=N\Nc1ccccc1)c1nc2c(ccc3ccccc32)nc1C;CC(C)n1ncc2cc(C(=O)NCCc3ccc(F)cc3)cnc21;O=C(NCCCn1cnc2ccccc21)NCc1ccc(F)cc1;Cc1cccc(CNc2ncnc3ccc(-c4cccnc4)cc23)c1;Cc1cccc(-c2ccc3ncnc(NCc4cccnc4)c3c2)c1
m_a5509a,CCn1nccc1C1OCCC1CNC(=O)c1ncoc1C;Cc1ocnc1C(=O)NCC1CCCOC1c1cnn(C)c1;CCn1nccc1C1OCCC1CNC(=O)c1cc(C)no1;Cc1nn(C)c(C)c1C1OCCC1NC(=O)c1ncoc1C;CCc1nnc(CC2CCC(NC(=O)c3ncoc3C)C2)o1;CCc1nnc(C2CCCN(C(=O)c3ncoc3C)C2C)o1;CCc1ocnc1C(=O)NC1CCC(Cc2nnc(C)o2)C1;CCc1nnc(CC2CCC(NC(=O)c3ocnc3C)C2)o1;Cc1nc(C(=O)NC2CCCC2Oc2cnn(C)c2)c(C)o1;Cc1nn(C)c(C)c1C1OCCC1C(=O)Nc1cnoc1C;CCn1cc(OC2CCCC2NC(=O)c2ocnc2C)cn1;Cc1c(C2N3C[C@]4(C)CN2C[C@](C)(C3)C4=O)[nH]c(=O)[nH]c1=O;COc1cccc(-c2cccc(CCc3cccc(N)n3)c2)c1;CN(Cc1ccon1)C(=O)C1CCCOC1c1nccn1C;Cc1cc(CNC(=O)c2c3c(nn2C)C(C)OC(C)C3)on1;Cc1noc(C)c1NC(=O)C1CCCOC1c1cnn(C)c1;COC1CC(c2nc(C)c(C)[nH]2)N(C(=O)c2ocnc2C)C1;Cc1nnc(CC2CCC(NC(=O)c3oc(C)nc3C)C2)o1;COCc1nocc1C(=O)N1CCC(c2c[nH]nc2C)CC1;Cc1nc(C)c(C(=O)NC2CCCC2Oc2cnn(C)c2)o1;COc1cccc(CN2CC(C)OC(c3nc(C)no3)C2)n1;Cc1ccc(O)c(CN2CC(C)OC(c3nc(C)no3)C2)n1;CCc1ocnc1C(=O)N1CCCC(c2nnc(C)o2)C1C;COc1ccnc(N2C[C@@H]3OCC(=O)N(CC4CC4)[C@@H]3C2)n1;Cc1noc(C)c1C(=O)Nc1cnn(CC2CCCCO2)c1
m_a5bb0e,Cn1cc(CC(=O)N2CCOC(c3nnn[nH]3)C2)c2ccccc21;COC1CN(C(=O)Cn2ncc3ccccc32)CC1c1c[nH]nn1;CCc1n[nH]c(C2CN(C(=O)c3ccc(C#N)c(C)n3)CCO2)n1;CSCCC(N)C(=O)N1CC(C)OC(c2ccc(F)cc2)C1;CCOC(=O)C[C@H](C(=O)OCC)c1c(C)n(C)c(=O)n(C)c1=O;COC1CN(C(=O)Cn2cc3ccccc3n2)CC1c1c[nH]nn1;CCCCCCSc1cc(C(N)=O)cc(SCCCC)n1;CC(C)(O)[C@H]1Cc2c(ccc(C(=O)CCc3ccccc3)c2O)O1;COc1cc(CC/C=C/C(=O)CCc2ccccc2)cc(O)c1O;COC1CN(C(=O)c2cnn3ccccc23)CC1c1cn(C)nn1;CCN1CC(c2noc(Cn3ncc4cc(C)cnc43)n2)CC1=O;CC(=O)N1CCCC1c1noc(Cn2ncc3cc(C)cnc32)n1;CSCc1cc(C(=O)N(C)CCN2CCOCC2)ccc1F;COC1CCC(NC(=O)NCc2ccc(F)cc2CSC)C1;Cc1cc(C)n2ncc(-c3noc(C4CCCC(=O)N4C)n3)c2n1;COc1cc(O)c(C(=O)/C=C/c2ccccc2C(C)C)c(OC)c1;CC1(C)C2C(=COc3ccccc32)C2C(=O)CC3(O)CC1C2C3O;CSCc1cc(F)ccc1CNC(=O)NCC1CCC(O)C1;CCCCCCCCCC(=O)OCC(O)COP(=O)(O)O;Cn1cc(Cl)c(CNC(=O)N2CCC(OC3CCC3)CC2)n1;CSCCC(N)C(=O)N1CCC(Oc2ccc(F)cc2)CC1;COC1CN(C(=O)c2cc(C)cc3c[nH]nc23)CC1c1c[nH]nn1;CCCC[C@H]1ON(C(=O)CCC2=CCOC2=O)N=C(C)O[C@H]1O;C=CCc1cc2c(cc1O)O[C@H](c1ccc(OC)c(OC)c1)[C@H]2C;CCOC(=O)[C@H](CC(=O)OC(C)C)c1cn(C)c(=O)n(C)c1=O
m_a5d8e5,CCc1nc(C)cc(NCC2CCC(=O)N(CC)C2c2cnn(C)c2)n1;CN(C)c1ccnc(C(=O)NCC2CCCN(C)C2c2ccnn2C)c1;CN(C)c1ccnc(C(=O)NCC2CCCN(C)C2c2cncn2C)c1;CC(C)N(C)c1ccc(CNCC2CCn3ncc(C(N)=O)c3C2)cn1;c1cc(C2OCCC2NCc2nnc3n2CCCCC3)n(CC2CC2)n1;CNC(=O)c1cccnc1N(C)CC1CCCN(C)C1c1cnn(C)c1;Cc1nn(C)c(C)c1C1C(NCc2ccnc(N(C)C)c2)CC(=O)N1C;Cc1nc(C)c(C(=O)NCC2CCCN(C)C2c2ccnn2C)nc1C;CN(C)c1ccncc1CNCC1CCC(=O)N(C)C1c1nccn1C;CCc1c(C(=O)N2CCCC(c3ccnc(N)n3)C2)cnn1CC(C)C;CCN1C(=O)CC(CNCc2cnccc2N(C)C)C1c1nccn1C;CC(C)CCc1cc(NC(=O)NC2CCN(c3ccccn3)C2)n(C)n1;CN1CCC(N2CCC[C@H]2c2nc(-c3ccc(N(C)C)nc3)no2)CC1;c1cc(CNCC2CCC(c3nc(C4CC4)n[nH]3)O2)n(CC2CCC2)n1;CN(C(=O)C1CC1c1cnn(C)c1)C1CCN(CCn2cccn2)CC1;CC(C)Cn1ncc(C(=O)NC2CCN(c3cnn(C)c3)C2)c1C1CC1;CN1CCCC(CNC(=O)c2cnn3c2CCCC3)C1c1cncn1C;CN1CCCC(CNC(=O)c2cnn(C)c2C2CC2)C1c1cncn1C;CC(=O)O[C@H]1CC[C@@]2(C)C(=CC[C@H]3C4=CC[C@H](C(C)=O)[C@@]4(C)CC[C@@H]32)C1;Cc1nn(C)c(C)c1CCC(=O)N1CCCC1Cn1cc(C2CC2)nn1;Cc1nn(C)c(C)c1CCC(=O)N1CCCC1c1ccc(N(C)C)nn1;CCN1CCCC(CN(C)C(=O)c2cnc(C)cn2)C1c1cnn(C)c1;CCn1nc(C)c(CC(=O)N2CCCC2c2ccc(N(C)C)nn2)c1C;CN1CCCC(CNC(=O)c2[nH]nc3c2CCCC3)C1c1ccnn1C;Cc1cc(N2CCCC(NC(=O)c3ccc(NC(C)C)nc3)C2)n(C)n1
m_a87b11,COc1ccccc1CN1CCOCC1c1nc(C)no1;CN1C[C@H]2CN(Cc3ccc(C(=O)O)cc3)CCN2C1=O;COc1ccc(C[C@@H]2NC(=O)[C@@H]3[C@@H](N)CCN3C2=O)cc1;NC(=O)CN1C(=O)CO[C@H]2CN(Cc3ccccc3)C[C@H]21;Cc1noc(C)c1CNC(=O)NC(CO)c1ccccc1;CC(=O)NC[C@H]1OC[C@@H](NCc2cccc(C#N)c2)[C@@H]1O;Cc1cc(CNC(=O)NC(CO)Cc2ccccc2)on1;CC(=O)Nc1ccc(CN2C[C@@H]3OCC(=O)N[C@@H]3C2)cc1;COC(C)(C)c1nc(CC(=O)Nc2ccc(C)cc2)no1;Cc1cc(Cc2c(O)nc(=N)[nH]c2O)ccc1OC(C)C;COc1ccc(CNC(Cc2cncn2C)C(=O)O)cc1;CN(CCc1c[nH]cn1)C(Cc1ccc(O)cc1)C(=O)O;CCC(CCO)NC(=O)Nc1cc(-c2ccccc2)on1;CC(C)CCc1noc(COc2ccccc2C(N)=O)n1;Cc1ocnc1CNC(=O)NC(CO)Cc1ccccc1;CCN(CC(C)(C)O)C(=O)c1n[nH]c(=O)c2ccccc12;CC1OCCN(CCOc2cccc(C#N)c2)C1C(N)=O;CCC(C)(CCO)NC(=O)C(=O)Nc1ccc(C#N)cc1;CCn1cc(OCC(=O)Nc2cc(C)ccc2OC)cn1;Cc1cc(NC(=O)NC(CCCO)c2ccccc2)on1;COc1ccc(C#N)cc1CN1CCCC(O)(C(N)=O)C1;N#Cc1cccc(OCCN2CCCC(O)(C(N)=O)C2)c1;CCNC(=O)N1C[C@@H]2OCC(=O)N(c3ccccc3)[C@@H]2C1;N#Cc1cccc(NC(=O)CCN2CC(O)CC(O)C2)c1;Cc1ccc(C(N)=O)cc1N1C(=O)CN(CC(C)C)C1=O
m_a94f72,CC(CC(=O)O)NC(=O)c1ccnn1CC1CCC1;CC(CNC(=O)c1ccnn1C1CCCC1)C(=O)O;CN(CCC(=O)O)C(=O)c1ccn(C2CCCC2)n1;Cn1nccc1C(=O)NC1(C(=O)O)CCCCCC1;COC(=O)C1CCCCCC1NC(=O)c1cc[nH]n1;COC(=O)C1CCCCC1NC(=O)c1cn[nH]c1C;Cn1cc(C(=O)NC2(CC(=O)O)CCCCC2)cn1;CCOC(=O)C1(NC(=O)c2cc[nH]n2)CCCCC1;CC(C)(C)n1cc(C(=O)N2CCCC2C(=O)O)cn1;Cc1cc(C(=O)NC2(CC(=O)O)CCCCC2)n[nH]1;CCN(C(=O)c1cnn(CC2CC2)c1)C(C)C(=O)O;CC(C)c1cc(C(=O)NCC2(C(=O)O)CCC2)n[nH]1;Cc1cc(C(=O)N2CCC(C(=O)O)(C(C)C)C2)n[nH]1;CCNC(=O)N[C@H]1[C@H](O)[C@H](O)C[C@@H]1c1ccncc1;COc1cnc(C(=O)NCC2CCCCC2O)nc1;COC(=O)[C@@H]1Cc2[nH]cnc2CN1C1CCOCC1;Cc1nc(C(=O)N2CCCCC2CCC(=O)O)c[nH]1;Cn1cc(C(=O)N2CCCC(CCC(=O)O)C2)cn1;CCOC(=O)C1CCN(C(=O)c2cnn(C)c2)CC1;Cc1cc(NC(=O)CCC2CCC(C)O2)nc(=O)[nH]1;Cn1cc(C(=O)N2CCCCC2CCC(=O)O)cn1;Cc1cc(C(=O)NC2(C(=O)O)CCCCC2)n(C)n1;Cn1nccc1CCC(=O)N1CCCCC1C(=O)O;NCC(O)CNc1ccc(N2CCOCC2=O)cc1;Cn1cncc1C(=O)N(CC(=O)O)C1CCCCC1
m_a98076,CN(CC1(O)CCN(Cc2ccccc2)C1)C(=O)c1c[nH]c(C#N)c1;CN(CC1(O)CCN(Cc2ccccc2)C1)C(=O)c1cc(C#N)c[nH]1;N#Cc1c[nH]c(C(=O)NC2CN(Cc3ccccc3)CCC2CO)c1;CN(CC1OCCN(C)C1c1ccccc1)C(=O)c1c[nH]c(C#N)c1;CCn1nc(C(=O)NC2C3CN(Cc4ccccc4)CC32)ccc1=O;CN(C)CC#CCNC(=O)Nc1cccn(Cc2ccccc2)c1=O;Cn1cc(C#N)cc1C(=O)N1CCN(CCOc2ccccc2)CC1;Cc1cc(NC(=O)NCC2CC(=O)N(Cc3ccccc3)C2)ccn1;NC(=O)C(Cc1ccccc1)NC(=O)c1ccc(N2CCCC2)nc1;Cc1cnccc1NC(=O)NCC1CC(=O)N(Cc2ccccc2)C1;Cc1cccc(C(=O)Nc2ccccc2CN2CCCC2C(N)=O)n1;Cc1cnc(C(=O)N2CCN(Cc3ccc4c(c3)CCO4)CC2)cn1;CN(C)C(=O)c1cc(NC(=O)NCc2ccc(C3CC3)cc2)ccn1;Cc1cc(C(=O)Nc2cc(C(C)(C)C)nn2Cc2ccccc2)on1;Cc1ccccc1CNC(=O)N1CCN(C(=O)c2ccccn2)CC1;CN(C)C(=O)c1ccc(NC2CC(=O)N(Cc3ccccc3)C2)nc1;CCc1oc([C@H](C)C(=O)[C@@H](C)[C@@H](O)[C@@H](C)C(=O)O)c(C)c(=O)c1C;O=C1CCC(C(=O)NC2CCCc3c2cnn3Cc2ccccc2)N1;CN(C)c1ncccc1NC(=O)Cc1ccc(NC(=O)C2CC2)cc1;CN(C)c1ccc(CN2CC[C@H](c3nnc(-c4ccco4)o3)C2)cc1;Cc1nccc(C(=O)Nc2ccc(C(=O)N3CCCCCC3)cc2)n1;CNC(=O)c1ccc(C(=O)N2CCCN(c3ccccc3)CC2)cn1;C=C(C)C=C=C1C[C@@H]2O[C@@H](C(C)(C)O)C[C@@]2(O)[C@@H](OC(C)=O)[C@@H]1O;Cc1nc(C)c(C(=O)NC2CCN(Cc3ccccc3)C2=O)nc1C;COc1ncccc1CNC[C@H]1COCc2nc3ccc(C)cc3n21
m_aa5754,C=C(C)CN(C)C(=O)NCc1cc(C(=O)OC)c(C)o1;CCc1oc(C(=O)N2CCN(C(=O)CO)CC2)cc1C;COc1cc(C2OC2C(=O)NCCCCN)ccc1O;COCC1CCC1NC(=O)CNC(=O)c1ccoc1C;CC(C)NC[C@H](O)COc1ccc(C(=O)C(N)=O)cc1;COc1cc(C=CC(O)=NCCC(O)CN)ccc1O;COc1cccc(OCC(=O)NCC(C)(C)C(N)=O)c1;C=C(CNC)C/C(=C\C(=O)N1CC(OC)=CC1=O)OC;Cc1cc(C(=O)NCC(=O)NC2(C)CCOC2)c(C)o1;COc1cc(/C=C/C(=O)NCC(O)CCN)ccc1O;CCCc1occc1C(=O)N1CC(OC)CC1C(N)=O;COc1cccc(C(=O)N2CCOC(CN)C2)c1OC;CCC(C)[C@H](NC(=O)Nc1ccc(OC)cc1)C(=O)O;CCOC(=O)N1CCC(NC(=O)c2ccoc2C)CC1;NC(CCCCNC(=O)OCc1ccccc1)C(=O)O;NCCCC[C@@H](NC(=O)OCc1ccccc1)C(=O)O;CCOC(=O)N1CCC(NC(=O)c2occc2C)CC1;COc1cccc(NC(=O)N[C@@H](CC(C)C)C(=O)O)c1;CC(C)c1ccoc1C(=O)NCC(=O)N1CCOCC1;CCC(C)c1cc(C(=O)N2CCCCC2C(=O)O)on1;CCOC(=O)C1(C(=O)NCc2cc(C)on2)CCCC1;O=C(NC1CC2(C(=O)O)CC12)N1CC2CC(CO)C2C1;CC1=C(NC(=O)CC(C)C)OC(=O)N2CCC[C@@H]2C1=O;CC(C)=CC(=O)NC1=CC(=O)[C@]2(C)[C@H](O)[C@@H](O)[C@H](C)N12;COc1ccc(CNC(=O)N[C@H](C(=O)O)C(C)C)cc1
m_ab3260,Cc1cc(NC(=O)C(C)SCc2csc(C3CCCC3)n2)no1;CC(C)(C)c1csc(C2CN(C(=O)Cc3cncs3)CCO2)n1;Cc1sc2nc(CSC(C)C(=O)N3CCCC3)[nH]c(=O)c2c1C;O=C(O)C1CN(C(=O)Cc2cccc3ccccc23)CC1C(F)(F)F;CC1CN(C(=O)Cn2cc(Cl)cn2)CC(c2nc(C3CC3)no2)O1;FC(F)(F)C1(c2nc(-c3nnc[nH]3)no2)CCN(c2ccccn2)C1;COC(=O)CC(c1cc2c(cc1O)OCO2)c1ccnc2ccccc12;Cc1noc(C2COCCN2C2CN(C(=O)c3cc(Cl)c[nH]3)C2)n1;Cc1c(C(=O)NCc2ccc(F)cc2)cnn1C1CCS(=O)(=O)C1;CC(C)(C)C1CCc2c(sc3nc(SCC(=O)O)nc(N)c23)C1;Cc1coc2cc3oc(=O)c(CC(=O)NCc4ccco4)c(C)c3cc12;COc1ccc(-c2oc3cc4c(cc3c2CC(=O)O)CCC(=O)N4)cc1;CC(C)c1nc(N(C)S(C)(=O)=O)nc(-c2ccc(F)cc2)c1C=O;O=C(COc1cc(O)c2c(=O)cc(-c3ccccc3)oc2c1)NC1CC1;CC(=O)c1ccc(O)c(C(CC(=O)O)c2ccnc3ccccc23)c1O;Cn1cc(C2CS(=O)(=O)CCCN2C(=O)c2cccc(F)c2)cn1;O=C1C[C@@H](C(=O)O)N(C(=O)OCC2c3ccccc3-c3ccccc32)C1;O=C(O)CCN1C(=O)C(O)=C(C(=O)c2ccccc2)[C@H]1c1ccccc1;O=C(COC(=O)c1ccccc1Oc1ccccc1)NCc1ccco1;COC1=Cc2c(OC)c3nccc4cc(OC)c(OC)c(c2=CC1=O)c43;CNC1=C2C(=O)c3c(O)cccc3C(OC)=C2c2c(O)cc(CO)cc21;CSCc1cc(C(=O)N2CC(O)CC2c2nc(C)no2)ccc1F;Cc1c(Cl)c(C(=O)N2CCC(n3cc(C(=O)O)cn3)CC2)nn1C;O=C(Oc1ccc2c(=O)c(Oc3ccccc3)coc2c1)[C@@H]1CCCN1;O=C(O)C1CN(C(=O)Cc2ccc3ccccc3c2)CC1C(F)(F)F
m_ab91a8,CCc1cc(NC(=O)C2(C)CCOC2)ccc1C;CCc1cc(NC(=O)CC2CCOC2)ccc1C;Cc1cccc(C(C)C)c1NC(=O)C1CCCO1;Cc1ccc(NC(=O)C2CCOC(C)C2)cc1C;CCOC(=O)/C(C)=C(/C)N[C@@H](C)c1ccccc1;Cc1ccc2c(n1)C[C@@H](C(=O)CCO)CC[C@@H]2C;C=CCN1CCc2cc(OC)c(OC)cc2[C@@H]1C;CCC(C)C(NCC=Cc1ccccc1)C(=O)O;Cc1cc(=O)c(N)cc2c1C[C@H](C(C)(C)O)CC2;C[C@H]1CC(=O)N2CCC[C@H]3C(=O)CC(=C3CC2)C1;CCc1cccc(CN2CCC(C(=O)O)CC2)c1;C#CC#CCC[C@@H](O)C/C=C\C(=O)NCC(C)C;CC(C)=CCC/C(C)=C/Cc1c[nH]c(C(=O)O)c1;CC/C=C/C[C@H](CC)c1cc[n+](C)cc1C(=O)[O-];C/C=C/CCCCC(=O)[C@@H](C)C(=O)n1cccc1;COc1cccc(C(=O)NC2CCCCCC2)c1;CC(C)CC(O)C(O)Cc1c[nH]c2ccccc12;COc1ccc(C(=O)CCN2CCCCC2)cc1;CCNC1(c2cccc(OC)c2)CCCCC1=O;COc1ccc(/C(CC2CCCCC2)=N\O)cc1;CCC1(c2cccc(OC)c2)CCCCC1=NO;COc1cc2c(cc1OC)C(CC(C)C)=NCC2;CCC=CCCCNC(C(=O)O)c1ccccc1;CCCOc1ccc(CNC(=O)C2CC2)c(C)c1;CC1=C2CC(=O)[C@@H](C)CC/C=C(/C)C[C@H]2NC1=O
m_abbd02,CCN1CCC2OCCN(Cc3nnnn3CC(F)(F)F)C2C1;Cc1ccc(C2CC2C(=O)N2CC(C)C(N3CCOCC3)C2)s1;CC(NC(=O)C(c1ccccc1)N1CCSCC1)C1CCCO1;CCN1CCOC(CNC(=O)c2nonc2C)C1c1nccn1C;CC[C@H]1CN(C(=O)C2CC2)CC[C@H]1CC(=O)NCc1cccs1;CCN1CCOC(CNC(=O)c2nonc2C)C1c1cncn1C;CC(C1CC1)N(C(=O)Cn1c2c(sc1=O)CCCCC2)C1CC1;Cn1c(=O)c2c(ncn2CCCC(=N)N2CCOCC2)n(C)c1=O;COC1CC(c2ncn[nH]2)N(C(=O)COc2c(C)nn(C)c2C)C1;CNC(=O)CCCC(=O)N1CCCCCC1C=Cc1cccs1;COC(=O)CCCCCCC(=O)NN=CC(O)C(O)C(O)CO;CC(=O)NC1CCCN(C(=O)CSCc2cc(C)ccc2C)C1;CC(=O)N1CCCN(C(=O)C(Sc2ccccc2)C(C)C)CC1;Cc1ccc(C(=O)N2CCSCC2)cc1NCCC1CCCO1;O=C(CCc1cccs1)N1CCC(C(=O)N2CCCCC2)CC1;CCN1CCOC(CNC(=O)c2nonc2C)C1c1ccnn1C;O=C(Cn1c2c(sc1=O)CCCCC2)N(C1CCCC1)C1CC1;CN(C)C(=O)c1cc2c(s1)CCC(C(=O)N1CCCCCC1)C2;Cc1c(NCCC2CCCO2)cccc1C(=O)N1CCSCC1;CC(C)CN1CCC(NC(=O)C2CSc3ccccc3O2)CC1;NC(=O)CC1CCN(C(=O)C2(c3cccs3)CCCCC2)CC1;Cc1cccc(C2(CNC(=O)CSCC(N)=O)CCCCC2)c1;CCCCN(CCCC)C(=O)CCn1c(=O)sc2ccccc21;CC(=O)N1CCC(NC(=O)CSCc2cc(C)cc(C)c2)CC1;O=C(NCC1CCCCO1)C(c1ccccc1)N1CCSCC1
m_acdfec,CC1CN(c2ccc(NC(=O)c3cc(C4CC4)[nH]n3)cn2)CC(C)O1;CN(C(=O)c1cc(C2CC2)n(C)n1)c1ccc(N2CCOCC2)nc1;Cc1nc(N2CCOCC2)ccc1NC(=O)C1CC1c1cnn(C)c1;Cn1cc(C(=O)Nc2ccc(N3CCCC3)cn2)c(C2CCOC2)n1;CCc1ncc2c(n1)CCN(C(=O)c1n[nH]c3c1CC(C)OC3C)C2;CCc1nnc(C23CCCC2CN(C(=O)c2c[nH]nc2C2CC2)C3)o1;CC1COCCN1CCNc1ccc(C(=O)Nc2ccccc2)nn1;CC(NC(=O)NCc1ccc(N2CCOCC2)nc1)c1ccccn1;C#CCn1cc(CN(C)C(=O)Nc2ccc(OCC(C)C)nc2)cn1;Cc1cc(C)nc(NC(=N)Nc2ccc(CC(=O)OC(C)C)cc2)n1;COc1ccc(C(NC(=O)Nc2ccncc2N(C)C)C2CC2)cn1;CCCOc1ccc(CNC(=O)c2ccnc(N3CCCC3)n2)cn1;COC1CC(c2ncc[nH]2)N(C(=O)c2ccc(NCC3CC3)nc2)C1;CCn1nccc1C1OCCCC1CNC(=O)c1cc(C#N)[nH]c1C;CC(=O)NCc1cc(OC2CCN(c3cc(C)nc(C)n3)C2)ccn1;CCn1nc(C(=O)N2CCc3ncncc3C2)c2c1C(C)OC(C)C2;O=C(C1CN(c2nccn3nc(C4CC4)cc23)CCO1)N1CCCC1;CCCOc1nccnc1N1CCC(NC(=O)Cc2cccnc2)C1;O=C(Nc1cnn([C@H]2C[C@@H](CO)N(Cc3ccncc3)C2)c1)C1CC1;CCn1nccc1C1OCCCC1CNC(=O)c1ccc(C#N)n1C;O=C(Nc1cnn([C@H]2C[C@@H](CO)N(Cc3cccnc3)C2)c1)C1CC1;O=C(Nc1cnn([C@H]2C[C@@H](CO)N(Cc3ccccn3)C2)c1)C1CC1;CN1CCN(c2ccc(NC(=O)c3coc(C4CCC4)n3)cn2)CC1;Cc1cc(CNC(=O)c2ccc(OCC3CC3)nc2)nc(N(C)C)n1;CCOC(=O)c1ccc(N2CCCN(c3ccc(C)nn3)CC2)nc1
m_ace790,C=CCNC(=O)CNc1ccc(C(F)(F)F)c(C#N)c1;N#Cc1ccc(N2CCC(C(N)=O)C2)cc1C(F)(F)F;FC(F)(F)c1cccc(CNc2nc(C3CC3)no2)c1;Cn1nccc1C(=O)NCc1ccc(C(F)(F)F)cc1;Cc1cc(NC(=O)c2ccccc2C(F)(F)F)n(C)n1;COc1cccc(C2(C)C(C#N)C(=O)NC(=O)C2C#N)c1;CC(=O)Nc1ccc2c(c1)C(=O)N(C)c1cccnc1O2;COc1ccc(-c2ccnc3c2c(O)nc(=O)n3C)cc1;COc1ccc(OCc2nc(-c3ccncc3)no2)cc1;O=C(CC1NC(=O)NC1=O)Nc1cccc2ccccc12;Cc1cc(NC(=O)c2cccc(C(F)(F)F)c2)n(C)n1;COc1ccccc1OCc1nc(-c2ccccn2)no1;COc1c[nH]c(C(=O)Nc2ccc3cc[nH]c3c2)cc1=O;COc1cccc(-c2cc(C(=O)O)c3c(C)n[nH]c3n2)c1;COc1ccc(OCc2nc(-c3cccnc3)no2)cc1;C[C@H](NC(=O)c1cc2c(cn1)[nH]c1ccccc12)C(=O)O;Cc1n[nH]c(C)c1NC(=O)c1cccc(C(F)(F)F)c1;COc1c[nH]c(C(=O)Nc2cccc3[nH]ccc23)cc1=O;CCOc1ccc(-c2cn3ccccc3n2)cc1[N+](=O)[O-];Cc1ccn(CC(=O)Nc2ccccc2O)c(=O)c1C#N;Cn1c(=O)c2ccc(-c3ccccc3O)nc2n(C)c1=O;COc1c[nH]c(C(=O)Nc2ccc3[nH]ccc3c2)cc1=O;COc1ccc(-c2nc(-c3ccncc3)no2)cc1OC;Cc1cc(OCC(=O)Nc2cccc3cccnc23)no1;O=C(NCC(F)(F)F)c1ccc(Cn2cccn2)cc1
m_acfc1e,CCC(C)NC(=O)CCNC(=O)NCc1ccccc1OC;CNC(=O)C(CC(C)C)NC(=O)NCc1ccccc1OC;Cc1cc[n+](C)cc1CCC(=O)NCCCC[C@H](N)C(=O)[O-];COc1ccc(CN(C)C(=O)NC2CCN(C)CC2)cc1O;NCCCCCCNC(=O)c1c(O)c2c([nH]c1=O)CCCC2;c1c(CC2(NCC3CC3)COC2)noc1CN1CCOCC1;Cc1cc(C)n([C@H]2[C@@H]3OCC(O3)[C@@H](NC3CCCC3)[C@@H]2O)n1;CCCCC(=O)N1C[C@@H](c2nc(C)no2)C2(CCOCC2)C1;CN(C)C1CN(C(=O)c2ccc(OC(C)(C)C)cn2)CC1O;CN(C)c1ccc(C(=O)NCCCCCCC(=O)NO)cc1;C[C@H]1NC(=O)[C@@H]2C[C@@H](NC(=O)C3CCCCC3)CCN2C1=O;CNC(=O)COc1ccccc1CNCC1CN(C)CCO1;Cc1noc([C@H]2CN(C(=O)CC(C)C)CC23CCOCC3)n1;Cc1ccc(NC(=O)NCCCCNC(=O)OC(C)C)cc1;CC(C)[C@H]1NC(=O)[C@@H]2[C@@H](NC(=O)C3CCCC3)CCN2C1=O;CC(C)NC1(Cc2cc(C(=O)N3CCCCC3)on2)COC1;COc1cc(C(=O)N(C)CC2CC(OC)CN2C)cc(C)n1;CC(C)(C)CN[C@@H]1CO[C@H](CNC(=O)c2ccncc2)[C@H]1O;CCCNC1(Cc2cc(C(=O)N3CCCCC3)on2)COC1;CN(CC1CC1)CC1CN(C(=O)NCc2ccco2)CCO1;COCC(CN1CCN(S(=O)(=O)N(C)C)CC1)C(C)C;CCOC1CC(NC(=O)c2c3c(nn2C)C(C)OC(C)C3)C1;CC1Cc2c(C(=O)N3CCOC(C)(C)C3)nn(C)c2C(C)O1;O[C@@H]1[C@@H](n2cccn2)[C@@H]2OCC(O2)[C@H]1NCC1CCCCC1;CCOC(=O)c1cc(NC(=O)C2CCCCN2CC)cn1C
m_aec773,NC(=O)C1(CNC(=O)c2cc(F)cc(Br)c2)CCCC1;CNC(=O)C1CCCN(C(=O)c2cc(F)cc(Br)c2)C1;NC(=O)C1CCCCC1NC(=O)c1cccc(Br)c1F;CC1CN(C(=O)Cc2cc(F)ccc2Br)CC1C(N)=O;Cc1c(Br)cc(F)cc1C(=O)NC1(CC(N)=O)CCC1;CC(C)=CCn1c2ccc(Br)c(=O)c-2nc2ccccc21;O=C(O)c1cc(-c2ccc(C(=O)O)oc2=O)c2cc(O)c(O)cc2c1;CCC(NC(=O)C1CCC(=O)N1)c1cc(F)cc(Br)c1;COc1cc2c(=O)oc3c4c(cc5c(=O)oc(c1OC)c2c35)OCO4;NC(=O)CN(Cc1cccc(Br)c1)C1CCSCC1;O=c1c2c(oc3c(O)c4c(c(O)c13)OCO4)-c1c(O)cccc1CO2;CCn1c(=O)cc(-c2cccc(Br)c2)c2ccc(C)nc21;CC(C)(OS(=O)(=O)O)[C@@H]1Cc2cc3ccc(=O)oc3c(O)c2O1;COc1cc(C(=O)O)c2c(=O)c3c(O)c4c(cc3oc2c1)COC4=O;CC1(C)Oc2ccc3ccc(=O)oc3c2[C@@H](O)[C@H]1OS(=O)(=O)O;CC1CN(C(=O)Cc2ccc(F)cc2Br)CC1C(N)=O;COc1cc2oc(=O)ccc2cc1C(CC(C)=O)OS(=O)(=O)O;O=C(c1cc(Br)cnc1C1CC1)N1CCC(F)(CO)C1;CN1CC(C(=O)NCCc2ccc(F)c(Br)c2)CC1=O;O=C(C1CCNCC1)N(Cc1csc(Br)c1)C1CC1;Cc1cc2cc(CNC(=O)c3ccc(Br)cc3)ccc2[nH]1;Fc1ccc(-c2csc3ncnc(NCc4nccs4)c23)cc1;NC1CCN(S(=O)(=O)c2c(Cl)cccc2C(F)(F)F)CC1;CN(C1CCNC1)S(=O)(=O)c1ccc(Cl)c(C(F)(F)F)c1;NC1CCN(S(=O)(=O)c2ccc(C(F)(F)F)cc2Cl)CC1
m_aef2b4,O=C(Nc1ncccn1)c1ccc(Oc2ccccc2)cc1;COCc1noc(C2CC(=O)N(c3ccccc3F)C2)n1;CC1COC(CO)CN1c1nc(-c2ccccc2)ns1;CC(C)c1nc(C2CCCN2C(=O)c2ccsc2)no1;O=C(N/N=C/c1ccc(-c2ccccc2)o1)c1ccncc1;Cc1ccc(C(=O)N2CCSCC2c2cnn(C)c2)o1;Cc1ccoc1C(=O)N1CCSCC1c1cnn(C)c1;CCC(C)c1ccc(S(=O)(=O)Nc2cnccn2)cc1;O=C1C[N+]([O-])=Cc2[nH]c3ccccc3c2N1c1ccccc1;O=C(O)C1CCCN(C(=O)c2cc(F)cc3[nH]cnc23)C1;COC(=O)CSc1nnc(CCc2ccccc2)n1C;CN(C)/C=C(\NC(=O)Nc1ccccc1F)C(F)(F)F;O=CN[C@@H](CS)C(=O)NCCc1c[nH]c2ccccc12;O=c1[nH]nc(SCc2ccccc2)n1CC1CCCO1;Cc1cc(C)c(C)c(S(=O)(=O)Nc2cnccn2)c1C;COc1ccc(SCC(=O)Nc2cc(C)nn2C)cc1;CN(C)/C=C(\NC(=O)Nc1ccc(F)cc1)C(F)(F)F;Cc1ncsc1CNC(=O)NC(CO)c1ccccc1;Cc1cc(O)ccc1NC=C(C#N)c1nc2ccccc2o1;Cc1ccc(-c2nc(C(=O)NCC(N)C3CC3)cs2)o1;Cc1nc(C(=O)N2CC(O)CC2c2ccc(F)cc2)no1;Cc1ccc(S(=O)(=O)Cc2nc(C3CC3)n[nH]2)cc1C;COC(=O)C1(CNC(=O)c2ccc3[nH]cnc3c2F)CC1;O=S1(=O)CCc2nnc(CCc3ccccc3)n2CC1;N#Cc1cccc(NC(=O)C2=NOC(c3ccccc3)C2)c1
m_b047da,COC(=O)C1CCc2nnc(Cc3ccccc3F)n2CC1;Cn1cc(C2CC2C(=O)NCc2ccc(CO)c(F)c2)cn1;COc1ccccc1SCc1nnc2n1CC(C)(C)CC2;COc1ccccc1SCc1nnc2n1CCCCCC2;CCN(C)S(=O)(=O)NC1CCCn2nc(COC)nc21;Cn1nc(C2CC2)cc1C(=O)NCc1ccc(CO)c(F)c1;COc1ccc(CNc2ncnc(C3CC3)c2F)c(OC)c1;Cn1cc(C2OCCC2C(=O)NCc2cccc(F)c2)cn1;COc1ccc(CNC(=O)NCCc2ccc(F)cc2)cn1;Cc1nn(C(F)F)c(C)c1CC(=O)NC(C(=O)O)C(C)C;CCn1cc(C(=O)Nc2ccc(F)cc2OCC2CC2)cn1;Cn1ccnc1C(NC(=O)C1CCCO1)c1ccc(F)cc1;COc1ccc(CNC(=O)NCCc2ccccc2F)cn1;COc1ccc(CNC(=O)NCCc2cccc(F)c2)cn1;COC1(c2nnc(CN3CCCC3C(F)F)o2)CCOC1;Fc1ccc(Cc2noc(NC3CCOC3C3CC3)n2)cc1;CC(CNC(=O)NCc1cccnc1)Oc1cccc(F)c1;Cc1cccc(Cc2noc(C3(C)CCC(=O)NC3)n2)c1F;Cc1nccn1-c1ccc(F)cc1CNC(=O)C1CCCO1;CCOC(=O)Nc1ccc(NCc2ccc(F)cc2)cc1N;Cn1nccc1C(=O)N1CCCC1COc1ccc(F)cc1;Cc1cccc(OCc2n[nH]c(=S)n2C2CCCCC2)c1;COCc1nc(O)cc(N2CCCC2c2ccc(F)cc2)n1;Cn1nccc1C(=O)NCC1CCOC1c1ccc(F)cc1;O=C(CCn1cccn1)NC1CCCOc2cc(F)ccc21
m_b084eb,O=C(c1cccc(Oc2cnccn2)c1)N1CCCC2CCCCC21;O=C(c1ccc(-n2cc[nH]c2=O)cc1)N1CC(C2CC2)CC1C1CC1;CN1C2CCC1CN(C(=O)c1ccccc1Oc1cccnc1)CC2;CNC(=O)c1ccc(Oc2ccc3c(c2)CCN(C2CCC2)C3)nc1;CN(Cc1ccccn1)C(=O)C1CCCCN1C(=O)c1ccccc1;CN1CCC(NCCc2ccc(S(N)(=O)=O)cc2)C12CCCC2;O=C(c1cncc2ccccc12)N1CCCC(N2CCCCC2=O)C1;CC[C@@H](C)[C@@H](C(=O)NCc1cccnc1)N1Cc2ccccc2C1=O;Cc1cc(C)cc(C(=O)N2CCC(NC(=O)c3cccnc3)CC2)c1;O=C(c1nccc2ccccc12)N1CCC(C(=O)N2CCCC2)CC1;CCN(CC)CCNC(=O)c1cc(-c2ccco2)nc2ccccc12;COc1ccc(CCNCc2c[nH]nc2-c2ccc(OC)cc2)cc1;COc1ccc(-c2n[nH]cc2CNCC(OC)c2ccccc2)cc1;CCCC1CCCN(C(=O)CC(NC(N)=O)c2cccs2)CC1;CCC(NC(=O)N1CCCC1C1CCCCC1O)c1nccs1;Cc1cccc(C)c1OCCNC(=O)CN1CC(F)CC1C(N)=O;COc1ccnc(CNC(=O)N2CCC3(O)CCCCC3C2)c1F;CCNC(=O)c1cc(NC(=O)N2CCC(C(C)C)CC2)c(C)s1;COc1ccnc(CNC(=O)NC2CC3(COC(C)(C)C3)C2)c1F;COc1c(C)cnc(CN(C)C(=O)c2c(C)[nH]c3ccccc23)c1C;C=CCN1CCC(Nc2ccc(S(=O)(=O)C(C)(C)C)nc2)CC1;CC(CNC(=O)NC1CCOC2(CCCCC2)C1)c1nccs1;CCc1nc(CCNC(=O)NC2CCCC3OCCC23)sc1C;CCN(CC1COc2ccccc2O1)C(=S)NCCCN(C)C;O=C(NC1CCN(C2CC2)CC1)c1ccc(-c2ccccc2)[nH]c1=O
m_b0ce2a,CCOC(=O)c1cn(C)nc1NC(=O)CC1C=CCC1;O=C(O)Cn1ccc(NC(=O)CC2CC3CCC2C3)n1;CC(=O)Nc1cccnc1NC(=O)C1CCCOC1C;CC(=O)Nc1cccnc1NC(=O)C1CCCOCC1;CCCCCC(=O)[C@H](C[C@H](Cl)[N+](C)(C)C)C(=O)[O-];CCc1occc1C(=O)N1CCC2C(C1)NC(=O)N2C;COc1cc(CNCCc2c[nH]cn2)cc(OC)c1O;Cc1cnn(CCC(=O)NC2CC(C(=O)O)C3CC23)c1;C/C(=N\NC(N)=O)c1cc(C)ccc1[C@@H](C)CC(=O)O;CC[C@@H](NC(C)=O)C(=O)NC(=O)NCc1ccccc1;Cc1[nH]ncc1C(=O)N1C(C(=O)O)CC2CCCCC21;Cc1cn(C)nc1C(=O)NC1CC2CC(C(=O)O)CC21;Cn1cc(CCC(=O)NC2CC(C(=O)O)C3CC23)cn1;CNC(=O)NCC(=O)N1CC(C)Oc2cc(C)ccc21;Cc1n[nH]c(C(=O)NC2CC3CC(C(=O)O)CC32)c1C;CC(C(=O)NC1COCC1Oc1cn[nH]c1)=C1CCC1;Cc1cc(C(=O)NC2CC(O)C23CCOCC3)ncn1;Cn1nccc1C(=O)N1C(C(=O)O)CC2CCCCC21;Cc1nc(N)nc2c1C(=O)[C@]1(O)[C@H]2C[C@H](O)CC1(C)C;Cc1noc(COC2CN(C(=O)C3CC=CCC3)C2)n1;N[C@H]1CCCNC(=O)[C@H](Cc2ccc(O)cc2)NC1=O;Cc1noc(COC2CN(C(=O)CC3C=CCC3)C2)n1;CN1CCC2OCCN(C(=O)c3cncc(O)c3)C2C1;CCC(COC)NCc1nc(-c2cccc(O)c2)no1;O=C(C1CCC1)N1CCOC[C@H](Oc2cnccn2)C1
m_b11a90,COC(=O)c1cnccc1NC(=O)c1cnn(-c2ccccn2)c1C;COc1ccc(-n2ccc(C(=O)Nc3cnccc3C(N)=O)n2)cc1;CCOC(=O)c1ccccc1NC(=O)c1ccnc(-n2cncn2)c1;NC(CCCC(OC(=O)/C=C/c1ccc(O)cc1)C(=O)O)C(=O)O;CCOC(=O)c1sc(NC(=O)NCCCc2nc[nH]n2)cc1C;COC(=O)[C@](NC(=O)C(=O)C(C)C)(OC)C(=O)c1ccc(O)cc1;CN(C)S(=O)(=O)N1CCN(C(=O)c2ccc3[nH]cnc3c2)CC1;O=C1Nc2ccc3cc4ccccc4cc3c2/C1=N/Nc1ccccc1;CCOc1cc(Cl)ccc1CNC(=O)c1c(C)nn(C)c1OC;O=C(Cc1c[nH]c2ccccc12)OC1C(CO)OC(O)[C@H](O)[C@H]1O;CNS(=O)(=O)N1CCN(C(=O)Cc2c[nH]c3ncccc23)CC1;COC[C@H](O)CNC(=O)Cc1c(C)c2c(O)cc(O)cc2oc1=O;Cc1ccc(C(=O)Nc2ccnn2-c2ccc([N+](=O)[O-])cc2)c(C)n1;CC(C)c1c(C(=O)NC(CO)CO)cnn1-c1ccccc1Cl;CN(C)c1ncccc1OC1CCN(S(=O)(=O)c2c[nH]cn2)C1;CC(=O)NC(CSC(CCO)C(O)CCCC(=O)O)C(=O)O;O=C(Cc1c[nH]c2ccccc12)OCC1OC(O)C(O)C(O)C1O;O=C(Cc1c[nH]c2ccccc12)O[C@H]1[C@H](O)[C@H](O)[C@@H](O)[C@@H](O)[C@@H]1O;O=C(Cc1c[nH]c2ccccc12)O[C@@H]1O[C@H](CO)[C@@H](O)[C@H](O)[C@H]1O;CCC1=CC2C(OC(=O)[C@@H]3O[C@@](O)(CO)[C@H](O)[C@H]3O)=CN=C2C=C1;O=C(Cc1cc2ccccc2[nH]1)O[C@H]1[C@H](O)[C@@H](O)[C@H](O)[C@@H](O)[C@@H]1O;O=C(O)Cc1cn([C@@H]2O[C@H](CO)[C@@H](O)[C@H](O)[C@H]2O)c2ccccc12;CC(=O)OC[C@H]1O[C@@H](O[C@@H](C#N)c2ccccc2)[C@H](O)[C@@H](O)[C@@H]1O;COCC(NC(=O)NCc1c(C)noc1C)c1ccc(Cl)cc1;COc1ccc(Cl)cc1CCNC(=O)c1c(C)nn(C)c1OC
m_b4039c,Cc1noc(C2CCN(C(=O)c3cn(C)nc3C(C)(C)C)C2)n1;CCc1nn(C)cc1C(=O)NC1CCCOC1c1cnn(C)c1;Cc1nn(C)cc1C(=O)N1CCCC(c2noc(C(C)C)n2)C1;CCc1nn(C)cc1C(=O)NC1CCOC1c1cnn(CC)c1;Cc1cc(C)n(CC(=O)NC2CCCOC2c2cnn(C)c2)n1;CCn1cc(C(C)NC(=O)c2c[nH]nc2C2CCOCC2)cn1;CCc1nc(C2CCCN(C(=O)c3c[nH]c(C(C)C)n3)C2)no1;CCc1nc(C2CCCN2C(=O)Cc2ccn(C(C)C)n2)no1;CCc1n[nH]c(=O)c(CNC(=O)NCCn2cccc2)c1CC;CC(C)C(NC(=O)C(C)(C)n1cccn1)c1nc(C2CC2)no1;CN(CCn1cccn1)C(=O)C1CCCOC1c1nccn1C;COCCn1ncc2c1C(NC(=O)c1nc(C)[nH]c1C)CCC2;Cc1cc(C)n(CCC(=O)N2CCCC(c3noc(C)n3)C2)n1;CCn1ncc(C(=O)NC2CCC(Cc3nnc(C)o3)C2)c1C;CCn1cc(C2OCCC2CNC(=O)c2n[nH]c(C)c2C)cn1;Cc1noc(C2CN(C(=O)c3cccn3C(C)C)CCN2C)n1;Cc1nc(C2(NC(=O)c3n[nH]c(C)c3C)CCCCCC2)no1;Cc1nnc(C2CCCN(C(=O)Cc3c(C)n[nH]c3C)C2C)o1;Cc1n[nH]c(C)c1CC(=O)NC1CCCC1Oc1cnn(C)c1;CCN1CCC2CCC(C1)N2C(=O)Nc1ccc(C(N)=O)nc1;COc1nccc(CNC2CCOC2c2ccnn2C(C)C)n1;Cc1nn(C)cc1CC(=O)NC1CCCC1Oc1cnn(C)c1;CCn1cc(C(=O)NC2CCOC2c2c(C)nn(C)c2C)cn1;Cn1nc(CC2CCCCC2NC(=O)c2ccc[nH]2)n(C)c1=O;Cc1nn(C)cc1CNC(=O)C1CCCOC1c1ccnn1C
m_b43690,CCC1(CC)CN(C(=O)c2cn(C)cn2)c2ccccc21;Cc1cnn(C)c1C(=O)N1c2ccccc2C(C)(C)C1C;Cc1cc(C(=O)N2CCCC(C)c3ccccc32)n(C)n1;Cc1c[nH]nc1C(=O)N1CCC(Cc2ccccc2)CC1;Cc1ccc(C2CCN(C(=O)c3cnn(C)c3)CC2)cc1;Cc1[nH]ncc1C(=O)N1CCCC(c2ccccc2)CC1;Cc1cnn(C)c1C(=O)N(C)CC1(c2ccccc2)CC1;Cc1cccc(C)c1NC(=O)c1cnc(C(C)(C)C)cn1;Cc1c(C(=O)N(C)C2CCCc3ccccc32)cnn1C;CCn1nccc1C(=O)N1CC(CC)(c2ccccc2)C1;Cc1[nH]ncc1C(=O)N1CCC(c2ccccc2)C(C)C1;Cc1cc(C(=O)N2CC(c3ccccc3C)CC2C)[nH]n1;Cn1nccc1C(=O)N1CCCC1CCc1ccccc1;CCC1(C)N=C(C)C(=O)N1CCc1c[nH]c2ccccc12;Cc1ccccc1C1CC(C)N(C(=O)c2cn[nH]c2C)C1;CC(C)c1cc(C(=O)NC2CC2c2ccccc2)n(C)n1;CC(C)Cn1cc(C(=O)Nc2ccc3c(c2)CCC3)cn1;Cc1nn(C)cc1C(=O)NCC1CCCc2ccccc21;Cc1cc(C(=O)N2CCCC2Cc2ccccc2)n(C)n1;CCn1cc(C(=O)N(CC2CCC2)c2ccccc2)cn1;Cc1cnn(CC(=O)N2CCC(c3ccccc3C)C2)c1;Cc1cccc(CN2CCC(Oc3cnccn3)CC2)c1;Cc1c(C(=O)NCC2CCCc3ccccc32)cnn1C;Cc1[nH]ncc1C(=O)NC1CCC(C)(C)c2ccccc21;Cn1nccc1C(=O)NCC1(Cc2ccccc2)CCC1
m_b51204,O=C(Cn1cc(C(=O)O)nn1)NCC1CCCCCCC1;O=C(Cn1cc(CCCO)nn1)N1CCOCC1C1CC1;COC(=O)c1ncn(CC(=O)N(C)C2CCCCC2C)n1;CC(C(=O)NC(CC1CCCCC1)C(=O)O)n1cncn1;CC(C)CC1CCCCN1C(=O)c1[nH]c(=O)[nH]c(=O)c1N;CC(C)CCC(=O)NC1CC(C(=O)O)CC1n1ccnn1;COC(=O)c1cc(NC(=O)NCC2(C(C)C)CC2)n(C)n1;Cc1nonc1CNC(=O)N1CCC2(O)CCCCC2C1;O=C(O)CCC1CCCCN1C(=O)CCCn1cncn1;CC(C)CN1CC(C(=O)NCC(C)c2ncon2)CC1=O;Cc1cnn(C2CCCN(C(=O)NCCCC(=O)O)C2)c1;O=C1NCC(=O)N2CCN(C(=O)NC3CCCCC3)C[C@H]12;Cc1noc(CCCC(=O)NC2CCC(=O)NC2(C)C)n1;OCCSCCCCCCCCCCSCCO;Cc1nonc1CNC(=O)N1CCC(C2CCOCC2)C1;Cc1noc(CCNC(=O)C2CC(=O)N(CC(C)C)C2)n1;CCN(CC)C(=O)N1CCC(n2ccc(C(=O)O)n2)CC1;COC1CCC(C(=O)N2CCC(n3cn[nH]c3=O)CC2)C1;CCOc1cc(N2CCCC(O)(CC(=O)NC)C2)ncn1;COC(=O)c1cc(NC(=O)N2CCCCCCC2)nn1C;O=C(CCCn1cncn1)NC1CCCCCC1C(=O)O;CNC(=O)CC1(O)CCCN(Cc2nccnc2OC)C1;Cc1nnc(C2CN(C(=O)NCC3CCCC3)CCO2)o1;Cc1[nH]ncc1CNC(=O)N1CCCCC1CCC(=O)O;CNCC1CCN(C(=O)c2c(OC)ncnc2OC)CC1
m_b53b6e,Cc1nnc2n1CC(C(=O)O)N(C(=O)c1sccc1Br)C2;O=C(COc1ccc(I)cc1)c1ccc(O)cc1O;O=C(CSc1nc2cc(Cl)ccc2o1)Nc1ccc(F)cc1Cl
m_b6b7fe,CN(C)c1cccc(CNC(=O)Nc2nn(C)cc2-c2ccccc2)c1;CN(C)c1ccc(-c2nc(=O)n(C)nc2-c2ccc(N(C)C)cc2)cc1;Cc1ccc(C(C)N(C)C(=O)Nc2ccn(Cc3ccccn3)n2)cc1;CC(C)n1nc(-c2ccccc2)cc1NC(=O)c1ccc(N(C)C)nc1;Cn1nc(-c2cccnc2)cc1CNC(=O)NCCCc1ccccc1;CN(C)CCc1ccc(CNC(=O)c2cnn(-c3ccccc3)n2)cc1;N#Cc1cccnc1NCCNC(=O)C1CCCN1Cc1ccccc1;CN(C)c1ccc(CN2CC[C@H](c3nnc(-c4cccnc4)o3)C2)cc1;Cc1cc(C)n2nc(C)c(C(=O)N3CC(N)C(c4ccccc4)C3)c2n1;CNc1ccc(-c2noc([C@@H]3CCCN3Cc3ccc(C)cc3)n2)cn1;CN(C)c1ccc(CN2CC[C@H](c3nnc(-c4ccncc4)o3)C2)cc1;CC(NC(=O)NCc1nccn1CCc1ccccc1)c1ccncc1;Cc1cccc(-n2ncc(NC(=O)NC(C)Cc3cccnc3)c2C)c1;Cc1cc(C)n(-c2ccc(CNC(=O)C(N)Cc3ccccc3)cn2)n1;CN(Cc1nnc2n1CCC2)C(=O)c1cccn1CCc1ccccc1;CN(C)c1ccc(-c2noc([C@@H]3CCCN3Cc3ccccc3)n2)cn1;CCc1nnc2n1CCN(C(=O)c1cccn1CCc1ccccc1)C2;CC(=O)Nc1ccccc1CN1CCC(c2nnc3ccccn23)CC1;Cn1ccnc1C1CCCN(C(=O)c2ccn(Cc3ccccc3)n2)C1;CC(CN1CCN(c2ccccc2)CC1)NC(=O)c1ccc(C#N)cn1;CN(C)c1ccc(-c2nnc([C@H]3CCN(Cc4cccnc4)C3)o2)cc1;Cc1ccc(C)c(Cn2nnc(C(=O)Nc3cccc(C)c3C)c2N)c1;CN(CC(=O)NCc1ccccc1N1CCCC1)c1ccc(C#N)cn1;CC(=O)Nc1ccccc1CN1CCCC(c2nnc3ccccn23)C1;Cn1cc(CC(=O)N2CCc3c(ncn3CCc3ccccc3)C2)cn1
m_b70863,CCc1cncc(C(=O)N2CC(N3CC(C(=O)NC)CC3=O)C2)c1;CNC(=O)C1CC(=O)N(C2CN(C(=O)Cc3ccc(C)nc3)C2)C1;CCc1cccc(C(=O)N2CC(N3CC(C(=O)NC)CC3=O)C2)n1;CNC(=O)C1CC(=O)N(C2CN(C(=O)Cc3cccnc3C)C2)C1;CCc1cnccc1C(=O)N1CCOC(c2nnc(C(C)C)o2)C1;CCc1cnccc1C(=O)N1CCOC(c2noc(C(C)C)n2)C1;O=C(c1cccnc1)N1CCN2C(=O)N(C3CCOCC3)C[C@H]2C1;Cc1noc(CC2(O)CCCN(C(=O)Cc3cccnc3C)C2)n1;CCn1cc(OC2COCC2NC(=O)Cc2cccnc2C)cn1;CC(=O)N1CC2(C1)CN(C(=O)c1cccnc1)C[C@H]1C[C@@H](O)CN12;CC(=O)N1C[C@@H]2C[C@@H](O)CN2C2(C1)CN(C(=O)c1cccnc1)C2;Cc1ccc(C(=O)N2CCOC(c3nnc(C(C)C)o3)C2)c(C)n1;Cc1ccc(CC(=O)N2CCCC(O)(Cc3nc(C)no3)C2)cn1;Cc1ccc(CNC(=O)C2CCCOC2c2cn[nH]c2)c(=O)n1C;CN1C(=O)CCC1C(=O)N1CCN(c2ccc(C(N)=O)cc2)CC1;CN(C)c1cccc(CNC(=O)NCC(=O)NCc2ccco2)c1;Cc1cccnc1CNC(=O)NC1CCN(CC(F)(F)F)CC1;CCOCC1CN(C(=O)c2cncc(O)c2)CC1c1cnn(C)c1;COc1cc(C)cnc1C(=O)N1CCOCC1c1c(C)n[nH]c1C;Cc1cncc(CCC(=O)N2CC(C)OC(c3nc(C)no3)C2)c1;COc1nc(C)ccc1C(=O)N1CCOCC1c1c(C)n[nH]c1C;CCn1nccc1C1OCCC1NC(=O)c1ccc(C)nc1OC;CCOc1nc(C)ccc1C(=O)NC1CCOC1c1ccnn1C;NC(=O)C1CCCN1Cc1cccc(NC(=O)C2CCC(=O)N2)c1;CCN(Cc1ccncc1)C(=O)c1coc(CN2CCC(O)C2)n1
m_b7be8a,O=C(NCc1ccc(Cl)cc1Cl)C1CC(O)CN1;O=C(NCc1c(Cl)cccc1Cl)C1CC(O)CN1;O=C(Cc1c(Cl)cccc1Cl)NC1CNCC1O;C[C@@H](O)[C@H]1C(=O)N2C(C(=O)O)=C(COC(N)=O)S[C@H]12;CC(=NNC(N)=O)c1cc(CNC(=O)CCl)cs1;NC(=O)C1CN(Cc2c(Cl)cccc2Cl)CCO1;NS(=O)(=O)c1ccc(NC(=O)COCC(=O)O)cc1;N[C@@H](C[S@@H+]([O-])C[S@@H+]([O-])C[C@H](N)C(=O)O)C(=O)O;Clc1ccc2c(c1)-c1ccc3c(c1=N2)=Nc1ccccc1-3;O=C1CN=C(c2ccccc2F)c2cc(Cl)ccc2N1;CC(CN)C(=O)NC1COc2c1ccc(Cl)c2Cl;CCS(=O)(=O)NCCS(=O)(=O)NC(C)C(=O)O;O=C(CN1CCOCC1)Nc1cc(Cl)ccc1Cl;CCOP(=S)(OCC)SCSC(C)(C)C;N#Cc1ccc(NC(=O)Cc2c(F)cccc2Cl)cc1;O=C(Nc1ccc2[nH]c(=O)[nH]c2c1)c1ccncc1Cl;N#Cc1cccc(NC(=O)Cc2c(F)cccc2Cl)c1;NC1CCN(C(=O)COc2ccc(Cl)c(Cl)c2)C1
m_b7d932,Cc1ccc(S(=O)(=O)N2CCN(CCCn3ccnc3)CC2)cc1;CC(CN1CCN(C)CC1)NS(=O)(=O)c1cccc2cnccc12;Cc1cnn(C)c1S(=O)(=O)N1CCCC1c1cccc(N(C)C)c1;CC(CNS(=O)(=O)c1cccc2cnccc12)N1CCN(C)CC1;Cn1nccc1CNCC1CCN(S(=O)(=O)c2ccccc2)CC1;CC(C)(C)c1ccc(S(=O)(=O)NCc2cn(C3CCC3)nn2)cc1;Cc1n[nH]cc1CNCC1CCN(S(=O)(=O)c2ccccc2)CC1;Cc1ccc(S(=O)(=O)NC2CC(Cn3cccn3)C2)cc1N(C)C;Cc1ccc2c(CCNS(=O)(=O)N(C)C(C)CC#N)cn(C)c2c1;Cc1ccc(S(=O)(=O)N2CCC(c3nccn3C)C2)cc1N(C)C;CC(C)n1cc(S(=O)(=O)N2CCN(C)CC2c2ccccc2)cn1;CCn1cc(S(=O)(=O)N(C)C2CCCN(c3ccccc3)C2)cn1;Cc1c(NCc2nccn2C(C)C)cccc1S(=O)(=O)NC1CC1;Cc1ccc(S(=O)(=O)N2CCCCC2)cc1NCc1nccn1C;O=C(NCC1CCN(C2CC2)C1)c1ccc(OC2CCC2)cc1Cl;Cc1ccccc1CNC1CCN(S(=O)(=O)c2cnn(C)c2)CC1;Cn1cc(CN2CCC(NS(C)(=O)=O)CC2)c(-c2ccccc2)n1;Cc1ccccc1N1CCN(S(=O)(=O)c2cnn(C(C)C)c2)CC1;CCn1nc(C)c(S(=O)(=O)N(C2CC2)C(C)c2ccccn2)c1C;Cc1nn(C(C)C)c(C)c1S(=O)(=O)N(Cc1cccnc1)C1CC1;Cc1nn(C)c(=O)c(C(=O)NC(C)c2nc(C(C)(C)C)cs2)c1C;CC(C)N1Cc2cccc(NS(=O)(=O)c3cn(C(C)C)cn3)c2C1;CCc1nn(C)c(CC)c1S(=O)(=O)Nc1ccc2c(c1)CN(C)C2;CC(C)(C)c1nnc(CNC(=O)NC(CO)Cc2ccccc2)s1;CC(N)C1CCCN(C(=O)c2ccc(CSc3nccn3C)o2)C1
m_b81b9d,CC1CCN(C(=O)CCC(=O)O)c2ccccc2S1;CC1(CNC(=O)c2cccc(C(=O)O)c2)CCCS1;CC(=O)OCc1cccc(SC2CCN(C)C2=O)c1;O=C1CCCCCCC1Sc1ccccc1[N+](=O)[O-];CN(Cc1ccc(C(=O)O)cc1)C(=O)C1CCSC1;CCN(CCC(=O)O)C(=O)C1CSc2ccccc21;COc1ccc(CC(=O)N(C)C(=O)/C=C\SC)cc1;CCOC(=O)C(C)NC(=O)C1Cc2ccccc2S1;CN(Cc1csc2ccccc12)CC(C)(O)C(=O)O;CCCCCCOC(=O)Sc1nc2ccccc2o1;CCCN(CC(=O)O)C(=O)C1CSc2ccccc21;COC(=O)C(C)(C)NC(=O)C1Cc2ccccc2S1;Cc1ccc(CC(=O)NC2(C(=O)O)CCSC2)cc1;Cc1cc(C(=O)NC(CCO)c2cccs2)c(C)o1;O=C(Cn1cnnn1)N1CCc2c(F)ccc(F)c2C1;O=C(Cc1ccsc1)NC1C2CCC(C2)C1C(=O)O;CSCC(CCO)NC(=O)c1coc2ccccc12;COc1cc2c(cc1OC)[C@]1(C)SCC(=O)N1CC2;O=C(O)c1ccc(CNC(=O)C2CCSCC2)cc1;CCCCCCCC1=C(O)C(=O)c2scnc2C1=O;CCNS(=O)(=O)c1ccc(OCC)c2ccccc12;Cc1cscc1C(=O)N1CCC2(CC1)CC2C(=O)O;O=C(Cc1ccsc1)N1CC2CCCC2(C(=O)O)C1;Cc1cscc1C(=O)N1CC2CCC1C(C(=O)O)C2;CCC(CO)NS(=O)(=O)c1ccc2ccccc2c1
m_b8415b,O=C(NCCNc1cnccn1)C1CC1c1ccc(Br)cc1;O=C(N1CCC(n2cncn2)C1)C1(c2ccc(Br)cc2)CC1;CCCC(C(=O)O)N1C(=O)/C(=C/c2c[nH]c3ccccc23)SC1=S;CC(=O)OCOC(=O)C1=C(COC(N)=O)SC2C(C(C)O)C(=O)N12;O=C(N1CCC(n2cncn2)C1)C1(c2ccccc2Br)CC1;Cc1nc(CNS(=O)(=O)c2ccc(Oc3ccccc3)cc2)cs1;CC(Sc1nnnn1-c1ccccc1)C(=O)Nc1ccc(Cl)cn1;O=C(NCC1COCCO1)c1ccc(-c2nc3ccccc3s2)s1;O=C(CCn1ccc2cc(Br)ccc21)NCCc1c[nH]cn1;O=C(CCn1ccc2ccc(Br)cc21)NCCc1c[nH]cn1;C[C@@H]1O[C@H](C=C=CBr)[C@H]2/C=C\C[C@@H](O)[C@H](O)C[C@@H](O)[C@@H]1O2;C[C@@H]1Cc2c(Cl)c(O[C@H]3O[C@H](CO)[C@@H](O)[C@H]3O)cc(O)c2C(=O)O1;CC(C)(C)n1ncc2c(=O)n(Cc3ccccc3Br)cnc21;COC(=O)c1cccc([N+](=O)[O-])c1-c1c(C(=O)OC)cccc1[N+](=O)[O-];Cc1nn(-c2ccc(F)cc2)c2sc(C(=O)OC3CCOC3=O)cc12;C[C@@H]1O[C@H](C=C=CBr)C=C[C@H](O)C[C@H](O)[C@@H]2C[C@@H](O)[C@@H]1O2;O=C(OCCOC(=O)c1cccc([N+](=O)[O-])c1)c1cccc([N+](=O)[O-])c1;Cc1cnc2c(S(=O)(=O)Nc3ccc(F)c(C(=O)O)c3)cccc2c1;O=S(=O)(O)c1ccc2nc3c4ccccc4c4ccccc4c3nc2c1;N#Cc1c(O)c2c(-c3ccc(-c4ccccc4O)cc3)csc2[nH]c1=O;CC(C)C(=O)Oc1ccc2c(c1)O/C(=C\c1c(F)cccc1Cl)C2=O;N[C@H]1C[C@H](O)[C@@H]2[C@H](O)c3ccc(OS(=O)(=O)O)c(O)c3CN2C1=O;O=C(O)c1ccc(Cl)c(CN2CCn3c(nnc3C(F)(F)F)C2)c1;CC(C)(C)c1noc(C2CN(c3ccc(Br)cc3C#N)C2)n1;CC1CCN(c2cc(C(=O)Nc3ccc(Br)cn3)ccn2)C1
m_b8a6f4,CC1CN(Cc2ccccc2NC(=O)c2cccnc2O)CC(C)O1;CCNC(=O)c1ccc(C)c(NC(=O)c2ccc(C)nc2OCC)c1;Cc1ccc(C(CN2CCOCC2)NC(=O)c2cccnc2O)cc1;Cc1ccoc1C(=O)Nc1ccccc1CN1CCCC(C(N)=O)C1;CN(CC1OCCN(C)C1c1ccccc1)C(=O)c1ccc(O)nc1;O=C(NC1CN(Cc2ccccc2)CCC1CO)c1cccc(=O)[nH]1;CCOc1cc(CNC(=O)c2ccccc2N2CCOCC2)ccn1;CN(CC1OCCN(C)C1c1ccccc1)C(=O)c1cncc(O)c1;CC1CN(C(=O)Nc2ccnc(OCc3ccccc3)c2)CCCO1;CN(CC1OCCN(C)C1c1ccccc1)C(=O)c1cc[nH]c(=O)c1;CC(C)(C)CC(=O)NCC(=O)Nc1cccc(Oc2ccncc2)c1;COc1ncc(C)cc1NC(=O)C1CN(Cc2ccccc2)CCO1;CC1CN(C(=O)Nc2ccnc(OCc3ccccc3)c2)CC1CO;CC(O)C1CCN(C(=O)Nc2ccnc(OCc3ccccc3)c2)C1;Cc1cc(=O)[nH]cc1C(=O)NCC1OCCN(C)C1c1ccccc1;COc1ccccc1Nc1ncccc1C(=O)NC(C)C1CCCO1;CCC(C)NC(=O)CCNC(=O)c1ccc(Oc2cccnc2)cc1;CC1CN(C(=O)Nc2cccn(Cc3ccccc3)c2=O)CC(C)O1;CCC(=O)Nc1ccc(O)c(C(=O)N2CCC(n3cccc3)CC2)c1;CC1(NC(=O)Nc2ccnc(OCc3ccccc3)c2)CCOCC1;CC(=O)N1CCN(Cc2cccc(NC(=O)c3occc3C)c2)CC1;CCOc1ncccc1CNC(=O)N1CCOCC1c1ccccc1;COc1ccc(C(=O)NCC2CCN(c3ccccc3OC)C2)cn1;CCCOc1cc(CNC(=O)c2ccc(C)c(NC(C)=O)c2)ccn1;CCCOc1nc2ccccc2cc1C(=O)N1CCC(=O)N(C)CC1
m_b8f328,Cc1cc(NC(=O)c2cccc(F)c2)sc1C(=O)NCCc1cccs1;O=C(Oc1ccc2c(c1)O/C(=C\c1cccnc1)C2=O)c1ccc([N+](=O)[O-])cc1;O=C(Oc1ccc2c(c1)O/C(=C\c1ccncc1)C2=O)c1ccc([N+](=O)[O-])cc1;CCOC(=O)Cc1csc(NC(=O)COc2ccc3ccc(=O)oc3c2)n1;O=C(Oc1ccc2c(c1)O/C(=C\c1ccncc1)C2=O)c1cccc([N+](=O)[O-])c1;O=C(Oc1ccc2c(c1)O/C(=C\c1cccnc1)C2=O)c1cccc([N+](=O)[O-])c1;O=c1cc(CN2CCN(c3cccc(Cl)c3)CC2)c2cc(Cl)ccc2o1;CCOC(=O)c1csc(NC(=O)COc2ccc3c(C)cc(=O)oc3c2)n1;COC(=O)c1cc(COc2cc3oc(=O)c4c(c3cc2Cl)CCC4)c(C)o1;CC(C)OC(=O)COc1ccc2c(=O)c(Oc3ccccc3Cl)coc2c1;O=C(NCCc1nc(-c2ccc3c(c2)OCO3)n[nH]1)c1ccc(F)c(Cl)c1;Cc1cc(=O)oc2cc(OCC(=O)Nc3ccc(S(N)(=O)=O)cc3)ccc12;NS(=O)(=O)c1ccc(CNC(=O)COc2ccc3ccc(=O)oc3c2)cc1;COCCOC(=O)c1c(C)oc2ccc(OC(=O)c3ccc(Cl)cc3)cc12;COCCOC(=O)c1c(C)oc2ccc(OC(=O)c3ccccc3Cl)cc12;COc1ccccc1CNS(=O)(=O)c1ccc2[nH]cc(C(=O)O)c(=O)c2c1;O=C(c1ccccc1)c1c(-c2ccccc2)oc2c([N+](=O)[O-])cc([N+](=O)[O-])cc12;CCOC(=O)C1Cc2c([nH]c3ccccc23)C(c2ccc(Cl)cc2Cl)N1;O=C1CC[C@@H](c2ccc(O)c3c2C(=O)[C@@H](Cl)[C@H](O)[C@@H]3O)c2cccc(O)c21;O=C1CC[C@]2(O)c3c(ccc(O)c31)-c1ccc(O)c3c1C2[C@@H](O)[C@@H](Cl)[C@H]3O;COc1ccc2c(c1)N(S(=O)(=O)c1ccc(C(F)(F)F)nc1)CC(C)O2;O=C1C[C@H](O)[C@H]2c3ccc(O)c4c3[C@H](c3ccc(O)c1c32)[C@@H](O)[C@@H](Cl)[C@@H]4O;CCS(=O)(=O)c1ccccc1C(=O)Nc1ccc(OCC(F)(F)F)nc1;CS(=O)(=O)c1ccc(CNC(=O)c2cccc(OCC(F)(F)F)n2)cc1;CCCC/C=C/c1c(O)cc2c(c1O)C(=O)c1c(cc(O)c(Cl)c1O)C2=O
m_b9f2b4,CCC(CC)c1cc(C(=O)NC2CCN(CC3(O)CCCCC3)CC2)on1;CCC(CC)C(=O)N[C@H]1C[C@@H](Cc2cc(CN3CCOCC3)on2)C1(C)C;CCCCCC(=O)N[C@H]1C[C@@H](Cc2cc(CN3CCOCC3)on2)C1(C)C;CC(C)(C)CC(=O)N[C@H]1C[C@@H](Cc2cc(CN3CCOCC3)on2)C1(C)C;COCCN(C[C@@H]1CCCN2CCCC[C@H]12)C(=O)CCc1c(C)noc1C;CC(=O)NC[C@@H]1C=C(C)[C@H](CC(=O)N2CCN(C(C)=O)CC2)C[C@H]1C(C)C;CCN1CCC2(CC1)OC(=O)C(C)=C2C(=O)NCCCN1CCCC[C@H]1C;CCN1CCC2(CC1)OC(=O)C(C)=C2C(=O)NCCCN1CCC[C@H](C)C1;CC(C)(C)c1nccc(C[C@@H]2[C@@H](CO)[C@H](O)C[C@H]2NCC2CCOCC2)n1;COCCc1nccc(C[C@@H]2[C@@H](CO)[C@H](O)C[C@H]2NCC2CCCCC2)n1;CC(C)N1C[C@@H](CC(=O)N(C)C2CC2)[C@H]2[C@H](CC(=O)N(C)C3CC3)OC[C@H]21;CCCN1C[C@@H](CC(=O)N(C)C2CC2)[C@H]2[C@H](CC(=O)N(C)C3CC3)OC[C@H]21;CN1CCC(NC[C@H]2O[C@@H](CO)[C@@H](O)[C@H]2N(C)CCc2ccccc2)CC1;C[C@H]1C[C@@H]2[C@@H](CC(=O)N2CCN2CCOCC2)[C@@H]1CNC(=O)C1CCCC1;CCCN1CCN(CCCNC(=O)C2=C(C)C(=O)OC23CCCCC3)CC1;CC(=O)N[C@H]1CC[C@]2(C)CC[C@@H]([C@H](C)C(=O)N(C)CCC#N)[C@H](O)[C@H]2[C@@H]1C;C1CCCC(OCCN2CCCCC2c2nnc(C3CCOCC3)o2)CC1;O=C(NC1CCN(C2CCCCC2)C1=O)N1CCC(C2CCOCC2)CC1;CN(C)CCN(C)CC[C@@H]1CC[C@H](O)[C@@H](C(=O)N(C)Cc2ccccc2)O1;CCCCC=CCCCCCCCCC(=O)NC(Cc1ncc[nH]1)C(=O)O;O=C(CN1CCC(OCC2CC2)CC1)N1CCC(C(=O)N2CCCC2)CC1;COc1ccc(CCN(C)C(=O)NC2CC(C)(C)NC(C)(C)C2)cc1OC
m_baccbd,c1nc(N2CCCC(c3nnc4n3CCCCC4)C2)c2[nH]cnc2n1;CC(C)(C)c1ccc(N2CCN(c3ncnc4[nH]ncc34)CC2)nn1;Cc1ccc(N2CCCC(N(C)c3ncnc4c3cnn4C)C2)nn1;Cc1cc(N2CCN(c3nc(C)nc(C)c3C)CC2)n2ncnc2n1;COc1cc(C)c2c(c1C)C[C@H]([C@H](C)C(=O)Nc1ccccn1)CC2;CCC(CC(=O)N(Cc1ccncc1)C1CC1)c1ccc(OC)cc1;CCCCc1ccc(NC(=O)c2ccc(NC(=O)CCC)cc2)cc1;Cc1nnc(C2CN(C)CC23CN(c2nnc(C)c(C)c2C#N)C3)[nH]1;CCCCC(=O)Oc1ccc(/N=N/c2ccc(CCCC)cc2)cc1;CCC(CC)C(=O)Nc1cccc(C(=O)NCCc2ccccc2)c1;CCOc1ccccc1C(=O)NC1CCN(Cc2ccccc2)CC1;CCCCc1ccc(/N=N/c2ccc(OC(=O)CC(C)C)cc2)cc1;Cc1ccccc1OCC(=O)Nc1ccccc1N1CCC(C)CC1;CCCCCCCC(=O)Nc1ccc(C(=O)Nc2ccccc2)cc1;CCNc1cc(C)nc(N2CCN(c3ncnc4[nH]ccc34)CC2)n1;COc1ccccc1C(=O)NC[C@H](c1ccc(C)cc1)N1CCCC1;CCCCc1ccc(NC(=O)c2cccc(NC(=O)CCC)c2)cc1;C/C(=C1/C(=O)C[C@@H]2[C@H]1C2(C)C)N1C[C@@H]2C[C@@H](C1)c1cccc(=O)n1C2;CCCOc1ccc(CNc2cc(C(=O)NC3CC3)ccc2C)cc1;COCC(O)CN1CCC(NC(=O)c2c(C)c(C)nn(C)c2=O)C1;COc1cccc(C(=O)N2CCN(CCCc3ccccc3)CC2)c1;COc1ccc(C(=O)NC[C@H](c2ccc(C)cc2)N2CCCC2)cc1;COc1cccc(C(=O)NC[C@@H](c2ccc(C)cc2)N2CCCC2)c1;Cc1nc2n(n1)CC(NCc1nnnn1-c1c(C)cccc1C)CC2;Cc1ccc(NCc2cccc3c2OC(C)(C)C3)cc1C(=O)N(C)C
m_bb75e4,COc1ncc(NCc2ccc(Cl)s2)cc1C(N)=O;COc1ncc(NCc2sccc2Cl)cc1C(N)=O;COc1ccc2nc(O)c(CC=C(Cl)Cl)c(C)c2c1;Cn1cc(S(=O)(=O)N2CCc3c(Cl)cccc32)cn1;Cc1c(Cl)cccc1S(=O)(=O)N(C)c1cnccn1;CC(N)Cc1c2c(c(Br)c3c1OCC3)OCC2;COC(=O)CSc1nncn1-c1ccc(C)c(Cl)c1;CCOC(=O)Cc1csc(Nc2ccc(Cl)cn2)n1;COCc1nc(C)c(C(=O)Nc2ncccc2Cl)s1;CC#CCN(C)S(=O)(=O)c1c[nH]c2ncc(Cl)cc12;COC(=O)c1n[nH]cc1NC(=O)c1ccc(F)c(Cl)c1;CN(CCC(=O)O)c1nnc(-c2ccccc2Cl)s1;O=S(=O)(c1cccc(Cl)c1)N1CCCn2nccc21;Cc1sc(C=Cc2nn(C)c(C)c2Cl)nc1C(=O)O
m_bbb21f,O=C(NCc1ccc(C2CC2)cc1)C1CCCN1C(=O)C1CC1;CC(C)C(=O)N1CCCC1C(=O)N1CC2(CC2)c2ccccc21;CCC(=O)N1CCCCC1C(=O)N1CC2(CC2)c2ccccc21;Cc1ccc(C=CCC(=O)NCC2CC(=O)N(C3CC3)C2)cc1;CSC1CCCC(NC(=O)C(C(C)C)N2CCCC2=O)C1;COC1CNC(C(=O)N(C)CCc2cccc3ccccc23)C1;O=C(C1CCCCC1)N1CC(=O)N2CCc3ccccc3C2C1;C[C@H]1C[C@@H]2[C@@H](CC(=O)N2C2CC2)[C@@H]1CNC(=O)c1ccccc1;CC(CCc1ccccc1)NC(=O)NCCOc1ccccc1;CCc1noc(CC)c1CNC(=O)C1CCc2ccccc2C1;COC1CC(C(=O)NCCc2ccc3ccccc3c2)N(C)C1;O=C(CC1C=CCC1)NC(CN1CCCC1=O)c1ccccc1;COc1ccccc1[C@@H](CNC(=O)c1cccc(C)c1)N(C)C;CC(C)c1cc(C(=O)N2CCC(c3ccccc3)CC2C)no1;CCN(CC)Cc1ccc(C(=O)NC2Cc3ccccc3C2)o1;CCN(CC)CCOC(=O)N(c1ccccc1)c1ccccc1;CCC(C(=O)O)N1CCN(Cc2cccc3ccccc23)CC1;CCNC[C@H]1[C@H]2C=CC3N([C@H]2[C@H](C)c2ccc(C=O)cc2)[C@@]31O;CN(CC(=O)Nc1cccc2ccccc12)C(=O)CC(C)(C)C;CCSC1CCC(NC(=O)NC2CCOC(C3CC3)C2)C1;C#Cc1ccc(C(=O)NCCCCCNC(=O)C=C(C)C)cc1;O=C1CNCC2C(c3ccc(C4=CCCCC4)cc3)C(CO)N12;NC(=O)CC1(O)CCCN(CCc2ccc3ccccc3c2)C1;COc1ccccc1[C@@H](CNC(=O)c1ccc(C)cc1)N(C)C;C#Cc1ccc(C(=O)N2CC(N(C)C)C3(CCOCC3)C2)cc1
m_bbc0aa,CNC(=O)CC1(O)CCCN(CCC=Cc2ccccc2)C1;NC(=O)CC1(O)CCCN(Cc2ccc(C3CCC3)cc2)C1;O=C(NC1CCC(CO)CC1)NC1CCc2ccccc2C1;CN(C(=O)NC1CCC(O)CC1)C1CCc2ccccc2C1;CC[C@H]1CN(C(C)=O)CC[C@H]1CC(=O)NCc1ccccc1;CC(NC(=O)C1(C2(O)CCN(C)CC2)CC1)c1ccccc1;CC(=O)N[C@H]1[C@H](c2ccccc2)N(CC2CC2)CC[C@@]1(C)O;CCC(c1ccccc1)C1CCCN1C(=O)CCNC(C)=O;CC[C@@H](C)C(=O)NCCCCNC(=O)/C=C/c1ccccc1;CC(C)(C)OC(=O)NC1CN(Cc2ccccc2)CC12CC2;O=C(CCN1CCCC1Cc1ccccc1)N1CCOCC1;CNC(=O)CCCCC(=O)N1CC(C)(C)C1c1ccccc1;CC[C@@H](C)[C@@H](CO)NC(=O)CCCc1c[nH]c2ccccc12;COC1CC(C(=O)NCC2CC(c3ccccc3)C2)N(C)C1;CCCC(=O)NCC(=O)N1CCCCC1Cc1ccccc1;COCC(N)C(=O)N(C1CC1)C1CC(c2ccccc2C)C1;CN1CCOC(C(=O)NCC2(Cc3ccccc3)CCC2)C1;C[C@@]1(O)CCN[C@@H](c2ccccc2)[C@@H]1NC(=O)C1CCCC1;O=C(NC1CCCC1CCO)N1CCc2ccccc2CC1;CC(NC(=O)N(CCc1ccccc1)C1CCOC1)C1CC1;CCOC1CCCC1NC(=O)N1Cc2ccccc2CC1C;CC1(O)CCCN(C(=O)NCC2(c3ccccc3)CCC2)C1;CC[C@@H](C)[C@@H](CO)NC(=O)CCc1cn(C)c2ccccc12;CC1CN(C(=O)NCC2CCCO2)CCC1c1ccccc1;CC(O)C1CCN(C(=O)NCCC2Cc3ccccc3C2)C1
m_bcb981,CCN1CCOC(CNC(=O)c2cn[nH]c2C)C1c1ccccc1;Cc1nn(C)cc1C(=O)NCC1OCCN(C)C1c1ccccc1;Cc1cc(C(=O)N(C)CC2OCCN(C)C2c2ccccc2)[nH]n1;CN(CC1OCCN(C)C1c1ccccc1)C(=O)Cc1ccn[nH]1;CCN1CCOC(CNc2nccn(C)c2=O)C1c1ccccc1;CCOc1ccc(CN2CCN(C(=O)c3cn[nH]c3C)CC2)cc1;Cc1n[nH]c(C)c1CNC(=O)N1CCOC(Cc2ccccc2)C1;Cc1n[nH]cc1CNc1ccc(C(=O)N2CC(C)OC(C)C2)cc1;COC[C@@H]1C[C@H](n2cc(NC(C)=O)cn2)CN1Cc1ccccc1;CC(NC(=O)N1CCOC(Cc2ccccc2)C1)c1cnn(C)c1;CCOc1ccc(CN2CCN(C(=O)c3cnn(C)c3)CC2)cc1;CN1CCC(Oc2ccc(CNC(=O)c3ccnn3C)cc2)CC1;CCn1nc(C)c(C(=O)N2CC(c3ccccc3)OCC2(C)C)n1;COc1ccc(CC2CCCN2C(=O)Nc2cc(C)nn2C)cc1;CC(c1ccccc1)N1CCOC(CNc2nccn(C)c2=O)C1;COc1ccc(CN2CCCN(c3nc(C4CC4)no3)CC2)cc1;CCC1(CNC(=O)c2c(C)nn(C)c2N)OCCc2ccccc21;Cc1ccc(-c2cn3c(n2)CO[C@@H](CNC(=O)NC(C)C)C3)cc1;COc1cccc(NC2CCN(C(=O)c3n[nH]c(C)c3C)CC2)c1;COc1ccc(CNC2CCN(c3nccn(C)c3=O)CC2)cc1;COc1ccc(CN2CCCN(c3nnc(C4CC4)o3)CC2)cc1;CNC(=O)c1ccc(CNCC2CCOC2c2cnn(C)c2)cc1;CCCN(Cc1ccc(C)cc1)C(=O)NCc1nc(C2CC2)no1;COc1ccc(CC2CCN(C(=O)C(C)n3cncn3)CC2)cc1;CNCC1CCN(C(=O)c2cnn(Cc3ccc(OC)cc3)c2)C1
m_bcd97d,CC(NC(=O)c1ccco1)c1ccc(F)cc1F;C[S@H+]([O-])/C=C/C#C/C=C1/C=C[C@@]2(CCCO2)O1;N#Cc1ccc(Oc2ccc3c(c2)COB3O)cc1;c1ccc(C(c2cccnc2)c2ccsc2)cc1;Cc1ccc(-c2csc(-c3ccccc3)n2)cc1;Cc1cc(C(=O)Nc2ccc(F)cc2F)c(C)o1
m_bcdd81,Cc1cnn(C(C)(CC2CCOCC2)C(=O)O)c1;CC(C)(C)n1nc(C(=O)OCCO)cc1C1CC1;CNC(=O)C1CN(C(=O)C2CC23CCOCC3)C1;COC(=O)C1CC1C(=O)N1CCN(C2CC2)CC1;CO[C@@H]1C(=O)N(C)[C@@H]2CN(C(=O)C3CCC3)C[C@H]12;COC(=O)C1CCN(Cc2ncc(C)o2)CC1C;CCc1cc(C)c(C(=O)NC2CNCC2OC)o1;OC[C@H](NC[C@H]1NC[C@H](O)[C@@H]1O)c1ccccc1;O=C(O)C(CNC(=O)N1CC2CC1C2)C1CCC1;O=P(O)(O)CCCCCCCCCCCO;CC[C@@H]1N[C@H](O)[C@@H](Cc2ccc(O)cc2)N[C@H]1O;COC1CC(CO)N(Cc2ncc(C3CC3)o2)C1;CC(=O)NCCCCCn1c(C=O)ccc1CO;COc1ccc(CNCCCC(N)C(=O)O)cc1;OC[C@]1(CNCc2cccnc2)C[C@@H](O)[C@@H](O)C1;COc1cc(CCNC(C)CC(N)=O)ccc1O;COC[C@H]1C[C@@H](NCc2cccnc2)[C@H](O)[C@@H]1O;NCCCCNC(Cc1ccc(O)cc1)C(=O)O;CC(C)(C)C(CO)NC(=O)c1ncoc1C1CC1;CC(C)=C1NC(=O)C(C(=N)CCCC(C)O)=C1O;CCCCC1=NC2(CCCC2)C(=O)N1CC(=O)O;COCC1CN(C(=O)c2ccc[nH]2)CC(C)(C)O1;NCCCCNC(=O)CCc1ccc(O)c(O)c1;O=C(Cc1ccon1)NC1CCCCCC1CO;COc1cccc(C(CO)NC(=O)NC(C)C)c1
m_bd0de9,O=C(Cn1cc(F)ccc1=O)Nc1ccccc1C(F)(F)F;O=C(Nc1ccc(F)cc1OCC(F)F)c1ccncc1F;O=C(Nc1cccn(CC(F)(F)F)c1=O)c1ccc(F)cc1;O=C(Cc1ccc(F)cc1)Nc1cc(C(F)(F)F)c[nH]c1=O;Cc1nc(CCNC(=O)c2ccc(C(F)(F)F)cc2)cs1;O=c1[nH]c(O)cn1N=Cc1ccc(-c2ccc([N+](=O)[O-])cc2)o1;N#Cc1ccc(SCC(=O)NCC2CC2)cc1C(F)(F)F;CC1(C)[C@@H]2CC[C@@]1(C)[C@@H](O[P@](=O)(O)OP(=O)(O)O)C2;O=C(NCC(F)(F)F)c1ccc(NCc2cccs2)cc1;CC(C)=CCCC(C)=CCOP(=O)(O)OP(=O)(O)O;CCOc1ccc2c(C)c(-c3ccccc3Cl)c(=O)oc2c1;C=C[C@@](C)(CCC=C(C)C)O[P@@](=O)(O)OP(=O)(O)O;CSc1nc2c(O)ncnc2n1C1O[C@@H](CO)[C@H](O)[C@@H]1O;COc1ccc(-c2c(C)c3cc(Cl)c(C)cc3oc2=O)cc1;C=C(C)C(CC=C(C)C)COP(=O)(O)OP(=O)(O)O;CCc1cc2c(=O)c(-c3ccccc3Cl)coc2cc1OC;O=C(COc1cccc(C(F)(F)F)n1)Nc1cccc(F)c1;CN(C)C(=O)Cc1csc(-c2cccc(C(F)(F)F)c2)n1;N#Cc1cc([N+](=O)[O-])cc2c1C=Cc1c(ccc3ccccc13)O2;CC(C)=CC1C(COP(=O)(O)OP(=O)(O)O)C1(C)C;CCOc1ccc2c(C)c(-c3cccc(Cl)c3)c(=O)oc2c1;CC(Sc1ccc(C#N)c(C(F)(F)F)c1)C(=O)NC1CC1;C[S+]([O-])C[C@H]1O[C@@H](n2cnc3c(=O)[nH]cnc32)[C@H](O)[C@@H]1O;CC1NC(=O)c2c(OCCC([NH3+])C(=O)[O-])cc(O)c(Cl)c21;CN(C(=O)CSc1ccc(C#N)c(C(F)(F)F)c1)C1CC1
m_bd907b,CN(CC12CC3CC(CC(C3)C1)C2)C(=O)c1cnccn1;Cc1cc(C(=O)NCc2ccccc2CC(C)C)nn1C;CC[C@]12CN3C[C@](CC)(CN(C1)C3c1ccccn1)C2=O;Cc1nnc(CN(C)C2CCCC2Cc2ccccc2)o1;Cc1cc(C)cc(CCNC(=O)CCn2cc(C)cn2)c1;CN(C)c1ncccc1C(=O)N1CC2(CCC2)C1C1CC1;Cc1ccc(-c2c[nH]c([C@@H]3COCCN3C(C)C)n2)cc1;Cc1ccc(-c2cn3c(n2)CO[C@@H](CNC(C)C)C3)cc1;Cc1ccc(C)c(C(C)NC(=O)c2c(C)nn(C)c2C)c1;Cc1ccc(C)c(OCc2nnc3n2CC(C)(C)CC3)c1;CCc1ccc(C2CN(Cc3ccnn3C)CCO2)cc1;CC(C)CN1CC[C@H](c2nnc(Cc3ccccc3)o2)C1;Cc1ccccc1CC(C)NC(=O)CCc1cnn(C)c1;CCn1cc(NC(=O)C(CC)(CC)c2ccccc2)cn1;CC(C)(C)CN1CC[C@H](c2nnc(-c3ccccc3)o2)C1;O=C(NCC1CC2C=CC1CC2)C1CCc2cn[nH]c2C1;CC[C@]12CN3C[C@](CC)(CN(C1)[C@H]3c1cccnc1)C2=O;Cc1cc(CN2CCN(Cc3ccccc3C)CC2)no1;CC(C)(C)c1ccc(OCc2nnc3n2CCCC3)cc1;CCCC(=CCl)C/C=C/CCC(=O)NCCC(C)C;C=C[C@H]1C[N@]2CC[C@H]1C[C@@H]2CNC(=O)Nc1ccccc1;CCc1nnc(C(C)NC2CCCC2c2ccccc2)o1;Cc1ccccc1C1(CNCc2ncc[nH]2)CCOCC1;Cc1ccc(C(C)C)c(OCc2nnc3n2CCCC3)c1;Cc1ccc(CNC(=O)c2c(C)n[nH]c2C(C)C)c(C)c1
m_bda18e,COCc1nc(C(=O)Nc2c(C)c(C)nn2C)cs1;COCc1nc(C(=O)Nc2c(C)nn(C)c2C)cs1;Cc1cc(NC(=O)CCn2c(C)csc2=O)n(C)n1;COCc1nc(C)c(C(=O)N(C)c2cnn(C)c2)s1;Cc1csc(=O)n1CCC(=O)N(C)c1ccn(C)n1;CC(C)(C)c1nnc(NCc2cc(C(N)=O)cs2)o1;CC(NC(=O)c1cscn1)c1nc(C(C)(C)C)no1;CC(C)c1cc(NC(=O)N(C)Cc2nccs2)no1;CCc1noc(C)c1CNc1cccc(CO)c1Cl;COc1cc2c(CCNC(C)=O)c(C)[nH]c2cc1Cl;C[N+](C)(C)CC#CCOC([O-])=Nc1cccc(Cl)c1;OC[C@H]1O[C@@H](O[C@H]2CCCSC2)[C@H](O)[C@@H](O)[C@@H]1O;N#Cc1cccc(-c2ccc(-c3cccc(C#N)c3)cc2)c1;Cc1cc(NC(=O)NCC(C)c2ncc(C)s2)no1;CC(C)n1cnc(S(=O)(=O)N(C)c2cccnc2)c1;CCc1cnc(CNC(=O)Nc2c(C)noc2C)s1;CC(C)n1cc(S(=O)(=O)N(C)c2cccnc2)cn1;CCCS(=O)(=O)Nc1[nH]nc(-c2ccncc2)c1C;Cc1ccncc1NS(=O)(=O)c1cnn(C(C)C)c1;CC(=O)Nc1cc(Cl)ccc1C(=O)N1CCCCC1;Cc1noc(C2CC(O)CN2CCc2ccns2)n1;CC(Cc1c[nH]c2ccccc12)NC(=O)OCCCl;CCN(c1ccncc1)S(=O)(=O)c1cn(C)c(C)n1;CC1CC(C(=O)Nc2nc(C3CC3)ns2)CC(=O)N1;CC(NC(=O)c1ccc(Cl)cc1)C(=O)N1CCCC1
m_bf639c,COc1ccc(F)cc1C(C)NC(=O)N1CCCC1C1CCCN1C;COc1cccc(F)c1C(C)NC(=O)N1CCCC2CN(C)CCC21;C=C(C)CN1CCC(NC(=O)NC(C)c2c(F)cccc2OC)CC1;COC(CNC(=O)N1CCCC2CN(C)CCC21)c1ccc(F)cc1;CC(NC1CCCCC1)C(=O)NN=C(c1ccccc1)c1ccccc1;COc1cc(CCNC(=O)N2CCC(CN3CCCC3)C2)ccc1F;CC(C)Oc1ccc(CNC(=O)N2CCC3CCC(C2)N3C)cc1F;CC(c1ccccc1F)N(C)C(=O)NCCC(=O)N1CCCCCC1;OC1(c2csc(CN3CCC3)n2)CCN(CC2CCCCC2)CC1;CCN1CCC2CCC(C1)N2CC(=O)NCCOc1cccc(F)c1;CSCC[C@H](C(=O)NC[C@@H]1CCCN2CCCC[C@H]12)n1cccc1;O=C(CN1CCCC(N2CCCC2)C1)NCCOc1cccc(F)c1;CCCc1sc(C)nc1C(=O)N(C)C[C@@H]1CCCN2CCCC[C@H]12;CCCC[C@]12CN3C[C@](C)(CN(C1)[C@H]3c1ccc3ccccc3n1)C2=O;Cc1nc(-c2ccccc2)ccc1C(=O)NC1C2CCCC1CC(N)C2;C[C@H]1CCN2C[C@]34Cc5c([nH]c6ccccc56)C(C)(C)[C@@H]3C[C@]12C(O)=N4;O=C1C[C@@H]2CCN(Cc3ccccc3)C[C@@H]2CCN1Cc1cccnc1;CCCc1nc2ccc(CCC(=O)NCCCc3ccccc3)cc2[nH]1;C[C@H]1CCN2CC34Cc5c([nH]c6ccccc56)C(C)(C)[C@H]3CC12NC4=O;C[C@H](N)Cc1cc(C#N)c2c(c1)CCN2CCCOCc1ccccc1;CN(CCc1cccs1)C(=O)NC1CCN(CC2CCCC2)CC1;C#CCNC(=O)[C@@H]1Cc2cn(CC=C)c3cccc(c23)[C@H](CC(C)C)N1;Cc1cccc(-c2ccc(C3C4CN(C(=O)CN(C)C)CC3N4)cc2)c1;C[C@H]1CN2C[C@@]34Cc5c([nH]c6ccccc56)C(C)(C)[C@@H]3C[C@@]2(C1)C(=O)N4;O=C(CCN1CCC(CN2CCOCC2)CC1)Nc1cccc(F)c1
m_bf6cfe,O=C(NCc1ccc2c(c1)OCCO2)Nc1ccncc1;O=C(NCc1cccc2c1OCCO2)Nc1ccncc1;O=C(NCc1ccc2c(c1)OCCO2)Nc1cccnc1;Cc1cc(NC(=O)C2Cc3ccccc3C(=O)O2)n(C)n1;COC(=O)[C@@H]1Cc2[nH]cnc2CN1C(=O)c1ccccc1;CNc1ccc(C(=O)Nc2cccc3c2OCCO3)cn1;Cc1nccc(C(=O)NC(Cc2ccccc2)C(=O)O)n1;O=C(O)Cc1cccc(NC(=O)c2cnn(C3CC3)c2)c1;O=C(NC(C(=O)O)c1ccccc1)c1n[nH]c2c1CCC2;COc1ccc(C=NNC(=O)c2ccncc2)cc1OC;Cc1c[nH]nc1C(=O)N1CC(CC(=O)O)c2ccccc21;COC(=O)c1ccc(C)c(NC(=O)Cc2cncnc2)c1;NC(=O)c1cc(C(=O)NC2CCOc3ccccc32)c[nH]1;O=C(C=Cc1ccccc1)NC(Cc1c[nH]cn1)C(=O)O;O=C(O)c1ccc(CNC(=O)c2cnn3c2CCC3)cc1;O=C(O)C1CC(=O)N(c2cccc(Cn3cccn3)c2)C1;CCCN(C)c1nc(N)c(C(=O)NC(=N)N)nc1Cl;O=C(NOCc1ccccc1)c1cnc(C2CC2)[nH]c1=O;O=C(Nc1cccnc1O)c1cc2c([nH]c1=O)CCCC2;C[C@@](N)(CC[P@@](=O)(O)CCc1ccccc1)C(=O)O;O=C(O)C1CCN(C(=O)c2ccc(-n3ccnc3)cc2)C1;O=C(O)C1CCCN1C(=O)c1ccc(-n2ccnc2)cc1;O=C(NC1CCCN(c2cccnc2)C1=O)c1ccco1;COc1ccc(OC)c(CNC(=O)c2cc(C#N)c[nH]2)c1;COc1cc(C=NN=C(O)c2ccccc2N)ccc1O
m_c1b10a,COc1ccc(C(Cc2ccccc2)NC(=O)N2CCC(O)(C3CC3)CC2)cc1;COc1ccc([C@H]2C3CCCCC3(O)CCN2CC(=O)Nc2ccccc2)cc1;O=C(CN1CCOC2(CCOCC2)C1)NC(Cc1ccccc1)c1ccccc1;CCOc1ccc(CCNC(=O)CC2CCN(C(=O)c3ccccc3)CC2)cc1;COc1ccc(CCNC(=O)CCc2cn(C(C)C)c3ccccc23)cc1OC;COc1ccc(CC(=O)NCCC2CCN(C(=O)c3ccc(C)cc3)CC2)cc1;COc1ccc(CN2CC[C@@](C)(O)[C@@H](NC(=O)C3CC3)[C@@H]2c2ccccc2)cc1;COc1ccccc1CCNC(=O)CC1CCN(C(=O)c2ccc(C)cc2)CC1;CC[C@H]1CN(C(=O)c2ccccc2)CC[C@H]1CC(=O)NCc1ccc(OC)cc1;CCC(=O)N(c1ccccc1)C1(C(=O)OC)CCN(CCc2ccccc2)CC1;COc1ccc(CCC(=O)NCCc2cn(C(C)C)c3ccccc23)cc1OC;O[C@@H]1[C@@H](N2CCCCC2)[C@@H]2OCC(O2)[C@H]1NCc1ccc(-c2ccccc2)cc1;CN(CC[C@H]1CN(C(=O)Cc2ccccc2)CC[C@H]1CC(=O)O)c1ccccc1;O=C(NCc1ccc(COC2CCOCC2)cc1)NCc1ccc(C2CC2)cc1;COc1ccccc1CN1CC[C@H]2CC(=O)Nc3cc(C)ccc3OCC[C@H]2C1;C[C@H](c1ccc(C=O)cc1)[C@H]1[C@@H]2C=C[C@@H]3[N@]1[C@]3(O)[C@H]2[C@H]1CC[C@@H]2[C@@H](O)CC[C@H]2N1;CCOC(C(=O)N1CCC(NC(=O)CCc2ccccc2)CC1)c1ccccc1;COc1cc(CNC2CCCc3ccccc32)ccc1OCC(=O)N1CCCC1;CCCCCCC(=Cc1ccccc1)CNc1ccc(C(=O)NCC(=O)O)cc1;COc1cccc(CN2CC[C@@](C)(O)[C@@H](NC(=O)C3CC3)[C@@H]2c2ccccc2)c1;Cc1ccccc1C1CC(N(C(=O)CN2C(=O)C3CCCCC3C2=O)C2CC2)C1;C=CCc1cc(C)ccc1OCC(O)CN1C[C@H]2C[C@H](C1)c1cccc(=O)n1C2;CC(=O)N1CCC(NC(=O)C(Oc2cccc(C(C)C)c2)c2ccccc2)CC1;O=C(Nc1ccc(OCCN2CCCC2)cc1)C1(c2ccccc2)CCOCC1;CCCCCNC(=O)C[C@H](c1ccc(OC)c(OC)c1)c1c[nH]c2ccccc12
m_c1ec62,COC1CC(c2nc(C)c(C)[nH]2)N(Cc2ccncc2F)C1;COCCN(CC(F)F)C(=O)NC(C)c1cn(C)nc1C;COCc1n[nH]c(C2CCCCN2Cc2ccccc2F)n1;CC(C)CNC(=O)NC(c1cccc(F)c1)c1nccn1C;CCc1nn(C)cc1NC(=O)NC(C)c1ccc(C)c(F)c1;CC(C(=O)NCc1n[nH]c(C(C)(C)C)n1)c1ccccc1F;N#Cc1ccccc1N1CCCC(NC(=O)NCCCF)C1;CCC(c1ccc(F)cc1)N1CCOC(c2nncn2C)C1;COc1cccc(F)c1C(C)NCc1nnc(C2CC2)n1C;Cc1nn(C)c(C)c1C(C)NC(=O)NCc1cccc(F)c1;Cc1cc(F)ccc1CCNC(=O)NC(C)c1cnn(C)c1;CCN(C(=O)CCCn1cncn1)C(C)c1ccc(F)cc1;c1c[nH]c(Cc2ccc(Cc3ccc(Cc4ccc[nH]4)[nH]3)[nH]2)c1;Cn1cc(C2CCCN2Cc2csc(C(C)(C)C)n2)cn1;CC(CCc1ccccc1F)NC1COCC1n1ccnn1;CC(C)(C)CC(NC(=O)Cn1ccnn1)c1ccc(F)cc1;CCN1CCCC1CNc1nnc(Cc2ccccc2F)o1;CCCc1nc2c(C)cc(-c3nc4ccccc4n3C)cc2[nH]1;CC(C)C(Cc1ccc(F)cc1)NC(=O)Nc1ccnn1C;CC(C)(C)n1nc(Cc2cccc3ccccc23)c(C#N)c1N;Cc1ccccc1N1CCN(c2ncnc3ccccc23)CC1;CC1(C)COCCN1CCNc1ncnc2ccc(F)cc12;Cc1cc(F)ccc1Cn1cc(CN2CCCC2CO)nn1;O=C(NCC1CC(F)CN1Cc1cncnc1)C1=CCCC1;CN(C)c1noc(CN(CCc2cccc(F)c2)C2CC2)n1
m_c2176f,Cc1cnc(C(=O)N2CCCC(c3nc(C(F)(F)F)cn3C)C2)cn1;Cc1nnccc1C(=O)N1CCCC(c2nc(C(F)(F)F)cn2C)C1;Cc1cncc(NC(=O)NCC2CCc3nc(C(F)(F)F)cn3C2)c1;Cc1cc(C(=O)N2CCCC(c3ncc(C(F)(F)F)[nH]3)C2)nc(C)n1;CN(CC1CCc2nc(C(F)(F)F)cn2C1)C(=O)Nc1ccncc1;Cc1cc(NC(=O)NCC2CCc3nc(C(F)(F)F)cn3C2)ccn1;O=C(c1c[nH]nc1C1CC1)N1CCCC(c2ncc(C(F)(F)F)[nH]2)C1;Cc1ccncc1NC(=O)NCC1CCc2nc(C(F)(F)F)cn2C1;CN(CC1CCc2nc(C(F)(F)F)cn2C1)C(=O)Nc1cccnc1;O=C(c1cc2n(n1)CCC2)N1CCCC(c2ncc(C(F)(F)F)[nH]2)C1;CC(CC(=O)Nc1ccccn1)=NNC(=O)C(=O)Nc1ccccc1C;CC[C@](O)(C(=O)OCc1ccc(NC(=O)CCC(=O)O)cc1)[C@@H](C)O;COc1ccc2[nH]cc(CCNC(=O)CNC(=O)c3cnccn3)c2c1;O=c1c(NCC2CCc3nc(C(F)(F)F)cn3C2)nccn1C1CC1;COc1ccc(CCNC(=O)c2cccc(-n3cnnn3)c2)cc1OC;COc1ccc(CCNC(=O)c2ccc(-n3cnnn3)cc2)cc1OC;Cn1cc(C2NC(=O)CCC2NCc2ncccc2C(F)(F)F)cn1;O[C@@H]1[C@@H](n2cnc3ccccc32)[C@@H]2OCC(O2)[C@H]1NCc1cncnc1;Nc1ncnc2c1ncn2[C@@H]1O[C@H](CO)[C@@H](NC(=O)[C@@H](N)CO)[C@H]1O;CCC(O)(C(=O)OCc1ccccc1NC(=O)CCC(=O)O)C(C)O;COc1ccc(CC(=O)NCc2nnnn2-c2ccc(OC)cc2)cc1;COc1cc(NC(=O)c2nnn(Cc3ccncc3)c2C)cc(OC)c1;Cc1cc(CNC(=O)Cn2nc(C)c([N+](=O)[O-])c2C)c2ccccc2n1;O=C(Nc1ccnn1Cc1ccccn1)N1CCC(C(F)(F)F)CC1;CN(C)c1nccc(C2CN(c3ccnc(C(F)(F)F)c3)CCO2)n1
m_c2313f,CC(=O)NCC(=O)N1CCC(=Cc2cc(Cl)ccc2Cl)CC1;CC(=O)N/C=C/[S+]([O-])C1=C(C(=O)O)N2C(=O)/C(=C(\C)CO)[C@H]2C1;O=[N+]([O-])c1ccc(-c2nnc3n2CN(c2ccccn2)CS3)cc1;O=[N+]([O-])c1ccccc1N1CSc2nnc(-c3cccnc3)n2C1;COc1ccc(S(=O)(=O)N[C@H](C)c2onc(C)c2C(=O)O)cc1;O=C1NC(Cc2ccc(OS(=O)(=O)O)cc2)C(=O)N2CCCC12;CCOC(=O)NC(=O)C(=CNc1sccc1C(=O)OC)C(C)=O;COc1ccc(Cl)cc1CN(C)C(=O)CSc1nc(C)n[nH]1;COC(C)c1noc(-c2ccc(-c3noc(C(F)(F)F)n3)cc2)n1;O=C1NC(=O)C2(CCN(C(=O)NCc3c(F)cccc3Cl)C2)N1;COc1ccc(Cn2cnc3c(-c4ccco4)nc(Cl)nc32)cc1;O=S(=O)(c1cccc(Cl)c1)N1CCN(Cc2cnc[nH]2)CC1;COc1ccc(-c2noc([C@@H](C)NS(C)(=O)=O)c2C(=O)O)cc1;Cn1cc(N2CCN(S(=O)(=O)c3ccc(Cl)cc3)CC2)cn1;COc1ccc(-c2noc(C(=O)O)c2[C@@H](C)NS(C)(=O)=O)cc1;Cc1nc(-c2ccco2)nc2sc(C(=O)Nc3nnc[nH]3)c(C)c12;O=C(Nc1ccc(Cl)cc1Nc1ccccc1)c1ccc(=O)[nH]n1;Cc1n[nH]c(C2CN(C(=O)CCc3ccc(Cl)s3)CCO2)n1;Cc1nc(C2CCN(S(=O)(=O)c3ccc(Cl)cc3)CC2)n[nH]1;COc1ccc(-c2ccc(NC(=O)c3ccnnc3)nc2)cc1Cl;Cc1ccc(S(=O)(=O)N2CCCC2c2nncn2C)cc1Cl;O=C(Cn1cnc(-c2ccc(Cl)cc2)cc1=O)Nc1ccncc1;Cc1cc(Cl)ccc1S(=O)(=O)N1CCCC1c1nncn1C;Cc1cccc(Cl)c1S(=O)(=O)N1CCCC1c1nncn1C;CC1CC1C(NS(=O)(=O)c1cnnn1C)c1ccc(Cl)cc1
m_c30e40,CCN(CC)S(=O)(=O)c1ccc(C)c(C(=O)N2CCC3(CCCOC3)C2)c1;CCOC1CC2(CCN(C(=O)c3cc(C)c(C)c(S(=O)(=O)N(C)C)c3)C2)C1;CCNS(=O)(=O)c1ccc(CC(=O)N2CCC(C3CCCOC3)CC2)cc1;CC[C@@H]1CN(C(=O)c2cccc(C)c2)[C@H](CO)[C@@H]1CN1CCS(=O)(=O)CC1;CC1CN(C(=O)c2ccc(S(=O)(=O)N(C)C3CCCCC3)cc2)CCCO1;NC(N)=NCCCC(NC(=O)CNC(=O)C(N)Cc1ccc(O)cc1)C(=O)O;NC(N)=NCCCC(NC(=O)C(N)Cc1ccc(O)cc1)C(=O)NCC(=O)O;CCC1(CO)CCCN(C(=O)CCc2ccc(S(=O)(=O)NC3CC3)cc2)C1;CC[C@@H]1CN(C(=O)Cc2ccccc2)[C@H](CO)[C@@H]1CN1CCS(=O)(=O)CC1;COc1ccc(CCNC(=O)CCCCCN2C(=O)c3ccccc3C2=O)cc1;NC(N)=NCCCC(N)C(=O)NCC(=O)NC(Cc1ccc(O)cc1)C(=O)O;O=C(CCc1ccc(S(=O)(=O)NC2CC2)cc1)NCC1(CO)CCCCC1;NC(N)=NCCCC(N)C(=O)NC(Cc1ccc(O)cc1)C(=O)NCC(=O)O;O=C(Cc1ccccc1)Nc1ccc([C@@H](O)[C@H]2COCC(=O)N2CC2CC2)cc1;COc1cc2c(cc1OC)CN(C(=O)CCCN1Cc3ccccc3C1=O)CC2;COc1ccc(C(=O)CNC(=O)[C@H](CC(C)C)N2Cc3ccccc3C2=O)cc1;CCCCC(NS(=O)(=O)c1ccc(C(=O)N2CCOCC2)cc1)C1CCC1;NCC(=O)NC(CCCN=C(N)N)C(=O)NC(Cc1ccc(O)cc1)C(=O)O;c1ccc(COc2ccc(CCc3ccc(OCc4ccccc4)cc3)cc2)cc1;O=C1c2ccccc2C(=O)N1CC1CCN(Cc2cccc(OCCO)c2)CC1;C#Cc1ccc(C(=O)NCCCCCNC(=O)c2cc(OC)ccc2OC)cc1;NCCCCC(NC(=O)C(Cc1cnc[nH]1)NC(=O)C1CCC(=O)N1)C(=O)O;Cc1ccc(OC2CCN(C(=O)NCC3(CS(C)(=O)=O)CC3)CC2)cc1C;COC(=O)[C@@H](Cc1ccccc1)NC(=O)[C@H](C(C)C)N1Cc2ccccc2C1=O;NCC(=O)NC(Cc1ccc(O)cc1)C(=O)NC(CCCN=C(N)N)C(=O)O
m_c3e52e,O=C(NCC1CCCO1)Nc1cccnc1N1CCCC1;COC1CCN(C(=O)Nc2cccnc2N2CCCC2)C1;O=C(Nc1cccnc1N1CCCC1)N1CCCC1CO;COC1CCN(C(=O)NC2CCN(c3ccccn3)C2)C1;CN(C)c1ccnc(C(=O)NCC2CCC3(CNC3)O2)c1;O=C(C1CCN(c2cnccn2)CC1)N1CCCC1CO;Cc1ncccc1CNC(=O)NCC1CCN(C)C(=O)C1;C=C(C)CNC(=O)N1CCN(c2cc(OC)ccn2)CC1;CN1CCC(CNC(=O)c2ccnn2C2CCC2)CC1=O;CC(=O)NCC(=O)Nc1cnc(N2CCCCC2)c(C)c1;Cc1cn2c(n1)C(CN1C(=O)CN(C(C)C)C1=O)CCC2;CC1CN(c2ccc(CNC(=O)NC3CC3)cn2)CCO1;CC(C(=O)NC1CC1)N1CCN(C(=O)c2ccc[nH]2)CC1;CC1CC(=O)NC(C(=O)NCc2[nH]nc3c2CCCC3)C1;CCOc1cccc(N2CCN(C(=O)NC3CC3)CC2)n1;CC(C)C(C(=O)Nc1cc(C2CC2)n[nH]1)N1CCCC1=O;CC(=O)N1CCCN(C(=O)NC(C)c2cccnc2)CC1;CC(C)(C)c1cc2c(NC3CC(O)C(O)C3)nccn2n1;COC1CC(CN2CCCC2)N(C(=O)c2ccnnc2)C1;COC(C)c1noc(CN(C)c2ccccc2N(C)C)n1;Cc1nccc(N2CCN(C(=O)C3(C)CCCO3)CC2)n1;CCc1nn(CC(=O)N(CC)CC)c(=O)c(C#N)c1CC;COC(C(=O)N1CCN(c2nccnc2C)CC1)C1CC1;Cn1nc(C2CCC2)cc1NC(=O)NC1CC2CCC1O2;NC1CCCC1CC(=O)N1CCCC1c1ccc(O)nn1
m_c50497,COc1ccc(Cl)cc1S(=O)(=O)Nc1cc(Cl)ccc1O;COc1c(S(=O)(=O)Nc2cccc(O)c2)ccc(Cl)c1Cl;O=C(NCC1(C(=O)O)CCOCC1)c1csc(Br)c1;O=C(O)CN(C(=O)c1sccc1Br)C1CCOCC1;Clc1ccc(-c2nn3c(-c4ccncc4)nnc3s2)c(Cl)c1;O=C(O)CN(CC1CC1)S(=O)(=O)c1ccccc1Br;COc1ccc(C(=O)n2c(=O)oc3cc(Br)ccc32)cc1;COCC1(C(=O)O)CCCN1C(=O)c1cc(Br)cs1;CC1CCN(S(=O)(=O)c2ccccc2Br)C1C(=O)O;O=C1Nc2ccccc2/C1=C/c1ccc(I)cc1;O=C(O)CN(CC1CC1)S(=O)(=O)c1cccc(Br)c1;COCC1(C(=O)O)CCCN1C(=O)c1sccc1Br;O=C(O)CN(CC1CC1)S(=O)(=O)c1ccc(Br)cc1;O=C(O)C1CCN(S(=O)(=O)c2ccccc2Br)CC1;Cc1ccc(S(=O)(=O)NC2CC(C(=O)O)C2)c(Br)c1;O=C(O)C1CCCCN1S(=O)(=O)c1ccc(Br)cc1;Cc1ccc(Br)cc1S(=O)(=O)N1CCCC1C(=O)O;CN(C1CC(C(=O)O)C1)S(=O)(=O)c1ccc(Br)cc1;C=CCN(C(=O)c1coc(Br)c1)C1CCS(=O)(=O)C1;O=C(O)CC(NS(=O)(=O)c1ccccc1Br)C1CC1;O=C(O)C1(CNS(=O)(=O)c2ccc(Br)cc2)CCC1;COC(=O)CSC1CCN(C(=O)c2ccc(Br)o2)C1;O=C(O)c1ccc(S(=O)(=O)NC2CCCC2)c(Br)c1;O=C(O)C1CN(C(=O)CCc2cc(Br)cs2)CCO1;C=C(C)CN(C)S(=O)(=O)c1cc(Br)ccc1C(=O)O
m_c567df,Cc1ccc2oc(C(=O)N(Cc3cccc(F)c3)C3CCS(=O)(=O)C3)c(C)c2c1;Cc1ccc2c(C)c(C(=O)N(Cc3ccc(F)cc3)C3CCS(=O)(=O)C3)oc2c1;Cc1ccc2c(CC(=O)N(Cc3ccc(F)cc3)C3CCS(=O)(=O)C3)coc2c1;Cc1oc2cc3oc(=O)c(CCC(=O)N(CC(=O)O)CC(=O)O)c(C)c3cc2c1C;O=C(CSc1nnnn1C1CCCCC1)NCc1ccccc1OC(F)(F)F;CSCCC(N)C(=O)NC(CS)C(=O)NC(Cc1ccc(O)cc1)C(=O)O;COC(=O)CN/C(C)=C1\C(=O)C=C2Oc3c(C(C)=O)c(O)c(C)c(O)c3[C@@]2(C)C1=O;O=C1[C@@H]2C[C@@H](O)CN2C2(CN(Cc3ccoc3)C2)C(=O)N1Cc1cccc(Cl)c1;CC(=O)c1c(O)c(C)c(O)c2c1OC1=CC(=O)/C(=C(/C)NCCC(=O)O)C(=O)[C@@]12C;C[C@](O)(CC(=O)NCCO)Cc1cc(O)c2c(c1O)C(=O)c1cccc(O)c1C2=O;CSCCC(NC(=O)C(N)Cc1ccc(O)cc1)C(=O)NC(CS)C(=O)O;CSCCC(N)C(=O)NC(Cc1ccc(O)cc1)C(=O)NC(CS)C(=O)O;CC(NC(=O)COc1ccccc1)C(=O)Nc1ccc(N2CCCC2=O)c(Cl)c1;O=P(O)(O)OC[C@H]1C[C@H](N[C@H]2C=C(CO)[C@@H](O)[C@H](O)[C@H]2O)[C@H](O)[C@@H](O)[C@@H]1O;CC(C)=CCNc1ncnc2c1ncn2[C@@H]1O[C@H](COP(=O)(O)O)[C@@H](O)[C@H]1O;Cc1nn(Cc2ccc(C(=O)Nc3ccc(C(=O)OC(C)C)cc3)o2)c(C)c1Cl;C=C(C)CC[C@@]1(n2cnc3c(N)ncnc32)O[C@H](COP(=O)(O)O)[C@@H](O)[C@H]1O;O=C(/C=N/Nc1ccccc1)c1ccc(C(=O)/C=N\Nc2ccccc2)c([N+](=O)[O-])c1;Cn1c(=O)c2c(nc3n(-c4ccc5c(c4)OCO5)c(-c4ccccc4)cn23)n(C)c1=O;Cn1c(O)c(C(=O)C[C@H](Sc2ccccc2)c2ccccc2)c(=O)c2ccccc21;COc1ccc(CNC(=O)c2ccc(-c3ccc(Oc4ccccc4)cc3)s2)cc1;CSCCC(NC(=O)C(CS)NC(=O)C(N)Cc1ccc(O)cc1)C(=O)O;CSCCC(NC(=O)C(Cc1ccc(O)cc1)NC(=O)C(N)CS)C(=O)O;COc1cccc(CNC(=O)c2ccc(-c3ccc(Oc4ccccc4)cc3)s2)c1;COc1cc(/C=C/C(=O)NCC(=O)O)cc2c1OC(c1ccc(O)c(O)c1)C2CO
m_c57b9d,CN1C(=O)CC(CNC(=O)c2cn3c(n2)CCCC3)C1c1nccn1C;Cc1nc(C)c(C(=O)NCC2CC(=O)N(C)C2c2nccn2C)nc1C;CCN1C(=O)CCC(CNC(=O)c2cnc(C)cn2)C1c1nccn1C;CN(C)c1nc(O)cc(C2CCN(C(=O)c3cnn(C)c3C3CC3)C2)n1;COC1CC(CNC(=O)c2cnn(C)c2C2CC2)N(c2ccncn2)C1;Cc1[nH]ncc1C(=O)NCC1CCC(=O)N(C2CC2)C1c1nccn1C;CN(C)c1nc(O)cc(C2CCN(C(=O)c3cn(C)nc3C3CC3)C2)n1;CN(Cc1cc[nH]n1)C(=O)C1CCC(=O)N(C2CC2)C1c1nccn1C;C#CCCC1(CCC(=O)NC2CCC(=O)N(C)C2c2nccn2C)N=N1;CN(C)c1ccncc1C(=O)NCC1CCC(c2nc(C3CC3)n[nH]2)O1;CN(C)c1ccncc1C(=O)N1CCN(C)C(c2nc(C3CC3)no2)C1;COC1CC(CNC(=O)c2cn(C)nc2C2CC2)N(c2ccncn2)C1;CN1C(=O)CCC(C(=O)Nc2cc3n(n2)CCCC3)C1c1nccn1C;CN1CCN(C(=O)c2cnn(C)c2C2CC2)CC1c1nc(C2CC2)no1;COC1CC(CNC(=O)c2cccn2C2CC2)N(c2cc(N)ncn2)C1;COC1CC(CNC(=O)c2c3c(nn2C)CCC3)N(c2ccncn2)C1;COC(=O)/C(C)=C/C=C/C(C)=C/C=C/C=C(C)/C=C/C=C(\C)C(=O)OC;CN(C(=O)C1CCC(=O)N(C2CC2)C1c1nccn1C)c1cnn(C)c1;CCN1C(=O)CCC(C(=O)N2CCCn3nccc32)C1c1nccn1C;CCO[C@H](CCc1ccc(O)c(OC)c1)CC(=O)CCc1ccccc1;O=C(O)C=CC=CC1C(C=CC=CCCCC(=O)O)C=CC2CCCC21;COc1cc(C)c(CCC(C)C=Cc2cc(O)ccc2O)c(C)c1CO;CN(C)c1ncccc1C(=O)NCC1CCC(c2nc(C3CC3)n[nH]2)O1;CCC[C@@H](O)CC(=O)CCc1ccc(O)c(OCCc2ccccc2)c1;COC1=CC(C)(C)C(CC/C(C)=C/Cc2cc(O)ccc2O)=C(C)C1=O
m_c63e89,CNC(=O)C(NC(=O)CCc1ccccc1C)c1ccc(F)c(F)c1;CNC(=O)C(CC(C)C)NC(=O)Cc1ccc(OC(F)(F)F)cc1;CCC(NC(=O)CCC(=O)Nc1c(F)cccc1F)c1ccccc1;C#CCNC(=O)C[C@@H]1O[C@H](CNC(=O)c2ccc(C)cc2)[C@@H](O)[C@H]1O;CC(C)NC(=O)N(C(=O)COc1ccc2ccc(=O)oc2c1)C(C)C;CC(NC(=O)C(N)CCC(=O)O)C(=O)NC(CCC(N)=O)C(=O)O;NC(C(=O)N1CCC(Oc2ccc(F)cc2F)CC1)c1ccccc1;CC(NC(=O)C(N)CCC(N)=O)C(=O)NC(CCC(=O)O)C(=O)O;CC(NC(=O)C(CCC(N)=O)NC(=O)C(N)CCC(=O)O)C(=O)O;CC(N)C(=O)NC(CCC(=O)O)C(=O)NC(CCC(N)=O)C(=O)O;O=C(COc1ccc2ccc(=O)oc2c1)NCCCN1CCOCC1;CC(NC(=O)C(CCC(=O)O)NC(=O)C(N)CCC(N)=O)C(=O)O;COc1ccc(-c2noc([C@@H](C)NC(=O)CC(C)C)c2C(=O)O)cc1;CC(C)C(NC(=O)C(N)CC(N)=O)C(=O)NC(CC(=O)O)C(=O)O;CC(C)C(N)C(=O)NC(CC(N)=O)C(=O)NC(CC(=O)O)C(=O)O;CC(=O)N1C(=O)COC[C@@H]1[C@H](O)c1ccc(NC(=O)C2CCC2)cc1;CC(=O)NC1=C(O)C(=O)C=C(NC(=O)/C(C)=C/[C@@H](C)C=C(C)C)C1=O;CCOC(=O)CC1C(O)=NCCN1C(=O)/C=C/c1ccc(OC)cc1;CC(Oc1ccc2ccc(=O)oc2c1)C(=O)NCCN1CCOCC1;CC(C)C(NC(=O)C(N)CC(=O)O)C(=O)NC(CC(N)=O)C(=O)O;COc1ccc(N2CCN(Cc3oc(CO)cc(=O)c3O)CC2)cc1;CCOC(=O)N1CCN(Cc2cc(=O)oc3c(C)c(O)ccc23)CC1;COc1ccc(-c2noc(C(=O)O)c2[C@@H](C)NC(=O)CC(C)C)cc1;COc1c2c(c(CNC(=O)C3CCC3)c3c1C(=O)N(C)CC3)OCO2;Cc1cc(C(=O)NC[C@@]2(COc3ccccc3)C[C@@H](O)[C@@H](O)C2)no1
m_c772b8,Cc1cc(NC(=O)C(C(C)C)N2CCCC2=O)nn1C;CC(=O)NC(C(=O)Nc1cc(C)nn1C)C1CCCC1;CCc1[nH]nc(NC(=O)C(CC)N2CCCC2=O)c1C;Cn1cc(N2CCC(NC(=O)CC(C)(C)C)C2=O)cn1;CC(C)N1C[C@@H]2OCC(=O)N(Cc3nccn3C)[C@@H]2C1;CN(Cc1ccn[nH]1)C(=O)CCC(=O)NC1CCCC1;C#CCNC(=O)CC[C@H]1CNC(=O)[C@H]2NCC[C@H]2N1C;Cc1cc(C(=O)NCCCCNC(=O)C2CC2)nn1C;Cc1cc(NC(=O)CNC(=O)C2CC2)n(C(C)(C)C)n1;COC1(C(C)NC(=O)c2ccc(N(C)C)nn2)CCC1;CCC(=O)N1CCC(C(=O)Nc2cn(C)nc2CC)C1;CC1(C)C[C@H](NC(=O)CCNc2ncccn2)CCO1;CCC1(CO)CCCN1C(=O)C1CCc2[nH]nnc2C1;NC(N)NCCCCNC(=O)/C=C\c1ccc(O)cc1;CCCC1(C)C(=O)NCCN1Cc1noc(C2CC2)n1;COCCC1(C(=O)NCc2nncn2C2CC2)CCC1;CCC(C(=O)NCCc1nccn1C)N1CCCC1=O;CCCN1CCCN(c2nc(C)cc(OC)n2)CC1=O;CCOc1cc(NCC2CCN(C(C)=O)CC2)ncn1;Cc1c(C(=O)NCCN2CCCCCC2=O)cnn1C;COc1ccnc(NC2CCN(C3CCOC3)CC2)n1;O=C(Cn1cccn1)NC1CCCC1N1CCC(O)C1;CCCCCCCO[C@@H]1O[C@H](CO)[C@@H](O)[C@H](O)[C@H]1O;COc1nc(C)cc(NCC2CCN(C(C)=O)CC2)n1;Cc1[nH]ncc1C(=O)N1CCN(CC(C)C)C(=O)C1C
m_c886af,CCOC(=O)c1ccc(NS(=O)(=O)CCC(C)(F)F)c(O)c1;Cc1ccc(S(=O)(=O)NC(Cc2ccc(F)cc2)C(=O)O)cc1;Cc1c(Cl)c(C(=O)NCc2cccc(OCC(=O)O)c2)nn1C;CO/N=C1/C=C[C@@H](O)[C@H](O[C@@H]2O[C@H](CO)[C@@H](O)[C@H](O)[C@H]2O)S1;Cc1cccc(NC(=O)c2ccc(-c3ccccc3)s2)c1C(=O)O;Cc1c(F)cccc1S(=O)(=O)NCC(C(=O)O)c1ccccc1;O=C(O)[C@H]1O[C@@H](Oc2ccc3nc(O)ccc3c2)[C@H](O)[C@@H](O)[C@@H]1O;O=C(O)[C@H]1O[C@@H](Oc2ccc3nccc(O)c3c2)[C@H](O)[C@@H](O)[C@@H]1O;COc1cc(CNC(=O)c2cc(Cl)c[nH]2)ccc1OCC(N)=O;O=C(O)C(CCc1ccccc1)NS(=O)(=O)c1cccc(F)c1;O=C(O)[C@H]1O[C@@H](Oc2cnc3ccccc3c2O)[C@H](O)[C@@H](O)[C@@H]1O;O=C(O)[C@H]1O[C@@H](Oc2cc(O)nc3ccccc23)[C@H](O)[C@@H](O)[C@@H]1O;COc1cccc(C(CC(=O)O)NC(=O)c2c(Cl)cnn2C)c1;O=C(O)[C@H]1O[C@@H](Oc2ccc3cccc(O)c3n2)[C@H](O)[C@@H](O)[C@@H]1O;O=C(CCCC[C@@H]1CCSS1)Nc1ccc2c(c1)COC2=O;O=C(O)C1CCCCN1C(=O)c1ccc(Cn2cc(Cl)cn2)o1;CN(Cc1ccc(OCC(=O)O)cc1)C(=O)c1c(Cl)cnn1C;O=C(NCC1CCS(=O)(=O)C1)c1ccc(-c2ccc(F)cc2)o1;CS(=O)(=O)C1CCN(C(=O)c2ccc(-c3ccc(F)cc3)o2)C1;CC(C)NC(=O)NC(=O)CNc1ccc(Cl)c(C(F)(F)F)c1;COc1cc(C(=O)O)ccc1CCNC(=O)c1c(Cl)cnn1C;CC(C)(NS(=O)(=O)c1cccc(F)c1)c1ccc2c(c1)OCO2;O=C(NCC1CCS(=O)(=O)C1)c1ccc(-c2ccccc2F)o1;CC1(NC(=O)c2ccc(-c3ccc(F)cc3)o2)CCS(=O)(=O)C1;CC1CN(C(=O)c2ccc(-c3ccccc3F)o2)CCS1(=O)=O
m_c8934f,CCCS(=O)(=O)Nc1ccccc1C(=O)NC1CC(O)C1(C)C;CC(C)CC(CO)NC(=O)c1ccc(N2CCCS2(=O)=O)cc1;CCOc1nc(C)ccc1C(=O)NC1CCCCC1S(C)(=O)=O;NCC1OC(OC2C(O)C(O)C(O)C(O)C2O)C(N)C(O)C1O;N[C@@H]1[C@@H](O)[C@H](O[C@@H]2O[C@H](CO)[C@@H](O)[C@H](O)[C@H]2N)[C@@H](CO)O[C@H]1O;CCN1C(=O)CCc2cc(NS(=O)(=O)CCOC(C)C)ccc21;NC1C(OC2C(N)C(O)OC(CO)C2O)OC(CO)C(O)C1O;NC1C(OC2C(N)C(O)C(O)C(O)C2O)OC(CO)C(O)C1O;NC1C(O)OC(COC2OC(CO)C(O)C(O)C2N)C(O)C1O;NC(C=O)C(O)C(OC1OC(CO)C(O)C(O)C1N)C(O)CO;CC(C)NS(=O)(=O)c1ccc(C(=O)N2CCC(C)C(O)C2)cc1;CC(C)CC(NC(=O)c1ccc(S(C)(=O)=O)cc1)C(=O)N(C)C;NCC(O)CCC(NCC(O)C(O)C(O)C(O)C(=O)O)C(=O)O;Cc1c(C(=O)NCC2(O)CCCCCC2)cccc1S(N)(=O)=O;CC(C)n1nnnc1-c1ccc(NC(=O)Cc2cccnc2)cc1F;COCCNc1nc2c(N)ncnc2n1[C@@H]1O[C@H](CO)[C@@H](O)[C@H]1O;CCS(=O)(=O)N1CCC(C(=O)Nc2ccc(COC)cc2)CC1;Nc1ncnc2c1ncn2CC(=O)NC(CCO)C1CC(F)(F)C1;CCS(=O)(=O)N1CCC(C(=O)NCc2ccc(OC)cc2)CC1;COC(=O)[C@H](CCSC)NC(=O)NCCc1ccc(OC)cc1;N[C@@H]1[C@H](O)[C@H](O[C@@H]2O[C@H](CO)[C@@H](O)[C@H](N)[C@H]2O)O[C@H](CO)[C@H]1O;Cc1ncccc1OC1CCN(S(=O)(=O)CCC2CCCO2)C1;Cc1ccc(OC2CCN(S(=O)(=O)CCC3CCCO3)C2)cn1;CCS(=O)(=O)N1CCC(C(=O)NCc2cccc(OC)c2)CC1;Cn1c(N2CCN(c3ncc(F)cn3)CC2)nc2ccccc2c1=O
m_c89ffd,O=C(O)C1CCC(CNS(=O)(=O)c2cccnc2)CC1;Cn1cc(S(=O)(=O)NCC2CC=CCC2)cc1C(=O)O;CC(O)CNS(=O)(=O)c1ccc(C(=O)NC2CC2)cc1;Cn1cc(S(=O)(=O)N2CC3CCCC3C2)cc1C(=O)O;CS(=O)(=O)Nc1cccc(C(=O)NCC2CCCO2)c1;CS(=O)(=O)Nc1ccc(C(=O)NCC2(O)CCC2)cc1;Cc1oc(S(N)(=O)=O)cc1C(=O)NCC1CC=CCC1;O=C(O)C1CCCN1CCNS(=O)(=O)c1ccccc1;NC1CCCCC1NS(=O)(=O)c1ccc2c(c1)OCO2;CC1CCN(S(=O)(=O)NCc2ccc(C(=O)O)cc2)C1;C=C(C)CC(C)C(=O)Nc1ccc(O)c(S(N)(=O)=O)c1;COCC(NC(=O)c1ccc(S(N)(=O)=O)cc1)C1CC1;COc1ccccc1S(=O)(=O)NC1CCN(C)C(=O)C1;Cc1cc(SCc2cnn(C)n2)nc(-c2ccccn2)n1;COC(=O)CNc1cccc(S(=O)(=O)NC2CC2)c1C;CC(C)c1nccc(Sc2nnc(-c3ccncc3)[nH]2)n1;COc1ccc(S(N)(=O)=O)cc1NC(=O)C1CCCC1;NS(=O)(=O)C1CCCN(C(=O)OCc2ccccc2)C1;CONC(=O)c1cccc(S(=O)(=O)NC2CCCC2)c1;CS(=O)(=O)Nc1ccccc1C(=O)NCC1CCCO1;COc1ccc(S(=O)(=O)NC2(CC(N)=O)CCC2)cc1;CCOC(=O)N1CCN(S(=O)(=O)c2ccc(C)cc2)C1;C=C1C(=O)OC2CC(C)C(O)(C=CC(C)=O)C(Cl)CC12;O=c1oc2ccccc2c(-c2ccccc2)c1-c1ccccc1;CN(Cc1ccc(F)c(Cl)c1)Cc1nc(N(C)C)no1
m_c933b7,COC(C)CS(=O)(=O)N1CCC(Nc2ccccc2F)CC1;CC(COc1ccc(F)cc1)NC1CCN(S(C)(=O)=O)CC1;COc1ccc(C(C)NCC2CCCN2S(C)(=O)=O)c(F)c1;CC(C)Nc1cc(F)ccc1NC(=O)CS(=O)(=O)C(C)(C)C;CNC(=N)NC(=O)Nc1nc(Cc2ccc3c(c2)OCO3)cn1C;CC(C)N(CCCNC(=O)Cc1ccc(F)cc1)S(C)(=O)=O;Cc1ccc(S(=O)(=O)N2CCC(Nc3ccccc3)C2)cc1C;CNS(=O)(=O)c1ccc(NCC2(C)CCCCC2O)c(F)c1;COC1CC(CN(C)S(=O)(=O)c2cccc(C)c2F)N(C)C1;CCCCCCSC1=C(C#N)C(c2ccc(O)cc2)CC(=O)N1;CCCc1cc(NC(=O)Nc2ccn(CC(F)(F)F)n2)n(C)n1;COC1CC(CN(C)S(=O)(=O)c2cc(C)cc(F)c2)N(C)C1;Cc1noc(C2CCCN(c3c(C#N)c(=O)n(C)c(=O)n3C)C2)n1;CCc1nc(C2CCCN2c2c(C#N)c(=O)n(C)c(=O)n2C)no1;CCN(CC(=O)NC(C)(C)C)S(=O)(=O)Cc1cccc(F)c1;CC(C)(C)C(=O)ON1CCC[C@H]1C(=O)N[C@@H](CC(=O)O)C(=O)O;O=c1[nH]c(=O)n([C@H]2C[C@H](O)[C@@H](CO)O2)cc1CCCC(O)CO;Cc1nc(C2CCCN(c3c(C#N)c(=O)n(C)c(=O)n3C)C2)no1;NC(=O)C1CCCN(C(=O)CCCc2csc3ccccc23)C1;CCC(CO)N1CCN(S(=O)(=O)Cc2cccc(F)c2)CC1;CCN(CC)S(=O)(=O)CC(=O)NC(C)(C)c1cccc(F)c1;CC(Cc1ccccc1F)NC(=O)N(C)C(C)CS(C)(=O)=O;Cc1ccccc1CS(=O)(=O)NCC1(c2ccccn2)CCC1;c1ccc(C23c4ccccc4C(c4ccccc42)c2ccccc23)cc1;C(=C/c1cccc2ccc3ccc4ccccc4c3c12)/c1ccccc1
m_c9a4bc,O=C1CCCC(C(=O)Nc2ccn(-c3ccccc3Cl)n2)N1;CN1CCC(NC(=O)c2ccn(-c3ccccc3Cl)n2)C1=O;Cc1cc(NC(=O)C2CCN(c3ccc(Cl)cc3)C2=O)[nH]n1;O=C1CCC(CNC(=O)c2c[nH]nc2-c2cccc(Cl)c2)N1;NC(=O)C1CN(c2ccc(-c3ccccc3Cl)nn2)CCO1;O=C(CNC(=O)C1(c2cccc(Cl)c2)CC1)Nc1cn[nH]c1;O=C(CCN1CCCC1=O)Nc1ccc2cc(Cl)cnc2n1;O=C(/C=C/c1ccc(OC(=O)c2ccco2)cc1)c1ccccc1;O=C1OCCN1C1CCN(c2ncnc3ccc(Cl)cc23)C1;Cc1noc(C)c1CNc1nnc(Cc2ccccc2Cl)o1;Nc1c(Cl)cc(C(O)CNC2CCC(O)CC2)cc1Cl;O=C(/C=C/c1ccccc1OC(=O)c1ccco1)c1ccccc1;Cc1cc(NC(=O)C(=O)N2CCc3cc(Cl)ccc32)nn1C;Cn1cc(N2CCC(NC(=O)c3cccc(Cl)c3)C2=O)cn1;Cn1cc(N2CCC(NC(=O)c3ccccc3Cl)C2=O)cn1;O=C1/C(=C/c2ccco2)Oc2cc(OCc3ccccc3)ccc21;CN(CC(=O)Nc1cccc(Cl)c1)c1ccnc(C(N)=O)c1;O=C(Nc1ccc(Cl)cc1)N1CCC(Oc2ccncn2)C1;CCOc1ccc(C(=O)Cc2ccc(S(C)(=O)=O)cc2)cc1;NC(=O)c1ccc(N2CCC(Oc3cccc(Cl)c3)C2)nn1;Cc1ccccc1CS(=O)(=O)Cc1cccc2c1OCCO2;N#Cc1ccc(S(=O)(=O)NC2CCc3nnnn3CC2)cc1;Cc1nc(C(=O)N(C)C(C)c2nc3cc(Cl)ccc3[nH]2)co1;CCc1cc2c(NCCn3cc(C(=O)O)nn3)ncnc2s1;CC(C)c1ncc(Cl)c(C(=O)Nc2ccc(C(N)=O)cc2)n1
m_c9c302,COc1ccc(C)c2c1N(C(=O)C1CCN(C(=O)N(C)C)CC1)CCC2;CNC(=O)C1CCC(NC(=O)N2CCC(c3ccc(OC)cc3)C2)CC1;CCOc1ccc(C2CC2NC(=O)N2CCC(CC(=O)NC)CC2)cc1;COc1ccccc1C1CCCN1C(=O)C1CC(=O)N(CCN(C)C)C1;CNC(=O)CC1(O)CCCN(CCC(=O)N2CCCc3ccccc32)C1;CCCNC(=O)N1CC[C@H]2CC(=O)Nc3cc(C)ccc3OCC[C@H]2C1;CN(C)C(=O)CC1(O)CCCN(Cc2ccc3c(c2)CCC(=O)N3C)C1;CCN1OC2(CCN(Cc3ccc(N4CCOCC4)cc3)CC2)CC1=O;CCN1C(=O)[C@H]2CN(Cc3ccc(OC)cc3)CCN2C12CCOCC2;CNC(=O)C1CCCC1NC(=O)NCC1CCCc2cc(OC)ccc21;CC[C@H]1CN(C(=O)c2ccccc2)CC[C@H]1CC(=O)NCCNC(C)=O;CCNC(=O)N1CC[C@H]2CC(=O)N(Cc3ccc(OC)cc3)CC[C@H]2C1;CN(CC(=O)O)C1CCN(C(=O)C2(N(C)C)CCc3ccccc32)CC1;CCN(CC)C(=O)N1CCN(C(=O)C2CC2c2cccc(OC)c2)CC1;CN(C)CC(=O)N1CCN(C(=O)C2CC(OCc3ccccc3)C2)CC1;CCC(=O)OC[C@H](Cc1c[nH]c2ccccc12)NC(=O)[C@@H](NC)C(C)C;CC[C@H]1CN(C(=O)N2CCOCC2)CC[C@H]1CC(=O)Nc1ccccc1;COc1ccc([C@H]2C[C@H](NC(C)=O)C[C@@H]2C(=O)N2CCN(C)CC2)cc1;CN1CCCC1CCNC(=O)N1CCC(c2ccccc2C(=O)O)CC1;CC1(C)[C@H](Cc2cc(CN3CCOCC3)on2)C[C@@H]1NCc1ccco1;CC(=O)N1CCN(C[C@@H]2OC[C@H](NC3Cc4ccccc4C3)[C@H]2O)CC1;CC(C)C(=O)N1C[C@@H]2COCCN2C2(CN(Cc3ccccc3O)C2)C1;CC(C)(C)C(=O)NCCNC(=O)C1CCCN1C(=O)Cc1ccccc1;CCCCc1cc(C[C@H]2CNCC[C@H]2CC(=O)NCc2ccco2)no1;COc1ccccc1NC(=O)NC[C@H]1[C@@H]2CC(=O)N(C(C)C)[C@@H]2C[C@@H]1C
m_c9c422,O=C(NC1(C(=O)O)CCSC1)c1ccc2c(c1)OCCCO2;COc1ccc2c(c1OC)C(=O)N1C2SC(C)(C)[C@H]1C(=O)O;CS(=O)(=O)c1cc(NC(=O)CC2C=CCC2)cc(C(=O)O)c1;COC(=O)[C@@H]1SC[C@@H](NC(=O)c2ccccc2)[C@@H]1OC(C)=O;CC(=O)NC1=CC(=O)[C@@H]2CC(C)=C3[C@@H](CCS3(=O)=O)[C@H]2C1=O;CCN(CC)S(=O)(=O)c1cccc2cc(C(=O)O)c(O)cc12;CCc1ccc2occ(C(=O)NC3CS(=O)(=O)CC3O)c2c1;Cc1ocnc1C(=O)N1CCN(c2ccc(F)cc2Cl)CC1;CS(=O)(=O)C1CCN(C(=O)CS(=O)(=O)C2CCCC2)C1;Cc1cn2nc(C(=O)Nc3nc4c(C)cccc4s3)ccc2n1;CCN(CC1CCOC1)S(=O)(=O)c1cc(F)c(F)cc1F;CCn1ncc(Cl)c1C(=O)NC1CCOc2ccc(F)cc21;Cc1c(Cl)c(C(=O)NC2COc3ccc(F)cc3C2)nn1C;COc1ncc(Cl)c(N2CC(O)CC2c2ccc(F)cc2)n1;CS(=O)(=O)C1(C(=O)NC2CCCS(=O)(=O)C2)CCCC1;CCS(=O)(=O)CC(C)NC(=O)c1ccc(C(F)(F)F)cc1;O=S(=O)(NCC1CCOCC1)c1ccccc1C(F)(F)F;COc1ncc(Cl)c(N2CC(O)CC2c2cccc(F)c2)n1;Cc1cc(C(F)(F)F)ccc1CNC(=O)C(C)S(C)(=O)=O;Cc1cc(CNC(=O)NC2CC2c2ccc(Cl)c(F)c2)no1;CC(C)(CNC(=O)CSc1ccc(F)cc1)c1ccsc1;O=C(Cn1ccc2c(Cl)cccc21)Nc1ccc2cc[nH]c2c1;CC1CN(S(=O)(=O)c2ccc(C(F)(F)F)cc2)CC(C)O1;CC1CNCCN1C(=O)c1cc(-c2cccc(Cl)c2F)no1;O=C(Cn1ccc2ccc(Cl)cc21)Nc1ccc2cc[nH]c2c1
m_cad5a6,CNS(=O)(=O)c1ccc2c(c1)CCN2Cc1cnc(C2CC2)s1;CNS(=O)(=O)c1ccc2c(c1)N(C(=O)Cc1ncccc1F)CC2;CNc1c(-c2ccc3c(c2C=O)OCO3)ccc2cc3c(cc12)OCO3;Cn1c(=O)[nH]c(=O)c2c1nc(NCCO)n2Cc1ccc(Cl)cc1;CN1Cc2c3c(cc(O)c2-c2ccc4cc5c(cc4c21)OCO5)OCO3;O=C1/C(=C/c2ccco2)Oc2c1ccc1c2CN(Cc2ccco2)CO1;COC(=O)CC1c2cc3c(cc2Oc2nc4ccccc4cc21)OCO3;Cn1c(=O)c(C2CC(=O)Oc3cc4c(cc32)OCO4)cc2ccccc21;COc1c(O)ccc2c1c(=O)n(C)c1c3cc4c(cc3ccc21)OCO4;CC[S+]([O-])C1CCCCC1NC(=O)c1cc(F)c(F)c(O)c1F;COc1ccc2c(c(OC)nc3c4cc5c(cc4ccc23)OCO5)c1O;C[S+]([O-])c1ccc(CNC(=O)NC(c2nccs2)C2CC2)cc1;Cc1nc(C(C)(C)NS(=O)(=O)Cc2cccc(C#N)c2)sc1C;COc1cc2c(cc1O)c(=O)n(C)c1c3cc4c(cc3ccc21)OCO4;Cn1cc(/C=C2/Oc3cc(OCC(=O)O)ccc3C2=O)c2ccccc21;CN1c2c(ccc3cc4c(cc23)OCO4)-c2ccc3c(c2[C@@H]1O)OCO3;Cn1c(O)c(C(=O)/C=C/c2ccc3c(c2)OCO3)c(=O)c2ccccc21;Cc1cc2c(cc1NC(=O)c1cccc(F)c1)N(C)S(=O)(=O)N2C;CC(C(=O)N(Cc1ccc(C(F)(F)F)cc1)C1CC1)S(C)(=O)=O;CSc1cccc(NC(=O)CCCOc2ccc(Cl)cc2C)c1;CC(=O)c1ccc2c(c1O)C(c1cc3ccccc3[nH]c1=O)CC(=O)O2;CC(=O)SCC(NC(=O)CCC(N)C(=O)O)C(=O)NCC(=O)O;Cc1cc(S(=O)(=O)Nc2ccc3c(c2)n(C)c(=O)n3C)ccc1F;CS[C@]1(C)NC(=O)[C@](Cc2c[nH]c3ccccc23)(SC)NC1=O;COc1ccc(S(=O)(=O)N2c3ccncc3N3CCC2C3)cc1F
m_cc35ab,CC(C)CN1CC(C(=O)N2CCC(c3ccccn3)C2)CC1=O;CC1CCc2ccccc2N1CCC(=O)NC1CCN(C)C1=O;CC(=O)NC1CCCN(C(=O)CN2CCc3cccc(C)c32)C1;CC(=O)NC1CCCN(C(=O)CN2CCc3c(C)cccc32)C1;CC1CN(C(=O)CCCN2C(=O)CCc3ccccc32)CCN1;COc1ccc2[nH]cc(CCNC(=O)NC3CCCCC3)c2c1;O=C(C1CC(O)CN1)N1CCc2c(CN3CCCC3)cccc21;CNC(=O)C1(N2CCC[C@H]2C(=O)NCc2ccccc2)CCC1;CC[C@H](C)[C@H]1C(=O)N[C@H](CO)Cc2c[nH]c3cccc(c23)N1C;CNC(=O)[C@@H](C1CC1)N1CCC[C@H]1C(=O)NCc1ccccc1;CCC1CN(C)c2ccccc2CN1C(=O)C1CCNC(=O)C1;COCCN1CCCC(NC(=O)Cn2ccc3ccccc32)C1;CCC1CN(C)c2ccccc2CN1CCN1C(=O)CCC1=O;CN(C)C1(CNC(=O)c2cccc3c2ccn3C)CCOCC1;CC1Cc2ccccc2N1C(=O)CNC1CCCCC1C(N)=O;CCC(C)CC1C(=O)NC(C(O)c2c[nH]c3ccccc23)N1C;COC1CC(C(=O)NCCc2c[nH]c3c(C)cccc23)N(C)C1;CCC[C@H](C)[C@@]1(CC)C(=O)N=C(Nc2cccc(C)c2)N=C1O;O=C(CNC(=O)NCC1(Cc2ccccc2)CCC1)NC1CC1;CCC[C@@H](C)[C@@]1(CC)C(=O)N=C(Nc2ccc(C)cc2)N=C1O;Cc1cccc2c(CCNC(=O)NC3CCCCC3O)c[nH]c12;CCC[C@@H](C)[C@@]1(CC)C(=O)N=C(Nc2ccccc2C)N=C1O;CN(Cc1cc(=O)n(C)c(=O)n1C)c1ccc(C(C)(C)C)cc1;Cc1nc2ccccc2c(NCC(O)CN2CCOCC2)c1C;CC(=O)Nc1cccc(C(=O)N2CCC3(CCNCC3)CC2)c1
m_cc95e9,Cc1c(F)cccc1C(=O)NCCc1csc(-c2ccccc2)n1;Cc1cccc(C(=O)NCCc2csc(-c3ccccc3)n2)c1F;Cc1cc(F)cc(C(=O)NCCc2csc(-c3ccccc3)n2)c1;Cc1csc(-c2ccc(CNC(=O)Cc3cccc(F)c3)cc2)n1;COc1ccc(NC(=O)COc2ccc3c(C)cc(=O)oc3c2)cn1;O=C(NCc1ccccc1CO)c1cccc(OCC(F)(F)F)n1;COc1ccc(N[C@H]2CC(=O)N(c3ccc(C(=O)O)cc3)C2=O)cc1;CCCc1nc(SCC(=O)c2ccc(F)cc2)c2ccccc2n1;COC(=O)c1ccccc1NC(=O)[C@]1(OC)Nc2ccccc2C1=O;COC(=O)c1ccc(N2C(=O)[C@@H]3[C@H](C2=O)[C@@H]2C=C[C@@H]3C(=O)N2C)cc1;O=C1O[C@H](N2C(=O)CC[C@H]2C(=O)NCc2ccco2)c2ccccc21;COC(=O)c1ccc(Oc2c[nH]nc2-c2ccc(OC)cc2O)cc1;FC(F)(F)c1ccc(COc2ncncc2C2OCCCO2)cc1;CC(=O)Oc1ccc(N2C(=O)[C@@H]3[C@@H](C2=O)[C@@H]2C=C[C@H]3C(=O)N2C)cc1;CN(C)S(=O)(=O)C1CN(C(=O)C=C2CCC2)CC1C(F)(F)F;COC(=O)CC(c1ccc(O)cc1)c1c(O)nc2ccccn2c1=O;CN(C)Cc1c(O)ccc2c1O/C(=C\c1cccc([N+](=O)[O-])c1)C2=O;O=C(O)COc1cccc(NC(=O)CN2Cc3ccccc3C2=O)c1;COC(=O)CC(c1cccc(O)c1)c1c(O)nc2ccccn2c1=O;CN(Cc1cccc(O)c1)C(=O)c1cccc(OCC(F)(F)F)n1;CC(C(=O)c1ccc(F)cc1)n1cnc(-c2ccc(F)cc2)cc1=O;COc1cc(C2C(C#N)=C(N)OC3=C2C(=O)CCC3)cc2c1OCO2;CCOC(C(=O)Nc1cc(C(F)(F)F)c[nH]c1=O)c1ccccc1;COC(=O)c1ccc(-c2nc(-c3ccc(OC)c(OC)c3)no2)cc1;NC(=O)c1ccc(NC(=O)Cn2nnc(-c3cccc(F)c3)n2)cc1
m_cd50d8,Cc1cnn(C)c1S(=O)(=O)N1CC2(CCCC2)OCC1CN(C)C;CCC1CN(S(=O)(=O)c2cnn(C(C)C)c2)CC1N1CCOCC1;COC1CCCC1NC1CCN(S(=O)(=O)c2c(C)n[nH]c2C)CC1;Cc1nn(CC(=O)NCC2CCCCC2)c(C)c1S(=O)(=O)N(C)C;Cc1nc(S(=O)(=O)NCCC(=O)NCCC2CCCCC2)cn1C;CCC(=O)N(c1ccccc1)C1CCN(C(C)Cc2cccs2)CC1;O=C(C(c1ccccc1)c1ccccc1)N1CCCC[C@H]1c1cccnc1;CCC(C)NC(=O)C1CCN(S(=O)(=O)c2cn(C(C)C)cn2)CC1;O=c1[nH]c(Cc2ccccc2)nc2c1C1(CCCCC1)Cc1ccccc1-2;O=C(c1ccc2c3c(cccc13)CC2)C1CCCN(Cc2ccccn2)C1;CCC(=O)N(c1ccccc1)C1CCN(CCc2cccs2)CC1C;COC[C@@H]1C[C@H](n2cc(NS(C)(=O)=O)cn2)CN1C1CCCCC1;Cc1cccc(C(=O)NC(C(=O)N(C)Cc2ccc(F)cc2)C(C)C)c1;COC[C@@H]1C[C@H](n2cc(NS(C)(=O)=O)cn2)CN1CC1CCCC1;Cn1c(-c2ccccc2)nc2c(c1=O)C1(CCCCC1)Cc1ccccc1-2;Cc1nn(CC(=O)N2CCCCC2)c(C)c1S(=O)(=O)NC(C)(C)C;O=c1ccc(-c2ccccc2)c2n1C[C@H]1C[C@@H]2CN(Cc2ccccc2)C1;Cc1ccc(CC(=O)NCCCCCNC(=O)c2ccccc2F)cc1;Cc1ccccc1C(=O)NC(CC(C)C)C(=O)NCc1ccccc1F;C=C1Cc2[nH]c3ccccc3c2C(C)(C)C12C(OCC)=Nc1ccccc12;CC(c1ccccc1)N1CCC(NC(=O)c2ccc(CO)c(F)c2)CC1;O=C(Nc1ccc(CCCCO)cc1)c1ccc(N2CCCC2)c(F)c1;CC(C)c1nnc(S(=O)(=O)CC(=O)NC2CCCCCCC2)n1C;CN(CC(O)CCc1ccccc1)C1CCN(c2ccccc2F)C1=O;Cn1nc(CC2CCCCC2NS(=O)(=O)CC2CCC2)n(C)c1=O
m_cd6458,O=C(O)C1Cc2ccccc2CN1C(=O)c1cnn(-c2ccc(Br)cc2)c1;COc1ccc(-c2onc(C(=O)c3cccs3)c2S(=O)(=O)c2ccccc2)cc1;O=C1Oc2ccccc2[C@H]2c3sc(=O)n(Cc4ccccc4)c3S[C@@H](C(=O)O)[C@@H]12;C[C@@H]1N[C@@]2(C(O)=Nc3ccccc32)[C@@H]2C(=O)N(c3cccc(Br)c3)C(=O)[C@H]12;C[C@@H]1N[C@@]2(C(O)=Nc3ccccc32)[C@@H]2C(=O)N(c3ccc(Br)cc3)C(=O)[C@H]12;Cc1ccc(Br)c2c1C(C)(C)CN2S(=O)(=O)c1cc(C(N)=O)n(C)c1;COCc1cnc2c(c1SCc1ccc(Cl)cc1Cl)c(=O)n(C)c(=O)n2C
m_ce56d4,O=C1CCCN1c1cccc(-c2csc(-c3cnccn3)n2)c1;O=C1CCCN1c1ccc(-c2csc(-c3cnccn3)n2)cc1;O=C(c1csc(-c2cnccn2)n1)N1CCCc2ccccc21;O=C(Nc1nc(-c2ccccc2)cs1)c1cc(C2CC2)ncn1;CC(=O)NCCC(=O)Nc1nnc(Cc2ccccc2F)s1;COc1cccc(C2CC(O)CN2c2ncc(Cl)cc2F)c1;N#Cc1ccccc1Cn1nc(-c2cccs2)n(C2CC2)c1=O;C[C@@H]1O[C@@H]2O[C@H]3[C@@H](O[C@@H]2[C@H](O)[C@H]1O)O[C@H](C(=O)O)[C@H](O)[C@@H]3O;COC(=CCC=O)C(=COC(=O)c1cc2c(s1)CCC2)OC;Cc1ocnc1CNc1ncnc2sc(-c3ccccc3)cc12;C[C@@H]1O[C@H](O)[C@@H](O[C@@H]2OC(C(=O)O)=C[C@H](O)[C@@H]2O)[C@@H](O)[C@H]1O;C[C@H](O)[C@H](O)[C@@H](O)[C@H](C=O)O[C@H]1OC(C(=O)O)=C[C@H](O)[C@H]1O;CC(=O)Nc1cc(F)c(F)cc1NC(=O)c1ccc(F)cc1C;COc1ccc(-c2nn3cnc4cc(F)ccc4c3nc2=O)cc1;CCN(CC)c1c([N+](=O)[O-])cc(C(F)(F)F)c(N)c1[N+](=O)[O-];CC#Cc1ccc2c(=O)[nH]c(CSc3ncccn3)nc2c1C;CCn1ccnc1SCc1csc(N(C(C)=O)C2CC2)n1;COc1ccccc1-c1nnc2sc(Cc3ccccc3)nn12;CCc1cc(C#N)c(NC(=O)c2ccn(-c3ccccc3)n2)s1;COc1ccc(-c2nc(-c3ccc4nccnc4c3)no2)c(F)c1;CC(C)c1nc(C=Cc2cc(F)c(F)c(F)c2)ncc1C(=O)O;CCn1ncc(C#N)c1NS(=O)(=O)Cc1ccc(C)c(F)c1;Cc1nc2ccccc2nc1Cn1cnc2c(C)csc2c1=O;COc1c(C)cnc(CSc2nnc(NC3CC3)s2)c1C;CC(=O)Nc1cccc(NC(=O)c2ccccc2C(F)(F)F)c1
m_ced31c,Cc1noc(C2CC(=O)N(C3CN(c4nc(C)nc(C)c4F)C3)C2)n1;CCc1ncnc(N2CC(N3CC(c4nc(C)no4)CC3=O)C2)c1F;Cc1nc2c(s1)C(N(C)C(=O)Nc1cncnc1N(C)C)CCC2;Cc1nnnn1-c1ccc(C(=O)N2CCCC2C(=O)N(C)C)c(F)c1;CCc1cc(N2CCCC2C(=O)N2CCSCC2)n2ncnc2n1;Cc1cc(-c2nnn(CC(=O)N3CCC(C(N)=O)CC3)n2)ccc1F;CCS(=O)(=O)NC1C=CC(CC(=O)N2CCCCC2)OC1CO;Cc1nc(CN2CC(F)CC2CN(C)C(=O)c2cc(C#N)c[nH]2)no1;Cc1nn(C)c(N)c1C(=O)N(CCc1ccc(Cl)cc1)CC1CC1;CC(C)n1nnnc1-c1ccc(NC(=O)CN2CCCC2=O)cc1F;CC(NC(=O)NCCc1nnc2n1CCC2)c1csc(C2CC2)n1;CC(NC(=O)N1CCC(C)(c2ccc(Cl)cc2)CC1)c1cn[nH]c1;O=C(CCCn1cncn1)N1CCCCCC1c1ccc(Cl)cc1;CCOC(=O)C#C[C@]12CCC(c3ccccc3)(c3ccccc3)C[C@H]1O2;CCN(CCC1CC1)C(=O)Nc1cnn(Cc2ccc(Cl)cc2)c1;O=C(CCn1ccnn1)NCc1ccc(-c2nc3ccccc3[nH]2)cc1;O=C(CCn1cncn1)NCc1ccc(-c2nc3ccccc3[nH]2)cc1;Cc1n[nH]cc1CNC(=O)N1CCC(C)(c2ccc(Cl)cc2)CC1;Cc1nnnn1-c1ccc(C(=O)NCCc2c[nH]c3ccccc23)cc1;CCC(C)c1csc(NC(=O)N2CCN(c3cnccn3)CC2)n1;Cc1nn(-c2ccccc2)c(C)c1C1C(C#N)=C(N)Oc2n[nH]c(C)c21;Cn1cc(CNC(=O)N2CCC(C)(c3ccc(Cl)cc3)CC2)cn1;CN1CCCC1C(=O)NCC1CCCN1c1ncnc2scnc12;CCc1nc2n(n1)CCCC2NC(=O)NCc1csc(C2CC2)n1;CCn1nncc1C(=O)NC(c1cccc(Cl)c1)C1CCCCC1
m_cfb3df,CCN(C1CCN(c2ccccc2)C1=O)S(=O)(=O)c1cccc2cnccc12;Cc1cccc(N2CCC(N(C)S(=O)(=O)c3cccc4cnccc34)C2=O)c1;CN(C)S(=O)(=O)c1ccc2c(c1)N(C(=O)c1ccnc3ccccc13)CCC2;O=C(Oc1cccc2ccccc12)c1cn(Cc2ccc(F)cc2)c2ccccc12;COC(=O)[C@H](CCSC)NC(=O)c1cc(-c2ccncc2)nc2ccccc12;NC(CC(=O)O)C(=O)NC(Cc1ccccc1)C(=O)NC(CC(=O)O)C(=O)O;CSc1cccc(NC(=O)CN2C(=O)[C@@H]3CCCN3C(=O)c3ccccc32)c1;COCCn1cc(C(=O)NCc2cccs2)c2c3ccccc3n(C)c2c1=O;CCSC1CCC(NC(=O)Cn2c(CS(C)(=O)=O)nc3ccccc32)C1;COC(=O)[C@H](CCSC)N=C(S)N1CC2CC(C1)c1cccc(=O)n1C2;NC(CC(=O)O)C(=O)NC(CC(=O)O)C(=O)NC(Cc1ccccc1)C(=O)O;Cc1cc(C(=O)N2CCc3ccc(S(=O)(=O)N(C)C)cc32)c2ccccc2n1;NC(Cc1ccccc1)C(=O)NC(CC(=O)O)C(=O)NC(CC(=O)O)C(=O)O;N#Cc1cccc(NC(=S)N[C@H]2CO[C@H]3[C@@H]2OC[C@H]3OCc2ccccc2)c1;CCS(=O)(=O)c1ccc2oc([C@H]3CCN(Cc4cccc(C#N)c4)C3)nc2c1;COc1ccc(-c2nc(CN3c4ccccc4CC3C(N)=O)cs2)c(OC)c1;COc1ccccc1-n1ccnc(SCC(=O)Nc2cc(C)ccc2C)c1=O;CCCC(NC(=O)c1ccccc1)c1nc(-c2ccc(O)c(C(N)=O)c2)cs1;c1ccc(CO[C@@H]2CO[C@H]3[C@@H]2OC[C@@H]3Nc2nccc(-c3cccs3)n2)cc1;Cc1ccc(S(N)(=O)=O)cc1C(=O)N(C)C(C)c1sc(C(C)C)nc1C;CCC(CC(c1ccccc1)c1c(O)c2ccccc2oc1=O)=NNC(N)=S;COc1ccc2[nH]c3c(c2c1)CCN1C(=O)CN(Cc2cccs2)C(=O)[C@]31C;COC(=O)C(CCSC)NC(=O)c1cc(-c2ccccn2)nc2ccccc12;CCC(C)C(=O)Nc1nc(-c2ccc(S(=O)(=O)N(CC)CC)cc2)cs1;COc1cc2c(cc1OC)CN(C(=O)c1sc(-c3ccncc3)nc1C)CC2
m_d01f54,CC(C)n1cnc(S(=O)(=O)Nc2cc(F)c(F)cc2Cl)c1;C=CCSC1=NC(=Cc2cc(OC)c3c(c2)OCO3)C(=O)S1;COc1cc(/C=N\NC(=O)c2nonc2N)cc2sc(=O)oc12;Cc1ccccc1C(=O)ON=C1CCS(=O)(=O)c2sccc21;O=C(NCc1ccc(Cl)cc1)c1cc([N+](=O)[O-])cc([N+](=O)[O-])c1;Cc1cccn2c(=O)nc(SCc3c(F)cccc3Cl)nc12;CN(CC(=O)Nc1ccc(Cl)c(Cl)c1)c1nccnc1C#N;CC(Sc1cc(C#N)ccn1)C(=O)Nc1cc(Cl)ccc1F;COc1ccc(Br)c(C(=O)NCCCC(C)(F)F)c1;Cc1nn(S(=O)(=O)N2CCC(C)CC2)c(C)c1Br
m_d07b86,CC1CC(CNS(=O)(=O)c2cc(F)ccc2F)CCO1;CC(O)C1CCCN(S(=O)(=O)c2cc(F)cc(F)c2)C1;COCC1(NC(=O)c2ccn(-c3ccc(Cl)cc3)n2)CC1;Cc1cc(F)c(S(=O)(=O)NCC2CCOCC2)cc1F;CCN(Cc1ccccc1Cl)C(=O)c1ccc(=O)n(C)n1;Cc1cc(C(=O)N2CCOC(c3ccc(Cl)cc3)C2)n[nH]1;CC=C[C@H](OC(=O)c1ccc([N+](=O)[O-])cc1)[C@@H]1CCC(=O)O1;CCC1CN(C(=O)c2cn(C)cn2)c2cccc(Cl)c2O1;COC(=O)[C@@H]1Cc2[nH]cnc2CN1Cc1ccc(Cl)cc1;O=C(Nc1cccc(Cl)c1)c1ccnn1C1CCOCC1;CCNc1ccc(Cl)cc1C(=O)Nc1c[nH]c(=O)c(C)c1;Cn1cnc(C(=O)N2CCC(Oc3ccccc3Cl)C2)c1;COc1ccc([C@H]2C(C(C)=O)=C(O)C(=O)N2CC(=O)O)cc1;Cc1cc(NC(=O)c2ccc(C(C)C)c(Cl)c2)nc(=O)[nH]1;O=C(CCOCC(F)(F)F)Nc1ccc2c(c1)OCCO2;CN(C)c1ccc(Cl)cc1NC(=O)c1cccn(C)c1=O;CCC(NC(=O)CCS(C)(=O)=O)c1cc(F)ccc1F;COC(=O)Cc1c(C)c2ccc(OCC(N)=O)cc2oc1=O;Cc1c(CC(=O)N[C@@H](C)C(=O)O)c(=O)oc2cc(O)ccc12;CN(C)Cc1cc(NC(=O)c2cc[nH]c(=O)c2)ccc1Cl;O=C(CC1CCCO1)Nc1cnn(-c2ccccc2Cl)c1;COc1ccc2c(C)c(CC(=O)NCC(=O)O)c(=O)oc2c1;CCOC(=O)c1ccc(C/C(=N/O)c2ccc(O)cc2O)o1;O=C(Nc1nnc(-c2ccco2)[nH]1)c1ccc2ccccc2n1;Cc1cc(O)c2c(C)c(CC(=O)NCC(=O)O)c(=O)oc2c1
m_d1e5ef,O=C(CC1OCCc2ccccc21)NCc1ccc(OCc2ccccc2)cc1;O=C(C[C@H](c1ccccc1)c1ccc(O)cc1)NC[C@@H]1OCCc2ccccc21;COc1ccc(C(=O)CCC(=O)N[C@@H](Cc2ccccc2)c2ccccc2)cc1;COc1cc2c(cc1OC)C(Cc1ccc(OCc3ccccc3)cc1)=NCC2;Cc1c(C(=O)NCCc2ccccc2)oc2ccc3c(c12)C=CC1(CCCC1)O3;Cc1ccc(CNC(=O)c2oc3ccc4c(c3c2C)C=CC2(CCCC2)O4)cc1;c1ccc(CCCN2Cc3nc[nH]c3C[C@H]2c2nc(-c3cnccn3)no2)cc1;CCCCC(=O)N(Cc1ccc(-c2ccccc2C(=O)O)cc1)c1ccccc1;COc1cc2c(cc1OC)CN(C(=O)C(c1ccccc1)c1ccccc1)CC2;O=C(CC(c1ccccc1)c1ccccc1)N1CCOC(c2cccc(O)c2)C1;Cn1cc(Cl)c(CNC(=O)N2CCC3(CCN(Cc4ccccc4)C3)C2)n1;Cc1ccccc1C1CC(N(C(=O)C2CC23CCS(=O)(=O)CC3)C2CC2)C1;CCCCCCCC(C)NC(Cc1ccc(OP(=O)(O)O)cc1)C(=O)O;CC[C@H]1CN(S(=O)(=O)c2c(C)noc2C)CC[C@H]1CC(=O)N(C)CCO;CCCCCCCCCNC(Cc1ccc(OP(=O)(O)O)cc1)C(=O)O;CC[C@@H]1CN(S(=O)(=O)c2c(C)noc2C)CC[C@H]1CC(=O)NCCOC;COc1c(-c2c(C)cc(OC)c3c(OC)cccc23)ccc2cc(C)nc(C)c12;CN(C)CCN(C)[C@@H]1[C@H](O)[C@H](CO)O[C@@H]1CNS(=O)(=O)c1ccccc1;O=C(c1cn(C2CCNCC2)nn1)N(Cc1ccccc1Cl)C1CCCC1;Cc1nc(C(=O)N(C)C)nc(N2CCC(NCc3ccccc3Cl)C2)c1C;Cc1nc(C(=O)N(C)C)nc(N2CCC(NCc3ccc(Cl)cc3)C2)c1C;O=C(c1ccc(N2CCN(c3ncccn3)CC2)nn1)N1CCc2ccccc21;CCn1cc(/C=C2\Oc3c(ccc(OCC=C(C)C)c3C)C2=O)c2ccccc21;Cc1nc(C(=O)N(C)C)nc(N2CCC(NCc3cccc(Cl)c3)C2)c1C;COc1ccc(C(=O)c2cn(CCCCCO)c3ccccc23)c2ccccc12
m_d1ecad,CCc1nnc2n1CC(NC(=O)CCc1ccc3c(c1)OCO3)CC2;CCOc1ccc(CC(CNC(=O)Nc2cccnc2)C(N)=O)cc1;Cn1cnnc1C1CCN(C(=O)Cc2ccc3c(c2)OCCO3)CC1;Cn1cnnc1C1CCCN(C(=O)Cc2ccc3c(c2)OCCO3)C1;COc1ccc(CN2C(=O)CO[C@H]3CN(Cc4ncc[nH]4)C[C@H]32)cc1;COc1cccc(C(=O)NC2CCC(=O)NC2c2ccnn2C)c1C;CNC(=O)C1CN(Cc2cccc3c2OCO3)CC1c1cnn(C)c1;Cn1ccc(N2CCCC(NC(=O)C(O)Cc3ccccc3)C2=O)n1;CCOc1ccc(CC(CNC(=O)c2cnc(C)cn2)C(N)=O)cc1;CC/C=C/CC1=C(C)C(O[C@@H]2O[C@H](CO)[C@@H](O)[C@H](O)[C@H]2O)CC1=O;COc1ccc(CCC(=O)NC2CCN(c3cnn(C)c3)C2=O)cc1;COc1cc(CCCO)ccc1OC1OC(CO)C(O)C(C)C1O;CC1=C(C/C=C\CCO[C@@H]2O[C@H](CO)[C@@H](O)[C@H](O)[C@H]2O)C(=O)CC1;COc1ccccc1OCCNC(=O)CN1CCc2cncnc2C1;CC(C)c1nnc2n1CC(NS(=O)(=O)CC1CCCCO1)CC2;COC1CC(c2ncn[nH]2)N(C(=O)c2ccc(OCC3CC3)cc2)C1;Cc1ccc(C)c(OCC(=O)N2CCN(c3cnn(C)c3)C(=O)C2)c1;COc1ccnc(N2CCN(C(=O)c3cc(C)ccc3OC)CC2)n1;COc1cc2c(cc1OC)CN(C(=O)CCNc1ncccn1)CC2;CCOc1ccc(CC(CNC(=O)Nc2ccncc2)C(N)=O)cc1;COCc1ccccc1C(=O)NC1CC(=O)N(C)C1c1ccnn1C;CCOc1ccccc1C(=O)NC1CC(=O)N(C)C1c1ccnn1C;COc1ccc(C(=O)N2CC(OC)CC2c2ncn[nH]2)cc1C1CC1;O=C(c1ccc(OCC2CC2)cc1)N1CCC(O)(Cn2ccnn2)C1;Cc1cc(C(=O)OC(C)(C)C)cc(C(=O)N2CCn3cnnc3C2)c1
m_d258c4,CC1CN(CC(=O)N2CCC(C(=O)N3CCCC3)CC2)C(C)CO1;CCNC[C@H]1O[C@H](Cc2cc(CN3CCCCC3)on2)CC[C@@H]1O;CC1CCCCN1C(=O)CN1CCN(C(=O)C2CCOCC2)CC1;CN(C)C[C@H]1O[C@H](Cc2cc(CN3CCCCC3)on2)CC[C@@H]1O;C[C@H]1C[C@@H]2[C@@H](CC(=O)N2CCN2CCOCC2)[C@@H]1CNC1COC1;CC[C@H](O)[C@@H]1C=CC[C@@H]2CC(=O)NCCCCN(C=O)CCCN21;CC[C@H](O)[C@@H]1CC=C[C@@H]2CC(=O)NCCCCN(C=O)CCCN21;O=C(O)C[C@@H]1CCN(C(=O)C2CCC2)C[C@@H]1CCN1CCNCC1;CN1C[C@H](NC(=O)C(C)(C)C)CCC[C@@H](C(=O)NC2CC2)CC1=O;CCN(CC)C(=O)[C@@H]1CCC[C@@H](NC(=O)C2CC2)CN(C)C(=O)C1;CNC(=O)C1(N2CCC[C@H]2C(=O)NC2CCCCC2)CCOCC1;CC1CCN(C(=O)C2CCN(C(=O)NCC3CCCO3)CC2)CC1;CC(=O)NCC(=O)NCC1CCC(NC(=O)CC2CCCC2)CC1;O=C(CN1CCC(O)C1)NC1CCN(C(=O)C2CCCCC2)CC1;CC[C@@H]1CN(C(=O)c2c(C)noc2C)[C@H](CO)[C@@H]1CN(CC)CC;CC1CCCN1CC(=O)N(C)C1CCN(C(=O)C2CCOCC2)C1;CC(C)C(=O)N1C[C@@H]2COCCN2C2(C1)CN(C(=O)C(C)(C)C)C2;CC(=O)NCC(=O)NCC1CCC(CNC(=O)C2(C)CCC2)CC1;CC(C)C(=O)N1C[C@@H]2COCCN2C2(C1)CN(C1CCOCC1)C2;CC1CCN(CC(=O)N2CCC(C3OCCC3C(N)=O)CC2)CC1;COCCc1nccc(C[C@@H]2[C@@H](CO)[C@H](O)C[C@H]2NCC(C)C)n1;CCOC1CC2(CCN(CC(=O)N3CCCC(NC(C)=O)C3)C2)C1;O=C(CC1CCN(C(=O)NC2CCC(O)CC2)CC1)N1CCCC1;CCCCN1C(=O)[C@@H]2C[C@@H](O)CN2C2(CN(CC(C)(C)C)C2)C1=O;O=C(C1CCCCC1)N1CCC(NC(=O)N2CCCC2CCO)C1
m_d274b6,COc1nc(C)cc(C)c1CNC(=O)NC1CCC2(CC1)CC2(F)F;Cc1ccc(-c2nn(-c3ccccc3)cc2CNCc2ccccc2)cc1;Cc1cc(F)ccc1CNCC1CC(=O)N(C2CC2)C1c1cccnc1;CCc1ccc(NC(=S)NC2CCN(Cc3ccccc3)CC2)cc1;Cc1ccc(F)cc1CNCC1CC(=O)N(C2CC2)C1c1cccnc1;COCC(=O)NC[C@H]1O[C@@H](CO)[C@@H](O)[C@H]1N(C)CCc1ccccn1;CCCNC(=O)N1C2CNCC1C2c1ccc(-c2ccccc2F)cc1;CN(C)CC(=O)N1CC2NC(C1)C2c1ccc(-c2ccccc2F)cc1;c1ccc(-c2[nH]c3ccccc3c2C(c2ccccn2)N2CCCC2)cc1;CC[C@H]1CN2CC[C@H]1C[C@@H]2CNC(=S)Nc1cccc2ccccc12;CCCNC(=O)N1CC2NC(C1)C2c1ccc(-c2cccc(F)c2)cc1;Cc1cccn2c(=O)cc(CNC(c3ccc(F)cc3)C(C)(C)C)nc12;C#CCNC(=O)C[C@@H]1O[C@H](CNC(=O)NC2CCCCC2)[C@@H](O)[C@H]1O;CC(=O)NCCN1CC[C@H]2CN(C(=O)CCC(=O)O)CC[C@H]2CC1=O;O=C(C[C@@H]1C[C@H]2O[C@H](CNC(=O)NC3CCC3)[C@@H](O)[C@H]2O1)NC1CC1;CN1CCN([C@H]2[C@@H]3OCC(O3)[C@@H](NCc3ccc(CO)o3)[C@@H]2O)CC1;C=CCNC(=O)N[C@H]1CO[C@H]2[C@@H]1OC[C@H]2OC(=O)NC1CCCCC1;CC(C)C(=O)N1C[C@@H]2COCCN2C2(CN(C(=O)CCC(=O)O)C2)C1;CC(=O)NC[C@H]1O[C@H](Cc2cc(CN3CCOCC3)on2)CC[C@@H]1O;O=C(c1cc(OCC(F)F)ccn1)N1CCCN(C2CCCC2)CC1;CCC(CC)c1cc(C(=O)N2CCOC(CN(C)CC(=O)O)C2)on1;O=C1C(N2CCC(Nc3ccccc3)CC2)CCN1c1ccccc1F;CCCCCC1OC(O)CC1n1cnc(CC(NC(C)=O)C(=O)O)c1;CC(C)C#CC(=O)N1Cc2cnn(-c3ccc(F)cc3)c2CC(C)(C)C1;CCOC(=O)N1CCC2(CC1)OC(=O)C(C)=C2C(=O)NCCN(C)C
m_d3998e,Cn1cc(Cl)cc1C(=O)N1CCCC(CCC(=O)O)C1;Cn1cc(Cl)cc1C(=O)N1CCCCC1CCC(=O)O;COC(=O)C1(CNC(=O)c2cc(Cl)c[nH]2)CCCCC1;Cc1[nH]nc(SCC(=O)N2CCCCCC2)c1[N+](=O)[O-];COCC1CN(C(=O)c2ccc(Cl)cn2)CC(C)(C)O1;CCN(CC)C(=O)CCC(=O)Nc1cccc(Cl)c1O;COCC1CCN1C(=O)c1cnc(OC(C)C)c(Cl)c1;O=C(CO[C@@H]1O[C@H](CO)[C@H](O)[C@H](O)[C@H]1O)c1ccccc1;O=C1CC[C@@H](C(=O)O)[C@@H]1CC[C@@]1(O)C(=O)CC[C@H]1C(=O)O;Cn1cc(S(=O)(=O)NC2CCC(=O)NC23CCC3)cn1;CC(=O)O[C@@H]1OC(=O)[C@@]2(OC(C)=O)[C@@H](C)CCC(=O)[C@@]12C;CN1CC2C(CCCN2S(=O)(=O)c2ccnn2C)C1=O;COc1ccc(CN2CCCC(O)(C(N)=O)C2)cc1Cl;CC(CCOC(=O)c1ccc(O)c(O)c1)C(O)CC(=O)O;COC(=O)CCCCc1oc(=O)cc(OC)c1C(=O)OC;C[C@H](O[C@@H]1O[C@H](C(=O)O)[C@@H](O)[C@H](O)[C@H]1O)c1ccccc1;COC(=O)c1c(OC)cc(=O)oc1CCCCOC(C)=O;CC(=O)c1cc(C)c(O)cc1O[C@H]1O[C@H](CO)[C@@H](O)[C@H]1O;COC(=O)[C@H](O)C[C@H](OC)c1c(O)ccc(C(C)=O)c1O;CO[C@H]1O[C@@H](COC(=O)c2ccccc2)[C@H](O)[C@@H](O)[C@@H]1O;CC(C)(O)[C@@H]1[C@@H]2OO[C@H]1[C@@]1(O)C[C@H]3O[C@]34C(=O)O[C@@H]2[C@@]41C;COC(=O)[C@@H](C[C@@H](O)c1c(O)ccc(C(C)=O)c1O)OC;COCc1c(O)c(COC)c2c(c1OC)C(=O)OC2OC;CC1(C)C2CN(C(=O)Cn3cc(S(N)(=O)=O)cn3)CC21;Cc1cc(C)cc(O[C@@H]2O[C@H](C(=O)O)[C@@H](O)[C@H](O)[C@H]2O)c1
m_d4c45b,COC(=O)c1ccc(C(=O)NC2CCCCC2OC)s1;CC(C)COC1CCN(C(=O)c2ccc(C(=O)O)s2)C1;CCc1ccc(C(=O)N(CC(=O)O)C2CCOCC2)s1;CC1OCCC1(C)NC(=O)c1ccc(S(C)(=O)=O)cc1;Cc1ccc(C(=O)N(CCC(=O)O)CC2CCCO2)s1;CC1(C)OCCC1NC(=O)c1ccc(S(C)(=O)=O)cc1;CC1CCCCC1OCC(=O)Nc1cc(C(=O)O)cs1;COCc1cccc(S(=O)(=O)N2CC3C(CO)C3C2)c1;CCOC1CC(NC(=O)c2ccsc2)(C(=O)O)C1(C)C;CS(=O)(=O)c1ccc(OCC(=O)NC2CCCC2)cc1;Nc1ncnc2c1ncn2[C@]1(CO)O[C@H](CO)[C@H](O)[C@H]1O;COc1ccc(C)cc1S(=O)(=O)N1CC(O)(C2CC2)C1;CS(=O)(=O)CC1(CNC(=O)c2occ3c2CCC3)CC1;CC1CC(C)CN(S(=O)(=O)c2cccc(C(=O)O)c2)C1;Cc1ccccc1CS(=O)(=O)NC1(C(=O)O)CCCC1;CC(C)C1(S(=O)(=O)NCc2cccc(C(=O)O)c2)CC1;C=CCN(CC=C)S(=O)(=O)c1ccc(OC)c(OC)c1;Cn1c(=O)[nH]c2c(ncn2[C@@H]2O[C@H](CO)[C@@H](O)[C@H]2O)c1=N;COC(=O)c1ccc(CS(=O)(=O)NC2CCCC2)cc1;Cc1ccc(S(=O)(=O)NC2(C(=O)O)CCCCC2)cc1;COC1C(CO)OC(n2cnc3c(=O)nc(N)[nH]c32)C1O;CS(=O)(=O)c1ccc(OCCNC(=O)C2CCC2)cc1;CC(C)CC(CO)NS(=O)(=O)c1cc2ccccc2o1;Cc1ccc(S(=O)(=O)NC2CCC(C(=O)O)C2)cc1C;CCCc1cc(C(=O)N2CCOCC2C(=O)O)sc1C
m_d56a4e,Cc1cncc(C(=O)N2CCCC(n3cncn3)C2)c1;Cc1cncc(C(=O)N2CCCC(n3ccnn3)C2)c1;O=C(Cc1cccnc1)N1CCCC1Cn1ccnn1;COc1ccc(CNCC(OC)(OC)OC)cc1O;Cc1cncc(C(=O)NC2CCCn3nc(C)nc32)c1;CCCc1nc(NC)n2ncc(Cc3ccoc3)c2n1;OCC(O)C(O)C(O)CNCCc1ccc(O)cc1;CCCc1cc(=O)nc(NC(=N)Nc2ccccc2)[nH]1;CN1CC2(CCN(C(=O)c3ccc4nncn4c3)C2)C1;CC(=O)[C@@]1(C)C[C@@H](C(=O)O)N(C(=O)OC(C)(C)C)C1;OCC(O)C(O)C(O)CNCC(O)c1ccccc1;Cc1ccn(-c2ccc(N3CC4CC4(CO)C3)nn2)n1;Cc1[nH]ccc1C(=O)N1CCCC1c1ccc(N)nn1;Nc1nnc(-c2ccccc2O)cc1N1CCNCC1;CC(=O)[C@H](C)C(=O)O[C@H]1CCN2C[C@H](O)[C@@H](CO)[C@H]12;COc1ccnc(N2CCN(c3ccccn3)CC2)n1;c1cn(-c2cc(N3CCC4(CCOC4)C3)ncn2)cn1;Cc1ccn(-c2ccc(NCC3C4COCC34)nn2)n1;O=C(Nc1cccc(-n2cnnn2)c1)C1CCCCC1;Cc1cc(C(=O)N2CCC(N)C2)ccc1-n1cncn1;COc1ccnc(N2CCN(c3cnccn3)CC2)c1;CC#CCNC(=O)c1c(C)nn(C)c1-n1ccnc1C;COc1cc(CCNCC(O)C(O)CO)ccc1O;Cc1cc(-n2cncn2)ccc1C(=O)N1CCNCC1;CCOc1cc(N2CCC(c3ncccn3)C2)ncn1
m_d6c1c0,Cc1nn(C)cc1C1CCCN1C(=O)c1cc2cc(F)ccc2[nH]1;CCn1ncc2c1CCCC2NC(=O)c1cc2cc(F)ccc2[nH]1;Cc1c(C2C(C(=O)N3CCC(F)(F)C3)CC(=O)N2C)cnn1C;O=C(Cc1c[nH]c2cc(F)ccc12)NCc1[nH]nc2c1CCCC2;O=C(NCCc1c[nH]c2ccc(F)cc12)C1CCc2cn[nH]c2C1;CN1C(=O)CCC(C(=O)N2CCC(F)(F)C2)C1c1ccnn1C;C=C(O[C@H]1Cc2c(ccc3ccc(=O)oc23)OC1(C)C)/C(C)=C\C;CC(C)=CCC/C(C=O)=C/COc1cc(=O)oc2cccc(C)c12;CC(C)(O)[C@H]1Cc2c(ccc(C(=O)CCc3ccccc3)c2O)O1;CC(C)=CCC/C(C)=C/Cc1c(O)c2c(C=O)cccc2oc1=O;CCCN(CCC)c1nc(SC)nc(-c2ccccc2)c1C#N;CC(C)=C[C@H]1C/C(=C/COc2cc(=O)oc3cccc(C)c23)CO1;N#Cc1cc(F)ccc1CN1CCCC(c2noc(C3CC3)n2)C1;Cc1nnc(C2CC23CCN(Cc2cc(C#N)ccc2F)CC3)o1;C=C(C)/C=C/C/C(C)=C/COc1ccc2ccc(=O)oc2c1OC;CCCCCOC(=O)c1ccccc1C(=O)OCc1ccccc1;CN1C(=O)CCC(C(=O)N2CCC(F)(F)C2)C1c1nccn1C;CCCCOC(=O)c1ccccc1C(=O)OCCc1ccccc1;Cc1cc2c(O)c3c(c(O)c2o1)[C@@]1(C)CC[C@H]2C[C@@]2(C)[C@@H]1CC3=O;O=C(c1ccc(N2CCCC2)nn1)N1CCCc2ccc(F)cc21;CC(C)=CC=CC=CC=CC=CC(=O)Oc1cc(C)cc(O)c1O;COc1cc(C=Cc2cc(O)cc(OCC=C(C)C)c2)ccc1O;COc1cc(C=Cc2ccc(O)cc2O)cc(O)c1C=CC(C)C;CC(C)(C)c1cn2nc(C(=O)NCc3ccccc3F)ccc2n1;COc1cc2cc(c1O)-c1cc(ccc1O)CCC(=O)CCCC2
m_d74296,COC(=O)C(NC(=O)CC(C)c1c[nH]c2ccccc12)c1ccc2c(c1)CCO2;CC1(C)CC(=O)c2ccc(OCC(=O)NCCc3c[nH]c4ccccc34)cc2O1;COC(=O)[C@H](Cc1ccccc1)NC(=O)CCn1cc(C(C)=O)c2ccccc21;COc1ccc2[nH]c3c(c2c1)CN(C(=O)Cc1ccc2c(c1)OCCCO2)CC3;CSCCC(NC(=O)C(CC(=O)O)NC(=O)C(N)CCCCN)C(=O)O;CSCCC(N)C(=O)NC(CC(=O)O)C(=O)NC(CCCCN)C(=O)O;COc1cc2c(cc1OC)CN(C(=O)Cn1cc(C(C)=O)c3ccccc31)CC2;CSCCC(NC(=O)C(CCCCN)NC(=O)C(N)CC(=O)O)C(=O)O;COc1cc2c(cc1OC)CC(=O)N(CC(=O)N1CCc3ccccc3C1)C=C2;CC(=O)CCCC(=O)N(CCc1c[nH]c2ccccc12)C(=O)c1ccccc1O;CSCCC(N)C(=O)NC(CCCCN)C(=O)NC(CC(=O)O)C(=O)O;COc1cc2c(cc1OC)CC(=O)N(Cc1ccc(N3CCCC3=O)cc1)C=C2;COC(=O)[C@H](Cc1ccccc1)NC(=O)c1cn(C(C)C)c(=O)c2ccccc12;CCOC1COCCC1CC(=O)NC(Cc1c[nH]c2cc(F)ccc12)C(=O)O;Cc1oc2cc(OCC(=O)N3CCN(C)CC3)ccc2c(=O)c1-c1ccccc1;C=C(C)COc1ccc(C2N[C@H](C(=O)O)Cc3c2[nH]c2ccccc32)cc1OC;CSCCC(NC(=O)C(N)CCCCN)C(=O)NC(CC(=O)O)C(=O)O;Cc1cc(=O)oc2cc(OCC(=O)N3CCN(Cc4ccccc4)CC3)ccc12;NC(=O)C1CCN(CCOc2ccc3c(=O)c(-c4ccccc4)coc3c2)CC1;Cc1ccc2c(-c3cc4c(CNCCCO)cnc(C)c4o3)cc(=O)oc2c1C;NC(=O)C1CCN(CCOc2ccc3cc(-c4ccccc4)c(=O)oc3c2)CC1;Cc1coc2c(C)c3oc(=O)c(CCC(=O)NCCn4cccc4)c(C)c3cc12;COCCNCc1cnc(C)c2oc(-c3cc(=O)oc4c(C)c(C)ccc34)cc12;CSCCC(NC(=O)C(N)CC(=O)O)C(=O)NC(CCCCN)C(=O)O;COc1ccc(/C=C/c2cc(/C=C/c3ccc(OC)c(OC)c3)[nH]n2)cc1OC
m_d7ad1b,COCCn1c(SCc2ncc(-c3ccccc3)o2)nc2sc3c(c2c1=O)CCC3;O=C(C[C@@H]1NC(=O)c2ccccc2NC1=O)NCCc1nc(-c2ccccc2Cl)no1;Cc1cc(=O)oc2c1cc(NC(=O)c1ccccc1)c1occ(OC(=O)c3ccccc3)c12;O=C(Nc1ccc2n(c1=O)C[C@H]1C[C@@H]2CN(C(=O)Cc2cccs2)C1)c1cccs1;Cc1ccc(/C=C2\Oc3c(ccc4c3C(c3cc5ccccc5[nH]c3=O)CC(=O)O4)C2=O)o1;COc1ccc(S(=O)(=O)Nc2ccc(-n3c(C)nc4ccccc4c3=O)cc2)cc1F;Cc1ccc2c(-c3oc4ccccc4c3NC(=O)c3ccc4c(c3)OCO4)cc(=O)oc2c1;COc1ccc(-c2csc3ncnc(NC(C)c4ccc(S(C)(=O)=O)cc4)c23)cc1;CSCCC(NC(N)=O)C(=O)N1CCN(c2ncc(C(F)(F)F)cc2Cl)CC1;C[C@H](O)[C@]12O[C@@]13c1cc(O)c4c(c1N[C@@H]2C#CC=CC#C[C@@H]3O)C(=O)c1ccccc1C4=O;COc1ccc(C)cc1NS(=O)(=O)c1ccccc1-c1nc(-c2ccc(F)cc2)no1;NC(=O)C1CCN(c2nnc(-c3cccc(Br)c3)n2Cc2ccccc2)CC1;COCC1(c2noc(C3CCCN3C(=O)c3cc(Cl)cc(Cl)c3)n2)CCOCC1;O=C(Nc1ccn(Cc2ccncc2)n1)N1CCC(c2ccccc2Br)CC1;O=C(O)C(=O)c1cn(Cc2ccccc2)c2ccc(-c3ccc(OC(F)(F)F)cc3)cc12;CC(C)n1c(=O)[nH]c2cc(-c3noc(CN4C(=O)COc5ccc(Cl)cc54)n3)ccc21
m_d7ecc5,CCOC(=O)c1cc(NC(=O)C(CC)OC)c2ccccc2n1;CCOC(=O)c1cc(NC(=O)COC(C)C)c2ccccc2n1;O=C(O)CCN(C(=O)c1ccc2[nH]ccc2c1)C1CCOCC1;CCOC(=O)COc1ccc2nc3n(c(=O)c2c1)CCCCC3;CCOC1CC1C(=O)NC(Cc1c[nH]c2ccccc12)C(=O)O;Cc1ccc2[nH]cc(CCC(=O)N3CCOC(C(=O)O)C3)c2c1;O=C(O)C1COCCN1C(=O)CCCc1c[nH]c2ccccc12;COC(=O)[C@H](C)NC(=O)CCn1cc(C(C)=O)c2ccccc21;CC(=O)c1cn(CC(=O)N[C@H](C(=O)O)C(C)C)c2ccccc12;CC(=O)c1cn(CCC(=O)NCCCC(=O)O)c2ccccc12;O=C(O)C1CN(C(=O)CCCc2c[nH]c3ccccc23)CCO1;CCn1cc(C(=O)N2CCCC(O)(C(=O)O)C2)c2ccccc21;CC[C@H](C)[C@H](NC(=O)c1cc(=O)[nH]c2ccccc12)C(=O)OC;Cc1cc2ccccc2n1CC(=O)N1CCC(O)(C(=O)O)CC1;O=C1CCCN1Cc1ccccc1CNC(=O)C1(C(=O)O)CC1;CC(=O)N1CCc2cc(C(=O)N3CCC(C)(C(=O)O)C3)ccc21;Cc1cccc2c(CCC(=O)N3CCOCC3C(=O)O)c[nH]c12;Cc1cccc2c(CCC(=O)N3CCOC(C(=O)O)C3)c[nH]c12;N#Cc1ccnc(N2CCC(c3ccc4cccnc4n3)CC2)n1;Cn1ccc2c(C(=O)N(CC(=O)O)C3CCOCC3)cccc21;COc1ccc2[nH]cc(CC(=O)N3CCC(C)(C(=O)O)C3)c2c1;Cc1ccc(CN2CC(C(=O)NC3(C(=O)O)CC3)CC2=O)cc1;COC(=O)C1CCCN1C(=O)c1ccc2c(c1)CCN2C(C)=O;Cc1cccc2[nH]cc(CC(=O)N3CCOC(CC(=O)O)C3)c12;O=C(O)CC1COCCN1C(=O)CCc1ccc2[nH]ccc2c1
m_d86693,Cc1ccccc1Nc1nc(Cn2ccc(C)c(C#N)c2=O)cs1;N#Cc1c[nH]c(C(=O)Nc2cccn(Cc3ccc(F)cc3)c2=O)c1;O=C(Cc1c[nH]c2cc(F)ccc12)Nc1ccc(-c2nnco2)cc1;O=C(Nc1ccccc1)NP(=O)(c1ccccc1)c1ccccc1;Cc1cc(C)c2c(n1)sc1c(=O)n(Cc3cccnc3)c(C)nc12;O=C(Cn1ccc(=NCc2ccccc2)cc1)c1ccc(Cl)cc1;O=C(CNCC(O)c1ccccc1Cl)NCc1ccccc1F;COc1ccc(Nc2nc(-c3c(C)nc4ccccn34)cs2)cc1;O=C1C=CC=CC1=CNNc1ccnc(SCc2ccccc2)n1;CN(CCN1CCOC1=O)c1nnc(Cc2ccc(F)cc2)s1;Cn1cc(C(=O)NCC(C)(C)c2ccc(F)cc2Cl)ccc1=O;CC(=O)Nc1cccnc1NC(=O)c1oc(C2CC2)nc1C(F)F;CCOC(=O)C(C)Sc1nnc2n1CCN2c1ccc(F)cc1;CCCCCc1c(C)[nH]c(SCc2ccccc2Cl)nc1=O;Cc1cc(=O)[nH]cc1C(=O)NC(c1ccc(Cl)cc1F)C(C)C;Cc1noc(C)c1CCC(=O)NC1CC1c1ccc(Cl)c(F)c1;CCS(=O)(=O)NCCNc1c(C#N)cnc2c(C)cc(F)cc12;O=C(NCC1CC(F)CN1Cc1nccs1)c1ncccc1O;CCn1cc(S(=O)(=O)NCCc2c[nH]c3ccc(F)cc23)cn1;CC1(C)OC(=O)C(OCC2CC2)=C1c1ccc(S(C)(=O)=O)cc1;Cc1nc(NC(=O)CC(NC(N)=O)c2ccccc2F)sc1C;Cc1ccccc1NC(=O)CSc1nnc(NCC(C)C)s1;CC1CCN(C(=O)Nc2cnn(CC(F)F)c2)CCS1(=O)=O;CC1CN(C(=O)Nc2cnn(CC(F)F)c2)CCS(=O)(=O)C1;O=C(CC(c1ccccc1)c1ccccc1)Nc1cccnc1Cl
m_d90c36,CCc1n[nH]c(=O)c(CNC(=O)C(C)C(F)(F)F)c1CC;Cc1nn(C)c(C)c1CCC(=O)NCc1ccc(C(=O)O)o1;Cc1nn(C)c(C)c1C(C)C(=O)NCc1ccc(C(=O)O)o1;O=C(C1CC1F)N1CCC(c2nc3c(F)cccc3[nH]2)CC1;CCc1[nH]ncc1C(=O)N1CC(Cc2ccc(F)c(F)c2)C1;Cc1noc(C)c1C(=O)N1CC2(CC(=O)N(CC3CC3)O2)C1;Cc1ncc(C(=O)NCC(C)(O)C(F)(F)F)c(C(C)C)n1;CN(C(=O)c1c2c(nn1C)CCCC2)c1cc(F)ccc1F;O=C(C[C@@H]1NC(=O)N(CCc2ccccc2)C1=O)NCCO;Cc1cc(CNC(=O)c2cc(C(C)(C)C)n[nH]2)oc1C(=O)O;Cc1ncc2n1CC(C(=O)Nc1cccc(C(F)F)c1)CC2;O=C(O)CN1CCCCC(NC(=O)Cc2cccnc2)C1=O;Fc1ccc(-c2nc(CN3CC4CCC(C3)N4)co2)cc1F;COC(=O)[C@H]1CN(C(=O)Nc2ccccc2)CCN1C(C)=O;OC1(C(F)(F)F)CCCN(Cc2nc(C3CC3)no2)CC1;Cc1ccc(N2CCN(C(=O)C3CCC(=O)N3C)CC2=O)o1;CCc1nn(CCC(=O)O)c(=O)n1CCOc1ccccc1;NC(=O)c1ccc(CNC(=O)C(C(=O)O)C2CCCC2)cn1;Cc1nc(Nc2ccc(F)cc2F)cc(C2CCOCC2)n1;CC(C(=O)N1CCC(C(O)C(F)(F)F)CC1)n1cccn1;COC(=O)CCCCC(=O)Nc1cc(-c2ccc(C)o2)n[nH]1;CC(NCC(=O)NCc1cc(F)cc(F)c1)c1ccncc1;CCn1cc(C(=O)NC(c2cc(F)ccc2F)C2CC2)cn1;Cc1cc(CC(=O)NC2(c3ccc(F)cc3F)CCC2)n[nH]1;CCCNC(=O)c1nnc(Cc2ccc(OC)c(OC)c2)o1
m_daf5f1,N#Cc1ccc(NCC2CCN(CCC(=O)N3CCOCC3)C2)nc1;CC(=O)N1CCC(N2CCN3C(=O)N(c4ccccn4)C[C@H]3C2)CC1;CCn1ncnc1CNC(=O)N1CCC(c2ccccc2)C(CO)C1;CC(NC(=O)NCc1ccc(OC2CCCCC2)cc1)c1nc[nH]n1;Cc1cn2nc(NC3CCN(C(=O)CC4CCCCO4)C3)ccc2n1;CC(O)C1CCN(C(=O)NC2CCN(c3ccc(C#N)cn3)CC2)C1;CCc1nc(C)cc(N2CCC3CN(C(=O)C4CCC(=O)N4)CC32)n1;N#Cc1ccc(N2CCC(NC(=O)N3CCC(CO)CC3)CC2)nc1;CCCc1nc(C)c(C(=O)N2CCCC2c2ccc(N(C)C)nn2)o1;CCCCN(C)C(=O)c1nc(-c2ccnc(N3CCCCC3)c2)no1;CCn1cnnc1CNC(=O)NCc1ccc(OC2CCCC2)cc1;Cc1ccc(C2CC(C)N(C(=O)NCc3nc(N(C)C)no3)C2)cc1;CC(Cn1cncn1)NC(=O)N1CCOC(CCc2ccccc2)C1;Cn1cnnc1CNC(=O)CC1(O)CCCN(Cc2ccccc2)C1;CC(C)C(NC(=O)CCCNC(=O)C1CC1)c1nnc2ccccn12;CC1CN(C(=O)CN2CCC(CNc3ccc(C#N)cn3)C2)CCO1;CC(C(=O)N1CCOCC1)N1CCC(CNc2ccc(C#N)cn2)C1;CCn1cnnc1CNC(=O)N1CCOC(CCc2ccccc2)C1;CCc1c[nH]c2ncnc(N3CCC(C(=O)N4CCOCC4)CC3)c12;Cc1cc(C)nc(-n2nc(C)c(CC(=O)NCC3CCCO3)c2C)n1;Cc1noc(C)c1C(C)NC(=O)N1CCN(Cc2ccccn2)CC1;Cn1nncc1CNC(=O)CC1(O)CCCN(Cc2ccccc2)C1;Cc1cc(N2CCC(N(C)C(=O)c3c(C)noc3C)CC2)nc(C)n1;CC(C)(C)c1cnc(CN2CCC(C(=O)Nc3ncccn3)CC2)o1;CCC1OC1(C)[C@H](OCOC)[C@@H](C)C(=O)N1C(=O)OC[C@@H]1C(C)C
m_db2018,CN(Cc1ccc(O)cc1)C(=O)Cc1c[nH]c2ncccc12;O=C(Cc1c[nH]c2ncccc12)Nc1ccc(CCO)cc1;COc1ccccc1CCNC(=O)c1ccc2cn[nH]c2c1;COc1ccc(CNC(=O)Nc2cccc3[nH]ccc23)cc1;O=C(c1ccoc1)N1CCC(c2nc3ccccc3[nH]2)CC1;COc1ccc(C(=O)N(CCC#N)Cc2ccccn2)cc1;Cc1ccc(C)c(-n2ncc(NC(=O)c3ccco3)c2C)c1;Cc1occc1C(=O)Nc1ccc2c(c1)nc(C1CC1)n2C;O=C(c1ccoc1)N1CCCC(c2nc3ccccc3[nH]2)C1;c1ccc(CN2CC[C@H](c3nnc(-c4ccco4)o3)C2)cc1;Cc1nn(CCOc2ccccc2)c(=O)n1-c1ccccc1;Cc1cccn2cc(CCNC(=O)c3cccc(O)c3)nc12;Cc1cc(C)n(-c2ccccc2CNC(=O)c2ccco2)n1;COc1ccc(C(=O)NCCc2nc3ccccc3[nH]2)cc1;N#Cc1cc(C(=O)NCC2CCOC2c2ccccc2)c[nH]1;N#Cc1ccc(C(=O)NCC2CCOC2c2ccccc2)[nH]1;c1ccc(COc2ccc(OCCn3cncn3)cc2)cc1;CCc1ccc(C(=O)NCc2cnn(-c3ccccc3)c2)o1;COc1ccccc1C(=O)NC(C)c1nc2ccccc2[nH]1;COc1cccc(C(=O)NCCc2nc3ccccc3[nH]2)c1;O=C(c1ccco1)N1CCN(c2cccc3[nH]ccc23)CC1;COCCN(CC(=O)OC)Cc1nc2c(F)cccc2[nH]1;CNS(=O)(=O)Cc1ccc2[nH]cc(CCN(C)C)c2c1;CC(C)c1ccc(OCc2nc(-c3cccnc3)no2)cc1;Cc1ccccc1-c1cc(NC(=O)c2ccoc2C)n(C)n1
m_db2c0e,O=C(CCc1nc(-c2ccsc2)no1)Nc1ncccc1O;Cc1[nH]n(-c2nc(-c3cccc([N+](=O)[O-])c3)cs2)c(=O)c1C;CC1CNCCN1C(=O)c1cc(S(C)(=O)=O)ccc1Cl;COc1ccc(-c2nnc(NC(=O)c3cc(C)on3)s2)cc1;Cc1ccc(C(=O)NCc2nc(-c3ccsc3)no2)c(=O)[nH]1;CCC(=O)N1CCN(S(=O)(=O)c2cccc(Cl)c2)CC1;CC(=O)N1CCN(S(=O)(=O)c2cc(Cl)ccc2C)CC1;Cc1occc1C(=O)Nc1nc(-c2c[nH]c(C(N)=O)c2)cs1;Cc1c(Cl)cccc1S(=O)(=O)NCC1(C)CCC(=O)N1;COc1ccc(-c2nnc(-c3ccc(Cl)cc3)o2)cc1OC;Cc1cccc(Cl)c1S(=O)(=O)N1CCCNC(=O)C1C;N#Cc1ccccc1NC(=O)Nc1ccc(S(N)(=O)=O)cc1;CSCC[C@H](NC(=O)Nc1ccc(C)c(Cl)c1)C(=O)O;Cc1ccc2c(c1)Oc1ccc(NC(=O)CCl)cc1C(=O)N2;Cc1ccc(NC(=O)Cn2c(=O)oc3ccccc32)cc1Cl;COc1cc(NC(=S)N2CCOCC2)c(OC)cc1Cl;O=C(Cn1c(=O)oc2ccccc21)NCc1ccc(Cl)cc1;COc1cc(C)c2c(N)c(C(=O)c3ccc(Cl)cc3)oc2n1;CC(NCc1cccc(Cl)c1)=C1N=C(c2ccco2)OC1=O;CN1C(=O)[C@@H]2C=C[C@H]1[C@H]1C(=O)N(c3cccc(Cl)c3)C(=O)[C@@H]12;CCS(=O)(=O)c1ccc(Cl)c(C(=O)N2CCC(N)C2)c1;O=C(OCC(=O)N1CCc2ccccc21)c1cccnc1Cl;O=C(Cc1ccccc1Cl)NCc1cc(-c2ccco2)on1;Cc1c(Cl)cccc1NC(=O)Cn1c(=O)oc2ccccc21;CNS(=O)(=O)CC1CCCN1C(=O)c1cccc(Cl)c1
m_dbd1b2,CCn1cnnc1C1CN(C(=O)COc2ccccc2F)CCO1;CC(Oc1cccc(F)c1)C(=O)N1CCOC(c2nncn2C)C1;CN(CC1OCCC1c1ncn[nH]1)C(=O)COc1ccccc1F;CCn1cnnc1C1CN(C(=O)CCCc2cccs2)CCO1;Cc1ccc(CCCC(=O)N2CCOC(c3nncn3C)C2)s1;Cc1noc(C2CN(C(=O)COc3ccccc3F)CCN2C)n1;CCCc1n[nH]c(C2CN(C(=O)CCc3ccsc3)CCO2)n1;COC1CN(C(=O)CCOc2ccccc2F)CC1c1c[nH]nn1;Cc1ccc(F)c(OCC(=O)N2CCC(c3nc(=O)[nH][nH]3)CC2)c1;COC1CC(c2ncn[nH]2)N(C(=O)CCOc2ccc(F)cc2)C1;O=C(COc1cccc(F)c1)N1CCCC(O)(Cn2ccnn2)C1;Cc1nc(CN2CCN(C(=O)COc3ccccc3F)CC2)no1;COc1cc(C(=O)N2CCCC(O)(Cn3ccnn3)C2)ccc1F;Cc1nc(CNC(=O)NCC2CCOC2c2ccc(F)cc2)no1;COc1ccc(F)cc1CC(=O)N1CC(OC)CC1c1ncn[nH]1;O=C(CCOc1ccc(F)cc1)N1CCC(O)(Cn2ccnn2)C1;CCc1ccccc1S(=O)(=O)N1CCC(c2nncn2C)CC1;CCOc1c(F)cccc1C(=O)N1CCC(O)(Cn2ccnn2)C1;COc1ccc(C(=O)N2CCCC(O)(Cn3ccnn3)C2)cc1F;COc1cccc(C(=O)N2CCCC(O)(Cn3ccnn3)C2)c1F;CC(C)(C)n1cnc(C(=O)NCC(C(=O)O)c2ccc(F)cc2)n1;COc1ccc(F)cc1C(=O)N1CCCC(O)(Cn2ccnn2)C1;CCc1cccc(S(=O)(=O)NCc2nnc(C3CCC3)n2C)c1;Cc1nonc1CNC(=O)N1CC(C)OC(c2ccc(F)cc2)C1;COC1CC(CO)N(C(=O)c2cn(Cc3cccc(F)c3)nn2)C1
m_dbd5d0,O=C(NCC(=O)N1CC2CNCC2C1)c1cnc2ccccc2c1O;COc1nc(C(=O)N2CCC3C(C2)NC(=O)N3C)cc2ccccc12;CN1CCN(C[C@@H]2OC[C@H](NC(=O)Nc3cccs3)[C@H]2O)CC1;COc1ccc2c(c1)[nH]c1c(=O)n(CCCN3CCCC3=O)cnc12;CC(CCc1ccc(O)cc1)NC(=O)c1cnc2c(cnn2C)c1O;CCCN1CCCC1CNC(=O)c1cc(S(N)(=O)=O)cnc1C;CC(=O)OC/C(=C\[C@@H]1[C@@H](C(C)C)CC[C@@]2(O)COC(=O)[C@@H]12)C(=O)O;C=C(CCO)C(=O)O[C@H]1C=C(CO)C(=O)[C@H](OC(C)=O)[C@H]1C(C)C;CC(C)c1nnc(C2CN(C(=O)c3ccc4cc[nH]c4c3)CCO2)o1;Cc1noc(CC2(O)CCCN(C(=O)c3cccc4cc[nH]c34)C2)n1;CN1CCCC(NC(=O)NCCc2ccc(S(N)(=O)=O)cc2)C1;CC(=O)O[C@@H]1C=C(CO)C(=O)[C@@H](OC(=O)/C(C)=C/CO)[C@@H]1C(C)C;CCC(NC(=O)c1cnc2c(cnn2C)c1O)c1ccc(OC)cc1;CC(=O)O[C@H]1C[C@@H](O)[C@@]2(C)C[C@@]3(O)OC(=O)C(C)=C3[C@H](O)[C@@H]2[C@H]1C;COCCn1c(SC(C)C(=O)NC(=O)NC2CC2)nc(C)c1C;CCn1c(=O)[nH]c(O)c(C2c3[nH]c4ccccc4c3CCN2C)c1=O;CC(C)Nc1ncccc1C(=O)N1CCN(S(C)(=O)=O)C(C)C1;COc1ncccc1C(=O)NCC1CC(=O)N(C)C1c1cccnc1;CCN1CCN(C(=O)NCc2ccc(CS(N)(=O)=O)cc2)CC1;CC[C@@H](C)C(=O)OCc1ccc([C@@](O)(CO)COC(C)=O)c(O)c1;CCN1CCc2c([nH]c3ccccc23)C1c1c(O)[nH]c(=O)n(C)c1=O;CCc1cc(Cl)c(OC)c(C(=O)NCC2CCCN2CC)c1O;COc1ncccc1C(=O)NCC1CC(=O)N(C)C1c1ccncc1;CN1CCc2c([nH]c3ccccc23)C1c1c(O)n(C)c(=O)n(C)c1=O;Cc1noc(C(NC(=O)c2ccc(C#N)cc2C)C2CCOCC2)n1
m_dc5eb2,CC(NC(=O)c1ccoc1)C(=O)NC1CCCCCCC1;CC1CCC(C)(NC(=O)C(C)NC(=O)c2ccoc2)CC1;CCC(C(=O)NC1CCCCC1)N(C=O)Cc1ccco1;CC(NC1CCN(C(=O)c2ccco2)CC1)C1CCCO1;COCc1ccc(CN2CCCCC2C2CNC(=O)C2)o1;Cc1noc(C2CC2)c1C(=O)NCC(O)C1CCCCC1;COC(=O)c1cc(C(=O)N2CC(C(C)C)C2C(C)C)c[nH]1;CC[C@H]1CN(C(C)=O)CC[C@H]1CC(=O)NCc1ccco1;CCCC1(C)CCCN(C(=O)c2c[nH]c(C(=O)OC)c2)C1;Cc1cccc(C(=O)NC(CO)CN2CCCCC2)c1O;Cc1coc(C(=O)N2CCCC(NC(=O)C(C)C)C2)c1C;CCCCCCCCCC(=O)Nc1ccc([N+](=O)[O-])cc1;CCN1CCN(C(=O)c2cc(C)oc2C)CC12CCOC2;COc1cc(CCC(=O)N2CC(C)(C)C3CCCC32)on1;CCCCCC(C)Nc1ccc(C(=O)NCC(=O)O)cc1;CCCCCCCNc1ccc(C(=O)NCC(=O)O)cc1;CCCC1(COC)CCCN1C(=O)c1ccc(=O)n(C)c1;CCN1CCCC1CNC(=O)c1ccc(OC)c(OC)c1;O=C1CCC(=O)N1CCC(=O)N1CCCC1C1CCCC1;CC1(C)[C@H](Cc2cc(CO)on2)C[C@@H]1NC(=O)C1CCC1;COCCN(C(=O)c1cc(C)nc(O)c1)C1CCC(C)C1;OCc1cc(CC2(N(CC3CC3)CC3CC3)COC2)no1;CC(C)COC1CCN(C(=O)c2ccc(=O)n(C)c2)CC1;CC1(C)CCCC1(CO)NC(=O)CCn1ccccc1=O;CCOC(=O)c1[nH]c(C)c(C(=O)N2CCCC(C)C2)c1C
m_dc7be7,O=C(c1ccc(-n2cncn2)nc1)N1CC2(CCCC2)c2ccccc21;N#Cc1cccnc1N1CCCN(C(=O)c2c[nH]c3ccccc23)CC1;Cc1cc(NCCN2C(=O)Cc3ccccc32)nc(-c2ccncc2)n1;Cc1cc(C)c2nc(C3CC3)cc(C(=O)Nc3nn(C)cc3C#N)c2c1;CCSC1CCC(NC(=O)NCc2cccc(-n3cncn3)c2)C1;CSC1CCCCC1NC(=O)NCc1cccc(-n2cncn2)c1;COc1cc(CCC(=O)NCCc2ccc(O)cc2)cc(OC)c1O;N#Cc1ccccc1N1CCCN(C(=O)c2cccc3cn[nH]c23)CC1;c1cncc(-c2nnc([C@H]3CCN(Cc4c[nH]c5ccccc45)C3)o2)c1;CC1CCCCC1NC(=O)CSCc1nnnn1-c1ccccc1;c1ccc2ncc(CNC[C@H]3COCc4nc5cccnc5n43)cc2c1;CN(C)c1ccc(N=Nc2ccc(NC(=O)c3ccccn3)cc2)cc1;N#Cc1cc(C(=O)N2CCCCC2c2nc(-c3ccccc3)c[nH]2)c[nH]1;CC(CNC(=O)c1ccc(-n2ncc(C#N)c2N)cc1)c1ccccc1;CC(NC(=O)N1CCSC(C)(C)C1)c1cccc(-n2cncn2)c1;Cc1nccc(C2CCCN(c3ncnc4c3oc3ccccc34)C2)n1;COc1c2c(cc3c1[C@@H](OC)N1CC[C@]34C=C[C@H](OC)C[C@@H]14)OCO2;Cc1nc2ncnn2c(NCc2ccc(COCCO)c(F)c2)c1C;CC1CCC(NC(=O)CSCc2nnnn2-c2ccccc2)CC1;COc1nc2ccccc2cc1CNc1cccc(Cn2cnnc2)c1;COC1=CC(/C=C/C(=O)NCCc2ccc(O)cc2)CC(OC)=C1O;CSCCc1ccccc1NC(=O)C1Cn2c(C)nnc2CN1C;Cc1cc(NC(=O)NCC(=O)NCC2CC2)nn1-c1cccc(F)c1;COc1cc(CC2NCCc3cc(O)c(O)cc32)cc(OC)c1OC;CC(C)(C)c1nc(C(=O)NCc2nnc(C3CC3)n2C2CC2)cs1
m_dd5487,N#CCCCOc1cccc(CNCC2CCCn3ccnc32)c1;CN1CCN(C(=O)c2ccc3c(c2)CCC3)CC1c1nccn1C;CCCn1c(C(=O)NC(C)c2cn(C)nc2C)cc2ccccc21;CN1CCN(C(=O)C2(c3ccccc3)CC2)CC1c1nccn1C;O=C(CCc1ccccc1)N1CCC(c2nncn2C2CC2)CC1;CCn1cc(C(=O)NCC(C)Cn2ccnc2C)c2ccccc21;CCc1nc(C)cc(N(C)Cc2ccc(C(=O)NC3CC3)cc2)n1;CCn1cc(CCN2CC(F)CC2C(=O)N2CCOCC2)cn1;Cc1nn(C(C)(C)C)cc1C(C)NC(=O)N(C)C1CCSC1;Cn1ccnc1C(NCc1cccc2[nH]ccc12)C1CCOCC1;CN1CC(NC(=O)C2Cc3ccccc3C2)C(c2cncn2C)C1;Cn1nc2c(c1C(=O)N1CCC(Nc3ccccc3)C1)CCCC2;CC1Cc2ccccc2N1C(=O)CN1CCCC1c1cnn(C)c1;NC(=O)c1ccc(CN2CCCC2c2nc3c([nH]2)CCCC3)cc1;CCC(CC)n1ncc(C(=O)NC(CC#N)c2ccccc2)c1C;Cn1cc(C2CCCN2CC(=O)N2CCCc3ccccc32)cn1;O=C(CCN1CCCC1Cn1cccn1)N1CCc2ccccc21;Cc1cccc(NCC2CCN(Cc3cccc(C(N)=O)c3)C2)n1;O=C(NCc1ccc(C2CC2)cc1)N1CCC(c2c[nH]cn2)CC1;CN1CCN(C(=O)c2cccc3c2CCC3)CC1c1nccn1C;O=C(NCc1ccc(C2CC2)cc1)N1CCC(c2ccn[nH]2)CC1;Cc1nn(C)c(C)c1C1CCCN1C(=O)C1CC1c1cccnc1;CC1C(=O)C=C2CCCCC2C1CCC(O)CC(O)CC(=O)O;C[C@H]1C=CC2=CCC[C@H](O)[C@@H]2[C@@H]1CC[C@@H](O)C[C@@H](O)CC(=O)O;CCC/C=C/C=C/CCC[C@@]1(OC)C=C[C@H](CC(=O)OC)OO1
m_de93b1,Cc1ccc(S(C)(=O)=O)cc1S(=O)(=O)N(C)CC1(O)CCC1;COc1cc(C)c(S(=O)(=O)NCC2(S(C)(=O)=O)CC2)cc1C;COc1cc(C)c(S(=O)(=O)NC2CCCS(=O)(=O)C2)c(C)c1;COCc1ccc(S(=O)(=O)N2c3ccccc3CC2C(=O)O)cc1;COc1ccccc1Oc1cc(C(F)(F)F)nc(-c2cccnc2)n1;O=C(NCc1cccc(C(F)(F)F)c1)c1cc(-c2cccnc2)on1;CC(C)(C)c1sc(C(=O)O)cc1S(=O)(=O)N1CCCC1CO;O=S(=O)(Cc1nc(C2CC2)n[nH]1)c1nccn1-c1cccc(F)c1;COC1CCN(S(=O)(=O)c2cc(C(=O)O)sc2C(C)(C)C)C1;Cc1cc(NC(=O)c2cc(-c3cccnc3)on2)cc(C(F)(F)F)c1;Cc1cc(C)c(S(=O)(=O)NCC[S+](C)[O-])c(C)c1CC(=O)O;COCc1nsc(N2CCN(c3nc4ccccc4s3)CC2)n1;O=C(NC(c1ccccc1)C(F)(F)F)c1cc(-c2cccnc2)on1;Cn1cc(C=Cc2cc(C(=O)O)c3ccc(F)cc3n2)c(C(F)F)n1;CC(CC(=O)NCC(C)(O)C(=O)O)S(=O)(=O)c1ccc(F)cc1;CCS(=O)(=O)c1ccc(O)c(NC(=O)c2ccc3c(c2)CCO3)c1;O=C(c1cc2ccccc2oc1=O)N(C1CC1)C1CCS(=O)(=O)C1;COCc1cc(NC(=O)c2cc3c(s2)CCOC3)cc(C(=O)O)c1;O=C(O)c1ccccc1CCNS(=O)(=O)c1ccc2c(c1)CCO2;CN1CC(NC(=O)NCc2cc(Cl)ccc2OC(F)F)CC1=O;COC(=O)/C(=N\S(=O)(=O)c1ccc(C)cc1)c1cccc(OC)c1;CC(C(=O)Nc1ccc(OC(F)F)cc1OC(F)F)n1ccnc1;CC(C)(C)c1nnc(CSCc2csc(-c3ncccn3)n2)o1;Cc1c(NS(=O)(=O)c2ccc3c(c2)CC(C)O3)cccc1C(=O)O;Cc1nnc(SCc2ncc(-c3cccc(F)c3)o2)n1CC(N)=O
m_ded5eb,CCn1nc(C(=O)N2CCC(OC)CC2)c2ccccc2c1=O;Cc1cccc(-n2cc(O)c(C(=O)N(CCO)C3CC3)n2)c1C;COC(=O)c1ccc2c(c1)nc1n2[C@@H](CNC2CCC2)COC1;CN(C(=O)c1ccc(NCc2ccon2)cc1)C1CCOCC1;COc1ccc2c(c1)[nH]c1c(=O)n(CCCOC(C)C)cnc12;CC(Cn1ncc2ccccc2c1=O)NC(=O)C1(O)CCCC1;C[C@@H](NCC1CCCC1)c1onc(-c2cccnc2)c1C(=O)O;CC1COCCN(C(=O)c2ccccc2Oc2cnn(C)c2)C1;COc1ccc2[nH]cc(CCNC(=O)C3CCCNC3=O)c2c1;COc1ccccc1-c1cc(C(=O)N(C)CC2(CO)CC2)[nH]n1;CC(CC1CC(COCCC(C)C)OC1=O)=NNC(N)=S;O=C(c1ccc2cccnn12)N1CCOC2(CCOCC2)CC1;C[C@H](O)c1onc(-c2cccnc2)c1C(=O)NC1CCCCC1;Cn1nc(C(=O)N(CC(=O)O)C2CCCCC2)c2ccccc21;CCCCNC(=O)COc1ccc2nc3n(c(=O)c2c1)CCC3;CC[C@H](C)NC(=O)COc1ccc2nc3n(c(=O)c2c1)CCC3;CC(C)CNC(=O)COc1ccc2nc3n(c(=O)c2c1)CCC3;Cc1cc(C(=O)N[C@H]2[C@H](O)[C@H](O)C[C@@H]2c2ccccc2)nn1C;CC(C)C(=O)NC1CCCN(c2cc(C(F)(F)F)ccn2)C1;COC(=O)C1CCCCN1CCn1cnc2ccccc2c1=O;CC1CCN(C(=O)c2c(-c3cccnc3)noc2[C@H](C)O)CC1;COC1CCCN(C(=O)NCc2coc(-c3ccccc3)n2)C1;C[C@H](O)c1onc(-c2cccnc2)c1C(=O)N1CCCCCC1;O[C@@H]1[C@@H](n2cnc3ccccc32)[C@@H]2OCC(O2)[C@H]1NC1CCC1;CC(C)NC[C@H]1Cn2c(-c3ccc4c(c3)OCO4)cnc2CO1
m_e138be,CC(O)CN1CCN(c2cccc(F)c2C#N)CC1C;COCCN1CCN(c2cccc(F)c2C#N)CC1C;CC(O)CN1CCN(Cc2cc(C#N)ccc2F)CC1;CC(O)CN1CCN(Cc2ccc(F)cc2C#N)CC1;CC1CN(c2ccccc2F)CCN1C(=O)NC1CC1;CCn1c(CN2CCC(O)CC2)nc2cc(F)ccc21;CCC(CC(C)CO)Nc1ncnc2ccc(F)cc12;CC(C)C(Nc1ncnc2ccc(F)cc12)C(C)(C)O;CCn1c(CN(CCO)C2CC2)nc2cc(F)ccc21;NCCNCc1cccc2ccc(-c3ccccc3)nc12;Cn1c(N2CCCCC(CO)C2)nc2c(F)cccc21;Nc1cccnc1SC[C@@H]1CCCN2CCCC[C@H]12;Nc1ccc(SC[C@@H]2CCCN3CCCC[C@H]23)nc1;C(/C=C/c1ccnc(N2CCCC2)n1)=C\c1ccccc1;COCCN1CCN(Cc2ccc(F)cc2C#N)CC1;CCCCNC(=S)N1CCCC[C@H]1c1cccnc1;Cc1cc2c(c(C)n1)CC(c1nc3ccccc3[nH]1)CC2;CN1CCN(C(=O)C2CCC(N)C2)c2ccc(F)cc21;CC(C)N1CCC(Nc2nc3cc(F)ccc3o2)CC1;CCOC1CCCN(Cc2nc3c(F)cccc3[nH]2)C1;CCN(CC)CCNc1nc2c(C)ccc(C)c2s1;O=C(Nc1ccc(F)nc1)N1CC(C2CCCCC2)C1;CNc1ccc(C(=O)N2CCCC3CNCC32)cc1F;N#Cc1ccc(N2CCC(Cc3ccccc3)CC2)nc1;CC(C)c1nnc(CNC(C)(C)c2ccc(F)cc2)o1
m_e17598,CCCNC(=O)c1cccc(CNC2CCCc3oc(C)nc32)c1;Cc1cccc(C)c1C(=O)NC1CCc2c(nc(C)n2CCO)C1;COc1ccccc1CN1CC[C@@H](CO)N(C)c2ncccc2C1;COc1ccc(CN2CC[C@@H](CO)N(C)c3ncccc3C2)cc1;CCC(NC(=O)NCc1cccc(OC(C)C)c1)c1ccncc1;COc1cccc(CN2CC[C@@H](CO)N(C)c3ncccc3C2)c1;COc1cccc(CN2CC[C@@H](CO)N(C)c3cccnc3C2)c1;COc1ccccc1CN1CC[C@@H](CO)N(C)c2cccnc2C1;COc1ccc(CC(=O)NC2CCCc3cn(C(C)C)nc32)cc1;COc1ccc(CN2CC[C@@H](CO)N(C)c3cccnc3C2)cc1;Cc1ccc2c(n1)N(C)[C@H](CO)CCN(Cc1ccccc1O)C2;C=C[C@H]1C[N@]2CC[C@H]1C[C@@H]2CNC(=O)Nc1ccc(C(C)=O)cc1;CCN(C(=O)NCc1ccc(C)cc1OC)C(C)c1cccnc1;Cc1nc(C(=O)N2CCN(Cc3ccc(C)c(C)c3)CC2)c(C)o1;CC[C@H]1CN(C(=O)c2ccccc2)CC[C@H]1CC(=O)N(C)CC#N;CC(C)c1ccccc1NC(=O)CN1CCC(c2ncco2)CC1;CCOc1ccccc1CN(C)C(=O)c1cn(C)nc1C1CCC1;COc1ccccc1-c1cc([C@H]2C[N@]3CC[C@H]2C[C@@H]3CO)n(C)n1;COCc1cccc(Cn2nc(C)c(C3CCCC(=O)N3)c2C)c1;O[C@@H]1C[C@@H](c2nc(Cc3ccccc3)no2)N(C2CCCCC2)C1;COc1ccccc1-c1cn2c(n1)CO[C@@H](CNC1CCCC1)C2;CC(C)c1ocnc1C(=O)N1CCN(CCc2ccccc2)CC1;CCc1oc(C(=O)NC2CCN(Cc3cccnc3)CC2)cc1C;COCc1ccc(CNc2cccnc2N2CCC(O)CC2)cc1;COc1ccc(-c2cc([C@H]3CN4CC[C@H]3C[C@@H]4CO)n(C)n2)cc1
m_e1bfd4,CC(C1Cc2ccccc2O1)N(C)C(=O)c1c[nH]nn1;COC1CCN(C(=O)c2cccc(-n3ccnn3)c2)C1;COc1ccccc1C1CCN(C(=O)c2c[nH]nn2)C1;COC1CCN(C(=O)c2ccc(-n3ccnn3)cc2)C1;N[C@H]1CO[C@H]2[C@@H]1OC[C@@H]2n1cc(-c2ccccc2)nn1;COc1ccc(C2CCN(C(=O)c3c[nH]nn3)C2)cc1;O=C(NCCc1n[nH]c(=O)[nH]1)C1CC1c1ccccc1;O=C(c1ccc(-n2ccnn2)cc1)N1CCCC1CO;CN1OC2(CC1=O)CN(Cc1cnc3ccccn13)C2;O=C(O)C1CCCN1Cc1cnn(-c2ccccc2)n1;CCn1nncc1C(=O)NCC1Cc2ccccc2O1;CC1COCCN1C(=O)c1ccccc1-n1ccnn1;CC(CC(=O)Nc1cc(C(N)=O)n[nH]1)c1ccccc1;COC(C(=O)Nc1cn(-c2ccccc2)nn1)C1CC1;COc1cccc2c1CCN(C(=O)c1cnnn1C)C2;Cn1cc(NC(=O)NC2CCc3c(O)cccc32)cn1;O=C(NCC1CCOC1)c1cn(-c2ccccc2)nn1;Cc1n[nH]c(CNC(=O)C2OCCc3ccccc32)n1;O=C(CCn1ccnn1)N1CCc2ccc(O)cc2C1;O=C(Nc1ccc(-c2nnc[nH]2)cc1)C1CCOCC1;CCn1nncc1C(=O)N1CCc2ccc(O)cc2C1;O=C(NCc1ccccc1OCC1CC1)c1c[nH]nn1;Cc1cc(NC(=O)C2CCCO2)n(-c2ccccn2)n1;CC1CCN(C(=O)c2ncn(C)n2)c2c(O)cccc21;CC1COCCN1C(=O)c1cnn(-c2cccnc2)c1
m_e1d7ad,Cc1cc(N2CCOC(CCF)C2)nc(C2CCC2)n1;Cc1ccc2[nH]c(C)c(CCNCc3ccccn3)c2c1;Cc1ccc(C=NN2CCN(c3ccccc3)CC2)cc1;Cc1ccc2[nH]c(CN(C)Cc3cccnc3)cc2c1C;C#C[C@H]1CN2CC[C@H]1C[C@@H]2CNCc1cccc(C#N)c1;CCc1ncnc(N2CCC(C3CCCO3)CC2)c1F;CN1CCN(N=Cc2ccc(-c3ccccc3)cc2)CC1;C[C@@H]1CC2=C(C[C@@H]1/C=N/N=C(/N)S)C(C)(C)CCC2;Cc1ncc([C@H]2CCCCN2C)c2c1[nH]c1ccccc12;CCCN1CC(CSC)CC2Cc3[nH]ncc3CC21;Cc1nc2c(c3c1[nH]c1ccccc13)C(N)CC(C)(C)C2;CC(C)(C)C1CCN(C(=O)Nc2ccncc2F)CC1;CC(C)N(C)CC(=O)Nc1c(F)cccc1NC1CC1;CNC(=O)CN1CCC(NCc2ccccc2F)CC1;Cc1ccc2c(c1)c1c3n2CCN(CCC#N)C3CCC1;Cc1cc(F)ccc1N1CCCC(NC(=O)C(C)N)C1;CC(CNC(=O)c1cccc(F)c1)N1CCN(C)CC1;CN1CCN(CCCNC(=O)c2cccc(F)c2)CC1;CN1CCC(N(C)C(=O)NCc2ccccc2F)CC1;CC(C)CC(N(C)C)C1(c2ccc(Cl)cc2)CCC1;CC(CN1CCCN(C(N)=O)CC1)c1ccc(F)cc1
m_e1f9f4,CN1CCC(NC(=O)c2cc(F)cc(Cl)c2O)C1=O;COC(=O)CC1=C(SC)C(=O)C(OC)=C(OC)C1=O;O=C1CN(C(=O)COc2ccc(F)cc2Cl)CCN1;Oc1ccc(-c2nnc3n2N[C@@H](c2ccco2)S3)cc1;O=C1Nc2ccc(Cl)cc2C(c2ccccc2)=NC1O;CN(C)S(=O)(=O)CCNC(=O)N(CCCl)N=O;Oc1cc(O)nc(Nc2nc(-c3ccccc3)cs2)n1;CNC(=O)NC(=O)C(C)SCc1ccccc1Cl;O=C(O)c1nn(Cc2ccc(Cl)cc2)c2ccccc12;O=C1C[N+]([O-])=C(c2ccccc2)c2cc(Cl)ccc2N1;Cc1nc2ccccc2n1N=Cc1ccc([N+](=O)[O-])s1;O=C1CCC(C(=O)NCCc2ccc(Cl)s2)CN1;O=[n+]1onc2ncn([C@H]3O[C@@H](CO)[C@@H](O)[C@H]3O)c([O-])c1-2;NC(=O)Nc1ccc(-c2noc(-c3ccsc3)n2)cc1;CCC(CC#N)NS(=O)(=O)c1ccc(C)cc1Cl;NC(=O)CC1CCN(C(=O)c2ccc(Cl)s2)CC1;COc1ccc(C=CC(=O)CCOS(=O)(=O)O)cc1;O=CC(=NNc1ccccc1)C(=O)c1ccc(Cl)cc1;CCC(CC#N)NS(=O)(=O)c1cc(C)ccc1Cl;CCC(CC#N)NS(=O)(=O)c1ccc(Cl)cc1C;O=C1NC(=O)C2(N1)c1cc(F)ccc1-c1ccc(F)cc12;O=C1CN(C(=O)c2ccc(Cl)cc2)c2ccccc2N1;O=C1CC(=O)N(c2ccccc2)c2cc(Cl)ccc2N1;Cn1nncc1C=Cc1nc2ccc(C(=O)O)cc2s1;O=c1[nH]c(Cc2cccc(O)c2)nc2ccc(Cl)cc12
m_e2993b,CCC(CC)(CNC(=O)c1sccc1C)C(=O)O;Cc1ccsc1C(=O)NC(C)(C)C(C)(C)C(=O)O;CCOC1CC(O)(CNC(=O)c2ccc(C)s2)C1;CC1CN(CCCC(=O)O)CC(c2ccsc2)O1;CC(C)(C)CC(=O)NC(CC(=O)O)c1cccs1;CCC(C)C(NC(=O)Cc1ccc(C)s1)C(=O)O;CCC(C)(CC(=O)O)NC(=O)CCc1ccsc1;Fc1cc(CNc2cnccn2)ccc1-n1ccnc1;Cc1n[nH]c(C)c1CNC(=O)c1cc(C(F)F)[nH]n1;Cc1cc(CCCC(=O)NCCC(=O)O)c(C)s1;CSCCCNC(Cc1ccc(O)cc1)C(=O)O;CN(C)C(=O)[S+]([O-])CCCCOc1ccccc1;COc1ccc(C(=O)NCCCSC)cc1OC;COC(=O)c1ccc(CNC2CCCCC2O)s1;O=C(O)c1sccc1CN1CCCCCC1CO;COCC1CCCN1Cc1ccc(C(=O)OC)s1;O=S(=O)(CCc1ccccc1)NC1CCCC1O;Cc1ccccc1CS(=O)(=O)N(C)C1CC(O)C1;COc1ccc(C)cc1S(=O)(=O)NC1CCCC1;Fc1cccnc1NCc1ccc(-n2cncn2)cc1;O=C(O)C(CO)NCC(O)C(O)C(O)C(O)CO;O=S(=O)(CCN1CCCC1CO)c1ccccc1;COCCS(=O)(=O)NC1(c2ccccc2)CCC1;COc1ccccc1S(=O)(=O)NC1CCCCC1;CS[C@H]1[C@H](O)[C@H](O)[C@H](O)[C@@H]1NCc1ccccc1
m_e3b936,O=C(c1ccc2[nH]c(=O)[nH]c2c1)N1CCNC(c2ccccc2Cl)C1;CC1=CC=CN2C(=O)C(=CNc3ccc(Cl)cc3)C(=NCCO)N=C12;O=C(Cn1nc2ccccn2c1=O)N1CCCC1c1ccccc1Cl;COc1cnccc1-c1noc(C2CCN(c3ccccc3Cl)C2)n1;N#CC1=C(N)N(c2ccccc2)C(c2cccc([N+](=O)[O-])c2)C1(C#N)C#N;COC(=O)[C@H]1CN(S(C)(=O)=O)CCN1C(=O)c1ccc(OC)cc1;COC(=O)[C@H]1CN(C(=O)c2ccc(OC)cc2)CCN1S(C)(=O)=O;CCCn1c(SCC(=O)C(C#N)c2nc3ccccc3[nH]2)n[nH]c1=O;CCn1cc(Cl)c(C(=O)NCc2cccnc2Oc2ccccc2)n1;Cc1nnc(C23CCCC2CN(C(=O)c2ccc(Cl)c(C#N)c2)C3)o1;Cc1noc(C23CCCC2CN(C(=O)c2cc(C#N)ccc2Cl)C3)n1;COc1ccc2c(c1)c(=O)oc1cc3occ(-c4ccc(C)cc4)c3cc12;COc1ccc2c(c1)c(=O)oc1c(C)c3occ(-c4ccccc4)c3cc12;CC(C)(C)C(=O)CSc1nc2c(c(-c3cccs3)c1C#N)CCC2;Cc1cc(Cl)cc2c1CN(C(=O)c1cc(-c3cnn(C)c3)no1)CC2;O[C@@H]1C[C@@H](c2nc(-c3cccnc3)no2)N(Cc2ccc(Cl)cc2)C1;CC(C)OC(=O)COc1ccc2c(c1)O/C(=C\c1ccc(F)cc1)C2=O;CC(C)OC(=O)COc1ccc2c(c1)O/C(=C\c1cccc(F)c1)C2=O;CC(C)OC(=O)COc1ccc2c(c1)O/C(=C\c1ccccc1F)C2=O;O=C(CSc1ccc2nnc(-c3cccnc3)n2n1)N1CCOCC1;O[C@@H]1C[C@@H](c2nc(-c3ccncc3)no2)N(Cc2ccc(Cl)cc2)C1;COc1ccc2c(c1)c(=O)oc1cc3oc(C)c(-c4ccccc4)c3cc12;O=C(CCC(NCc1ccccc1O)C(=O)O)NC(CS)C(=O)O;Nc1nc2c(=O)[nH]c(=O)[nH]c2n(CC(O)C(O)C(O)CO)c1=NC=O;O=C(COc1ccc2c(-c3ccccc3)cc(=O)oc2c1)c1ccccc1
m_e44302,O=C(c1cccc(Cl)c1)N1CC(S(=O)(=O)NCc2cccnc2)C1;O=S1(=O)N[C@@H]2CN(Cc3ccccc3Cl)C[C@@H]2Oc2ncccc21;O=C(c1ccncc1)N1CCN(S(=O)(=O)c2cccc(Cl)c2)CC1;CC(=O)Nc1ccn(C2OC(COP(=O)(O)O)C(O)C2O)c(=O)n1;Cc1ccc(S(=O)(=O)OCC(=O)Nc2ccc(C(=O)O)c(O)c2)cc1;Nc1ccn([C@@H]2O[C@H](COP(=O)(O)CC(=O)O)C(O)C2O)c(=O)n1;C/C(=N\N=C1/C(=O)Nc2cc(Cl)ccc21)c1cc2ccccc2oc1=O;O=C1NC(=O)N(c2ccc(Cl)cc2)C(=O)/C1=C/c1c[nH]c2ccccc12;CC1Cc2ccccc2N1NC(=O)c1ccc(Cl)c(S(N)(=O)=O)c1;CCC(C(=O)OCC(=O)Nc1cc(Cl)cc(Cl)c1)c1ccccc1;O=C(Nc1ccccc1OCC1CCCO1)c1cc(Cl)cc(Cl)c1;CC(=O)Nc1ccc(NC(=O)C(=O)NC(C)c2cccs2)cc1Cl;Cc1nc(/C(C#N)=C\c2ccco2)sc1/N=N/c1ccccc1[N+](=O)[O-];Cc1ccccc1N1C(=O)c2cc(S(N)(=O)=O)c(Cl)cc2NC1C;CC(C)(C)c1ccc(OCC(=O)NCc2ccco2)c(Br)c1;O=C(Nc1cc(F)ccc1-c1nc2ccccc2[nH]c1=O)c1cccs1;CC(C)(C)c1ccc(C(=O)Nc2cc(Cl)c(Cl)cc2C(=O)O)cc1;NS(=O)(=O)CC1CCN(C(=O)NCCc2ccc(Cl)s2)CC1;O=C(NCCC1=CCCCC1)c1cc2cc(Cl)cc(Cl)c2oc1=O;CC(C)C(=O)Nc1cccc(C(=O)OCc2ccc(Cl)c(Cl)c2)c1;NC(=O)C1(O)CCCN(C(=O)c2csc(-c3cccc(Cl)c3)n2)C1;O=C(NC1CCCNC1=O)c1csc(COc2ccc(Cl)cc2)n1;CNC(=O)C1CN(C(=O)CSc2nnc(N)s2)c2ccccc2O1;CC1=NN=C(c2cc3c(F)cccc3s2)c2cc3oc(=O)[nH]c3cc2C1;COC(=O)C1CCN(C(=O)C2CC2c2cccc(Br)c2)CC1
m_e4865d,O=C(NCC1CCCCCC1)NC1COCC1O;COC(=O)[C@H](C)NC(=O)NC1CCCCCCC1;CC1(C)CCC(NC(=O)C(N)CCC(=O)O)CC1;CC[C@H]1CN(C(=O)NC(C)C)CC[C@H]1CC(=O)O;CC1(O)CCCN(C(=O)NC2CCCOCC2)C1;CCCCCC=CCNC(CCC(N)=O)C(=O)O;COC(=O)CCCNC(=O)N(C)C1CCCCC1;CCN(CC)C[C@@H]1OC[C@H](NC(=O)C2CC2)[C@H]1O;O=C(O)CCCCCNC(=O)NC1CCCCC1;CC(=O)N[C@H]1CO[C@@H](CN2CCC(C)CC2)[C@@H]1O;CC1(C)CCCCC1CC(=O)NCCOC(N)=O;CC(=O)N[C@@H](CC(C)C)C(=O)N[C@H](C=O)C(C)C;CN(CC1CCCCC1O)C(=O)NC1CCOC1;CC(=O)NC[C@H]1OC[C@@H](NC2CCCCC2)[C@@H]1O;CC1(C)CCC(CC(=O)NCCOC(N)=O)CC1;COC1CCCN(C(=O)NCCC2(O)CCC2)C1;COC1(C)CC(NC(=O)C2CNCCO2)C1(C)C;COC(=O)[C@@H](NC(=O)N1CCC(C)CC1)C(C)C;CC(N(C)C(=O)NCC1COCCO1)C1(C)CC1;CCCN1CCCCC1C(=O)N(C)CCC(=O)O;CC(C)[C@H](N)C(=O)NC[C@H]1CC[C@H](C(=O)O)CC1;CCC1CCCCN1C(=O)CN(C)C(C)C(=O)O;CC(C(=O)O)N(C)CC(=O)N1C(C)CCCC1C;NCCC1CCC(NC(=O)C2CCC2)C(CO)O1;O=C(O)C[C@@H]1CCNC[C@@H]1CCN1CCOCC1
m_e5050e,O=C(Cc1ccc2c(c1)OCCO2)N1CCC(CN2CCOC2=O)C1;CC1CN(C(=O)NCCc2ccc(OC(F)(F)F)cc2)CC1CO;COC(=O)N1CCC(CNC(=O)c2cc3cccc(OC)c3o2)CC1;CC(O)CN1CCN(C(=O)Cc2ccc(OC(F)(F)F)cc2)CC1;O=C(CN1CCCCC(O)C1=O)NC1(c2ccc3c(c2)OCO3)CC1;Cc1ccc(CN2CC(C(=O)N3CCOC(C(=O)O)C3)CC2=O)cc1;CCOC(=O)CC1C(O)=NCCN1C(=O)/C=C/c1ccc(OC)cc1;Cc1ccccc1OCC(=O)N1CCN(CC(O)C(F)(F)F)CC1;Cc1cc(=O)oc2cc(NC(=O)CCCCCCC(=O)NO)ccc12;CN1CCC(N(C)CC(O)COc2ccccc2C(F)(F)F)C1=O;Cc1cc(=O)oc2cc(OCC(=O)NCCN3CCOCC3)ccc12;CCOc1ccccc1C(=O)N1CCN(CC(O)C(F)(F)F)CC1;COc1ccc2oc(C)c(C(=O)NCC3(C(N)=O)CCOCC3)c2c1;CC(O)C1CCN(C(=O)NCc2ccc(OCC(F)(F)F)cc2)C1;Cc1cc(-c2nnn(CC(=O)N3CCC(C(N)=O)CC3)n2)ccc1F;CC(O)C1CCN(C(=O)NCCOc2cccc(C(F)(F)F)c2)C1;CNC(=O)C(CC(C)C)NC(=O)Cc1ccc(OC(F)(F)F)cc1;CCCCc1cc(=O)oc2c(C)c3oc(C)c(-c4ccccc4)c3cc12;CC(O)C1CCN(C(=O)NCCOc2ccc(C(F)(F)F)cc2)C1;COC1CC(C(=O)NCCOc2cccc(C(F)(F)F)c2)N(C)C1;CCCCc1cc(=O)oc2c(C)c3occ(-c4ccc(C)cc4)c3cc12;CCC(O)/C=C/C=C(C)/C=C/C(=O)NC1=CC=C2C(O)CN2C(=O)O1;COC1CC(C(=O)NCCc2ccccc2OC(F)(F)F)N(C)C1;COc1ccc(C(NC(=O)N2CCCC(CO)C2)C(F)(F)F)cc1;CC1(CO)CCCN1C(=O)NCc1ccc(OCC(F)(F)F)cc1
m_e58af8,COc1ccc(F)cc1CNC(=O)N1CCCC(C(F)(F)F)C1;O=C(NCC(F)(F)F)N(Cc1cccc(F)c1)CC1CCCO1;CC(NC(=O)N1CCC(O)(C(F)F)CC1)c1ccc(F)cc1F;O=C(Cc1ccccc1F)N1CCN(C(=O)C2(C(=O)O)CC2)CC1;CC(NC(=O)N(CC(F)F)C1CC1)c1ccc(OC(F)F)cc1;Cc1ccc(F)c(N2CCCC(NC(=O)C3(C(=O)O)CC3)C2=O)c1;Cn1nnc(CNC(=O)N2CCC(c3cccc(Cl)c3)CC2)n1;O=C(O)c1ccc(NC(=O)C2CCCN(C(=O)C3CC3)C2)c(F)c1;CC(C)C(NC(=O)C(N)CC(N)=O)C(=O)NC(CS)C(=O)O;Cn1cnc(CNC(=O)N2CCN(c3ccccc3Cl)CC2)n1;CSCCC(NC(=O)C(C)NC(=O)C(N)CC(N)=O)C(=O)O;CC(C)C(NC(=O)C(N)CS)C(=O)NC(CC(N)=O)C(=O)O;CSCCC(NC(=O)C(C)N)C(=O)NC(CC(N)=O)C(=O)O;CCc1ocnc1C(=O)NCC(Cc1ccccc1F)C(=O)OC;CC(C(=O)O)N(C(=O)C1CCN(c2ccc(F)cc2)C1=O)C1CC1;CSCCC(NC(=O)C(CC(N)=O)NC(=O)C(C)N)C(=O)O;CSCCC(NC(=O)CN)C(=O)NC(CCC(N)=O)C(=O)O;CSCCC(N)C(=O)NCC(=O)NC(CCC(N)=O)C(=O)O;CSCCC(NC(=O)CNC(=O)C(N)CCC(N)=O)C(=O)O;CSCCC(N)C(=O)NC(C)C(=O)NC(CC(N)=O)C(=O)O;CC1(C(=O)O)CCN(C(=O)c2cc(N3CCCC3=O)ccc2F)C1;CC(NC(=O)C(C)(C)C)C(=O)Nc1cc(C(F)(F)F)ccc1F;CSCCC(NC(=O)C(CCC(N)=O)NC(=O)CN)C(=O)O;O=C(O)C1CCCCN1C(=O)c1cc(N2CCCC2=O)ccc1F;CC(=O)N1CCC(Nc2cc(F)ccc2OCC(F)(F)F)CC1
m_e5b5fa,CC1(C)Cc2[nH]ncc2CN(CCOCC(F)F)C1;O=C(NCCC1CCCC1(F)F)N1CC2CC1CN2;N#Cc1cc(F)ccc1N1CCC(N2CCCC2)CC1
m_e6b2c8,Fc1ccc(CN2CCCN(Cc3nnnn3C3CC3)CC2)cc1;CC(c1nnnn1C1CC1)N1CCN(Cc2cccc(F)c2)CC1;COc1ccc(CN2C[C@@H]3OCC(=O)N(CC4CCC4)[C@@H]3C2)cc1;COc1ccc(CN2C[C@@H]3[C@H](OCC4CC4)C(=O)N(C)[C@@H]3C2)cc1;COc1ccc(CCc2nc(C)cc(CN(C)C)c2O)cc1OC;COc1ccc(CNC2(Cc3cc(CC(C)C)on3)COC2)cc1;O=C1[C@@H](O)[C@H]2CN(CC3CCOCC3)C[C@H]2N1Cc1ccccc1;O=C(NCC1(O)CCCCC1)c1cccc(CN2CCCC2=O)c1;COc1ccc(CC(C)NCC(O)c2cc(N)cc(CO)c2)cc1;COc1ccc(CN2CCOC[C@H]2c2nc(C(C)(C)C)co2)cc1;CC(C)Cc1cc(C[C@@H]2C[C@H](NC(=O)c3ccco3)C2(C)C)no1;CCCCc1cc(C[C@@H]2C[C@H](NC(=O)c3ccco3)C2(C)C)no1;COc1ccc(CNC2(Cc3cc(C(C)(C)C)on3)COC2)cc1;O=C1CCCN1Cc1ccc(C(=O)N2CCCCC(CO)C2)cc1;COC[C@@H]1CN(C(=O)NC2CCCC2)[C@H]2c3ccccc3OC[C@@H]12;CC1(O)CCCN(C(=O)c2cccc(CN3CCCC3=O)c2)CC1;COc1ccccc1CNC1(Cc2cc(C(C)(C)C)on2)COC1;CC(C)(C)c1cc(C[C@@H]2C[C@H](NC(=O)c3ccco3)C2(C)C)no1;CC(=O)N[C@H]1[C@H](c2ccccc2)N(C(=O)C2CCC2)CC[C@@]1(C)O;O=C(COc1ccc(C(=O)N2CCCC2)cc1)NC1CCCCC1;C#CCNC(=O)CN(Cc1cccc(OC)c1)C1CCC(O)CC1;COC(C)(CNC(=O)c1cccc(NC(=O)C2CC2C)c1)C1CC1;CC(=O)NCc1ccc(C(=O)N2CCC3(CCOCC3)C2C)cc1;O=C1CCC[C@@H]2[C@H]3C[C@@H](CN12)[C@H]1C[C@@H](O)C[C@H](c2ccco2)N1C3;COc1cc2c(cc1OC)CN(Cc1ncc(C(C)(C)C)o1)CC2
m_e6bed4,Cc1cccc(C)c1CC(=O)N1CCCC(O)(C(N)=O)C1;COCc1cccc(CC(=O)N2CC(C)C(C(N)=O)C2)c1;O=C(Cc1cccc2c1CCNC2)N1CCOC(CO)C1;Cc1ccccc1CC(=O)N1CCN(CCC(=O)O)CC1;Cc1ccc(C(C)(C)C(=O)N2CCOC(C(N)=O)C2)cc1;CC(C)(C(=O)N1CCN(CC(=O)O)CC1)c1ccccc1;Cc1ccccc1C1CN(C(=O)C2CNCCO2)CCO1;O=C(CN1CCCC1C(=O)O)NCCCc1ccccc1;O=C(O)CN1CCN(C(=O)CCCc2ccccc2)CC1;COC(=O)[C@@H](NC(=O)N1CCc2ccccc2C1)C(C)C;CC1CN(Cc2cccc3c2CCOC3)CC(C(N)=O)O1;Cc1cccc2c1OCCC2NC(=O)N1CCCC1CO;O=C(NC[C@H]1OC[C@@H](NCc2ccccc2)[C@@H]1O)C1CC1;CC(C)C[C@@H](NC(=O)[C@@H]1Cc2ccccc2CN1)C(=O)O;COc1ccccc1C=CCN1CCOC(C)C1C(N)=O;CC(C(=O)N1CCCN(CC(=O)O)CC1)c1ccccc1;CC(=O)N[C@@H](Cc1ccccc1)C(=O)N1CCC[C@H]1CO;CC(C)C(NC(=O)CNCC=Cc1ccccc1)C(=O)O;CCC(C)[C@H](NC(=O)N1CCc2ccccc2C1)C(=O)O;COc1ccc(C2CC2NC(=O)NCC2CCCO2)cc1;CC=Cc1ccc(OCC(=O)N2CCC(N)C2)c(OC)c1;CC1CN(C(=O)COCCc2ccccc2)CC1C(N)=O;COC(=O)C(C)(C)CNC(=O)NC1Cc2ccccc2C1;COC1CC(C(N)=O)N(CCc2ccc3c(c2)CCO3)C1;COc1ccccc1C1(CNC(=O)N2CCOCC2)CC1
m_e73d71,CCCNC(=O)C1CCCN(c2cc(C#N)c3ccccc3n2)C1;CC(C)(C)NC(=O)C1CCN(c2cc(C#N)c3ccccc3n2)C1;CCCNC(=O)C1CCCN(c2ccc(SC(C)C)nn2)C1;O=C(NC1CC1)C1CCCN(c2ccnc(-c3ccccc3)n2)C1;Cc1cc(NCCCOC(C)C)n2c(nc3ccccc32)c1C#N;CC(C)(C)C1CN(c2cc(N3CCSCC3)ncn2)CCO1;Cc1nc(N2CCN(CCNC(=O)C3CCC3)CC2)sc1C;CCOC1CC(CCNc2cc(N3CCSCC3)ncn2)C1;CCCCC/C=C/C1=C[C@H](O)[C@@H]2O[C@]2(C/C=C(\C)C(=O)O)[C@@H]1O;Cc1nc(N2CCCC(CNC(=O)C3CCCN3)C2)sc1C;Cc1nn(-c2ccccc2)c(CN2CCC3CCC(O)C32)c1C#N;N#Cc1c(CN2CCC(C(=O)NC3CC3)CC2)cn2ccccc12;C/C=C(\C)[C@H](O)[C@@H](C)/C=C/[C@H](O)[C@@H](C)c1cc(=O)cc(OC)o1;CCCCCCCC1=C(O)C(C(=CC=C(C)C)C(=O)O)OC1=O;CCCCCC1=C(C(=O)OC)C(=O)[C@](C)(C=CC=C[C@H](C)O)O1;Cc1c(-c2cccc(NC(=O)CC(C)(C)C)c2)nc2ncccn12;O=C(CCNC1CCN(c2nccs2)CC1)NC1CCCC1;CCCCC/C=C/C1=CC(=O)C[C@@](O)(C/C=C(\C)C(=O)O)[C@@H]1O;CCC(C)NC(=O)CN1CCN(C(=O)c2ccncc2F)CC1;CC(C)=CC(=O)C/C(C)=C/CC1(CC(=O)O)CC(=O)CCC1O;COC(=O)/C1=C/[C@H](OC(C)=O)C(C)(C)/C=C\C(O)C(C)=CCC1;O=C(c1ccc(N2CCCCCC2)nc1)N1CCc2ccncc21;Cc1csc(N2CCN(CC(=O)NC3CCCCC3)CC2)n1;CN(C)CCCNC(=O)c1cccc2c(N)c3ccccc3nc12;COC(=O)c1ccc(OCC[C@H](C)CC(=O)CC(C)C)c(O)c1
m_e77f56,OC1CCC(NCc2c[nH]nc2-c2ccc(C(F)(F)F)cc2)C1;CC(C)(C)NC(=O)CNc1cc(C(F)(F)F)nc2ccccc12;FC(F)(F)c1ccn(-c2ccc(CNC3CCOCC3)cc2)n1;OCCN1CCN(c2ccnc3cc(C(F)(F)F)ccc23)CC1;Cn1ccc(CN2CC(O)CC2c2ccc(C(F)(F)F)cc2)n1;O=C(NCC1(CO)CCC1)c1c[nH]nc1-c1cc2ccccc2o1;CCC1(O)CCN(C(=O)c2ccc(OC(C)C)cc2Cl)CC1;O=C(NCC1(CCO)CC1)c1c[nH]nc1-c1cc2ccccc2o1;O=C(Nc1cccc(C(=O)N2CCCOCC2)c1)c1cccnc1;NC(=O)C1CCCN(C(=O)c2ccccc2Oc2cccnc2)C1;COc1ccc(CN2CCOCC2C2CCCC2O)cc1Cl;Cn1nccc1-c1ccc(CCNC(=O)CCC(F)(F)F)cc1;CCNC(=O)C1CCCN(c2ccc(C#N)cc2C(F)(F)F)C1;CCNC(=O)C1CCCN(c2ccc(C(F)(F)F)c(C#N)c2)C1;CC1CC(=O)NCCN1C(=O)c1ccc(Oc2cccnc2)cc1;NC(=O)CC1CCN(C(=O)c2ncccc2Oc2ccccc2)C1;Cc1cc(NC(=O)CC(C)C)cc(-c2nc3ncccc3o2)c1O;Cn1cc(CNC(=O)C(C)(C)c2cccc(C(F)(F)F)c2)cn1;CC(C)C1(CNC(=O)c2ccc3nc(C(F)(F)F)cn3c2)CC1;CC1CN(C(=O)c2cccc(Oc3ccccn3)c2)CC(=O)N1C;CCOc1c(Cl)cccc1CC(=O)NC1CCC(CO)CC1;Cc1c[nH]nc1CN1CCOC(c2cccc(C(F)(F)F)c2)C1;Cc1nc(-c2ccccc2)ncc1C(=O)NC1CCCC1C(=O)O;Cn1cncc1CN1CC(O)CC1c1cccc(C(F)(F)F)c1;CNC(=O)c1cc(C(=O)NC2CC2)cn(Cc2ccccc2)c1=O
m_e7af25,Cn1cnc(S(=O)(=O)N2CCN(C(=O)C3CC3)CC2(C)C)c1;C=CCNC(=O)C1(NS(=O)(=O)c2cnn(C)c2)CCCCC1;CS(=O)(=O)N1CCCC1C(=O)N1CCCC1Cn1cccn1;Cn1ccnc1C1C(CNS(C)(=O)=O)CCC(=O)N1C1CC1;O=C(CS(=O)(=O)C1CCCC1)N1CCCC(n2cncn2)C1;Cn1ncc(C(=O)NCCC2=CCCCCC2)c1S(N)(=O)=O;CC(C)(C)C(=O)N1CCN(c2ncccc2S(N)(=O)=O)CC1;CC(C(=O)N1CCCCCC1)S(=O)(=O)c1n[nH]c(C2CC2)n1;O=C(Nc1ccc(F)cc1)c1ccc(CN2CCCCC2=O)cc1;CN1C(=O)CCC(CNS(=O)(=O)C2CC2)C1c1nccn1C;CS(=O)(=O)NCC1CCCCN1C(=O)c1n[nH]c2c1CCC2;C=C1CCN(C(=O)NCc2cc(OC)ccc2OC(F)F)CC1;Cn1ncc(C(=O)NC2CC2C2CCCCC2)c1S(N)(=O)=O;CC1CC1C(=O)NCc1ccc(C(=O)Nc2ccc(F)cc2)cc1;CC(CC#N)N(C)C(=O)c1cccc(COc2cccc(F)c2)c1;O=C(Nc1ccc(CC(=O)N2CCCC2)cc1)c1cccc(F)c1;COc1ccc(CCNC(=O)N2CCCC(CO)C2)c(Cl)c1;CC(c1ccccn1)N(C)C(=O)C1CCN(S(N)(=O)=O)CC1;O=C(NCc1ccccc1F)c1ccc(N2CCCCC2=O)cc1;Cc1cc(C)cc(NC(=O)CN2CCN(S(N)(=O)=O)CC2)c1;Cc1cccc(NC(=O)c2cccc(F)c2)c1C(=O)N1CCCC1;CN1CCN(C(=O)c2cc(S(=O)(=O)N(C)C)ccc2N)CC1;O=C(COc1cc(F)ccc1F)NCCN1CCCCCC1=O;CCc1ncncc1C(=O)NC1CCN(S(=O)(=O)CC)CC1;CN1C(=O)CCC(CNS(=O)(=O)C2CC2)C1c1cnn(C)c1
m_e80818,Cn1cc(C2OCCCC2NC(=O)Nc2cccnc2)cn1;Cc1cnc(C(=O)NC2CCCOC2c2cnn(C)c2)cn1;O=C(NCCn1cccn1)NC1CCOC1c1cccnc1;Cc1cc(C(=O)NC2CCOC2c2cnn(C)c2)nc(C)n1;Cc1nnccc1C(=O)NCC1(c2cnn(C)c2)CCCO1;Cc1ccc(NC(=O)NC2CCOC2c2nccn2C)cn1;Cc1nnc(CC2CCC(NC(=O)c3ccnnc3C)C2)o1;O=C(NCCn1ccnc1)NC1CCOC1c1cccnc1;Cc1cn(C)nc1NC(=O)NCCc1cccc(C(N)=O)c1;CCc1ncc(NC(=O)C2CCOC2c2cnn(C)c2)cn1;Cc1nc(C2CCCCCN2C(=O)Nc2cccnc2)no1;Cc1ncncc1C(=O)NCC1CCCOC1c1cn[nH]c1;Cc1nnccc1C(=O)NC1CC(Cn2cccn2)CC1O;c1cc(N2CCOCC2)ncc1-c1noc([C@@H]2CCCN2)n1;Cc1cc(NC(=O)NCC2CCCO2)n(-c2ccccn2)n1;c1cc(-c2noc([C@@H]3CCCN3)n2)cc(N2CCOCC2)n1;Cc1nc(C2(NC(=O)c3cc(C4CC4)[nH]n3)CCCC2)no1;Cn1ccnc(N2CCCC(c3noc(C4CC4)n3)C2)c1=O;Cc1cnc(CNC(=O)c2n[nH]c3c2CC(C)OC3C)nc1;CC1(C)CCC(c2nc(-c3cnc(C4CC4)nc3N)no2)O1;COCc1cc(=O)nc(N2CCN(c3ccccn3)CC2)[nH]1;Cc1cc(C(=O)N2CCCC2Cn2cc(C3CC3)nn2)no1;COC1CC(c2ncc[nH]2)N(C(=O)c2cnc(C)nc2C)C1;CC1Cc2c(C(=O)N3CCn4cncc4C3)n[nH]c2C(C)O1;O=C(NC1CC(O)C1n1cccn1)c1cc2n(n1)CCCC2
m_e8359d,O=C(Nc1c(-c2ccccc2)[nH]c2ccccc12)C1CC2CCC1O2;O=C(NC1CCOC2(CCOCC2)C1)c1cc2cc(F)ccc2[nH]1;COc1ccc(-c2ncccc2CNC(=O)c2ccc(C)cc2)cc1;CCOC(=O)C1CCN(Cc2coc(-c3ccc(F)cc3)n2)CC1;Cc1ccc(F)c2[nH]c(C(=O)NC3CCOC34CCOCC4)cc12;COc1ccc(-c2cncc(C(=O)NCc3cccc(C)c3)c2)cc1;COc1ccc(-c2ncccc2CNC(=O)c2cccc(C)c2)cc1;COc1cccc(C(=O)NCc2cccnc2-c2ccc(C)cc2)c1;COc1cccc(-c2cncc(C(=O)NCc3ccc(C)cc3)c2)c1;CCCCNc1c2c3c(cccc3n(C)c1=O)C(=O)c1ccccc1-2;COc1ccc(C(=O)NCc2cccnc2-c2ccc(C)cc2)cc1;COc1ccc(CNC(=O)c2ccc(-c3ccc(C)cc3)nc2)cc1;COc1cccc(CNC(=O)c2ccc(-c3ccc(C)cc3)nc2)c1;COc1cccc(C(=O)N[C@@H](c2ccc(C)cc2)c2cccnc2)c1;COc1cccc(CC(=O)NCc2cccnc2-c2ccccc2)c1;COc1ccc(CC(=O)NCc2cccnc2-c2ccccc2)cc1;COc1ccc(C(=O)NCc2cccnc2-c2cccc(C)c2)cc1;COc1cccc(C(=O)NCc2cccnc2-c2cccc(C)c2)c1;C=C(OC(=O)N1CCCCC1)c1cccc(-c2cccc(C#N)c2)c1;O=C1C(NC(CCO)c2ccco2)CCCN1c1ccccc1F;COc1ccc(C(=O)C2=CN(C)CCc3c2[nH]c2ccccc32)cc1;O=C(NN=C1CC2CC=CC12)c1ccc(COc2ccccc2)cc1;COc1ccc(C(C)NC(=O)NC(C)c2cccc(O)c2)cc1F;CN(Cc1ccco1)C(=O)CN1CC(O)CC1c1cccc(F)c1;CCc1c(C)nc2ccccc2c1NCC1CCS(=O)(=O)CC1
m_e8d835,Cc1ccc2c(CC(=O)N3CCOCC3C(=O)O)coc2c1C;Cc1cc2occ(CC(=O)N3CCOCC3C(=O)O)c2cc1C;Cc1cc2occ(CC(=O)N3CCOC(C(=O)O)C3)c2cc1C;COc1ccc2c(CC(=O)N3CCCCC3C(=O)O)coc2c1;Cc1ccc2c(CC(=O)N3CCOC(C(=O)O)C3)coc2c1C;CC(C(=O)N1CCOC(CC(=O)O)C1)c1cc2ccccc2o1;O=C(O)C1CCCN1C(=O)C1CC1c1ccc2c(c1)OCCO2;Cc1nc(N=c2nc(O)c3ccccc3n2C)nc2ccccc12;COc1ccc(-c2ccc(CCC(=O)O)n2CCC(=O)O)cc1;Cc1c(CC(=O)N2CCCCC2)c(=O)oc2cc(O)cc(O)c12;COc1cc(OC)c2c(C)c(CC(=O)NC3CC3)c(=O)oc2c1;COC(=O)CNC(=O)COc1ccc2oc3c(c2c1)CCCC3;Cc1c(C#N)cccc1NC(=O)c1cnn(-c2ccccn2)c1C;Cc1cccc(C)c1NC(=O)c1cnc(C(C)(C)C)c(Cl)n1;COc1ccc2c(c1)C=C(C(=O)N1CCC(C(=O)O)CC1)CO2;Cc1cc2c(cc1C)OC(C(=O)NCCC(O)C(F)(F)F)C2;CC1(C(=O)O)CCN(C(=O)CCS(=O)(=O)C2CCCC2)C1;CCOC(=O)CN(C(=O)c1ccc(C(F)(F)F)cc1)C(C)C;CCOC(=O)C1=C(C)N/C(=C/c2ccc(O)c(OCC)c2)C1=O;CN(CCC(=O)O)C(=O)c1ccc(C(C)(C)C(F)(F)F)cc1;CC(C)c1ccc(-c2nn3nnc4ccccc4c3nc2=O)cc1;CC(CC(=O)N(C)CCC(=O)O)c1cccc(C(F)(F)F)c1;O[C@@H]1[C@@H](Oc2ccccc2)[C@@H]2OCC(O2)[C@H]1NCc1ccco1;CC(=O)O[C@H]1CN(C(=O)/C=C/c2ccccc2)C[C@@H]1OC(C)=O;O=C(O)CCN(C(=O)c1coc2ccccc12)C1CCOCC1
m_e993ec,NCC1CN(C(=O)c2ccc3c(c2)OCCO3)CCO1;NCC1CN(C(=O)c2cccc3c2OCCO3)CCO1;CN(C(=O)c1cccc(OCC(N)=O)c1)C1(CO)CC1;COC(=O)c1ccc(C(=O)NCC(C)(C)C(N)=O)cc1;COCc1ccccc1C(=O)N1CCOC(C(N)=O)C1;COC(=O)[C@H]1CN(C(=O)c2ccc(OC)cc2)CCN1;COc1cc2c(=O)n(C(C)C)c(=O)n(C)c2cc1OC;COC(=O)[C@@H]1CNCCN1C(=O)c1ccc(OC)cc1;CN1CCOC(C(=O)NCc2cccc3c2OCO3)C1;CC1=C(C(=O)OCC(C)C)[C@H](c2ccco2)NC(=O)N1;CC1=C(C(=O)OC(C)(C)C)[C@H](c2ccco2)NC(=O)N1;NC(=O)Nc1cccc(C(=O)OCC2CCCCO2)c1;CCCCOC(=O)C1=C(C)NC(=O)N[C@@H]1c1ccco1;CC(Oc1ccc(C(N)=O)cc1)C(=O)N1CCOCC1;CCC(C)C(N)C(=O)NC(CC[S+](C)[O-])C(=O)O;CC[C@H](C)OC(=O)C1=C(C)NC(=O)N[C@H]1c1ccco1;CC1OCCN(Cc2cccc3c2OCO3)C1C(N)=O;COc1ccc(OC)c2[nH]c(C(=O)NCCCO)cc12;COc1ccc(O)cc1C(=O)N1CCCNC(=O)C1C;CC(C)n1nc(C#Cc2ccncc2)c2c(N)ncnc21;CC(C)n1nc(C#Cc2cccnc2)c2c(N)ncnc21;COC(=O)/C=C/c1cnn(C)c1C/C=C(\C)C(=O)OC;CN(Cc1ccc2c(c1)OCO2)C(=O)C1CC(O)CN1;c1ccc2c(CCNc3ncnc4[nH]cnc34)c[nH]c2c1;O=C(O)C(Cc1ccc(O)cc1)NC(=O)C1CCCN1
m_ea2f71,Cc1c(C2CNCC2c2nc(-c3ccco3)no2)cnn1C;Cn1cc(C2CCCN2Cc2nc(-c3ccoc3)no2)cn1;Cc1c(C2OCCC2NC(=O)c2ccc(C#N)[nH]2)cnn1C;Cc1nn(C)cc1CC(=O)Nc1cn(C)nc1-c1ccco1;O=C(c1cc(=O)[nH]c(C2CC2)n1)N1CCCC1c1ncc[nH]1;NC(=O)c1ccc(C(=O)N2CCCC(c3ncc[nH]3)C2)cn1;Cc1c(C2OCCC2NC(=O)c2cc(C#N)c[nH]2)cnn1C;CC1CN(C)CC(c2nc(-c3nccc4[nH]ccc34)no2)O1;CC(=O)Nc1ccn(C2CCN(Cc3ccc(C#N)o3)C2)n1;CCn1cc(CC(=O)Nc2cn(C)nc2-c2ccco2)cn1;Cc1noc(C2CCCN(C(=O)c3cc(C#N)cn3C)C2)n1;Cc1c(CNC(=O)c2ccc3c(c2)[nH]c(=O)n3C)cnn1C;Cc1ccnc(N2CCN(C(=O)c3ccc(=O)[nH]c3)CC2)n1;Cc1c(C2OCCC2NC(=O)c2c[nH]c(C#N)c2)cnn1C;Cc1cc(C)nc(N=C(N)Nc2ccc3c(c2)OCCO3)n1;Cc1c(C(=O)Nc2cccc(N3CCNC3=O)c2)cnn1C;CC(C)[C@@H](CC(=O)c1ccoc1)n1cnc2c(N)ncnc21;O=C(NCCNC(=O)c1cccnc1)NCc1cccnc1;Cc1nn(C)cc1C(=O)Nc1cccc(N2CCNC2=O)c1;Cc1cc(N2CCN(C(=O)c3ccc(=O)[nH]c3)CC2)ncn1;Cn1nnc2c1CC(C(=O)Nc1ccc(C(N)=O)cc1)CC2;CCc1nn(C)cc1C(=O)Nc1cn(C)nc1-c1ccco1;O=C(OCCOCCOCCOCCO)c1ccncc1;Cn1c(=O)c2c(nc(NCc3ccccc3)n2C)n(C)c1=O;COCc1cccc(Nc2ncnc3c2cnn3CCO)c1
m_ea7270,N#CC1(C(=O)Nc2nc3c(s2)CC(c2ccccc2)CC3)CCC1;Cc1cccc2sc(N(Cc3cccnc3)C(=O)C3CCC3)nc12;CC(=O)NC(Cc1ccc(O)cc1)C(=O)NCC(=O)NCC(=O)O;NC(CC(=O)O)C(=O)NCC(=O)NC(Cc1ccccc1)C(=O)O;COc1ccc2c(c1)OCC(C(=O)Nc1cnn(CC(F)F)c1)C2;Cc1ccccc1NC(=S)N(Cc1cccnc1)Cc1ccco1;NCC(=O)NC(CC(=O)O)C(=O)NC(Cc1ccccc1)C(=O)O;CC(NC(=O)CCc1ccccc1)c1nc(-c2ccncc2)cs1;CN(Cc1nc2c(s1)CCCC2)C(=O)c1ccc2ncccc2c1;NC(Cc1ccccc1)C(=O)NCC(=O)NC(CC(=O)O)C(=O)O;Cc1ccccc1CC(=O)NC(C)c1nc(-c2cccnc2)cs1;O=C(Nc1nc(C2CCNCC2)cs1)c1cccc2ccccc12;Cc1ccc(CC(=O)NC(C)c2nc(-c3ccncc3)cs2)cc1;NCC(=O)NC(Cc1ccccc1)C(=O)NC(CC(=O)O)C(=O)O;Cc1ccc(C)c(C(=O)NC(C)c2nc(-c3cccnc3)cs2)c1;NC(=O)c1cc(NC(=O)c2cccn2Cc2ccccc2)ccc1F;NC(Cc1ccccc1)C(=O)NC(CC(=O)O)C(=O)NCC(=O)O;COC(=O)C1CCc2nnc(-c3cccc(OC(F)F)c3)n2CC1;Cc1ccc(C(=O)NC(C)c2nc(-c3cccnc3)cs2)c(C)c1;Cn1ccc(C2CCCN(S(=O)(=O)Cc3ccccc3F)C2)n1;Cc1ccc2nc(NC(=O)CN3CCc4ccccc4C3)sc2c1;N#Cc1cccc(NC(=O)C(=O)N2CCC(c3cccc(F)c3)C2)c1;CC(NC(=O)c1cn2c(n1)COCC2)c1cccc(OC(F)F)c1;NC(CC(=O)O)C(=O)NC(Cc1ccccc1)C(=O)NCC(=O)O;Cc1cc(F)cc(S(=O)(=O)N2CCCC(n3cc(C)cn3)C2)c1
m_eaecd7,O=C(O)C1CCCN1C(=O)COCc1ccccc1Cl;O=C(O)CN(C(=O)COCc1ccccc1Cl)C1CC1;O=C(COCc1ccccc1Cl)NC1(C(=O)O)CCC1;COc1ccc(CC(=O)N2CCCC2C(=O)O)c(Cl)c1;COc1cccc(Cl)c1CC(=O)N1CCCC1C(=O)O;O=C(O)CC1COCCN1C(=O)Cc1ccc(Cl)cc1;O=C(O)C1COCCN1C(=O)CCc1ccc(Cl)cc1;Cc1cc(Cl)ccc1OCC(=O)N1CCC(C(=O)O)C1;Cc1ccc(C(=O)N2CCC(O)(C(=O)O)CC2)cc1Cl;Cc1c(Cl)cccc1C(=O)N1CCOC(CC(=O)O)C1;Cc1cccc(C(=O)N2CCC(O)(C(=O)O)CC2)c1Cl;Cc1cccc(C(=O)N2CCOCC2CC(=O)O)c1Cl;COc1ccc(Cl)cc1CC(=O)N(CC(=O)O)C1CC1;COCC1(C(=O)O)CCCN1C(=O)c1ccccc1Cl;Cc1cc(C(=O)NC2(C(=O)O)CCOCC2)ccc1Cl;COC(=O)c1s/c(=N\CCCC#N)n(C)c1C(=O)OC;COc1ccc(Cl)cc1CC(=O)N1CCC(C(=O)O)C1;O=C(O)C1CN(C(=O)CCc2ccccc2Cl)CCO1;CC1(C(=O)O)CCCN1C(=O)COc1ccc(Cl)cc1;OC1CCN(c2nc(-c3cc(F)cc(F)c3)ns2)CC1;COc1ccc(CC(=O)N2CCC(C(=O)O)C2)c(Cl)c1;COc1ccc(CC(=O)NC2(C(=O)O)CCC2)c(Cl)c1;COc1ccc(Cl)cc1CC(=O)NC1(C(=O)O)CCC1;Nc1nnc(-c2ccccc2)c(Nc2ccc(Cl)cc2)n1;COC1(C(=O)O)CCN(C(=O)c2cccc(Cl)c2C)C1
m_ebcb8a,NC(=O)CCCC(=O)Nc1ccc(-n2ncc3ccccc32)cc1;COCC(=O)NCc1cn(-c2ccccc2)nc1-c1ccncc1;N#Cc1ccc(NCc2cccc(C(=O)N3CCOCC3)c2)nc1;O=C(CO)Nc1cccc(NCc2ccc(-n3ccnc3)cc2)c1;CCc1cccc(NC(=O)CNC(=O)c2cnn3ccccc23)c1;N#Cc1cccnc1NCc1cccc(NC(=O)C2CCCO2)c1;Cn1c(C(=O)NCCNC(=O)c2cccnc2)cc2ccccc21;Cn1cc(C(=O)NCCNC(=O)c2ccncc2)c2ccccc21;Cc1cccc(C(=O)NC(C)C(=O)Nc2ccc3c[nH]nc3c2)c1;Cn1cc(C(=O)NCCNC(=O)c2ccccn2)c2ccccc21;Cc1cccc(C)c1NC(=O)CNC(=O)c1ccc2[nH]ncc2c1;N#Cc1ccc(NCc2cccc(NC(=O)C3CCCO3)c2)nc1;CCc1ccccc1NC(=O)CNC(=O)c1ccc2[nH]ncc2c1;O=C(Nc1cnn(-c2ccccc2)c1)NC(CO)c1ccccc1;Cc1cc(-c2ccccc2)nc2cc(C(=O)N3CCOCC3)nn12;N#Cc1cccnc1NCc1cccc(C(=O)N2CCOCC2)c1;C/C=C/Cn1c(SCCC(C)C)nc2c1c(=O)[nH]c(=O)n2C;O=C(Nc1cc(Cl)ccc1N1CCCCCC1)C1CCCO1;CN(C(=O)Cn1ncn(C)c1=O)c1ccccc1-c1ccccc1;CCC(CNC(=O)NCc1noc(C)n1)Oc1cccc(F)c1;COc1ccccc1CNC(=O)c1ccc(Cn2cncn2)cc1;COCCn1ccc(NC(=O)Cc2csc(C(C)(C)C)n2)n1;Cc1cc(C)c2ncc(C#N)c(NCCN3C(=O)CCC3=O)c2c1;COc1cccc(CNC(=O)Cc2nc(-c3ccccc3)n[nH]2)c1;O=C(CCn1cnc2ccccc2c1=O)NCCc1ccccn1
m_ec2936,O=C(Cn1cc(C2CC2)nn1)N1CCCN(CC2CCCCC2)CC1;C=CCN(C)C(=O)[C@H]1C[N@]2CC[C@H]1C[C@@H]2Cn1cc(C(C)(C)C)nn1;C=CCN(C)C(=O)[C@H]1CN2CC[C@H]1C[C@@H]2Cn1cc(CCCC)nn1;C[C@@H]1N[C@H](CC[C@H](O)CCCCCC[C@@H](O)CC(=O)O)CC[C@H]1O;c1cc(NC2CCN(CC3CCCC3)CC2)nc(N2CCOCC2)n1;CCCCCCCCC(O)CC(=O)OC(CC(=O)[O-])C[N+](C)(C)C;CN(C)c1cc(N(C2CC2)C2CCN(C(=O)C(C)(C)C)CC2)ncn1;O=C(CCCO)CCCCCCCCC[C@H]1N[C@H](CO)[C@H](O)[C@@H]1O;CCN1CCCCC1CNC(=O)N1CCN(Cc2cccnc2)CC1;Cc1cc(N2CCCC(NC(=O)N3CCC4CCCCC43)C2)n(C)n1;CC(CNC(=O)N1CCN(Cc2ccccn2)CC1)CN1CCCC1;CN(C)CC1CCN(C(=O)NC2CCN(Cc3ccncc3)CC2)C1;CN1CCN(CC2CCN(C(=O)NCCc3cccnc3)CC2)CC1;CC[C@@H](O)C[C@H](C)[C@H](O)[C@](C)(O)/C=C/C(=O)N[C@H](CO)[C@@H](C)CC;CC(C)(C)n1ncnc1CNC1CCN(C(=O)C2CC23CCC3)CC1;O=C(CCCCO)CCCCCCCC[C@H]1N[C@H](CO)[C@H](O)[C@@H]1O;CCN1CCN(c2cc(CNC(=O)NC3CCCC3C)ccn2)CC1;Cn1cnnc1C1CCCN1C(=O)NC1CCC2(CCCCC2)CC1;CN(CC1CCCN(C)C1c1cnn(C)c1)C(=O)NC1C=CCCC1;CCN1CCN(c2cc(CNC(=O)NCCC3CCC3)ccn2)CC1;CN(C)CCN(C(=O)C1CCN(c2ncccn2)CC1)C1CCCC1;CN1CCC(NC(=O)NC2CCN(CCc3ccncc3)CC2)CC1;Cc1nc(C(=O)N2CCC(C)CC2)nc(N2CCC(N(C)C)C2)c1C;Cc1cc(NC(=O)NCC2CCCNC2)cnc1N1CCCCC1C;CCCN1CCC(N2CCN(c3cccc(C(=O)NC)n3)CC2)CC1
m_ec5045,Cc1c(NC(=O)CCN2CCCC2=O)noc1-c1ccccc1F;Cc1cc(NC(=O)C2CCN(C(=O)c3ccccc3F)CC2)no1;Cc1c(-c2ccccc2)[nH]c(SCCCC(=O)N(C)C)nc1=O;Cc1ccccc1-c1noc(CSCC(=O)N2CCCCC2)n1;O=C(NCCCN1CCCC1=O)c1cc(-c2cccc(F)c2)no1;CCN(CC)CC(=O)N1N=C(c2cccs2)CC1c1ccco1;CC(=O)N1CCN(C(=O)Cc2cc(-c3ccc(F)cc3)on2)CC1;N[C@@H](CCCCP(=O)(c1ccccc1)c1ccccc1)C(=O)O;CCOc1ccc(-c2csc(N3CCC(C(N)=O)CC3)n2)cc1;O=C(CCN1CC(c2nc3ccccc3s2)C1)N1CCOCC1;COCc1csc(NC(=O)N2CCC(Cc3ccccc3)C2)n1;Cc1cccc(OCc2nc(-c3ccc(-n4cccc4)cc3)no2)c1;Cc1c(C(=O)N2CCC(NC(=O)c3ccsc3)CC2)ccn1C;Cc1cscc1-c1noc(C2CN(C(=O)C3CCCCC3)C2)n1;COc1ccccc1CC1CCCN1C(=O)c1csc(CN)n1;Cc1cc(-c2ncccc2NC(=O)NC2(CO)CCCC2)cs1;Cn1ncc(C(=O)O)c1C(=O)N1CCC(c2ccccc2F)CC1;O=C(C1CC(O)CN1)N1CCC(c2nc3ccccc3s2)CC1;CC(C)CNC(=O)C1CSCN1C(=O)c1c[nH]c2ccccc12;Cc1nc(C)c(C(=O)Nc2ccc(OC3CCNCC3)cc2)s1;CNC(=O)C(CC(C)C)NC(=O)c1ccc(-c2cscn2)cc1;O=C(c1ccc(F)c2occc12)N1CCCC(N2CCNC2=O)C1;O=C(CCCc1cccs1)N1CCCC1c1noc(C2CC2)n1;O=C(c1conc1C1CCCC1)N1CCC(Cc2nccs2)C1;Cc1nc(C2CCCN(C(=O)Cn3ccccc3=O)C2)sc1C
m_ec755b,CCN(Cc1ccoc1)C(=O)c1cc2c(c(S(N)(=O)=O)c1)CCC2;Cc1cc(C)c(S(N)(=O)=O)cc1C(=O)N(Cc1ccco1)C1CC1;CCN(Cc1ccoc1)S(=O)(=O)c1ccc2c(c1)C(C)(C)C(=O)N2;Cc1cc(S(N)(=O)=O)cc(C(=O)N2CCCC2c2ccco2)c1C;C/C=C/C(=O)/C1=C/C(=C2/C=CCCN2)SCC(NC(C)=O)C(=O)O1;COc1ccccc1CC(=O)NCCc1ccc(S(N)(=O)=O)cc1;CC(=O)N1c2ccc(S(=O)(=O)N(C)Cc3ccoc3)cc2CC1C;COc1cccc(C(=O)Nc2sc(C(C)C)cc2C(N)=O)c1OC;CN(C(=O)c1coc(S(=O)(=O)N(C)C)c1)C1CCc2ccccc21;COc1ccccc1CNC(=O)C(C)NS(=O)(=O)c1ccccc1;COc1ccc(CC(=O)NC(C)c2cccc(S(N)(=O)=O)c2)cc1;Cc1occc1CN(C)S(=O)(=O)c1ccc2c(c1)C(C)(C)C(=O)N2;O=C(NC[C@H]1OC[C@@H](NCc2ccccc2O)[C@@H]1O)c1cccs1;COc1ccc(-c2nc(C)c(C(=O)N[C@H](C(=O)O)C(C)C)s2)cc1;COc1cccc(-c2nc(C)c(C(=O)N[C@H](C(=O)O)C(C)C)s2)c1;COc1ccccc1CC(=O)Nc1cc(S(N)(=O)=O)cc(C)c1C;Cc1ccnc(CNS(=O)(=O)c2cc(C(=O)O)ccc2C(C)C)c1;Cc1ccoc1C(=O)N1CCCc2ccc(S(=O)(=O)N(C)C)cc21;COc1ccc(S(=O)(=O)NCCC(=O)NCc2ccccc2)cc1;CNS(=O)(=O)c1cccc(C(C)NC(=O)c2ccc(C)c(O)c2)c1;Cc1occc1C(=O)N1CCCc2ccc(S(=O)(=O)N(C)C)cc21;COc1ccccc1NS(=O)(=O)c1c(C)cc(NC(C)=O)cc1C;COc1ccc(NS(=O)(=O)c2c(C)cc(NC(C)=O)cc2C)cc1;COc1cccc(NS(=O)(=O)c2c(C)cc(NC(C)=O)cc2C)c1;CNC(=O)Cc1ccc(NS(=O)(=O)c2ccc(OC)cc2C)cc1
m_ecbfb5,CC(NC(=O)c1cccc(N2CCCS2(=O)=O)c1)c1ccc(Cl)cc1;O=C(Nc1ccccc1C(=O)O)c1cccc(Oc2ccc([N+](=O)[O-])cc2)c1;COc1cccc(Oc2cc([N+](=O)[O-])cc3c2C(=O)Nc2ccccc2O3)c1;O=C(NN=Cc1cccc(OC(=O)c2ccco2)c1)c1ccc2c(c1)OCO2;O=C(O)CNC(=O)c1ccc(NCC(O)C(O)COP(=O)(O)O)cc1;Cc1ccc(-c2nc3ncccc3o2)cc1NC(=S)NC(=O)c1ccco1;O=C1C=CC(=CNn2c(-c3ccco3)csc2=Nc2cccnc2)C(O)=C1;COc1ccccc1Oc1cc([N+](=O)[O-])cc2c1C(=O)Nc1ccccc1O2;NS(=O)(=O)c1cc(/N=N/c2ccc3ccccc3n2)c(O)c2ccccc12;CS(=O)(=O)N1C[C@H]2C[C@H](C1)c1ccc(-c3ccc(Cl)cc3)c(=O)n1C2;CCOC(=O)c1c(NC(=O)Nc2cccc(Cl)c2)sc2c1CCCC2;CCN1C(=O)CCc2cc(NS(=O)(=O)Cc3cccc(Cl)c3)ccc21;Cc1ccc(C(=O)C2=NO[C@H]3C(=O)N(c4ccc(C(=O)O)cc4)C(=O)[C@@H]23)cc1;Cc1ncc(COP(=O)(O)O)c(CN[C@H](CCC(=O)O)C(=O)O)c1O;CC(=O)N1CCCc2cc(S(=O)(=O)Nc3cc(Cl)ccc3C)ccc21;CN(Cc1c(F)cccc1Cl)C(=O)CNC(=O)c1ccc2c(c1)OCO2;COc1cc(/C=C(\C#N)c2nnc(NC(=O)c3ccccc3)s2)ccc1O;CC1(C)C(=O)Nc2ccc(S(=O)(=O)N3Cc4cc(F)c(F)cc4C3)cc21;CCN(CC(=O)O)C1CCN(S(=O)(=O)c2cccc(Cl)c2F)CC1;CC(=O)N1CCCc2cc(S(=O)(=O)Nc3cccc(Cl)c3C)ccc21;Cc1c2c(cn1-c1ccccc1C(N)=O)C(=O)c1cc(O)c(O)c(O)c1C2=O;CC1Cc2ccccc2N1CC(=O)Nc1cc(S(C)(=O)=O)ccc1Cl;Cc1cc2c(c(O)c1Br)C(=O)C(=O)C[C@]1(C)CC[C@H](C(C)C)[C@H]21;O=C(Nc1ccc(Oc2ccccc2)cc1)c1cccc([N+](=O)[O-])c1C(=O)O;CS(=O)(=O)NC1CCN(C(=O)c2cc(-c3ccccc3)ccc2Cl)C1
m_ed201b,Cc1cc(NC(=O)N2CCC(F)(F)C2)nn1C1CCCCC1;Cn1cc(NC(=O)N2CCC(F)(F)C2)c(C2CCCCC2)n1;CCC(C)n1ncc(NC(=O)N2CCC(F)(F)C2)c1C1CC1;CCOC(=O)C(CCC(=O)C=[N+]=[N-])NC(=O)C(N)CC(C)C;COCC(=O)N[C@@H]1[C@@H](O)CO[C@@H]1Cn1cc(C(C)(C)C)nn1;OCCOCC(COCCO)(COCCO)COCCO;COCc1cn(C[C@H]2OC[C@H](O)[C@H]2NC2CCOCC2)nn1;Cc1ccc(S(=O)(=O)OCC[C@H](C)CCCC(C)C)cc1;COCc1cn(C[C@H]2C[C@@H](NC(=O)C(C)C)[C@H](O)[C@@H]2O)nn1;CC(C1CC1)n1cc(NC(=O)N2CCC(F)(F)C(C)C2)cn1;Fc1ccc2ncnc(N3CC(N4CC5CCCC5C4)C3)c2c1;CCCCC1N2CC3([N+](=O)[O-])CN1CC([N+](=O)[O-])(C2)C3(C)C;COC(=O)c1cc(NC(=O)NC(CO)CC(C)(C)C)n(C)n1;Cc1ccc(N2CCCC(NC(=O)C(C)(C)C(F)F)C2)nn1;Fc1ccc2c(C3CCN(CCn4ccnc4)CC3)c[nH]c2c1;CC(C)(C)C1=CCN(C(=O)Nc2cnn(CC(F)F)c2)CC1;CC1(C)CCCN(CCNC(=O)c2cc(C(F)F)ncn2)C1;Cc1cc(C)n(CC2CCCN2Cc2ccc(F)cc2C#N)n1;CNC(=NCCCC(N)C(=O)O)N(C)Cc1ccc(CO)o1;CCCCCCCCCCCc1ccc(S(=O)(=O)O)cc1;CN(C)C(=O)C1c2cnn(C)c2CCN1CC1CC(F)(F)C1;Cn1ncc2c1CCCN(C(=O)NCC1CCCC1(F)F)C2;CC(C)n1cnnc1C1CCCN(C(=O)C2C(C)C2(F)F)C1;CCCCCCC(CCCC)c1ccc(S(=O)(=O)O)cc1;CCC1CN(C(=O)Cn2nc(C)oc2=O)CCN1CCOC
m_edaa12,COc1ccc(-n2c(CN3CCOCC3C)nc3ccccc32)cc1;COc1ccc(-n2c(CN3CCOC(C)C3)nc3ccccc32)cc1;Cn1c(CN2CCOC[C@H](Oc3ccccc3)C2)nc2ccccc21;Cc1cc(OCCN2CCOCC2)nn1-c1ccc2ccccc2c1;COC1CC(C(=O)N2CCC(Oc3ncccc3F)CC2)N(C)C1;OC(CCN1CCOCC1)(c1ccc(Cl)cc1)C1CCCCC1;CC(=O)NCCc1nc2ccccc2n1CCCOc1ccccc1;Cn1c(CN[C@H]2[C@H](O)[C@H](O)C[C@@H]2c2ccccc2)nc2ccccc21;CCOC(=O)c1cnc2c(ccc3ccccc32)c1NCCN(C)C;CCC(CO)N1CCN(C(=O)c2cc(NC(C)=O)ccc2F)CC1;CC1(NC(=O)NCC2CCN(Cc3cccs3)CC2)CCOC1;CCN(C(=O)Nc1c(-c2ccccc2)[nH]c2ccccc12)C(C)CO;CCSC1CCCCN(C(=O)c2ccn(C3CCOCC3)n2)C1;CCn1c(CNC(C)c2ccc3c(c2)OCCO3)nc2ccccc21;Cc1ccc(F)c(NC(=O)C(=O)NCCCN2CCC(O)CC2)c1;CC1(C)COCC1NC(=O)N1CCC(Oc2ncccc2F)CC1;CCc1nc(CN2CCC(CNC(=O)C3CCOC3)CC2)cs1;NC(=O)c1cccc(CNC(=O)NC(c2ccccc2)C2CCC2)c1;CCOC1CC(CNC(=O)c2ccncc2F)(N2CCOCC2)C1;O=C(c1cnc(OCC2CC2)cn1)N1CCCC1Cc1ccccc1;Cc1ccc(C(=O)NCCNC(=O)NC(C)C2CCCO2)cc1F;CC[C@@H]1CN(C(=O)C(C)(C)C)CC[C@H]1CC(=O)Nc1nccs1;CC1Cc2ccccc2CN1C(=O)c1cc(N2CCOCC2)ccn1;CCC1CN(C(=O)c2csc(C(C)C)n2)CC1N1CCOCC1;CC(NC(=O)NCC1CCOC1C(C)C)c1csc(C2CC2)n1
m_edccdd,Cc1nc(C)c(C(=O)N2CCNC(=O)C2C(C)C)nc1C;CC(C)(C)c1ncc(C(=O)N2CC(=O)NCC2(C)C)cn1;Cc1nnccc1C(=O)N1CCN(CC(C)C)C(=O)C1C;CC(C(=O)NC1CC1)N1CCN(C(=O)c2ccc[nH]2)CC1;Cc1ncccc1CNC(=O)NCC1CCN(C)C(=O)C1;CCC(NC(=O)c1cnc(C2CC2)nc1)(C(N)=O)C(C)C;CN(C)c1ccnc(C(=O)NCC2CCC3(CNC3)O2)c1;CC1C(=O)NCCCN1C(=O)c1ccn(C2CCCC2)n1;Cc1cnc(C(=O)NCCCN2CCCCCC2=O)cn1;COCCN1C[C@H]2CN(Cc3cccnc3)CCN2C1=O;CN1CCC(CNC(=O)c2ccnn2C2CCC2)CC1=O;CCOC1CC(NC(=O)Nc2cnc(CC3CC3)nc2)C1;COC(=O)CCCC[C@@H](C)O[C@@H]1O[C@@H](C)[C@H](O)C[C@H]1O;C[C@H](CCCCCC(=O)O)O[C@@H]1O[C@@H](C)[C@H](O)C[C@H]1O;COCCN1C[C@H]2CN(Cc3ccccn3)CCN2C1=O;CCC1CC(C(=O)N2CCCc3n[nH]cc3C2)CC(=O)N1;C[C@@H]1O[C@@H](OCCCCCCCC(=O)O)[C@H](O)C[C@H]1O;Cc1cc(C2CCCN(C(=O)C3CCC(=O)N3C)C2)n[nH]1;Cc1nn(C)c(C)c1C(=O)N1CCCC2C(=O)N(C)CC21;C=CCNC(=O)C1(NC(=O)c2cc(C)n[nH]2)CCCCC1;Cc1nn(C)c(C)c1C(C)NC(=O)c1ncoc1C(C)C;CCC(CC)n1nc(C(=O)N(C)Cc2ccon2)cc1C;Cc1ccn(C)c1C(=O)N1CCC(N2CCNC2=O)CC1;COC1CCN(C(=O)NC2CCN(c3ccccn3)C2)C1;CC(=O)N1CCCC(C(=O)Nc2cc(C3CC3)n(C)n2)C1
m_edd5cd,CCOC1CCCN(S(=O)(=O)c2ccc(C(F)(F)F)nc2)C1;CCN(CC1CCCO1)S(=O)(=O)c1ccc(C(F)(F)F)nc1;CC1CN(S(=O)(=O)c2ccc(C(F)(F)F)nc2)C(C)(C)CO1;CC1CCCN(S(=O)(=O)c2ccc(C(F)(F)F)nc2)C1CO;O=c1[nH]c2ccc(S(=O)(=O)N3CCOC4(CCCC4)C3)cc2o1;CC1(CNC(=O)c2csc(-c3c(F)cccc3F)n2)CCCO1;COc1cc(C/C=C(\C)CCC=C(C)C)c(O)cc1Br;COc1cc(Br)c(O)cc1C/C=C(\C)CCC=C(C)C;CC1CN(C(=O)c2csc(-c3c(F)cccc3F)n2)CC(C)O1;COC(=O)c1cccc(NC(=S)N[C@H]2CO[C@H]3[C@@H]2OC[C@H]3O)c1;O=C1CCCC/C=C/CCOC(=O)c2c(O)cc(O)c(Cl)c2C1;CC(Nc1ccc(S(N)(=O)=O)c(C(F)(F)F)c1)C1CCCO1;COC1CC(COc2cccnc2)N(S(=O)(=O)c2ccco2)C1;CN1C(=O)c2ccc(S(=O)(=O)NC3CCOC3(C)C)cc2C1=O;CCN(c1ccc(O)cc1)S(=O)(=O)c1cc(C(=O)OC)n(C)c1;CCOC(=O)[C@](C#N)(C(=O)c1ccccc1[N+](=O)[O-])c1ccccc1;CN1C(=O)c2ccc(S(=O)(=O)NC3CCC(O)CC3)cc2C1=O;CCC(C)C(NS(=O)(=O)c1cccc(C(F)(F)F)c1)C(N)=O;COc1ccc(CNC(=O)C2CSCN2C(C)=O)cc1C(=O)O;CCCC(NS(=O)(=O)c1ccc(OC)c2cccnc12)C(=O)O;CCOC(=O)CCNS(=O)(=O)c1nc(C)oc1-c1ccccc1;CCN(CC(=O)NC)S(=O)(=O)c1ccc(C)c(C(F)(F)F)c1;O=C(NCc1ccsc1)N1CCOC(c2ccc(F)c(F)c2)C1;COc1ccc(S(=O)(=O)NC(C(=O)O)C(C)C)c2ncccc12;Nc1nnc(C23COCC2CN(Cc2cc(F)cc(Cl)c2)C3)o1
m_eff2fa,CCC(C)NC(=O)c1cccc(CNC(=O)c2ccc3c(c2)NC(=O)C3(C)C)c1;CCC(C)NC(=O)c1cccc(CNC(=O)C2CC(=O)N(c3ccccc3)C2)c1;O=C1CCc2cc(C(=O)NCC3CN(Cc4ccccc4)CCCO3)ccc2N1;Cc1c(NCC(=O)N2c3ccccc3CC2C)cccc1C(=O)N1CCOCC1;Cc1c(NC(=O)C(C)N2CCc3ccccc32)cccc1C(=O)N1CCOCC1;CCC1CN(CC(=O)NCc2cccc(C(=O)NC3CC3)c2)c2ccccc2O1;CN1C(=O)CCc2cc(C(=O)Nc3ncccc3OCC3CCCCC3)ccc21;CC(C(=O)NCc1ccc(C(=O)N2CCOCC2)cc1)N1CCc2ccccc21;Cc1ccc(C(=O)N2CCOCC2)cc1NCC(=O)N1CCCc2ccccc21;CC1(C)CN(CC(=O)NCc2cccc(C(=O)NC3CC3)c2)c2ccccc2O1;CCc1ccccc1N1CC(C(=O)Nc2ccc(CC(=O)N(C)C)cc2)CC1=O;Cc1ccccc1NC(=O)[C@H](Cc1c[nH]c2ccccc12)NC(=O)OCC(C)C;CCN(CC)CCN=C(O)c1c(O)c2ccccc2n(Cc2ccccc2)c1=O;Cc1ccc(NC(=O)[C@H](Cc2c[nH]c3ccccc23)NC(=O)OC(C)(C)C)cc1;CN(C)CCc1c(C(c2c[nH]c3ccccc23)C(O)CO)[nH]c2ccc(O)cc12;COc1ccc(CN2CCN(C(=O)c3ccccc3N3CCCC3=O)CC2)cc1;CC(C)NC(=O)c1ccc(NC(=O)C2CCCN2C(=O)Cc2ccccc2)cc1;Cc1ccc(N2CCC(Nc3cccc(C(=O)N4CCOCC4)c3C)C2=O)cc1;CN(C)c1ccc(CNC2(Cc3cc(COc4ccccc4)on3)COC2)cc1;Cc1ccc(NC(=O)CCCC(=O)N2C[C@@H]3C[C@@H](C2)c2cccc(=O)n2C3)cc1;O=C(Nc1ccc2n(c1=O)C[C@H]1C[C@@H]2CN(C2CCOCC2)C1)c1ccccc1;CN(CC1C(c2ccccc2)C(CO)N1C(=O)C1CCC1)C(=O)c1ccccn1;CC(C)C(=O)Nc1ccc(C(=O)CN2C[C@@H]3C[C@H](C2)c2cccc(=O)n2C3)cc1;CCC(=O)N1CCc2c(C(=O)N3CCN(c4ccccc4OC)CC3)cccc21;O=C1C[C@H](c2ccccc2)NCC[C@]2(O)CN(CCCN1)C(=O)c1ccccc12
m_f0bee0,CC1CC(NC(=O)NCc2cccc(C(=O)NCc3ccco3)c2)C1;O=C(NCc1cccc(C(=O)NCc2ccco2)c1)NCC1CCC1;CN(C(=O)NCc1cccc(C(=O)NCc2ccco2)c1)C1CCC1;CC1CCN(C(=O)NCc2cccc(C(=O)NCc3ccco3)c2)C1;NC(=O)NCc1ccc(C(=O)N(Cc2ccco2)C2CCCC2)cc1;O=C(NCCNC(=O)c1ccco1)NC(c1ccccc1)C1CCC1;Cc1ccccc1C1(CNC(=O)CNC(=O)NCc2ccco2)CC1;O=C(CNC(=O)N1CCC(Cc2ccccc2)C1)NCc1ccco1;Cc1ccc(C(CNC(=O)c2ccc(C(N)=O)cc2)N2CCCC2)o1;Cc1ccc(NC(=O)N2CCC(NC(=O)c3ccc(C)o3)CC2)cc1;COc1cccc(CNC(=O)NCC(=O)Nc2c(C)cccc2C)c1;O=C(c1ccnc(OC2CCC2)c1)N1CCN(Cc2ccco2)CC1;CCCOc1cc(CNC(=O)c2ccc(C)c(NC(C)=O)c2)ccn1;Cc1ccc(NC(=O)N2CCC(NC(=O)c3occc3C)CC2)cc1;CCn1cc(NC(=O)NC(c2ccc(OC)cc2)C2CC2)ccc1=O;CC(=O)N1CCN(CC(=O)N(Cc2ccco2)c2ccccc2)CC1;CC(=O)N1CCN(Cc2cccc(NC(=O)c3occc3C)c2)CC1;O=C1CCCCCN1CC(=O)N(Cc1cccnc1)Cc1ccco1;Cc1nc(-c2ccco2)ccc1C(=O)NCCC(=O)N1CCCCC1;Cc1occc1C(=O)NC1CCN(C(=O)NCc2ccccc2)CC1;COCCN(Cc1ccccc1)C(=O)c1ccc(CNC(N)=O)cc1;CC(=O)Nc1cc(NC2CCN(C(=O)c3ccoc3)CC2)ccc1C;C=CCOc1ccc(CN(C)C(=O)c2ccc(=O)n(CCC)n2)cc1;Cc1cc(CN2CC(C(=O)N3CCCCC3)Oc3ccccc32)no1;COc1ccc(C(=O)NCC2CCN(c3ccccc3OC)C2)cn1
m_f10ba9,COC1CN(C(=O)c2c(C)coc2C)CC1c1cn(C)nn1;COC1CN(C(=O)c2oc(C)cc2C)CC1c1cn(C)nn1;CCc1occc1C(=O)N1CCCC(O)(Cn2ccnn2)C1;Cc1cc(C)c(C(=O)N(C)CC2OCCC2c2ncn[nH]2)o1;Cc1cc(C(=O)N2CCCC(O)(Cn3ccnn3)C2)c(C)o1;Cc1cc(C(=O)N(C)CC2OCCC2c2ncn[nH]2)oc1C;CC(C)c1occc1C(=O)N1CCC(O)(Cn2ccnn2)C1;CC(C)c1occc1C(=O)N1CCCC(c2nnc(N)o2)C1;CCc1nn(C)cc1NC(=O)NC(C)(C1CC1)C(F)(F)F;CCc1cc(C)c(C(=O)N2CCOC(c3nncn3C)C2)o1;COC1CC(c2nncn2C)N(C(=O)c2oc(C)cc2C)C1;COCCN1CC(C(=O)Nc2nccnc2C2CC2)CC1=O;COc1ccc(C=CC(=O)N[C@H]2CCCN2C(=N)N)cc1O;Cc1n[nH]c(C2CCOC2CN(C)C(=O)c2occc2C)n1;COc1ccnc(N2C[C@@H]3OCC(=O)N(CC4CC4)[C@@H]3C2)n1;CCc1oc(C(=O)N2CC(OC)CC2c2ncn[nH]2)cc1C;COc1ccc(CN(C)C(=O)NCc2cc[nH]n2)c(OC)c1;COCc1n[nH]c(C2CCCCN2C(=O)c2ccoc2C)n1;CCC1C(CO)CCN1C(=O)c1cc(=O)[nH]c2ncn(C)c12;CC1(C)CCC(CNC(=O)c2cc(Cn3cccn3)on2)O1;CC(C)N1C(=O)C(C)(C)Oc2ccc(C(=O)N=C(N)N)cc21;CCc1oc(C(=O)N2CCC(O)(Cn3ccnn3)C2)cc1C;CC(NC(=O)N1CCC(C(F)(F)F)CC1)c1cnn(C)c1;CCOC1CCN(C(=O)Nc2cn(C)nc2-c2ccco2)C1;Cc1c(C(=O)NC(C)C(F)(F)F)nnn1CC1CCCC1
m_f1a045,CC(C)n1ccc(C(=O)NC(Cc2ccncc2)C(=O)O)n1;CC(C)n1cc(C(=O)NC(Cc2ccncc2)C(=O)O)cn1;CCn1ccc(C(=O)NCC23CNCC2(C(F)(F)F)C3)n1;COC1CC(c2nc(C)no2)N(C(=O)c2ccc(C)nc2)C1;COc1nc(C)ccc1C(=O)NC1CC(O)C1n1cccn1;CCOC(=O)c1cnc(NC(CO)c2ccccn2)nc1C;N[C@@H](Cc1c[nH]cn1)C(=O)N[C@@H](Cc1ccccc1)C(=O)O;CC(C)n1cc(NC(=O)NCc2cccc(C(=O)O)c2)cn1;Cc1nc(O)ccc1C(=O)NC1CCOC1c1cnn(C)c1;O[C@@H]1[C@@H](n2cccn2)[C@@H]2OCC(O2)[C@H]1NCc1ccccn1;O[C@@H]1[C@@H](n2ccnc2)[C@@H]2OCC(O2)[C@H]1NCc1ccccn1;Cc1nn(C)c(C)c1NC(=O)NCc1cccc(C(=O)O)c1;O[C@@H]1[C@@H](n2cccn2)[C@@H]2OCC(O2)[C@H]1NCc1cccnc1;COc1ccc(NC(=O)NC[C@H]2Cn3ccnc3CO2)cc1;CCC(C)C(NC(=O)c1cnn(-c2cccnc2)c1)C(=O)O;N#Cc1ccccc1NC(=O)CCN1CC(O)CC1C(N)=O;CNCC(=O)N1CCN2C(=O)c3ccccc3NC(=O)[C@H]2C1;O[C@@H]1[C@@H](n2ccnc2)[C@@H]2OCC(O2)[C@H]1NCc1cccnc1;CN1C(=O)CN(CC(=O)N2CCCC2c2cccnc2)C1=O;O=C1[C@@H]2C[C@@H](O)CN2C2(CNC2)C(=O)N1Cc1cccnc1;CCc1cc(C(=O)NCC23CNCC2(C(F)(F)F)C3)n[nH]1;Cc1cc(C)n(CCOC(=O)c2ccc(NC(N)=O)cc2)n1;CNCC(=O)N[C@H]1C[C@H]2C(=O)Nc3ccccc3C(=O)N2C1;CCn1ccc(NC(=O)Nc2cccc(CCC(=O)O)c2)n1;C#CC(CC)(CC)NC(=O)Cn1c(=O)c(C#N)cn(C)c1=O
m_f22b14,CN(CC1CCCN(C)C1c1cncn1C)c1ccnc(C#N)c1;CN(CC1CCCN(C)C1c1ccnn1C)c1ccnc(C#N)c1;CN(CC1CCCN(C)C1c1cncn1C)c1ccc(C#N)nc1;CCCCCCCCC#CCC#CCC#CCC#CCCC(=O)O;CC(C)c1nc2n(n1)CC(NCc1nc3ccccc3n1C)CC2;CCCCCCCC#CCC#CCC#CCC#CCCCC(=O)O;C=C1CC[C@H]([C@H](C)COC(=O)c2ccccc2)[C@H]2C=C(C)CC[C@H]12;CCC(=O)NC[C@H]1O[C@H](Cc2cc(C(C)(C)C)on2)CC[C@@H]1O;O=C(CC1CCC(NC(=O)C2CCC2)C(CO)O1)NCC1CC1;Cc1cc(NC2CCN(c3ncnc4c3CCCC4)CC2)ncn1;O=C(C[C@@H]1C[C@H]2O[C@H](CNC3CCCC3)[C@@H](O)[C@H]2O1)NC1CC1;CCCCCC#CCC#CCC#CCC#CCCCCCC(=O)O;CC/C=C/C=C/C=C/CCC[C@H](C(=O)O)[C@@]12C=C[C@@H]3[C@H]4[C@@H](C[C@@H]31)[C@H]42;CCCCCc1cc(OC)c2c(c1)OC(C)(C)c1ccc(C)cc1-2;CCCNc1nc(NCc2ccccc2)n2ncc(C(C)C)c2n1;Cc1nc(C)n(CC2CCCN2Cc2nc3ccccc3n2C)n1;CC1=C2C[C@H]3CC[C@@H](C)[C@]2(CC1=O)[C@@]3(C)CCc1ccc(O)cc1;CCCCCCCCCc1ccc(OC(=O)c2ccccc2)cc1;CC(C)(C)c1cc2c(N3CCCC(c4ccn[nH]4)C3)nccn2n1;Cc1nc(-c2ccc(C)c(NCc3cn(C(C)C)nc3C)c2)n[nH]1;Cc1cnc(C)c(N2CC(c3nc(C4CC4)n[nH]3)C(C3CC3)C2)n1;CC(C)[C@H]1CC[C@](C)(c2ccc(O)cc2)C[C@@H]1c1ccc(O)cc1;CCc1cc(N2CC3CN(c4ncnc(C)c4C)CC3C2)ncn1;Cc1cnc(N2CC(c3nc(C4CC4)n[nH]3)C(C3CC3)C2)nc1C;CCC(/C=C(C)/C=C/c1ccccc1)=C\C1C(C)OC(=O)C1CC
m_f22bed,CCCn1nc(C(=O)N2CC(C)OC(c3ccccc3)C2)ccc1=O;CCCn1nc(C(=O)NC(c2ccc(OC)cc2)C2CC2)ccc1=O;C=CCOc1ccc(CN(C)C(=O)c2ccc(=O)n(CCC)n2)cc1;COCCn1nc(C(=O)NC2CCCCc3ccccc32)ccc1=O;COCCn1nc(C(=O)N2CCCC2c2cccc(C)c2)ccc1=O;CCCn1nc(C(=O)N2CCCC2c2cccc(OC)c2)ccc1=O;CCOC1CCCN(C(=O)c2ccc(=O)n(Cc3ccccc3)n2)C1;CCOc1ncccc1NC(=O)N1CC(C)OC(c2ccccc2)C1;COc1ccc(C2CCCCCN2C(=O)c2ccc(=O)n(C)n2)cc1;Cc1noc(C)c1CCN1C(=O)NC(C)(CCc2ccccc2)C1=O;CC1CCC(C(=O)O)CN1C(=O)c1ccn(CCc2ccccc2)n1;Cc1c(C(=O)N(Cc2ccc(O)cc2)CC2CC2)nn2c1OCCC2;COC1(c2ccccc2)CN(C(=O)c2n[nH]c3c2CC(C)OC3C)C1;CCNC(=O)CNC(=O)c1ccoc1CN1c2ccccc2CC1C;COCCn1cc(NC(=O)NC2(C)Cc3ccccc3C2)ccc1=O;Cc1ccc(CN[C@@H]2CO[C@H](CNC(=O)c3ccncc3)[C@H]2O)cc1;COc1ncc(C)cc1NC(=O)C1CN(Cc2ccccc2)CCO1;Cc1ccc(-n2ncc(C(=O)N3CCC(C(=O)O)C3)c2C(C)C)cc1;CC(=O)NCC(=O)NCC(=O)NC(C)Cc1ccc2ccccc2c1;Cc1ccc(Cn2cccc(NC(=O)NC3CCOC3C)c2=O)cc1;CNC(=O)CC1(O)CCCN(C(=O)c2ccc(-c3ccccc3)[nH]2)C1;Cc1nn(CC(=O)N2c3ccccc3CCC2C)c(=O)c(CO)c1C;Cc1ccccc1-n1nccc1C1OCCC1C(=O)NC1CCOC1;COc1cc(CNC(=O)c2ccc(C)c(N3CCOCC3)c2)ccn1;COc1cc(C(=O)N2CCCC(CO)(Cc3ccccc3)C2)ncn1
m_f24d72,COc1ccc(C)cc1S(=O)(=O)NCCc1cccc(C(=O)O)n1;COc1ccc(C(=O)O)cc1S(=O)(=O)N(C)CCc1ccccn1;CNC(=O)COc1cccc(NS(=O)(=O)c2cc(C)ccc2O)c1;COc1ccc(C(=O)O)cc1S(=O)(=O)N(C)CCc1cccnc1;COc1ccc(NS(=O)(=O)c2ccc(NC(C)=O)cc2)cc1OC;COc1ccc(NC(=O)c2cccc(OS(=O)(=O)N(C)C)c2)cc1;COc1ccc(CC(=O)Nc2ccc(S(N)(=O)=O)cc2)cc1OC;Cc1ccc(/C=C2\Oc3cc(OCc4ccccc4F)ccc3C2=O)o1;Cc1ccc(/C=C2\Oc3cc(OCc4ccc(F)cc4)ccc3C2=O)o1;CC1(C)S[C@@H]2[C@H](NC(=O)Cc3ccc(O)cc3)C(=O)N2[C@H]1C(=O)O;COc1ccc(-c2nc(C)c(C(=O)N[C@@H](C)C(=O)O)s2)cc1OC;COC(=O)[C@H](CCSC)NC(=O)Nc1ccc2oc(=O)ccc2c1;Cc1ccc(S(=O)(=O)Nc2cccc(C(=O)O)c2OC(C)C)cn1;COc1ccc(C(=O)NCc2ccc(S(N)(=O)=O)cc2)cc1OC;S=C(NCC1CCCO1)Nc1cnn(Cc2ccc(Cl)cc2)c1;Cc1ccc(-c2nn3c(C)nnc3s2)cc1NC(=O)c1cccnc1;Cc1ccc(OC(=O)c2ccco2)c(C(=O)/C=C/c2ccc(F)cc2)c1;CC1C/C=C/CC/C=C/C(=O)Cc2c(Cl)c(O)cc(O)c2C(=O)O1;COc1ccc(C(=O)NCc2ccc(S(N)(=O)=O)cc2)c(OC)c1;O=C1c2ccccc2C(=O)c2c1cc1ccccc1c2Oc1ccccc1;COc1cccc(S(=O)(=O)N2CCN(C(=O)c3ccco3)CC2)c1;Clc1cccc(Cl)c1OCCN1CCCC[C@H]1c1cccnc1;COC(=O)Cc1c(C)c2cc(Cl)c(OCC=C(C)C)cc2oc1=O;Clc1ccc(OCCN2CCCC[C@H]2c2cccnc2)c(Cl)c1;CC1=C(Cl)C(=O)[C@]2(C)C1=CC(=O)[C@]1(C)[C@@H]3C(=O)O[C@@H]([C@H]3C)[C@@H](O)[C@@H]21
m_f2d901,Cc1noc(C2COCCN2Cc2cccc(F)c2F)n1;Cc1noc(C2COCCN2Cc2cc(F)ccc2F)n1;Cc1noc(C2CC(O)CN2c2nc(C(C)C)ns2)n1;Cc1n[nH]c(-c2ccccc2)c1NC(=O)c1ccccc1F;Cc1ccc(-c2cc(C(=O)Nc3ccccc3F)[nH]n2)cc1;CC(C)(C(=O)N1CCOc2c(C#N)cncc2C1)C(F)F;CCc1nsc(NCC2CCC(c3nc(C)no3)O2)n1;CCCOP(=S)(N/N=C(C)/C(C)=N/O)OCCC;N#CC1(C(=O)Nc2cccc(OCC(F)F)n2)CCCC1;c1cc2[nH]ccc3c2c(c1)c1[nH]ccc2c4ccccc4n3c21;c1cnc2ccc(-c3nccc4c3[nH]c3ccccc34)cc2c1;CCc1nsc(N2CC(OC)CC2c2nnc(C)o2)n1;c1ccc2cc(-c3nccc4c3[nH]c3ccccc34)ncc2c1;COC(C)(C)c1nsc(NCc2nc(C)cc(=O)[nH]2)n1;CC(C)(C)c1nnc(SCCOc2ccccc2F)[nH]1;CC[C@]1(C)Cc2ccccc2-c2nnc(-c3cccs3)n21;c1ccc2c(-c3nccc4c3[nH]c3ccccc34)ccnc2c1;O=C(NCCc1ccc(F)cc1)c1ccc2nccnc2c1;c1ccc2nc(-c3nccc4c3[nH]c3ccccc34)ccc2c1;CCC(C)C(N)c1nnc(SCc2cccc(F)c2)o1;c1ccc(CN2CC[C@H](c3nc4ccccc4s3)C2)nc1;N#Cc1cc(F)c(NCC(O)CN2CCCC2=O)c(F)c1;Fc1ccc(F)c(NCc2noc(C3CCOCC3)n2)c1;N#Cc1ccc(/C=C/c2nccc3c2[nH]c2ccccc23)cc1;c1cc(-c2nccc3c2[nH]c2ccccc23)c2cccnc2c1
m_f55e93,O=C(NCC1CCC(F)(F)C1)c1ccc(Cn2nnc3ccccc32)cc1;Cn1cnc2cc(C(=O)N(Cc3cc(F)ccc3F)C3CCCC3)cnc21;CC(C)NC(=O)CN1CCN(C(=O)NCc2ccc(Cl)cc2F)CC1;CC(=O)c1ccc(NC(=O)N[C@@H]2CCN3C(=O)[C@H]4CCCN4C(=O)[C@H]23)cc1;O=C(NCCc1c[nH]c2cc(F)cc(F)c12)c1ccc(NCC2CC2)nc1;CN1CCC(N2CCC(NC(=O)c3cncc(C(F)(F)F)c3)CC2)C1=O;COc1ccc(C(=O)N2C[C@@H]3OCC(=O)N(Cc4nccn4C)[C@@H]3C2)cc1;Cc1nn(C)c(OCC(F)(F)F)c1CN1CCC(Oc2cccnc2)C1;Cc1nc2cc(O)nn2c(C)c1CCC(=O)N1CC(C)(CC(F)(F)F)C1;Cn1c(CN2CCOC(c3ccc(F)cc3F)C2)nnc1-c1ccccc1;CC1CCn2ncc(C(=O)Nc3ccc(CC(=O)NCC(=O)O)cc3)c2C1;CCOCC=Cc1ccc(OC2OC(CO)C(O)C(O)C2O)c(OC)c1;CN1CCC(=O)Nc2cc(C(=O)N3CCN(CC(F)(F)F)CC3)ccc21;COc1ccc(CN(C)c2nc(N(C)C)cc(C(F)(F)F)n2)c(OC)c1;O=C(O)CCN(C(=O)c1cccc(Nc2cnccn2)c1)C1CCOCC1;CCCc1cc(NC(=O)NC(c2ccc(OC)c(F)c2)C(F)F)n(C)n1;COc1cc2c(cc1OC)CN(C(=O)CCNC(=O)c1cnccn1)CC2;Cc1nc2cc(O)nn2c(C)c1CCC(=O)N1CCC(C(F)(F)F)CC1;CN1CCC(N2CCC(NC(=O)c3cccc(C(F)(F)F)n3)CC2)C1=O;Cn1ccnc1CN1C(=O)CO[C@H]2CN(Cc3ccc(C(=O)O)cc3)C[C@H]21;NC(=O)NC1(C(=O)N2CCN(Cc3cccc(C(F)(F)F)c3)CC2)CC1;CCC(CCc1ccc(OC)cc1)OC1OC(C(=O)O)C(O)C(O)C1O;C/C(=C\Cc1cc(O)c(C)cc1O[C@@H]1O[C@H](CO)[C@@H](O)[C@H](O)[C@H]1O)CO;N#Cc1ccccc1N1CCCN(CC(=O)Nc2ccc(F)c(F)c2)CC1;COc1ccc(/C=C/CCO[C@@H]2O[C@H](CO)[C@@H](O)[C@H](O)[C@H]2O)cc1OC
m_f5c42c,Cc1ccccc1C1(CNC(=O)NCC2(O)CCC2)CC1;O=C(NCC1(O)CCC1)NC(Cc1ccccc1)C1CC1;Cc1ccccc1C1(CNC(=O)NC2CCOCC2)CC1;CC1(O)CCN(C(=O)NCC2CC(c3ccccc3)C2)C1;Cc1ccccc1C1(CNC(=O)C2NCCOC2C)CC1;O=C(NCCC1Cc2ccccc2C1)N1CCCC(O)C1;Cc1cccc(CCNC(=O)CCCNC(=O)C2CC2)c1;CC1COCCN1C(=O)NC(Cc1ccccc1)C1CC1;O=C(NCC1CCCO1)N1CCC(Cc2ccccc2)C1;Cc1cccc2c1CCC2NC(=O)NC(C)(CO)C1CC1;CC(C)C(=O)NCCCCNC(=O)/C=C/c1ccccc1;CC1CC(O)CN(C(=O)NCC2CC2c2ccccc2)C1;CC1CCC(O)CN1C(=O)NCC1CC1c1ccccc1;NC(=O)CC1(O)CCCN(Cc2ccccc2C2CC2)C1;CC(O)C1CCN(C(=O)NCc2ccc3c(c2)CCC3)C1;CC[C@@H](C)[C@@H](CO)NC(=O)CCc1c[nH]c2ccccc12;CC(NC(=O)N1CCOC(Cc2ccccc2)C1)C1CC1;CCOCC1CCN(C(=O)C2(N)Cc3ccccc3C2)C1;O=C(NCC1NC(CO)C1c1ccccc1)C1CCCC1;CCCC(NC(=O)NC1C=CC(CO)C1)c1ccccc1;Cc1ccccc1CC1CN(C(=O)C2CN(C)CCO2)C1;CCCC(NC(=O)NC1CC2CCC1O2)c1ccccc1;CC1CCN(C(=O)NCc2ccc3c(c2)CCC3)C1CO;NC(=O)CC1(O)CCCN(CCC=Cc2ccccc2)C1;CNC(=O)CC(=O)NC1CC(C)(C)CCc2ccccc21
m_f7002e,O=C(NC1CCC(O)CC1)C1CC1c1cccc(Br)c1;O=C(NC1CCC(O)CC1)C1CC1c1ccc(Br)cc1;CNC(=O)[C@H](Cc1ccccc1)NC(=O)Nc1nnc(S)s1;COCCC1(C(=O)NC2CC2c2ccccc2Br)CC1;O=C(Cc1ccc(Br)cc1)NC1CCC12CCOCC2;COCCN(CC(=O)O)C(=O)c1ccc(-c2ccccc2Cl)o1;NS(=O)(=O)c1cccnc1NCC1(c2ccc(Cl)cc2)CC1;CC1(C)C(O)CC1CC(=O)N1Cc2ccc(Br)cc2C1;CC(Oc1cccc(Cl)c1)C(=O)N1CCC(O)(C(F)(F)F)C1;O=C(CSc1nnc(-c2ccccc2Cl)o1)N1CCCCC1;COC1CC(CO)N(C(=O)c2cc(Cl)cc(C(F)(F)F)c2)C1;COC1CC(CO)N(C(=O)c2ccc(C(F)(F)F)cc2Cl)C1;Nc1nc(=O)n(C2CC(O)C(COP(=O)(O)O)O2)cc1CO;O=C(CCc1cc(Cl)cs1)NCCC(=O)Nc1ccncc1;O=C(Nc1ncc(Cc2ccccc2Cl)s1)N1CCOCC1;Cc1csc(C(NC(=O)N2CCC(C(=O)O)C2)C(F)(F)F)n1;COC1CC(CO)N(C(=O)c2ccc(Cl)c(C(F)(F)F)c2)C1;O=C(CSc1nnc(-c2ccccc2Cl)o1)NC1CCCC1;O=C(NCc1cnc(-c2ccc(Cl)cc2)s1)N1CCOCC1;CCn1c(SCC2CCC(=O)O2)nnc1-c1cccc(Cl)c1;CNc1ccn(C2OC(COP(=O)(O)O)C(O)C2O)c(=O)n1;CCC1CCC(C(=O)Nc2cccc(-c3nnsc3Cl)c2)O1;CCCCCCCc1c(Br)c(=O)c2ccccc2n1O;COC1C(O)C(COP(=O)(O)O)OC1n1ccc(N)nc1=O;COC1(CC(=O)Nc2cccc(-c3nnsc3Cl)c2)CCC1
m_f7302f,CC(C)n1ncc(C(=O)N2CCNCC2)c1C(F)(F)F;CCn1ncc(C(=O)N2CCCNCC2)c1C(F)(F)F;CN1CCCC1CNC(=O)c1cn(C)nc1C(F)(F)F;CCN1CCC(NC(=O)c2nc[nH]c2C(F)(F)F)CC1;CCCn1cc(C(=O)N(C2CC2)C2CC(=O)NC2=O)cn1;CCn1ncc(NC(=O)NC(C)C2CC2)c1C(F)(F)F;CCc1nn(C)cc1NC(=O)NCC1CC1C(F)(F)F;Cc1cc(C(=O)N2CC(N)CCC2C(F)(F)F)n(C)n1;C=CCSC(CC=C)(C(=O)OCC)c1ccccc1C;CSCO[C@H]1C[C@@H](CC=C(C)C)C(=O)c2ccccc21;O=C(NCC1CCCNC1)c1ccn(CC(F)(F)F)n1;COCCOc1cc(-c2noc([C@@H]3CCCN3)n2)ccn1;CN(C)c1cccc(CNC(=O)NCCC(F)(F)F)n1;CO[C@H]1[C@@H](O)[C@H](O[C@H]2C[C@@H]3O[C@@H]3[C@@H](C)O2)O[C@H](C)[C@H]1O;Cn1ccc(NC(=O)NC(C2CCCC2)C(F)(F)F)n1;COCCOc1ncccc1-c1noc([C@@H]2CCCN2)n1;CCn1cc(NC(=O)N2CCC(C(F)(F)F)CC2)cn1;CCCCCC1=C(CO)[C@@H](O)[C@H](OC(=O)O)[C@@H](O)[C@H]1O;CCCCNC(=O)n1c(NC(=O)OC)nc2ccccc21;CC(C)c1n[nH]c(C2CN(C(=O)c3ccco3)CCO2)n1;CCCc1n[nH]c(C2CN(C(=O)c3ccco3)CCO2)n1;Cn1nccc1C(=O)NCC1CCN(CC(F)(F)F)C1;O=c1nc(CN2CCC(C(F)(F)F)C3(CCC3)C2)[nH][nH]1;CCOC(=O)CN/C=C(\C=N\NC(N)=O)c1ccccc1;COC(=O)C[C@@H](C)OC(=O)C[C@@H](C)OC(=O)C[C@@H](C)O
m_f82743,Cn1cc(CC(=O)N2CCCC2(C)Cc2cccc(F)c2)cn1;Cn1cc(CCC(=O)N2CCCC2Cc2ccc(F)cc2)cn1;Cn1cc(CCC(=O)N2CCCC2Cc2cccc(F)c2)cn1;CC(CC(=O)NCc1cc2n(n1)CCC2)Cc1cccc(F)c1;O=C(CCc1ccccc1F)N1CCCCC1Cn1cccn1;CCn1ccnc1C1OCCC1NCC=Cc1ccc(F)cc1;Cc1n[nH]c(C)c1CC(=O)NC1CCC(c2ccccc2F)C1;CCc1cc(C(=O)N2CCCC2(C)Cc2cccc(F)c2)[nH]n1;Cn1nccc1C(=O)N(CCc1cccc(F)c1)C1CCCC1;Cc1cnn(CC2CCCCN2C(=O)Cc2cccc(F)c2)c1;Cc1n[nH]c(C)c1CC(=O)NC1(Cc2cccc(F)c2)CCC1;CN(C)Cc1ccc(CNC(=O)c2[nH]ccc2C2CC2)cc1F;Cc1n[nH]c(C)c1C(C)C(=O)NC(c1ccc(F)cc1)C1CC1;Cc1n[nH]c(C)c1CC(=O)N1CCC(c2ccccc2F)CC1;Cc1ccc(F)c(Cn2nc(C)c(C3CCCC(=O)N3)c2C)c1;CC(C)C(c1ccc(F)cc1)N(C)C(=O)c1cc2n(n1)CCC2;Cc1n[nH]c(C)c1C(C)C(=O)N1CCCC1c1ccc(F)cc1;Cc1cc(NC(=O)C2CC2c2ccc(F)cc2)n(C(C)(C)C)n1;CC(Nc1cc(C(N)=O)ccc1CN(C)C)c1cccc(F)c1;Fc1ccc(CC2CCN(Cc3nnc(C4CC4)o3)CC2)cc1;Cc1n[nH]c(C)c1CCC(=O)NCc1ccc(C2CC2)cc1F;CC1CN(C(=O)CCc2cncn2C)CCc2ccc(F)cc21;Fc1ccc(Cn2cc(CN3CCOCC34CCC4)cn2)cc1;O=C(NCC1CCN1C1CC1)NC1C2Cc3cc(F)ccc3C21;Cc1ccc(F)c2c1N(C(=O)Cc1c(C)nn(C)c1C)CCC2
m_f858ee,CCOc1nc(C(=O)N2CCCc3c2cccc3C(F)(F)F)co1;Cc1cc(C(=O)N2CC(C)(C)Oc3ccc(C(F)(F)F)cc32)no1;COC(=O)/C=C/C(=O)c1ncc(OC)c2c1[nH]c1c(OC)cccc12;Cc1cc(=O)c(O)c(C(CC(N)=O)c2cc3ccccc3[nH]c2=O)o1;O=C(c1ncoc1C(F)(F)F)N1CCC(c2ccc(O)cc2)CC1;CN(C)C(=O)C1CSCN1C(=O)C1CC1c1c(F)cccc1F;O=C(C1CN(c2nnc(C3CC3)s2)CCO1)N1CCSCC1;COC(=O)C(CO)=C(C)[C@H](C=Cc1ccc(Cl)c(OC)c1)OC;C=C[C@H]1C[N@]2CC[C@H]1C[C@@H]2CNS(=O)(=O)c1ccc(Cl)cc1;FC(F)(F)COc1ccc(NCc2cccc3c2OCCO3)cn1;COC(=O)c1ccc(Oc2c[nH]nc2-c2ccc(OC)cc2O)cc1;CN(Cc1cccc(O)c1)C(=O)c1cccc(OCC(F)(F)F)n1;C=C1[C@@H]2[C@H]3OC(=O)[C@](O)(CCl)[C@@H]3CCC(=C)[C@@H]2C[C@@H]1OC(C)=O;FC(F)(F)c1ccc(COc2ncncc2C2OCCCO2)cc1;NCCCCCCNS(=O)(=O)c1ccc2c(Cl)cccc2c1;Cc1csc(NC(=O)CCCC[C@@H]2SC[C@@H]3NC(=O)N[C@@H]32)n1;Cc1cnc(NC(=O)CCCC[C@@H]2SC[C@@H]3NC(=O)N[C@@H]32)s1;COc1ccc(/C=C2\Oc3cc(OCC(=O)NN)ccc3C2=O)cc1;CC(O)(CNC(=O)c1c[nH]c(=O)c(C(F)(F)F)c1)c1ccccc1;CN(C)Cc1c(O)ccc2c1O/C(=C\c1cccc([N+](=O)[O-])c1)C2=O;O=C(NCc1ccccc1CO)c1cccc(OCC(F)(F)F)n1;COC(=O)c1ccc(COc2ccc3nc4n(c(=O)c3c2)CCC4)o1;COC(=O)c1ccc(-c2nc(-c3ccc(OC)c(OC)c3)no2)cc1;O=C(O)C1CC1C(=O)Nc1cccc(-c2ccc3c(c2)OCCO3)n1;C=C1CC=CC(C)(C)C1C/C=C(/C)C(CBr)OC(C)=O
m_f866a0,Cn1nc2c(c1NC(=O)C1CCN(S(=O)(=O)c3cccs3)CC1)CCC2;Cc1cc(C)cc(NC(=O)c2cn(C)nc2S(=O)(=O)N2CCSCC2)c1;Cn1cc(C(=O)NCCc2ccccc2)c(S(=O)(=O)N2CCSCC2)n1;CCN(CC(=O)O)C1CCN(S(=O)(=O)c2ccccc2C(F)(F)F)CC1;COc1ccc(N2CC(CNC(=O)c3cccc(C(F)(F)F)c3)OC2=O)cc1;NS(=O)(=O)c1cc(C(=O)N2CCCCC2Cc2ccc(F)cc2)ccc1F;CCN(C)CC1CCN(S(=O)(=O)c2ccc(C(=O)O)c(C(F)(F)F)c2)C1;CC1(O)CCC2C3CCC4=CC(=O)CCC4(C)C3(Br)C(=O)CC21C;O=C(Nc1cc(NS(=O)(=O)c2cccc(F)c2)ccc1F)C1CCCCC1;O=S(=O)(NC(C1CCCO1)C1(CO)CCC1)c1cccnc1C(F)(F)F;CC(=O)c1cc(NC(=O)c2cccc(C(F)(F)F)c2)c(=O)oc1C=CN(C)C;CC1CCC(C(O)C(F)(F)F)N1c1ccc2[nH]c(=O)cc(C(F)(F)F)c2c1;CON=C(C(=O)O)c1ccccc1CON=C(C)c1cccc(C(F)(F)F)c1;COc1cc2c(cc1OC)-c1cc(Oc3ccc4c(c3)OCO4)nc(=O)n1CC2;COc1ccccc1S(=O)(=O)NC1CCN(Cc2ccc(Cl)cc2)CC1;COC1CNCCC1C(=O)NCc1cc(C(F)(F)F)cc(S(C)(=O)=O)c1;O=C(Nc1ccccc1C(=O)N[C@@H](Cc1ccc(O)cc1)C(=O)O)c1ccco1;CC(C)c1ncc(Br)c(NCC2CC(c3nncn3C)CC2O)n1;COCc1cc(=O)c(O)c(-c2[nH]c(-c3ccco3)nc2-c2ccc(OC)cc2)o1;COC1=C(OC)C(=O)c2c(cc3c([nH]c(=O)n3C)c2-c2ccc(OC)cc2)C1=O;CC(C)C(NS(=O)(=O)c1ccc2c(c1)C(=O)NCC2)c1ccc(F)cc1F;CCCCN1Cc2cccc(NS(=O)(=O)c3cc(OC)ccc3Cl)c2C1;CCCCO[C@@H]1[C@H](O)[C@@H](COP(=O)(O)O)O[C@H]1n1cc(C)c(O)nc1=O;COC1=C(OC)C(=O)c2c(cc3nc(O)n(C)c3c2-c2ccc(OC)cc2)C1=O;CS(=O)(=O)N1CCc2c(ncn(Cc3csc(C4CCCC4)n3)c2=O)C1
m_f8bf38,COC1(C(=O)O)CCN(C(=O)c2cccc(C)n2)C1;CO[C@@H]1CO[C@H]2[C@@H]1OC[C@@H]2NC(=O)c1ccccn1;Cc1nc(C(=O)NC2(C)CCOC2)ccc1C(=O)O;CC(=O)Nc1ccc([C@@H](O)[C@H]2COCC(=O)N2)cc1;N#CCCOc1ccc([C@@H](O)[C@@H](CO)NC=O)cc1;N[C@H]1CO[C@H]2[C@@H]1OC[C@H]2OC(=O)Nc1ccccc1;CC(C)C(N)C(=O)NC(CC[S+](C)[O-])C(=O)O;CC(C)(C)OC(=O)NN=Cc1ccc(C(=O)O)cc1;CC(C)(CCO)SCC([NH3+])C(=O)NCC(=O)[O-];COC(=O)/C=C/c1cnn(C)c1C/C=C(\C)C(=O)O;COC(=O)c1ccccc1NC(=O)[C@H](C)CC(N)=O;COC(=O)/C=C/c1ncn(C)c1C/C=C(\C)C(=O)O;CCOOCc1c(N)[nH]c2cc(C(=O)OC)ccc12;COC(=O)c1cccc(C(=O)NC2CCOCC2)n1;CC(C)=Cc1nc(N2C(=O)C[C@H](O)[C@@H]2C)cc(=O)o1;CO[C@@]1(Cc2ccccc2)NC(=O)[C@H](CO)NC1=O;CC(=O)Nc1ccc([C@H]2OCC(=O)N[C@@H]2CO)cc1;O=C(O)CC1COCCN1C(=O)Cc1ccncc1;O=C(O)CC1COCCN1C(=O)Cc1cccnc1;COc1ccnc(C(=O)NC(CC2CC2)C(=O)O)c1;COCCN1[C@@H]2CN(C)C[C@@H]2OCCS1(=O)=O;C/C(=N/O)c1c2c(c(O)c3c1OCO3)CN(C)CC2;COc1c(O)cc2[nH]cc(CCNC(C)=O)c2c1O;COc1nc(C)ccc1C(=O)NC1CC(C(=O)O)C1;COc1cc2[nH]c(=O)n(C(C)C)c(=O)c2cc1OC
m_f8d39e,CCCN(C(=O)c1cc(C)cc(O)n1)C1CCc2ccccc2C1;CCCN(Cc1ncccc1C(=O)O)C1CCc2ccccc2C1;Cc1cccc(C(=O)N2CCC(Oc3ccc(C)c(C)c3)CC2)n1;CCOc1ncccc1CNC(=O)Cc1ccc2c(c1)CCCC2;Cc1ccc(C)c(OC2CCN(C(=O)c3cccc(C)n3)CC2)c1;Cc1ccc(CCC2CCN(C(=O)c3ccc(O)nc3)CC2)cc1;c1ccc(C2CC(NCc3ccnc(OC4CCOC4)c3)C2)cc1;COc1cc(F)cc(CN2CCCC(O)(CC(=O)N(C)C)C2)c1;COC1CCCN(C(=O)c2ccccc2Nc2ccc(C)cc2)C1;CN1CC[C@@](C)(O)[C@@H](NC(=O)CC(C)(C)C)[C@@H]1c1cccs1;Cc1ccc(C2CCCC2N(C)Cc2ncccc2C(=O)O)cc1;Cc1nc(CC2CC2)oc1C(=O)N1CCCC(c2ccccc2)C1;CCC(=O)Nc1ccc(-c2ccc(NC(=O)CC)c(C)c2)cc1C;Cc1noc(C)c1CCC(=O)N(C1CC1)C1CCc2ccccc21;CC1CC(c2ccccc2)C(C)N1C(=O)CCn1ccccc1=O;CC1(CCc2ccccc2)CCN(Cc2ncccc2C(=O)O)C1;Cc1ccc(-c2cnc(CCC(=O)N(CC3CC3)C3CC3)o2)cc1;CC(O)c1ccc(CNC(=O)N2CCC(c3ccccc3)C2)cc1;O=C(c1nccc2ccccc12)N1CCCC1C1CCCCC1O;CC(C)=CCCC1=CC[C@H]2C(=O)NN(c3ccccc3)C(=O)[C@H]2C1;CC(=O)Nc1ccc(CN(CCO)C2CCc3ccccc32)cc1;O=C(c1nccc2ccccc12)N1CCC(C2CCOCC2)CC1;O=C(C1CCCC1c1ccccc1)N1CCC(c2ncco2)CC1;CC1(c2ccccc2)CCCN(C(=O)CCn2ccccc2=O)C1;Cc1cc(C)cc(C2CCN(Cc3ncccc3C(=O)O)CC2)c1
m_f8ef30,O=C(CCc1nccs1)N1CCN(CCO)CC1;CCc1ncc(C(=O)NCCN2CCOCC2)s1;Cc1nc(C)c(C(=O)NCC(=O)NC(C)(C)C)s1;O=C(NCCc1nccs1)N1CCCC(CO)C1;CCOCC1CCN(C(=O)NCc2nccs2)C1;CCN(C(=O)c1c(O)cc(F)cc1F)C1CCCC1;CC(C)OC1CC(NC(=O)c2cccc(F)c2F)C1;CCc1csc(NC(=O)NC(C)C2CCCO2)n1;Cc1ncc(C(=O)NCCN2CCOCC2C)s1;O=C(NCCN1CCOCC1)NCc1cccs1;CC1(C)CN(C(=O)c2csc(CCN)n2)CCO1;c1ccc(-c2ccc(-c3cc4ccccn4c3)cc2)cc1;NC12c3ccccc3C(c3ccccc31)c1ccccc12;Cc1cnc(CCNC(=O)NCC(O)C2CC2)s1;COC(=O)CN1CCN(c2nc(C)c(C)s2)CC1;Cc1ccc2c(c1)/C(=C/c1ccccc1)c1cccnc1-2;Cc1ncc(CN(C)C(=O)NCC2CCCO2)s1;Cc1ncsc1CN(C)C(=O)NCC1CCCO1;CCOC1CCCN(C(=O)c2csc(CN)n2)C1;CCC1COCCN1C(=O)c1csc(CCN)n1;CCc1csc(C(C)NC(=O)C(C)NC(C)=O)n1;CCc1nc(NC(=O)NCC2CCCO2)sc1C;CCNc1ncc(C(=O)NC2CCCCC2O)s1;CCc1cnc(N2CCN(CCC(=O)O)CC2)s1;Cc1nc(CCNC(=O)N2CCOCC2C)cs1
m_fb2bcc,CCOC1CC(CC(=O)Nc2c(C(=O)OC)n(C)c3ccccc23)C1;COC(=O)[C@@H](NC(=O)CCn1cc(C(C)=O)c2ccccc21)C(C)C;CCOC(=O)C1(O)CCN(C(=O)Cn2cc(C)c3ccccc32)CC1;CC[C@@H](C)[C@H](NC(=O)CCn1cc(C(C)=O)c2ccccc21)C(=O)O;COC(=O)CC1(CC(=O)Nc2cccc3c2CN(C)C3=O)CCCC1;CCc1cccc2c(CC(=O)NCC3(C(=O)O)CCOCC3)c[nH]c12;Cn1cc(CC(=O)N(CCC(=O)O)CC2CCCO2)c2ccccc21;COC(=O)[C@]1(CO)c2[nH]c3ccccc3c2[C@@H](C)[C@]2(O)CNCC[C@@H]21;CC(=O)c1cn(CCC(=O)NCCCCCC(=O)O)c2ccccc12;CC(C)Cn1cc(C(=O)N2CCOC(CC(=O)O)C2)c2ccccc21;CC(=O)c1cn(CCC(=O)NC(CC(C)C)C(=O)O)c2ccccc12;CCOc1cc2nccc(N3CCC(C(=O)O)CC3)c2cc1OCC;Cc1c(NC(=O)C2CC2)cccc1NC(=O)C1CCCCC1C(=O)O;Cc1ccc(N2CCC(NC(=O)C3CCC(C(=O)O)CC3)C2=O)cc1;Cc1nc(-c2ccc(NC(=O)CCOC3CCOCC3)cc2)oc1C;COc1ccc2[nH]c(C(=O)N3CCOCC3C3CCCC3O)cc2c1;CCC#CCC#CCC#CCC#CCC#CCC#CCCCCC(=O)O;CCCOc1ccc(CNC(=O)Cn2cccc(C)c2=O)cc1OC;CCOc1cc(C(=O)NCc2ccccn2)cc(OCC)c1OCC;CN1C(=O)C(C)(C)c2cc(C(=O)NCC(CC3CC3)C(=O)O)ccc21;COC(=O)[C@@H](NC(=O)c1cn(C(C)C)c(=O)c2ccccc12)C(C)C;CCCCCCCC(=O)Oc1ccc(C(=O)Nc2cc(C)on2)cc1;C/C=C/C=C/C(=O)NCCCC1NC(=O)/C(=C(O)/C=C/C=C/C)C1=O;COc1ccc(-c2noc(C(=O)NC3CCCCC3)c2[C@H](C)O)cc1;O=C(O)CCC(=O)N1CC[C@H]2CC(=O)N(c3ccccc3)CC[C@H]2C1
m_fb6996,CCOC(=O)c1ccc2c(c1)N(CC(=O)NC1CCN(C(C)=O)CC1)CCO2;CCOC(=O)N1CCC(NC(=O)C2CC(=O)N(c3ccccc3OC)C2)CC1;CCNC(=O)CC1CCC2C(COc3ccc(NC(C)=O)cc3C(=O)N2C)O1;CN(C)C(=O)CN1C(=O)CO[C@H](c2ccc(NC(=O)C3CCC3)cc2)[C@H]1CO;CN(C)c1ccc([N+](=O)[O-])cc1C(=O)OCC(=O)N1CCC[C@@H]2CCCC[C@H]21;CSCC[C@H](N)C(=O)NC[C@H]1CC[C@H](C(=O)N[C@@H](C(=O)O)C(C)O)CC1;COc1c(-c2c(C)cc(OC)c3c(OC)cccc23)ccc2c1C(C)=N[C@H](C)C2;COc1ccc(NC(=O)C[C@@H](c2ccccc2)c2ccc(OC(C)C)cc2)cc1;CCCCc1ccc(N2COc3ccc4c5c(c(=O)oc4c3C2)CCCC5)cc1;C=CC(C)(C)C(=O)Nc1ccccc1C(=O)CCNC(=O)CC[C@H](N)C(=O)O;NC(=O)NC(=O)C1CCC(NC(=O)c2cccc(OCC3CCCO3)c2)CC1;COc1cc2c(cc1OC)[C@@H](Cc1ccc(OCc3ccccc3)cc1)NCC2;COC(=O)[C@@H]1CN(C(=O)C2CCNCC2)CCN1C(=O)c1ccc(OC)cc1;COc1ccc(CCN2C(=O)N[C@@H](CCC(=O)N3CCCC3)C2=O)cc1OC;CCOc1cc2c(cc1OCC)[C@@H](c1cccc(Oc3ccccc3)c1)NCC2;Cc1ccc(CN2C(=O)[C@@H]3C[C@@H](O)CN3C3(CN(C4CCOCC4)C3)C2=O)o1;CCCCc1ccc(N2COc3c(cc4c5c(c(=O)oc4c3C)CCC5)C2)cc1;COc1ccc(CCN2C(=O)N[C@@H](CC(=O)NCC3CCOCC3)C2=O)cc1;COC(=O)[C@H]1CN(C(=O)c2ccc(OC)cc2)CCN1C(=O)C1CCNCC1;COC1=CC=C2[C@@H]3Cc4ccc(OC)c(Oc5ccccc5)c4[C@]2(CCN3C)C1;COc1cc2nc(C)n(CC(=O)N[C@H]3CCOC(C)(C)C3)c(=O)c2cc1OC;COC(=O)CC[C@H]1CNC(=O)[C@@H]2[C@@H](CCN2Cc2ccc(C(=O)O)cc2)N1C;O=C(CC1C=CC(NC(=O)C2CCOCC2)C(CO)O1)NCc1ccncc1;COc1ccc2c(c1O)C13CCN(C)C(C2)C1C[C@](NC(N)=O)(OC)C(=O)C3;COCC(=O)N1C[C@@H]2COCCN2C2(C1)CN(C(=O)COc1ccccc1)C2
m_fbf20a,CC1(C(N)=O)CCCCN1CC(=O)NC1CCOCC1;CCNC(=O)[C@@H]1CCCN1C1(C(=O)NC)CCOCC1;CNC(=O)C(C)(C)N1CCC[C@H]1C(=O)N1CCOCC1;CNC(=O)[C@@H](C1CC1)N1CCC[C@H]1C(=O)NCCOC;CNC(=O)C1(N2CCC[C@H]2C(=O)NC(C)(C)C)COC1;CCN(CC)C(=O)[C@@H]1CCCN1C1(C(=O)NC)COC1;CCC[C@@H](C)[C@@]1(CC)C(=O)N=C(NCCCO)N=C1O;CCOC(=O)[C@@]1(C)CC[C@@H](/C(C)=N/NC(N)=O)C1(C)C;CC1CCC(C(N)=O)CN1C(=O)CNCC1CCCO1;CCN1CC2(C1)CN(C(=O)CCO)C[C@H]1C[C@@H](O)CN12;COCC(=O)N1CCN2[C@H](CN(C(C)=O)CC2(C)C)C1;CNC(=O)CCN1CC(OC)CC1C(=O)N1CCCC1;COC1CCC(NC(=O)NC2CCCN(C)C2=O)CC1;COCCN1C[C@H]2CN(C3CCOCC3)CCN2C1=O;CNC(=O)C1CCCN(C(=O)CNCC2CCCO2)C1;CC(=O)N1CC2(CN(CCCO)C[C@H]3C[C@@H](O)CN32)C1;CC(C)N1C(=O)NC2CN(C(=O)CC(C)(C)O)CCC21;COCC(=O)N1CCC(NC(=O)NC2CCCC2)CC1;CC(=O)NCC1CN(C(=O)C2(N)CCCCC2)CCO1;CCC(C(=O)O)N1CCN(CC(=O)N2CCCC2)CC1;Cc1nc(CNC(=O)NC(CCO)C(C)(C)C)oc1C;CN1CCN(C(=O)CNCC2CCCO2)C(C)(C)C1=O;CC(C)(O)CN1CCCN(C(=O)C2CNC(=O)C2)CC1;CC(C(=O)O)N1CCN(CC(=O)N2CCCCC2)CC1;COCCN1CN(C(=O)NCC2CCC(C)C2)CC1=O
m_fd4556,CN(C)c1ccncc1C(=O)NC1CCN(C2CCOCC2)C1=O;Cc1ccc(NC(=O)N2CCN(C(=O)C3CCCO3)CC2)c(C)n1;CC(C)[C@H]1NC(=O)[C@@H]2C[C@@H](NC(=O)c3cccn3C)CCN2C1=O;COc1cncc(C(=O)NC2CN(C3CCCN(C)C3=O)C2)c1C;CNC(=O)C12CCOCC1CN(C(=O)c1cc(N(C)C)ccn1)C2;Cc1nc(C(=O)N(C)C)ccc1C(=O)N1CCC(C)CC1C(N)=O;CNC(=O)C12CCOCC1CN(C(=O)c1cc3n(n1)CCCC3)C2;COc1ccc(C(=O)NC2CCN(C3CCN(C)C3=O)CC2)cn1;CC1(C)[C@@H]2C[C@@H](O)[C@@](C)(C2)[C@@H]1O[C@@H]1O[C@H](CO)[C@@H](O)[C@H](O)[C@H]1O;COC(=O)NCc1ccc(NC(C)c2nc(C(C)(C)C)no2)cc1;C=CC(C)(CCCC(C)C(=O)O)OC1OC(C)C(O)C(O)C1O;C=C[C@@](C)(O[C@@H]1O[C@H](CO)[C@H](O)[C@H](O)[C@H]1O)[C@H]1CCC(C)(C)O1;C[C@]12CC[C@H](C[C@@H]1O)[C@@]2(C)CO[C@@H]1O[C@H](CO)[C@@H](O)[C@H](O)[C@H]1O;C/C(=C\C=C\C[C@@H](C)CO[C@@H]1O[C@H](CO)[C@@H](O)[C@H](O)[C@H]1O)CO;C=C[C@](C)(CC/C=C(/C)CO)O[C@@H]1O[C@H](CO)[C@@H](O)[C@H](O)[C@H]1O;CC(=O)NCC1CCn2ncc(C(=O)N3CCOCC34CC4)c2C1;C=C[C@]1(C)CC[C@H](O[C@@H]2O[C@H](CO)[C@@H](O)[C@H](O)[C@H]2O)C(C)(C)O1;C=C[C@](C)(CC[C@@H](O)C(=C)C)O[C@@H]1O[C@H](CO)[C@@H](O)[C@H](O)[C@H]1O;CC(C)=CCC/C(=C\CO)CO[C@@H]1O[C@H](CO)[C@@H](O)[C@H](O)[C@H]1O;C=C[C@@]1(C)CC[C@@H](C(C)(C)O[C@@H]2O[C@H](CO)[C@@H](O)[C@H](O)[C@H]2O)O1;C[C@@]1(CO)[C@H]2CC[C@@H](CO[C@@H]3O[C@H](CO)[C@@H](O)[C@H](O)[C@H]3O)[C@@H]1C2;CC12CCC(CC1)[C@](C)(CO[C@@H]1O[C@H](CO)[C@@H](O)[C@H](O)[C@H]1O)O2;C/C(=C/CC/C(C)=C/COC1OC(CO)C(O)C(O)C1O)CO;C=C(CCC=C(C)C)[C@@H](CO)O[C@@H]1O[C@H](CO)[C@@H](O)[C@H](O)[C@H]1O;CC1(C)[C@@H](O[C@@H]2O[C@H](CO)[C@@H](O)[C@H](O)[C@H]2O)[C@@]2(C)C[C@H](O)[C@@H]1C2
m_fd693e,CCN(C)C(=O)NCCOc1ccc(C(F)(F)F)cn1;COC(=O)[C@H]1CN(C(=O)c2cccnc2)CCN1C(C)=O;COc1ccc(C(=O)NC2CC(=O)N(C(C)C)C2=O)cn1;CC1NC(=O)CCC1NC(=O)c1cc2c(cn1)OCCO2;COC(=O)[C@H]1CN(C(C)=O)CCN1C(=O)c1cccnc1;COCC(=O)N1C[C@@H]2Oc3ncccc3C(=O)N(C)[C@@H]2C1;CNC(=O)C1CCCCN1C(=O)c1ccc(C(=O)O)nc1;O=C(NCCc1cccc(F)c1F)NCc1cccnc1;COCCNC(=O)C[C@@H]1NC(=O)c2ccccc2NC1=O;Cc1nc2c(cc1C(=O)OC(C)C)c(=O)n(C)c(=O)n2C;NCC(=O)N1CC(NC(=O)c2ccccc2)CC1C(=O)O;NC(=O)C1(NC(=O)c2ccc([N+](=O)[O-])cc2)CCCCC1;Cc1noc(C)c1CNC(=O)C1CNCC1C(F)(F)F;Cc1nc(CN2CC(C(N)=O)C(C(F)(F)F)C2)oc1C;Cc1nc(CNC(=O)C2CNCC2C(F)(F)F)oc1C;NC(Cc1c[nH]c2ccccc12)C(=O)NC(CO)C(=O)O;NC(CO)C(=O)NC(Cc1c[nH]c2ccccc12)C(=O)O;COCCNC(=O)c1c(-c2cccnc2)noc1[C@H](C)O;COC(=O)[C@@H]1CCC(/C(C#N)=C2/CC[C@@H](C(=O)OC)N2)=N1;Cc1nocc1NC(=O)N(CC1CCC1)CC(F)(F)F;CC(O)(CNC(=O)CCc1nc2ccccc2[nH]1)C(=O)O;CC(C)OC1CC(NC(=O)c2nc[nH]c2C(F)(F)F)C1;Cn1cc(C(=O)N(Cc2c(F)cccc2F)C2CC2)cn1;O=C(NCCNCCO)c1c(O)c2ccccc2[nH]c1=O;CC(c1ccc(F)c(F)c1)N(C)C(=O)Nc1ccncc1
m_fe6eaa,O=C(Nc1nnc(Cc2ccccc2)s1)N1CCCC1C(F)F;O=C(NCc1nc(-c2ccncc2)cs1)N1CCCC1C(F)F;CC(C)CC1COCCN1C(=O)Nc1nnc(C(F)(F)F)s1;O=C(NCC1CCCc2ccccc21)Nc1nnc(C(F)F)s1;CC(NC(=O)c1nccnc1C(N)=O)c1ccccc1C(F)(F)F;CCS(=O)(=O)N1CCC(Nc2ccc(C(F)(F)F)nn2)CC1;CCS(=O)(=O)NC1CCN(c2ccc(C(F)(F)F)nn2)CC1;CCn1cc(C(=O)NCc2nc3ccccc3o2)c(C(F)(F)F)n1;Cn1ncc2c(=O)n(Cc3ccccc3OCC(F)(F)F)cnc21;C[C@@H](NC(=O)c1cnccn1)c1onc(-c2ccccc2)c1C(=O)O;Nc1nc(O)cc(C2CCN(C(=O)c3cc(F)c(F)cc3F)C2)n1;O=C(/C=C/c1ccc(O)cc1)OC(=O)[C@]1(O)C[C@@H](O)[C@@H](O)[C@H](O)C1;O=C(/C=C/c1ccc(O)cc1)O[C@]1(C(=O)O)C[C@@H](O)[C@H](O)[C@H](O)C1;CO[C@@H]1[C@H]([C@@H](O)COC(=O)/C=C/c2ccc(O)cc2)OC(=O)[C@@H]1O;NS(=O)(=O)c1cccnc1NCC1CCN(CC(F)(F)F)C1;COC(=O)CCC(=O)Oc1ccc(OC(=O)CCC(=O)OC)cc1;COC(=O)[C@@]1(O)C[C@H]2O[C@H](COC(=O)c3ccccc3)[C@@H](O1)[C@H]2O;Cc1cccc2oc(O[C@H]3O[C@@H](CO)[C@H](O)[C@@H](O)[C@@H]3O)cc(=O)c12;NC(=O)Nc1ccc(CNC(=O)c2ccc(C(F)(F)F)cn2)cc1;COc1cnc(NC(=O)NCC2CCN(CC(F)(F)F)C2)s1;COc1ccc(CN(CCO)C(=O)Nc2nncs2)c(OC)c1;CS(=O)(=O)NC1CCCC1CNc1ccc(C(F)(F)F)nn1;CS(=O)(=O)NCC1CCCN(c2nccc(C(F)(F)F)n2)C1;O=C(/C=C/c1ccc(O)cc1)[C@@H]1[C@@H](O)[C@@H](O)[C@H](O)C[C@]1(O)C(=O)O;Cc1ccccc1-n1ncc2c(=O)n(CC(O)C(F)(F)F)cnc21
m_fe9649,CN(C)C(CNc1cc(N2CCOCC2)ncn1)c1ccc(F)cc1;COC1CC(CN)N(c2cc(NCCc3cccc(F)c3)ncn2)C1;CN(C)C(CNC(=O)NC1CC1c1ccc(F)cc1)c1cnn(C)c1;COc1ccc2c3c1O[C@@H]1C(OC)(OC)CC[C@@H]4[C@@H](C2)N(C)CC[C@@]341;CN(C)C(CNC(=O)NC1CC1c1cccc(F)c1)c1cnn(C)c1;CCO[C@H]1O[C@@H]2CC=C3CCN(C)[C@H]3[C@@H]2c2cc(OC)c(OC)cc21;COc1cc2c(cc1OC)[C@]13CCN(C)[C@@H](C2)[C@@H]1CC(=O)C(OC)C3;COc1cc2c3c4c1O[C@@]1(OC)C[C@]4(CC[C@H]3N(C)CC2)CC[C@@H]1O;COc1c2c(cc3c1[C@H](C#C[C@@](C)(O)CC(C)C)N(C)CC3)OCO2;CCc1ncnc(N2CCCN(Cc3ccn(C)c(=O)c3)CC2)c1F;COc1cc2c3c4c1O[C@@H]1[C@@H](OC)[C@H](O)CC[C@@]41CC[C@@H]3N(C)CC2;COc1cc2c3c4c1OC1(OC)CC(O)CCC41CCC3N(C)CC2;COc1cc2c(cc1OC)[C@@]13CCN(C)[C@@H](C2)[C@H]1C[C@@H](OC)C(=O)C3;COc1c2c(cc3c1[C@H](CC(=O)CCC=C(C)C)N(C)CC3)OCO2;CCN1CCN(c2ccc(C(=O)NCCn3ccnc3)cc2F)CC1;CCN1CCN(c2ccc(F)cc2C(C)NC(=O)c2cc[nH]n2)CC1;CN(C)c1ccc(CN2CC[C@H](c3nc4ccc(C#N)cc4[nH]3)C2)cc1;CCN1CCN(c2ccc(C(=O)NCc3nccn3C)cc2F)CC1;CCc1ncnc(N2CCC(Oc3ccnc(CN(C)C)c3)C2)c1F;CN(CC1CCCN(C)C1c1ccnn1C)C(=O)c1ccncc1F;CCn1cnnc1C1CCCN(CC(=O)NCc2ccc(F)cc2)C1;CCNC(=O)N1CCC(NCc2cnn(Cc3ccc(F)cc3)c2)C1;CCN(C(=O)c1nc(C)n(-c2ccc(F)cc2)n1)C1CCN(C)CC1;CCC(C)(C)NC(=O)NC1CCc2nnc(-c3ccc(F)cc3)n2C1;CCCc1nc(C(=O)NC2CCN(C)CC2)nn1-c1ccccc1F
m_fea652,Cc1ccc(-c2nc(CCNC(=O)N(C)Cc3ccco3)co2)cc1;Cc1ccc(-c2nnc([C@H]3CCN(Cc4ccc(CO)o4)C3)o2)cc1;O=C(CCCc1c[nH]c2ccccc12)NCC(=O)NCc1ccco1;COc1ccccc1-c1nnc([C@H]2CCN(Cc3ccc(C)o3)C2)o1;CC1Cc2ccccc2N1Cc1occc1C(=O)N1CCNC(=O)C1;O=C(O)C1CCN(C(=O)NCc2cccc(-c3ccccn3)c2)CC1;COc1ccc2[nH]cc(CCNC(=O)c3c(C)cc(C)[nH]c3=O)c2c1;COc1ccc2c(ccn2CCNC(=O)c2c(C)cc(C)[nH]c2=O)c1;C=CCCCn1cc(C(=O)c2cccc3ccccc23)c2ccccc21;CC(=O)N1CC(O)CC1C(=O)NCc1ccnc(-c2ccccc2)c1;O[C@@H]1CCN(Cc2nc(C3(O)CCN(C4COC4)CC3)cs2)C1;COC1CC(C(N)=O)N(C(=O)c2cccc(-c3ccccn3)c2C)C1;O=C(CCCCC(=O)NN=Cc1ccc(-c2ccccc2)cc1)NO;OC1(c2csc(CN3CCOCC3)n2)CCN(C2COC2)CC1;COc1ccc(C(=O)N2CC(C)C(C(N)=O)C2)cc1-c1ccccn1;Cc1ccc(CN(C)C(=O)c2ccc3c(c2)[nH]c(=O)n3CC2CC2)o1;O=C(NCCc1cccc(O)c1)NC1CCN(c2ccccc2)C1=O;CCc1noc(C)c1C(=O)NC1(c2cccc(C#N)c2)CCOCC1;CCOc1ccccc1C(=O)NCCc1nc(-c2ccco2)cn1C;OCCc1cc(CC2(NCc3cnc4ccccc4c3)COC2)no1;Cc1cc(=O)c(OCC(=O)NCCc2c[nH]c3ccccc23)cn1C;CNC(=O)c1ccc(CN(C)CCn2c(=O)oc3ccccc32)cc1;CN1C(=O)CCc2cc(NC(=O)NCC(O)c3ccccc3)ccc21;COc1ccc2c3ccn(CC(=O)N4CCOCC4)c(C)c-3nc2c1;C=CCC1=CC=CC(=CNNC(=O)CNc2ccccc2OC)C1=O
m_feb5c1,O=C(Nc1ccc(-c2ccc(Cl)s2)nc1)N1CCC2CCC(O)C21;NC(=O)C1(NC(=O)c2cn(C3CC3)c3cc(Cl)c(F)cc3c2=O)CC1;O=C(Nc1ccc(Nc2ncccn2)cc1)c1csc(-c2ccoc2)n1;O=C(NCc1ccc(Cl)s1)N1CC2CC(C1)c1cccc(=O)n1C2;Cc1ccc(-c2csc(/C(C#N)=N\Nc3cccc([N+](=O)[O-])c3)n2)cc1;O=C(NC(C(=O)O)c1ccc(Cl)c(F)c1)C1CCc2ncncc2C1;CCN(CC)S(=O)(=O)c1ccc(-c2cn3cc(Cl)ccc3n2)cc1;O=C(O)C12CCCC1CN(c1nnc(Cc3ccc(Cl)cc3)s1)C2;CN(C)c1nc(N)nc(CSc2nnnn2-c2ccc(Cl)cc2)n1;Nc1ncnc2c1ncn2[C@@H]1OC2=C[C@](CC(=O)O)(C(=O)O)O[C@H]2[C@H]1O;O=C(Cc1noc2ccccc12)NCC(=O)Nc1ccc(F)c(F)c1F;Cc1ccccc1S(=O)(=O)Nc1nc2nc3ccccc3n2cc1C#N;Cc1c(Cl)cccc1NC(=O)CSc1nc(=O)[nH]c2c1CCCC2;COc1ccc(C(=O)Nc2cccc(F)c2Cl)cc1N1CCNC1=O;O=C(O)C(c1ccc(Cl)c(Cl)c1)N1CCC(c2ccccc2)CC1;O=C(Cc1csc(N2CCCC2=O)n1)NCCc1ccc(Cl)cc1;Cc1ccc(O)c(NC(=O)c2ccc(-c3noc(C(F)(F)F)n3)cc2)c1;CC(C)C(=O)Nc1nc(CC(=O)N2CCc3ccc(Cl)cc32)cs1;CC(C)C(=O)Nc1nc(CC(=O)N2CCc3c(Cl)cccc32)cs1;CC(NS(C)(=O)=O)C(=O)NC1CCN(c2ccc(F)c(Cl)c2)C1;C[S+]([O-])c1cccc(C(=O)N2CCN(c3ccc(Cl)cn3)CC2)c1;O=C(c1cc2c(Cl)cccc2s1)N1CCCC(N2CCNC2=O)C1;Cc1nscc1C(=O)N1CCN(C(=O)Cc2cccc(Cl)c2)CC1
m_ff32bb,O=C(Nc1cnn(-c2ncccn2)c1)c1ccc(F)cc1;O=C(Nc1ccc(-n2cncn2)nc1)c1ccc(F)cc1;O=C(Nc1ccccc1F)c1ccc(-n2cncn2)nc1;COc1cc(C(=O)NC2CCOC2C(=O)O)ccc1F;O=C(Nc1cn[nH]c1)Nc1cccc(OCC(F)F)n1;C[S@H+]([O-])/C=C/CO[C@@H]1O[C@H](CO)[C@@H](O)[C@H](O)[C@H]1O;COc1cc(C=CCNC(CS)C(=O)O)ccc1O;N=c1c2c(F)cccc2ncn1NC(=O)c1ccncc1;CN(Cc1ccc(C(=O)O)cc1)S(=O)(=O)CC1CC1;Cc1cc(C(=O)N2CCOCC2CC(=O)O)c(C)s1;CC(=O)N[C@H](CSC[C@H](O)c1ccccc1)C(=O)O;CSc1c(C)cc(OC(=O)NCCC(=O)O)cc1C;CCc1ccc(C(=O)N2CCOCC2CC(=O)O)s1;O=C(COC1CCCCC1)Nc1cc(C(=O)O)cs1;CCc1nn2c(=O)c(F)c(N3CCNCC3)nc2s1;O=C(O)CC1CN(C(=O)CCc2cccs2)CCO1;Cc1scc(C(=O)N2CCOCC2CC(=O)O)c1C;NOC(=O)[C@]1(O)C[C@@H](O)[C@@H](O)[C@@H]([C@H](O)[C@H](O)CO)O1;Cc1cc(C(=O)N2CCOC(CC(=O)O)C2)c(C)s1;Cc1ccc(CC(=O)N2CCC(O)(C(=O)O)CC2)s1;Cc1scc(C(=O)N2CCC(O)(C(=O)O)CC2)c1C;CC(C(=O)N1CCOC(CC(=O)O)C1)c1cccs1;CCc1sc(C(=O)N2CCOCC2C(=O)O)cc1C;O=S(=O)(NC1c2ccccc2OCC1CO)C1CC1;O=C(O)C(CCS)NC(Cc1ccccc1)C(=O)O
m_ff4ed5,CCc1ccc(C(CO)NC(=O)c2ncccc2Br)cc1;Cc1cccc(CN(CCO)C(=O)c2ncccc2Br)c1;CC(C)OCc1cccc(NC(=O)c2ncccc2Br)c1;Cn1cc(NC(=O)CCCc2ccccc2)cc(Br)c1=O;CC1(C)C(=O)C=C[C@@](C)(O)[C@@]12CC[C@](C)(Cl)[C@@H](Br)C2;CC1(C)C=CC(=O)[C@@](C)([C@H]2CC[C@](C)(Cl)[C@@H](Br)C2)O1;C=C1C[C@H](O)[C@H](Br)C(C)(C)[C@@]12CC[C@]1(C)O[C@]1(Cl)C2;C[C@H]1C(=O)C=CC(C)(C)[C@]12C[C@H](Br)[C@@](C)(Cl)C[C@H]2O;C=C1[C@@H](C)C[C@H]2O[C@@]2(C)[C@]12CC(Br)C(C)(Cl)CC2O;CCCC(=O)Nc1cccn(Cc2ccccc2Br)c1=O;C[C@H]1C(=O)C[C@@H]2O[C@@H]3C[C@](C)(Cl)[C@@H](Br)C[C@@]31C2(C)C;Cc1ccc(C(=O)N(CCO)Cc2cccnc2)c(Br)c1;CN1CC2(CCN(C(=O)c3cc4cccc(Br)c4o3)C2)C1;CC1(Cl)CC2OC3C[C@@H]4O[C@]4(C)C2(CC1Br)C3(C)C;CN(CCc1ccc(Br)cc1)Cc1ncccc1C(=O)O;CC1(C)C(Br)=C[C@@H](O)[C@]2(C)O[C@@H]3C[C@]12CC[C@]3(C)Cl;Cc1cc(CC(=O)NC2(c3ccc(Br)cc3)CCC2)no1;Cc1ccc(Br)c2[nH]c(C(=O)NC3CC4CCC3O4)cc12;Cn1cc(NC(=O)C(C)(C)c2ccccc2)cc(Br)c1=O;CCc1ncoc1C(=O)NC1(c2ccccc2Br)CCC1;C=C1CC(O)[C@H]2OC3CC(C)(Cl)C(Br)C[C@@]13C2(C)C;Cc1cc(=O)c(C(=O)NC(C)(C)c2ccccc2Br)c[nH]1;Cc1ccc(Br)c(C(=O)N(CCO)Cc2cccnc2)c1;COc1cc(O)c(-c2oc3cc(O)c(O)c(O)c3c(=O)c2O)cc1O;Cc1ccc(NC(=S)NN=Cc2ccc(Cl)c([N+](=O)[O-])c2)cc1
m_ff5db9,Cc1n[nH]c(C2OCCC2NS(=O)(=O)c2ccc(F)cc2F)n1;O=S(=O)(NCC1CCC(c2ncn[nH]2)O1)c1ccc(F)cc1F;O=S(=O)(NCC1CCC(c2ncn[nH]2)O1)c1cccc(F)c1F;O=C(O)C(=O)c1ccc(O)c([C@@H]2O[C@H](CO)[C@@H](O)[C@H](O)[C@H]2O)c1O;O=C(CCSc1nnc(-c2ccncc2)o1)Nc1ccc(F)cc1;COc1ccc(NC(=S)/C(=N\NC(N)=S)c2ccccc2)cc1;O=C(O)Cc1ccc(OC2OC(C(=O)O)C(O)C(O)C2O)c(O)c1;COC1CC(c2ncn[nH]2)N(S(=O)(=O)c2cccc(F)c2F)C1;O=C(c1cc(O)c(O)c(O)c1)C1[C@@H](O)C(O)[C@H](O)CC1(O)C(=O)O;COc1c(O)c(O)c(O)c2c1[C@@H]1O[C@H](CO)[C@@H](O)[C@H](O)[C@H]1OC2=O;O=C(OC1[C@H](O)CC(O)(C(=O)O)C[C@H]1O)c1cc(O)c(O)c(O)c1;COC1CN(S(=O)(=O)c2cccc(F)c2F)CC1c1c[nH]nn1;Cc1cc(C(=O)Nc2ccc(Cl)cc2)c(C)n1Cc1cccs1;COc1ccc(C(=O)Nc2ccc(-c3n[nH]c(C)n3)c(Cl)c2)nn1;O=C(O)c1cc(OC2OC(CO)C(O)C(O)C2O)cc(C(=O)O)c1;O=C(O)Cc1ccc(O)c(OC2OC(C(=O)O)C(O)C(O)C2O)c1;Cc1c(Cl)cccc1NC(=O)Cc1cc(-c2ccc(F)cc2)on1;COc1ccc(C(=O)OC2O[C@H](C(=O)O)[C@@H](O)[C@H](O)[C@H]2O)cc1O;COc1cc(C(=O)O)ccc1O[C@@H]1O[C@H](C(=O)O)[C@@H](O)[C@H](O)[C@H]1O;O=C(c1ccccc1)c1nn(-c2ccccc2)c(=O)cc1C(F)(F)F;Cc1ccc(F)c(NC(=O)c2c(-c3ccccc3Cl)noc2C)c1;COc1cc(C(=O)OC2O[C@H](C(=O)O)[C@@H](O)[C@H](O)[C@H]2O)ccc1O;CC(NC(=O)CCc1cscn1)c1nc(-c2ccncc2)cs1;Cc1onc(-c2c(F)cccc2Cl)c1C(=O)NCc1ccccc1;O=C(NCCc1coc(-c2ccccc2)n1)c1cccc(Cl)c1F
m_ff7740,Cc1cnc(CCNS(=O)(=O)Cc2cc(Cl)ccc2F)s1;Cc1cnc(CCNS(=O)(=O)Cc2ccc(F)c(Cl)c2)s1;Cc1nc(CNS(=O)(=O)Cc2ccc(F)c(Cl)c2)sc1C;O=C(O)COc1ccc2c(c1)O/C(=C\c1c(F)cccc1Cl)C2=O;Cc1nc(C)c(S(=O)(=O)N(C)Cc2ccc(F)cc2Cl)s1;CCC(NS(=O)(=O)Cc1ccc(F)c(Cl)c1)c1nccs1;O=C(Nc1cccc(Cl)c1)Nc1nnc(-c2ccc(Cl)cc2)o1;O=C(NCc1nc(-c2ccccn2)no1)c1ccc(Cl)c(Cl)c1;COc1ccc(S(=O)(=O)N2CCCNCC2)cc1Br;COc1ccc(Br)cc1S(=O)(=O)NCC1CCCN1;O=C1C(COCc2cc(O)cc(Cl)c2O)=C[C@@H](O)[C@@H](O)[C@@H]1Cl;O=C(NCCc1csc(-c2ccc(Cl)cc2)n1)c1cccs1;O=C1c2ccccc2C(c2ccc(Br)cc2)c2ccccc21;CC(C)(CNc1c(Br)cccc1S(C)(=O)=O)C(N)=O;COc1ccc(Br)cc1S(=O)(=O)N1CCN(C)CC1;CCS(=O)(=O)Nc1cc(N2CCOCC2)ccc1Br;O=C(Cn1c(=O)cnc2ccccc21)Nc1cc(Cl)c(Cl)cn1;Cc1noc(C2CC2)c1NS(=O)(=O)c1c(Cl)ccc(F)c1F;CNS(=O)(=O)N1CCOC(c2ccc(Br)cc2)C1C;COc1nsc(C(=O)NC2CCC(OC)CC2)c1Br;O=C(Nc1cc(-c2cc(Cl)cc(Cl)c2)[nH]n1)c1cccc(=O)[nH]1;COc1ccc(Br)c(S(=O)(=O)NC2CCCNC2)c1;COc1ccc(S(=O)(=O)N2CCCC(N)C2)cc1Br;COc1ccc(Br)cc1S(=O)(=O)NC1CCCNC1;COc1ccc(S(=O)(=O)N2CCCC(N)C2)c(Br)c1
m_ff926d,CN(Cc1cccc2c1OC(C)(C)C2)Cc1ncnn1C;CN(Cc1cccc2c1OC(C)(C)C2)Cc1nncn1C;COc1ccc(C2CCN(CCn3cncn3)CC2)cc1;CC(NC(=O)c1ccccc1CC(C)(C)C)c1nc[nH]n1;Cc1ccc(CCN2CCC(O)(Cn3ccnn3)C2)cc1;CCOc1ccc(C2CCCN2CCn2cncn2)cc1;COc1ccccc1C(C)NCc1nnc(C2CC2)n1C;CCc1ccccc1CN1CC(OC)CC1c1ncn[nH]1;CCn1cc(CN2CCC(CCO)c3ccccc32)nn1;CCn1cnnc1NC(=O)c1ccc(C(C)(C)CC)cc1;CCC(C)(C)c1ccc(C(=O)Nc2nc(C)n(C)n2)cc1;Cc1nn(-c2ccccn2)c(C)c1CNCC1CCCO1;CC1CN(C2CCN(c3ccc(C#N)nc3)CC2)CCO1;Cc1cccc(CN2CCOCC2c2ncnn2C)c1C;CC(C)(O)[C@@H]1CC[C@]2(CO)O[C@@H]2CC[C@@]2(C)O[C@H]2[C@@H]1O;CC1CN(C2CCN(c3cccnc3C#N)CC2)CCO1;CC1CCC(CN2CCN(c3ccc(C#N)cn3)CC2)O1;N#CC1(C(=O)N2CCCC2Cn2cccn2)CCCCC1;CN(C)c1nc(NC2CCCOCC2)nc2ccccc12;CC1CN(C2CCN(c3cnccc3C#N)CC2)CCO1;Cc1cccn2c(CN3CCCC(CC(N)=O)C3)cnc12;Cc1cccc2nc(CNC3(C(N)=O)CCCCC3)cn12;C=C(O)/C=C/CCCCCO[C@@H]1O[C@@H](C)[C@H](O)C[C@H]1O;C[C@H](O)CCC[C@H]1OC(=O)[C@H](C)[C@H](O)/C=C\CC[C@@H]1O;C=C(O)/C=C/CCC[C@@H](C)O[C@@H]1O[C@@H](C)[C@H](O)C[C@H]1O
